nameseq,average,median,maximum,minimum,peak,none_levated_peak,sample_standard_deviation,population_standard_deviation,percentile15,percentile25,percentile50,percentile75,amplitude,variance,interquartile_range,semi_interquartile_range,coefficient_of_variation,skewness,kurtosis,label
10_76226_79032,13115068.000000024,78397.83171856271,36495517444.00001,35.46553477700283,7.134287574160232e-05,2.5760278977529283,688715095.9842046,688837806.9154204,17343.67191351267,29313.305372720104,78397.83171856271,154181.1856017006,36495517408.53447,4.744975242360461e+17,124867.88022898049,62433.940114490244,52.51326916369808,0.056786922100138415,0.24727803041444454,atomic_number
