nameseq,average,median,maximum,minimum,peak,none_levated_peak,sample_standard_deviation,population_standard_deviation,percentile15,percentile25,percentile50,percentile75,amplitude,variance,interquartile_range,semi_interquartile_range,coefficient_of_variation,skewness,kurtosis,label
1_104428117_104429312,5525104.000000003,29976.83647430419,6551931136.0,52.832735647611486,7.215550452383638e-05,1.55155236227649,189373411.39597955,189452630.56338343,7148.212656052234,12244.089193169835,29976.83647430419,61876.66973579151,6551931083.167264,3.5892299227385852e+16,49632.580542621676,24816.290271310838,34.275085391330094,0.0870522496746187,0.24654365811118556,atomic_number
