nameseq,average,median,maximum,minimum,peak,none_levated_peak,sample_standard_deviation,population_standard_deviation,percentile15,percentile25,percentile50,percentile75,amplitude,variance,interquartile_range,semi_interquartile_range,coefficient_of_variation,skewness,kurtosis,label
1_107135868_107137688,8459316.0,61699.007865775195,15248792195.999996,123.89559600491216,7.175521046855325e-05,1.8581796454281336,357238922.3394812,357337051.4231448,12593.8746288412,24101.499965445753,61699.007865775195,120222.63162495807,15248792072.1044,1.2768976831978725e+17,96121.13165951232,48060.56582975616,42.230237331183886,0.07052101381176522,0.24167495931392383,atomic_number
