nameseq,average,median,maximum,minimum,peak,none_levated_peak,sample_standard_deviation,population_standard_deviation,percentile15,percentile25,percentile50,percentile75,amplitude,variance,interquartile_range,semi_interquartile_range,coefficient_of_variation,skewness,kurtosis,label
1_103015485_103026220,50035231.99999989,468937.8198717248,529547290000.0,163.59951422833964,7.15229354121247e-05,4.428821574141144,5110491772.071343,5110729795.954104,108188.35683532189,192919.40653029748,468937.8198717248,961193.8602642759,529547289836.4005,2.6119559047253082e+19,768274.4537339784,384137.2268669892,102.13786501622207,0.0290967854313001,0.24694833125618373,atomic_number
