nameseq,average,median,maximum,minimum,peak,none_levated_peak,sample_standard_deviation,population_standard_deviation,percentile15,percentile25,percentile50,percentile75,amplitude,variance,interquartile_range,semi_interquartile_range,coefficient_of_variation,skewness,kurtosis,label
1_101756861_101757038,820743.9999999993,4347.519136254306,144961600.0,45.42341557094118,7.229213169189588e-05,0.4325050230108345,10834292.111570926,10864854.35031371,651.0258111284735,1869.694695447784,4347.519136254306,9660.474085707521,144961554.57658443,118045060053530.75,7790.779390259737,3895.3896951298684,13.20057424918237,0.2260590186575755,0.2739146014901756,atomic_number
