nameseq,average,median,maximum,minimum,peak,none_levated_peak,sample_standard_deviation,population_standard_deviation,percentile15,percentile25,percentile50,percentile75,amplitude,variance,interquartile_range,semi_interquartile_range,coefficient_of_variation,skewness,kurtosis,label
1_104844280_104845458,5409676.000000011,38456.55340548642,6310395844.0,32.44566363621591,7.264760403395679e-05,1.4121505013214102,183700998.06740865,183778953.08813256,8862.452154913817,16794.261441503077,38456.55340548642,74072.43838117138,6310395811.554337,3.3774703598170028e+16,57278.1769396683,28639.08846983415,33.95785589883909,0.08771677078134713,0.2222661929632572,atomic_number
