nameseq,average,median,maximum,minimum,peak,none_levated_peak,sample_standard_deviation,population_standard_deviation,percentile15,percentile25,percentile50,percentile75,amplitude,variance,interquartile_range,semi_interquartile_range,coefficient_of_variation,skewness,kurtosis,label
1_101237419_101245600,37986999.99999976,259002.2549733373,307749781504.0,74.51934245510922,7.179649178227685e-05,4.486029658703543,3402052018.1767764,3402259935.7945833,57016.0441269613,107612.22276382311,259002.2549733373,523166.4555562655,307749781429.48065,1.1575372670712961e+19,415554.2327924424,207777.1163962212,89.55832306254239,0.03326933057764846,0.26019849333408906,atomic_number
