nameseq,average,median,maximum,minimum,peak,none_levated_peak,sample_standard_deviation,population_standard_deviation,percentile15,percentile25,percentile50,percentile75,amplitude,variance,interquartile_range,semi_interquartile_range,coefficient_of_variation,skewness,kurtosis,label
1_104008381_104015820,34524384.000000045,215176.12302902955,254415324816.0,16.12505786597968,7.183328745271738e-05,4.359005671844993,2949355032.4277563,2949553261.754352,48291.676337719015,88003.99147582006,215176.12302902955,439034.36483284325,254415324799.87494,8.699864443925737e+18,351030.37335702317,175515.18667851159,85.4281725179442,0.034898349808428576,0.2432012751450282,atomic_number
