nameseq,average,median,maximum,minimum,peak,none_levated_peak,sample_standard_deviation,population_standard_deviation,percentile15,percentile25,percentile50,percentile75,amplitude,variance,interquartile_range,semi_interquartile_range,coefficient_of_variation,skewness,kurtosis,label
1_106490222_106491144,4411372.000000008,46590.17876974311,4014236164.0,38.5063037915746,6.974398592244456e-05,1.0568237762548298,132056559.47584409,132128154.25447085,11164.393189521352,19401.553765581062,46590.17876974311,82354.69481024105,4014236125.493696,1.7457849146693244e+16,62953.14104465999,31476.570522329996,29.935484805145393,0.0991570999249456,0.2214332666568622,atomic_number
