nameseq,average,median,maximum,minimum,peak,none_levated_peak,sample_standard_deviation,population_standard_deviation,percentile15,percentile25,percentile50,percentile75,amplitude,variance,interquartile_range,semi_interquartile_range,coefficient_of_variation,skewness,kurtosis,label
1_102518823_102532655,64302051.99999933,446371.8431508026,880253015524.0,9.50427246757877,7.170844252373234e-05,5.887455184824139,7483991883.95243,7484262410.869107,97799.97103921986,176374.84289098153,446371.8431508026,902411.811838495,880253015514.4957,5.6014183834748264e+19,726036.9689475135,363018.48447375675,116.38807240478901,0.025596906496025702,0.24722546842477625,atomic_number
