nameseq,average,median,maximum,minimum,peak,none_levated_peak,sample_standard_deviation,population_standard_deviation,percentile15,percentile25,percentile50,percentile75,amplitude,variance,interquartile_range,semi_interquartile_range,coefficient_of_variation,skewness,kurtosis,label
1_102560280_102560599,1500671.9999999995,10962.452235355418,474891264.0,8.242584501724256,7.107926759922669e-05,0.5908418055353645,26504790.837263815,26546301.88985255,2500.174330469001,5331.954503105646,10962.452235355418,23941.938225741218,474891255.7574155,704706144027189.0,18609.983722635574,9304.991861317787,17.661948005469434,0.16861588045473883,0.24364132715895886,atomic_number
