nameseq,average,median,maximum,minimum,peak,none_levated_peak,sample_standard_deviation,population_standard_deviation,percentile15,percentile25,percentile50,percentile75,amplitude,variance,interquartile_range,semi_interquartile_range,coefficient_of_variation,skewness,kurtosis,label
1_102748852_102749096,1164595.9999999995,7118.580105359533,282710596.0,7.144295305218367,7.012446090031797e-05,0.5122557923812419,18024139.108400602,18061036.054095358,1473.4416277002701,2933.6120363601644,7118.580105359533,14745.595516633919,282710588.85570467,326201023347332.44,11811.983480273755,5905.9917401368775,15.47673107961955,0.19265454171209243,0.23414711025994558,atomic_number
