nameseq,average,median,maximum,minimum,peak,none_levated_peak,sample_standard_deviation,population_standard_deviation,percentile15,percentile25,percentile50,percentile75,amplitude,variance,interquartile_range,semi_interquartile_range,coefficient_of_variation,skewness,kurtosis,label
1_100089283_100089446,762128.0000000006,4321.910227116826,123921424.0,132.7987427627038,7.172898340786144e-05,0.39008617275022694,9646582.692501215,9676128.191064326,1437.9115819972924,2548.612925615629,4321.910227116826,7622.381061419224,123921291.20125724,93627456769909.8,5073.768135803595,2536.8840679017976,12.657431156578959,0.2356708423891806,0.17649220003319063,atomic_number
