nameseq,average,median,maximum,minimum,peak,none_levated_peak,sample_standard_deviation,population_standard_deviation,percentile15,percentile25,percentile50,percentile75,amplitude,variance,interquartile_range,semi_interquartile_range,coefficient_of_variation,skewness,kurtosis,label
1_102547402_102556373,41648783.99999965,271208.04083634977,370106756496.0,39.90568354304486,7.180681833752197e-05,4.785876694808991,3907128661.982867,3907346420.3033366,62500.105614407585,114605.47813290983,271208.04083634977,552758.3245047297,370106756456.0943,1.5267356048257298e+19,438152.84637181985,219076.42318590992,93.8113502181216,0.03177083188616895,0.2556981326317788,atomic_number
