nameseq,average,median,maximum,minimum,peak,none_levated_peak,sample_standard_deviation,population_standard_deviation,percentile15,percentile25,percentile50,percentile75,amplitude,variance,interquartile_range,semi_interquartile_range,coefficient_of_variation,skewness,kurtosis,label
1_11669728_11671241,7251623.999999985,70279.20128752168,10829316096.0,106.64203780406261,6.959360643445767e-05,1.4617382189583936,278221495.6711555,278313424.1374577,13738.205268577629,26624.582736327047,70279.20128752168,140968.8352156663,10829315989.357962,7.745836205511645e+16,114344.25247933925,57172.126239669626,38.36678455352292,0.07743483063437129,0.2594942660861457,atomic_number
