nameseq,average,median,maximum,minimum,peak,none_levated_peak,sample_standard_deviation,population_standard_deviation,percentile15,percentile25,percentile50,percentile75,amplitude,variance,interquartile_range,semi_interquartile_range,coefficient_of_variation,skewness,kurtosis,label
1_127990608_127990674,309099.9999999999,1850.1906400970813,20557156.0,24.768975278361086,7.225277687911143e-05,0.2008733654515077,2492364.124980136,2511174.687121113,614.9496127649379,1253.208289489929,1850.1906400970813,3058.9133989799957,20557131.231024724,6305998309237.818,1805.7051094900667,902.8525547450333,8.06329383688171,0.36982935953913026,0.21314696661829263,atomic_number
