nameseq,average,median,maximum,minimum,peak,none_levated_peak,sample_standard_deviation,population_standard_deviation,percentile15,percentile25,percentile50,percentile75,amplitude,variance,interquartile_range,semi_interquartile_range,coefficient_of_variation,skewness,kurtosis,label
1_129595520_129599742,19692252.000000052,145829.26317888053,82223268516.0,40.83306339645353,7.148327508030381e-05,2.920965964469854,1265119661.9675307,1265269477.7845008,35121.53091103826,59695.913410616755,145829.26317888053,300767.1537658744,82223268475.16693,1.6009068514130634e+18,241071.24035525764,120535.62017762882,64.24453952587685,0.046350768210547726,0.2448822786905891,atomic_number
