nameseq,average,median,maximum,minimum,peak,none_levated_peak,sample_standard_deviation,population_standard_deviation,percentile15,percentile25,percentile50,percentile75,amplitude,variance,interquartile_range,semi_interquartile_range,coefficient_of_variation,skewness,kurtosis,label
1_127659031_127676803,82904755.9999997,682995.1185655883,1456004222500.0,23.6724697884935,7.145951112060874e-05,6.271334996107292,10921184767.728706,10921492021.587107,154775.98650031158,282044.3091249857,682995.1185655883,1342219.2515755948,1456004222476.3276,1.1927898797759082e+20,1060174.942450609,530087.4712253045,131.73170388112288,0.02258594537958739,0.24583645836610704,atomic_number
