nameseq,average,median,maximum,minimum,peak,none_levated_peak,sample_standard_deviation,population_standard_deviation,percentile15,percentile25,percentile50,percentile75,amplitude,variance,interquartile_range,semi_interquartile_range,coefficient_of_variation,skewness,kurtosis,label
1_127967894_127968137,1147824.0000000014,7431.067234088123,277422336.0,6.333097373880228,7.085871469261248e-05,0.503949394184323,17723021.28235612,17759450.96371983,2671.699899562822,3782.3528672834823,7431.067234088123,13649.78516443543,277422329.6669026,315398098532769.2,9867.432297151949,4933.716148575974,15.44053903939637,0.19303586808326192,0.22593622553376438,atomic_number
