nameseq,average,median,maximum,minimum,peak,none_levated_peak,sample_standard_deviation,population_standard_deviation,percentile15,percentile25,percentile50,percentile75,amplitude,variance,interquartile_range,semi_interquartile_range,coefficient_of_variation,skewness,kurtosis,label
1_128726824_128729007,10329503.999999989,63007.16929653891,22352642064.0,31.83412637921327,7.047773058609598e-05,2.1478777784049368,478190852.75002444,478300366.2869578,13527.464296401238,24820.89160167956,63007.16929653891,130950.44673238319,22352642032.165874,2.28771240390238e+17,106129.55513070364,53064.77756535182,46.29368968248862,0.06440836397222108,0.24213377925540663,atomic_number
