nameseq,average,median,maximum,minimum,peak,none_levated_peak,sample_standard_deviation,population_standard_deviation,percentile15,percentile25,percentile50,percentile75,amplitude,variance,interquartile_range,semi_interquartile_range,coefficient_of_variation,skewness,kurtosis,label
1_12838932_12844456,25543732.000000354,224771.59191225393,139294661284.0,33.38085712472472,7.209857458051319e-05,3.2135748387434915,1873820553.0610237,1873990152.6045725,52003.00093851024,91384.81382299079,224771.59191225393,445770.28957029164,139294661250.61914,3.511839092058909e+18,354385.47574730084,177192.73787365042,73.35735252237214,0.0405358352485691,0.2518759786973499,atomic_number
