nameseq,average,median,maximum,minimum,peak,none_levated_peak,sample_standard_deviation,population_standard_deviation,percentile15,percentile25,percentile50,percentile75,amplitude,variance,interquartile_range,semi_interquartile_range,coefficient_of_variation,skewness,kurtosis,label
1_143690457_143690600,658112.0000000008,3520.104351823449,94167616.0,105.88807530995985,7.293591364387816e-05,0.37856862512296535,7819658.159362211,7846951.988104084,1301.9527374907984,1916.4526534728807,3520.104351823449,5969.557074321067,94167510.1119247,61574655503610.63,4053.1044208481867,2026.5522104240933,11.881956504914363,0.2511331885516466,0.2384359615360287,atomic_number
