nameseq,average,median,maximum,minimum,peak,none_levated_peak,sample_standard_deviation,population_standard_deviation,percentile15,percentile25,percentile50,percentile75,amplitude,variance,interquartile_range,semi_interquartile_range,coefficient_of_variation,skewness,kurtosis,label
1_1561488_1569109,36160184.000000045,237486.12863360692,272880864400.0,130.59204363539087,7.026144188499326e-05,4.2699944105336,3125428382.0939555,3125633429.0603623,56148.71915596127,101209.24033023189,237486.12863360692,485720.93813687813,272880864269.40796,9.769584332859638e+18,384511.69780664623,192255.84890332312,86.43286721367214,0.03448106321409211,0.2435908018926961,atomic_number
