nameseq,average,median,maximum,minimum,peak,none_levated_peak,sample_standard_deviation,population_standard_deviation,percentile15,percentile25,percentile50,percentile75,amplitude,variance,interquartile_range,semi_interquartile_range,coefficient_of_variation,skewness,kurtosis,label
1_174804559_174806094,7197664.00000001,55333.08315652442,10935303184.0,154.05275417289874,7.113419020393274e-05,1.619660236803786,278927097.5574103,279017938.4969812,13155.919446491142,22649.255165505765,55333.08315652442,103591.89814162908,10935303029.947247,7.785101000310518e+16,80942.64297612332,40471.32148806166,38.75244767710884,0.0768193299904117,0.2283692632801499,atomic_number
