nameseq,average,median,maximum,minimum,peak,none_levated_peak,sample_standard_deviation,population_standard_deviation,percentile15,percentile25,percentile50,percentile75,amplitude,variance,interquartile_range,semi_interquartile_range,coefficient_of_variation,skewness,kurtosis,label
1_17608855_17609048,895144.0,5608.465580346908,172134400.0,22.219626593309503,7.224163561021095e-05,0.44635522257333393,12326074.001818422,12357965.579059424,1011.123770862112,1993.3835888201647,5608.465580346908,10966.81914733556,172134377.7803734,152719313253217.5,8973.435558515395,4486.717779257698,13.769934224905068,0.21650093962321412,0.2268680974778648,atomic_number
