nameseq,average,median,maximum,minimum,peak,none_levated_peak,sample_standard_deviation,population_standard_deviation,percentile15,percentile25,percentile50,percentile75,amplitude,variance,interquartile_range,semi_interquartile_range,coefficient_of_variation,skewness,kurtosis,label
1_18893947_18894036,435784.0,2193.847309221935,38837824.0,67.69473060933515,6.884144438529179e-05,0.2391815603507691,4070610.827252343,4093415.548135646,539.2819970427844,1020.469830648695,2193.847309221935,6063.4750497923515,38837756.30526939,16756050849718.652,5043.005219143656,2521.502609571828,9.340890962615292,0.319551662704723,0.21678027242243866,atomic_number
