nameseq,average,median,maximum,minimum,peak,none_levated_peak,sample_standard_deviation,population_standard_deviation,percentile15,percentile25,percentile50,percentile75,amplitude,variance,interquartile_range,semi_interquartile_range,coefficient_of_variation,skewness,kurtosis,label
1_182663722_182663839,538040.0000000001,2734.7305426715216,63043600.0,57.08407714369524,7.310484970138526e-05,0.3209390936510928,5778642.206331865,5803284.715593638,981.5890487967272,1243.9811706569953,2734.7305426715216,5195.2531401847755,63043542.91592286,33678113490242.734,3951.27196952778,1975.63598476389,10.740172117931499,0.2779053886763099,0.24264149240976796,atomic_number
