nameseq,average,median,maximum,minimum,peak,none_levated_peak,sample_standard_deviation,population_standard_deviation,percentile15,percentile25,percentile50,percentile75,amplitude,variance,interquartile_range,semi_interquartile_range,coefficient_of_variation,skewness,kurtosis,label
1_180513814_180515799,9036071.999999953,71233.01339527639,17681552784.0,18.15407875018047,7.326192177308939e-05,1.7784315977324223,396659810.3512624,396759712.080677,13145.500155005433,26773.097396940466,71233.01339527639,164497.10032810975,17681552765.84592,1.574182691303417e+17,137724.0029311693,68862.00146558465,43.89737159589526,0.0678024752142083,0.2314338449728228,atomic_number
