nameseq,average,median,maximum,minimum,peak,none_levated_peak,sample_standard_deviation,population_standard_deviation,percentile15,percentile25,percentile50,percentile75,amplitude,variance,interquartile_range,semi_interquartile_range,coefficient_of_variation,skewness,kurtosis,label
1_182127782_182138942,51832868.00000038,323415.0141707398,573264008164.0001,65.51067199888801,7.177556397869603e-05,5.526094238063958,5426043996.575257,5426287093.459257,75926.9450246307,133648.2648066998,323415.0141707398,641781.0011808779,573264008098.4895,2.944459162064251e+19,508132.7363741781,254066.36818708904,104.68346062917486,0.028479009579543066,0.24587997473471293,atomic_number
