nameseq,average,median,maximum,minimum,peak,none_levated_peak,sample_standard_deviation,population_standard_deviation,percentile15,percentile25,percentile50,percentile75,amplitude,variance,interquartile_range,semi_interquartile_range,coefficient_of_variation,skewness,kurtosis,label
1_181388565_181418793,142236180.0000018,972479.3922823535,4256208311364.0,32.19945321152476,7.084226624571334e-05,8.95237202197364,24479562726.68622,24479967638.69284,222445.49312268675,405281.6195420089,972479.3922823535,1989374.7058092956,4256208311331.801,5.992688155914486e+20,1584093.0862672867,792046.5431336433,172.105034926317,0.017312037251432006,0.25031099010006863,atomic_number
