nameseq,average,median,maximum,minimum,peak,none_levated_peak,sample_standard_deviation,population_standard_deviation,percentile15,percentile25,percentile50,percentile75,amplitude,variance,interquartile_range,semi_interquartile_range,coefficient_of_variation,skewness,kurtosis,label
1_184913297_184921626,39002760.00000006,270099.82448756765,321652316736.0,109.74795381071762,7.119154302584387e-05,4.468605416269489,3524013721.503071,3524225265.9833465,64242.61085083071,116535.40797208912,270099.82448756765,530522.0302868958,321652316626.2521,1.2420163725395388e+19,413986.6223148067,206993.31115740334,90.35293198489198,0.032973191851527875,0.24523497211141446,atomic_number
