nameseq,average,median,maximum,minimum,peak,none_levated_peak,sample_standard_deviation,population_standard_deviation,percentile15,percentile25,percentile50,percentile75,amplitude,variance,interquartile_range,semi_interquartile_range,coefficient_of_variation,skewness,kurtosis,label
1_181418923_181422179,15343203.999999972,96499.3644452046,49507140004.0,73.3455395371669,7.075879761923707e-05,2.7007196256261947,867343305.3288267,867476486.6432897,24326.465236154603,41382.03669188566,96499.3644452046,192980.11916728222,49507139930.65446,7.525154548789856e+17,151598.08247539657,75799.04123769829,56.52947750214546,0.05273588165798241,0.24484213481753586,atomic_number
