nameseq,average,median,maximum,minimum,peak,none_levated_peak,sample_standard_deviation,population_standard_deviation,percentile15,percentile25,percentile50,percentile75,amplitude,variance,interquartile_range,semi_interquartile_range,coefficient_of_variation,skewness,kurtosis,label
1_18283305_18283636,1609487.9999999995,10564.800340815582,529184016.0,43.44811192993117,6.875892623409849e-05,0.6163384350944513,28998122.528974872,29041893.30487495,2035.5437931996053,4666.336126545305,10564.800340815582,20767.148994741136,529183972.55188805,843431566731740.4,16100.81286819583,8050.406434097915,18.016985854492162,0.165416557371417,0.20976929689298268,atomic_number
