nameseq,average,median,maximum,minimum,peak,none_levated_peak,sample_standard_deviation,population_standard_deviation,percentile15,percentile25,percentile50,percentile75,amplitude,variance,interquartile_range,semi_interquartile_range,coefficient_of_variation,skewness,kurtosis,label
1_184164254_184168132,18268732.00000008,129553.88965207033,70113744100.0,83.63335490116854,7.077666911967368e-05,2.8256010365294713,1125605197.1411762,1125750314.8104625,31741.376713798098,55774.13156332448,129553.88965207033,260343.17865264232,70113744016.36664,1.2673137712958556e+18,204569.04708931784,102284.52354465892,61.613756069177185,0.04834513421691215,0.24186448636769267,atomic_number
