nameseq,average,median,maximum,minimum,peak,none_levated_peak,sample_standard_deviation,population_standard_deviation,percentile15,percentile25,percentile50,percentile75,amplitude,variance,interquartile_range,semi_interquartile_range,coefficient_of_variation,skewness,kurtosis,label
1_21518805_21521149,11222915.999999978,77520.61071784294,26055770724.0,86.70063646492981,6.964915951136658e-05,2.1405148799228364,537945189.3225018,538059926.4869337,19085.536738592735,33924.55319834693,77520.61071784294,150237.94112856025,26055770637.299362,2.8950848449112454e+17,116313.38793021333,58156.693965106664,47.932746651806255,0.062155377223386946,0.2386191212947003,atomic_number
