nameseq,average,median,maximum,minimum,peak,none_levated_peak,sample_standard_deviation,population_standard_deviation,percentile15,percentile25,percentile50,percentile75,amplitude,variance,interquartile_range,semi_interquartile_range,coefficient_of_variation,skewness,kurtosis,label
1_25451870_25452723,4151384.0000000056,41297.77616757251,3495174400.0,29.147929084422586,6.857150932476165e-05,1.0044737673803261,119530368.2493034,119600412.42071137,8554.538302806122,17406.479475775057,41297.77616757251,76887.4793290585,3495174370.852071,1.430425865120425e+16,59480.999853283436,29740.499926641718,28.792896115922602,0.10315586617938123,0.24743110722907216,atomic_number
