nameseq,average,median,maximum,minimum,peak,none_levated_peak,sample_standard_deviation,population_standard_deviation,percentile15,percentile25,percentile50,percentile75,amplitude,variance,interquartile_range,semi_interquartile_range,coefficient_of_variation,skewness,kurtosis,label
1_29161582_29161691,524248.0000000003,2554.5637257339495,57214096.0,142.59903269841956,6.994145264582153e-05,0.2941232784084674,5429904.644778948,5454755.596786241,722.7112573679376,1007.4244905434496,2554.5637257339495,4839.773321708929,57213953.4009673,29754358620670.824,3832.348831165479,1916.1744155827396,10.357511415930905,0.28823347944566224,0.17255656277909315,atomic_number
