nameseq,average,median,maximum,minimum,peak,none_levated_peak,sample_standard_deviation,population_standard_deviation,percentile15,percentile25,percentile50,percentile75,amplitude,variance,interquartile_range,semi_interquartile_range,coefficient_of_variation,skewness,kurtosis,label
1_31905086_31905210,593524.0000000012,4571.9067117382665,73376356.0,42.938982006296655,7.02021597554043e-05,0.2974466421384372,6536094.858273708,6562397.157132101,1369.3274261462761,1767.256799101081,4571.9067117382665,9423.449651211424,73376313.06101799,43065056447935.484,7656.192852110343,3828.0964260551714,11.012351410008181,0.27032292495391425,0.2777170174654979,atomic_number
