nameseq,average,median,maximum,minimum,peak,none_levated_peak,sample_standard_deviation,population_standard_deviation,percentile15,percentile25,percentile50,percentile75,amplitude,variance,interquartile_range,semi_interquartile_range,coefficient_of_variation,skewness,kurtosis,label
1_3544226_3544390,766516.0000000003,6907.400534752925,124768900.0,40.960474582025924,7.17532315046261e-05,0.3527888220886902,9682965.028269388,9712441.397909505,926.1055910805134,2546.2646686385942,6907.400534752925,14905.526761402945,124768859.03952542,94331517907826.34,12359.262092764351,6179.631046382176,12.632436933174759,0.23534380138136587,0.2594358900994844,atomic_number
