nameseq,average,median,maximum,minimum,peak,none_levated_peak,sample_standard_deviation,population_standard_deviation,percentile15,percentile25,percentile50,percentile75,amplitude,variance,interquartile_range,semi_interquartile_range,coefficient_of_variation,skewness,kurtosis,label
1_35465973_35466230,1225959.999999999,10454.243459797932,312582400.0,10.599956619070554,7.014910763809591e-05,0.4921219867850715,19421886.39666415,19459635.48261455,2659.3285309942175,3748.241167199836,10454.243459797932,18505.979676079787,312582389.40004337,378677413116231.25,14757.738508879951,7378.8692544399755,15.842186039237957,0.18775299140082083,0.2313390571854858,atomic_number
