nameseq,average,median,maximum,minimum,peak,none_levated_peak,sample_standard_deviation,population_standard_deviation,percentile15,percentile25,percentile50,percentile75,amplitude,variance,interquartile_range,semi_interquartile_range,coefficient_of_variation,skewness,kurtosis,label
1_35844826_35845320,2302332.000000001,18089.726585806948,1125334116.0,230.76981175612065,7.166646686924385e-05,0.7581996769261246,50527599.21274835,50578714.65243854,5215.634042117443,9807.507235287067,18089.726585806948,37041.21396571053,1125333885.2301881,2558206375892800.5,27233.706730423462,13616.853365211731,21.946269787653705,0.1356234400013529,0.2171287037604063,atomic_number
