nameseq,average,median,maximum,minimum,peak,none_levated_peak,sample_standard_deviation,population_standard_deviation,percentile15,percentile25,percentile50,percentile75,amplitude,variance,interquartile_range,semi_interquartile_range,coefficient_of_variation,skewness,kurtosis,label
1_36994537_37017124,105152815.99999961,686157.7902516483,2352505628944.0,72.0159144352636,7.160372512832525e-05,7.9100788106257145,15652437692.421795,15652784180.765759,155388.49694695172,278042.1710396199,686157.7902516483,1391108.0828240453,2352505628871.984,2.450096526096308e+20,1113065.9117844254,556532.9558922127,148.8541941893582,0.02002243872729026,0.2514925349634228,atomic_number
