nameseq,average,median,maximum,minimum,peak,none_levated_peak,sample_standard_deviation,population_standard_deviation,percentile15,percentile25,percentile50,percentile75,amplitude,variance,interquartile_range,semi_interquartile_range,coefficient_of_variation,skewness,kurtosis,label
1_3984261_3984862,2786888.000000001,27129.64761471909,1655513344.0,354.25781487579525,7.200385041188113e-05,0.8360981570292225,67416127.30655833,67472190.62377854,7427.0949195669855,12858.640618846042,27129.64761471909,49832.2767286385,1655512989.742185,4552496507571508.0,36973.63610979245,18486.818054896226,24.190468833537015,0.12280852353781567,0.23939925724198727,atomic_number
