nameseq,average,median,maximum,minimum,peak,none_levated_peak,sample_standard_deviation,population_standard_deviation,percentile15,percentile25,percentile50,percentile75,amplitude,variance,interquartile_range,semi_interquartile_range,coefficient_of_variation,skewness,kurtosis,label
1_40098392_40098559,811519.9999999997,4830.707590132182,135117376.0,20.04640462343335,6.900630914826501e-05,0.38814408799674993,10392902.359542113,10423972.391070317,1524.8844748227195,2333.393668348552,4830.707590132182,8292.04082541921,135117355.95359537,108659200409796.22,5958.647157070658,2979.323578535329,12.806711306612428,0.2328577517143368,0.1784463455440032,atomic_number
