nameseq,average,median,maximum,minimum,peak,none_levated_peak,sample_standard_deviation,population_standard_deviation,percentile15,percentile25,percentile50,percentile75,amplitude,variance,interquartile_range,semi_interquartile_range,coefficient_of_variation,skewness,kurtosis,label
1_41457625_41457967,1602843.999999995,10882.46543923645,544662244.0,85.94572045201512,7.13315415182848e-05,0.6451582864545274,29365293.106664,29408193.484697223,2963.5533792728475,4824.94269970519,10882.46543923645,21137.676285442816,544662158.0542796,864841844033388.2,16312.733585737627,8156.366792868814,18.320743070856608,0.1626370486524605,0.27712458568432397,atomic_number
