nameseq,average,median,maximum,minimum,peak,none_levated_peak,sample_standard_deviation,population_standard_deviation,percentile15,percentile25,percentile50,percentile75,amplitude,variance,interquartile_range,semi_interquartile_range,coefficient_of_variation,skewness,kurtosis,label
1_43304737_43304925,894963.9999999997,7739.266809329521,167288356.0,0.07349821186872571,7.039389293871041e-05,0.4008116499539322,12135488.414200723,12167720.843917932,1885.8466512143875,2862.593380775525,7739.266809329521,14873.328950575009,167288355.92650178,148053430535514.9,12010.735569799484,6005.367784899742,13.55975035219375,0.2193297961091841,0.27270787389936413,atomic_number
