nameseq,average,median,maximum,minimum,peak,none_levated_peak,sample_standard_deviation,population_standard_deviation,percentile15,percentile25,percentile50,percentile75,amplitude,variance,interquartile_range,semi_interquartile_range,coefficient_of_variation,skewness,kurtosis,label
1_44971652_44971816,765907.9999999997,3801.1653032920503,125395204.0,19.975339276847354,7.181019130234966e-05,0.401401217600256,9731914.390525226,9761539.769223137,1369.7220730235558,1924.879226959953,3801.1653032920503,8950.782001959682,125395184.02466072,95287658666124.88,7025.902774999729,3512.9513874998647,12.7063751658492,0.23493019074602972,0.2541133608890046,atomic_number
