nameseq,average,median,maximum,minimum,peak,none_levated_peak,sample_standard_deviation,population_standard_deviation,percentile15,percentile25,percentile50,percentile75,amplitude,variance,interquartile_range,semi_interquartile_range,coefficient_of_variation,skewness,kurtosis,label
1_45297525_45344967,222161612.00000823,1472129.3184208763,10436349925156.0,40.15186888159581,7.11839151281129e-05,11.547420185605116,47913499636.83356,47914004603.394356,337754.2415888972,601084.65183294,1472129.3184208763,2975965.0769768404,10436349925115.848,2.2957518371340954e+21,2374880.4251439003,1187440.2125719502,215.66957137865828,0.01381799394874083,0.24468680614271077,atomic_number
