nameseq,average,median,maximum,minimum,peak,none_levated_peak,sample_standard_deviation,population_standard_deviation,percentile15,percentile25,percentile50,percentile75,amplitude,variance,interquartile_range,semi_interquartile_range,coefficient_of_variation,skewness,kurtosis,label
1_49602496_49602899,1846927.9999999965,11346.356987756964,739187344.0,16.0,7.291386922861472e-05,0.7427465816981071,36729547.101024814,36775089.02440911,1862.3665862239548,4775.964826539881,11346.356987756964,24764.78937856069,739187328.0,1352407172753215.0,19988.824552020807,9994.412276010404,19.88683213477996,0.14992683993326647,0.2551313204372432,atomic_number
