nameseq,average,median,maximum,minimum,peak,none_levated_peak,sample_standard_deviation,population_standard_deviation,percentile15,percentile25,percentile50,percentile75,amplitude,variance,interquartile_range,semi_interquartile_range,coefficient_of_variation,skewness,kurtosis,label
1_50213393_50213614,1052983.9999999988,7376.282356532423,231040000.0,60.25641480720687,7.027647143736285e-05,0.452248387860723,15470607.132134926,15505569.00075037,1743.5626775619335,2597.169705342135,7376.282356532423,16860.76208403544,231039939.7435852,240422670037030.8,14263.592378693305,7131.796189346653,14.692157841083,0.20276018427322842,0.21254042996886063,atomic_number
