nameseq,average,median,maximum,minimum,peak,none_levated_peak,sample_standard_deviation,population_standard_deviation,percentile15,percentile25,percentile50,percentile75,amplitude,variance,interquartile_range,semi_interquartile_range,coefficient_of_variation,skewness,kurtosis,label
1_58814330_58816630,10768756.00000005,78314.62650023325,24515417476.0,51.52473506544499,7.122456855740779e-05,2.08847116835546,510957259.43389505,511068325.02795416,16493.944443823457,31799.887094425758,78314.62650023325,169521.01687634602,24515417424.475266,2.6119083284687862e+17,137721.12978192026,68860.56489096013,47.448123017541924,0.06276713664080677,0.27452970144099453,atomic_number
