nameseq,average,median,maximum,minimum,peak,none_levated_peak,sample_standard_deviation,population_standard_deviation,percentile15,percentile25,percentile50,percentile75,amplitude,variance,interquartile_range,semi_interquartile_range,coefficient_of_variation,skewness,kurtosis,label
1_6631673_6631898,1061480.0,7195.326154057634,237653056.0,251.18969827114998,7.097009207270351e-05,0.478640627541001,15772774.593529956,15807786.344920406,1709.1643498202259,3669.358357730983,7195.326154057634,13224.106374945084,237652804.81030172,249886109126652.03,9554.7480172141,4777.37400860705,14.859229183338316,0.20052616632429657,0.20566285752108343,atomic_number
