nameseq,average,median,maximum,minimum,peak,none_levated_peak,sample_standard_deviation,population_standard_deviation,percentile15,percentile25,percentile50,percentile75,amplitude,variance,interquartile_range,semi_interquartile_range,coefficient_of_variation,skewness,kurtosis,label
1_76655790_76655906,552595.9999999998,4360.566604755151,64096036.0,66.7015362903803,7.057597231974176e-05,0.2968745407362132,5899861.533382626,5925237.399020612,1225.9014641643116,1738.1769028149097,4360.566604755151,6870.033940109535,64095969.29846371,35108438234752.55,5131.857037294625,2565.9285186473126,10.6766272889826,0.27877032213038366,0.2813406642252604,atomic_number
