nameseq,average,median,maximum,minimum,peak,none_levated_peak,sample_standard_deviation,population_standard_deviation,percentile15,percentile25,percentile50,percentile75,amplitude,variance,interquartile_range,semi_interquartile_range,coefficient_of_variation,skewness,kurtosis,label
1_78642311_78642803,2315283.999999999,17125.07121578198,1128825604.0,133.55366392259234,7.097761368943654e-05,0.785983051931376,50787013.69153087,50838600.310915925,4085.348749441236,6074.547301640413,17125.07121578198,37169.92487766538,1128825470.446336,2584563281573060.5,31095.377576024963,15547.688788012481,21.935543843230846,0.13575275026462835,0.2635726789459717,atomic_number
