nameseq,average,median,maximum,minimum,peak,none_levated_peak,sample_standard_deviation,population_standard_deviation,percentile15,percentile25,percentile50,percentile75,amplitude,variance,interquartile_range,semi_interquartile_range,coefficient_of_variation,skewness,kurtosis,label
1_8285147_8285310,769936.0000000002,3858.5137163690224,125440000.0,0.0,7.100157242506734e-05,0.4184788381873993,9764914.6464579,9794822.571456054,808.6697012271065,1475.71526909092,3858.5137163690224,8032.875740802241,125440000.0,95938549206304.98,6557.160471711321,3278.5802358556607,12.682761484666123,0.23535612363847427,0.33459715086753566,atomic_number
