nameseq,average,median,maximum,minimum,peak,none_levated_peak,sample_standard_deviation,population_standard_deviation,percentile15,percentile25,percentile50,percentile75,amplitude,variance,interquartile_range,semi_interquartile_range,coefficient_of_variation,skewness,kurtosis,label
1_83044632_83044778,678380.0000000002,7715.011462176785,98287396.0,177.80754719032518,7.22309030336979e-05,0.3165534989862817,8078186.0968650635,8105803.9076740155,1659.8336950626913,2791.378645909828,7715.011462176785,12827.215385769077,98287218.1924528,65704056989663.34,10035.836739859249,5017.9183699296245,11.90805462552708,0.2490651913050473,0.23834539945800623,atomic_number
