nameseq,average,median,maximum,minimum,peak,none_levated_peak,sample_standard_deviation,population_standard_deviation,percentile15,percentile25,percentile50,percentile75,amplitude,variance,interquartile_range,semi_interquartile_range,coefficient_of_variation,skewness,kurtosis,label
1_93281076_93281215,656784.0000000006,5068.628448286037,91011600.0,66.81603299095768,7.10532940307112e-05,0.33696681480661206,7663799.110152093,7691317.328350056,622.095070794615,1344.5925683613336,5068.628448286037,8182.762787565127,91011533.18396701,59156362245377.84,6838.170219203794,3419.085109601897,11.668675104984418,0.25511447867483866,0.21640512872528395,atomic_number
