nameseq,average,median,maximum,minimum,peak,none_levated_peak,sample_standard_deviation,population_standard_deviation,percentile15,percentile25,percentile50,percentile75,amplitude,variance,interquartile_range,semi_interquartile_range,coefficient_of_variation,skewness,kurtosis,label
2_107350682_107350948,1250476.0000000019,8501.269696293357,330439684.0,0.3700055517046376,7.117289736068495e-05,0.528108693462719,20183888.82895821,20221792.87892555,2225.995028034559,4160.902643990632,8501.269696293357,18956.431664398828,330439683.62999445,408920907238164.06,14795.529020408196,7397.764510204098,16.140964583853012,0.1845989255333923,0.2566169434661307,atomic_number
