nameseq,average,median,maximum,minimum,peak,none_levated_peak,sample_standard_deviation,population_standard_deviation,percentile15,percentile25,percentile50,percentile75,amplitude,variance,interquartile_range,semi_interquartile_range,coefficient_of_variation,skewness,kurtosis,label
2_106485806_106486951,5307272.000000008,48065.183558339224,5995714624.0,53.95237574828506,7.197671421400662e-05,1.238447541843309,177032765.5346588,177110055.54730612,10129.385014601376,20283.58106874331,48065.183558339224,105115.17515444731,5995714570.047625,3.1367971775969864e+16,84831.594085704,42415.797042852,33.35664076283607,0.08912260056309251,0.25014224800350005,atomic_number
