nameseq,average,median,maximum,minimum,peak,none_levated_peak,sample_standard_deviation,population_standard_deviation,percentile15,percentile25,percentile50,percentile75,amplitude,variance,interquartile_range,semi_interquartile_range,coefficient_of_variation,skewness,kurtosis,label
2_106981278_106981747,2203032.0000000023,16599.655681404365,1024256016.0,30.459468179344473,7.111411303452083e-05,0.7692684989025691,47194028.21595054,47244314.887878425,3669.790889000516,7253.711605327087,16599.655681404365,32901.39017487924,1024255985.5405319,2232025289225010.8,25647.678569552154,12823.839284776077,21.42230717300089,0.1389857420718941,0.2675426287884268,atomic_number
