nameseq,average,median,maximum,minimum,peak,none_levated_peak,sample_standard_deviation,population_standard_deviation,percentile15,percentile25,percentile50,percentile75,amplitude,variance,interquartile_range,semi_interquartile_range,coefficient_of_variation,skewness,kurtosis,label
2_107348994_107349148,731276.0000000003,4842.920180757528,112063396.0,18.850518798945142,7.065275855718858e-05,0.34966384467505746,8971402.307997119,9000483.104873005,1355.0462254480217,2615.659148486782,4842.920180757528,11606.69732189662,112063377.1494812,81008696121104.42,8991.038173409837,4495.519086704919,12.268148151993385,0.2429162314474626,0.23911682070842574,atomic_number
