nameseq,average,median,maximum,minimum,peak,none_levated_peak,sample_standard_deviation,population_standard_deviation,percentile15,percentile25,percentile50,percentile75,amplitude,variance,interquartile_range,semi_interquartile_range,coefficient_of_variation,skewness,kurtosis,label
2_108438258_108438321,297248.0,2331.988592133527,18835600.0,284.12110277964354,7.176947644166936e-05,0.18230414943812812,2335614.308598061,2354077.9501388716,654.1862293220101,1016.3289515821126,2331.988592133527,3620.764354604892,18835315.87889722,5541682995330.032,2604.4354030227796,1302.2177015113898,7.857460129582238,0.37880742165630266,0.2397178964707253,atomic_number
