nameseq,average,median,maximum,minimum,peak,none_levated_peak,sample_standard_deviation,population_standard_deviation,percentile15,percentile25,percentile50,percentile75,amplitude,variance,interquartile_range,semi_interquartile_range,coefficient_of_variation,skewness,kurtosis,label
2_107150461_107155197,22134532.0,161336.21349038658,103780622500.0,38.70202728366497,7.133649810169919e-05,3.2323360514362642,1507709920.8423023,1507869087.8969388,35473.78917693175,61324.85735921815,161336.21349038658,314325.1469726279,103780622461.29797,2.2736691862351462e+18,253000.28961340975,126500.14480670488,68.1157352160101,0.043721664524633476,0.2603981373377363,atomic_number
