nameseq,average,median,maximum,minimum,peak,none_levated_peak,sample_standard_deviation,population_standard_deviation,percentile15,percentile25,percentile50,percentile75,amplitude,variance,interquartile_range,semi_interquartile_range,coefficient_of_variation,skewness,kurtosis,label
2_108697281_108697461,823828.0000000003,6107.1934947981335,147719716.0,20.56687096152692,7.32353517158112e-05,0.41485459324709656,10948975.337473731,10979347.033369832,1045.2209578181144,2890.2226379837302,6107.1934947981335,10993.366195684419,147719695.43312904,120546061279166.94,8103.143557700689,4051.5717788503443,13.2903656315077,0.2240540638647221,0.2738084295696086,atomic_number
