nameseq,average,median,maximum,minimum,peak,none_levated_peak,sample_standard_deviation,population_standard_deviation,percentile15,percentile25,percentile50,percentile75,amplitude,variance,interquartile_range,semi_interquartile_range,coefficient_of_variation,skewness,kurtosis,label
2_102326338_102350088,110987740.0000007,665976.4183308879,2612975260900.0,8.241765897573114,7.133220299827666e-05,8.45023940564699,16954502254.68314,16954859187.815563,149965.7834947493,263842.21682424797,665976.4183308879,1331562.182570926,2612975260891.7583,2.874672500786538e+20,1067719.965746678,533859.982873339,152.76013598153304,0.019520790747695988,0.24961518704021537,atomic_number
