nameseq,average,median,maximum,minimum,peak,none_levated_peak,sample_standard_deviation,population_standard_deviation,percentile15,percentile25,percentile50,percentile75,amplitude,variance,interquartile_range,semi_interquartile_range,coefficient_of_variation,skewness,kurtosis,label
2_107744126_107754163,46613047.99999983,286365.9302389398,463739208256.0,21.443023777534506,7.178247601401248e-05,5.254989750638434,4628371390.578317,4628601950.312978,64421.73749205474,116887.68009321079,286365.9302389398,569085.9926576647,463739208234.55695,2.1423956014441103e+19,452198.3125644539,226099.15628222696,99.29347230368488,0.03002785093957576,0.25337845944920934,atomic_number
