nameseq,average,median,maximum,minimum,peak,none_levated_peak,sample_standard_deviation,population_standard_deviation,percentile15,percentile25,percentile50,percentile75,amplitude,variance,interquartile_range,semi_interquartile_range,coefficient_of_variation,skewness,kurtosis,label
2_129840811_129840939,574116.0000000005,4092.860603586375,73307844.0,0.26138667309897445,7.489775585421755e-05,0.3209734809955081,6428816.261502579,6453879.967711671,946.0493528974202,1524.896582004712,4092.860603586375,8858.984741771741,73307843.73861332,41652566637630.0,7334.088159767029,3667.0440798835143,11.197765367107994,0.2660006677169453,0.2832781673454908,atomic_number
