nameseq,average,median,maximum,minimum,peak,none_levated_peak,sample_standard_deviation,population_standard_deviation,percentile15,percentile25,percentile50,percentile75,amplitude,variance,interquartile_range,semi_interquartile_range,coefficient_of_variation,skewness,kurtosis,label
2_124782240_124782368,599875.9999999998,4276.533476437015,76562500.0,1.0834904388102184,7.168148083937349e-05,0.313817159576978,6714215.99378036,6740392.373730776,1252.7254972701533,2340.832267238065,4276.533476437015,7788.7361982298235,76562498.91650955,45432889351848.0,5447.903930991759,2723.9519654958794,11.1926731420833,0.26612167395655273,0.22124700376519024,atomic_number
