nameseq,average,median,maximum,minimum,peak,none_levated_peak,sample_standard_deviation,population_standard_deviation,percentile15,percentile25,percentile50,percentile75,amplitude,variance,interquartile_range,semi_interquartile_range,coefficient_of_variation,skewness,kurtosis,label
2_12723784_12724267,2261776.0,15984.396295094339,1083726400.0,45.08591496449594,7.133037636500402e-05,0.8017320500374996,49208349.616922185,49259263.59807047,4213.457199891991,6261.288284212698,15984.396295094339,32185.80946496281,1083726354.9140851,2426475050224190.5,25924.52118075011,12962.260590375055,21.756508874849757,0.13691527684963878,0.26057947123194913,atomic_number
