nameseq,average,median,maximum,minimum,peak,none_levated_peak,sample_standard_deviation,population_standard_deviation,percentile15,percentile25,percentile50,percentile75,amplitude,variance,interquartile_range,semi_interquartile_range,coefficient_of_variation,skewness,kurtosis,label
2_128165322_128165412,415723.99999999965,2776.6330345943593,37478884.0,18.276013077511394,7.296507618836862e-05,0.24911941898553075,3906801.858457631,3928446.355711926,554.687922191363,746.2208969784704,2776.6330345943593,5557.369089113299,37478865.72398692,15432690769706.31,4811.148192134829,2405.5740960674143,9.397585557864435,0.3170987794567343,0.25558564872976125,atomic_number
