nameseq,average,median,maximum,minimum,peak,none_levated_peak,sample_standard_deviation,population_standard_deviation,percentile15,percentile25,percentile50,percentile75,amplitude,variance,interquartile_range,semi_interquartile_range,coefficient_of_variation,skewness,kurtosis,label
2_133598732_133610516,55674052.00000006,468183.5898269808,648189230404.0,75.19544050438942,7.055950109996178e-05,4.943473227567291,5970602287.2183895,5970855616.971658,110501.25730524134,189812.7830598195,468183.5898269808,931326.7583648852,648189230328.8046,3.5651116798721995e+19,741513.9753050657,370756.9876525329,107.24210063277563,0.02773884396638951,0.2500298127460804,atomic_number
