nameseq,average,median,maximum,minimum,peak,none_levated_peak,sample_standard_deviation,population_standard_deviation,percentile15,percentile25,percentile50,percentile75,amplitude,variance,interquartile_range,semi_interquartile_range,coefficient_of_variation,skewness,kurtosis,label
2_137256206_137256586,1802420.0000000051,18436.813637703053,676936324.0,173.305522000711,7.04608248909797e-05,0.6065811465071052,34633647.80916131,34679188.45711655,4041.710645225533,7411.470461255722,18436.813637703053,36175.1920246613,676936150.694478,1202646112044205.8,28763.72156340558,14381.86078170279,19.21508183950534,0.1545303454194971,0.24909668225258685,atomic_number
