nameseq,average,median,maximum,minimum,peak,none_levated_peak,sample_standard_deviation,population_standard_deviation,percentile15,percentile25,percentile50,percentile75,amplitude,variance,interquartile_range,semi_interquartile_range,coefficient_of_variation,skewness,kurtosis,label
2_139021256_139046164,116070771.99999651,813826.6112802934,2861598523876.0,32.12302340831934,7.153394310154369e-05,8.052807722801928,18130995894.844017,18131359850.479134,186164.03009336596,330646.8508361031,813826.6112802934,1638283.0603867716,2861598523843.877,3.2874621002756666e+20,1307636.2095506685,653818.1047753342,156.2063866934956,0.01907070290962213,0.24898034382099773,atomic_number
