nameseq,average,median,maximum,minimum,peak,none_levated_peak,sample_standard_deviation,population_standard_deviation,percentile15,percentile25,percentile50,percentile75,amplitude,variance,interquartile_range,semi_interquartile_range,coefficient_of_variation,skewness,kurtosis,label
2_134987406_134987527,551400.0,6022.344047815103,66389904.0,190.10381912398267,7.37516624350139e-05,0.283596106111706,5985321.631212145,6010003.474610752,1403.9823052038166,2490.6033899041463,6022.344047815103,10706.035356014934,66389713.896180876,36120141764833.32,8215.431966110787,4107.715983055394,10.854772635495367,0.27335756850968185,0.26699481084887694,atomic_number
