nameseq,average,median,maximum,minimum,peak,none_levated_peak,sample_standard_deviation,population_standard_deviation,percentile15,percentile25,percentile50,percentile75,amplitude,variance,interquartile_range,semi_interquartile_range,coefficient_of_variation,skewness,kurtosis,label
2_137225565_137227855,10638892.000000054,69568.09401394129,24141079876.0,59.73618217524264,7.17806578604861e-05,2.1952326466236434,504251881.70182264,504361968.3490686,15956.026970651197,29009.37859656713,69568.09401394129,131758.30348232592,24141079816.263817,2.5438099511694685e+17,102748.9248857588,51374.4624428794,47.39702985064799,0.0628812164487035,0.23153174245221766,atomic_number
