nameseq,average,median,maximum,minimum,peak,none_levated_peak,sample_standard_deviation,population_standard_deviation,percentile15,percentile25,percentile50,percentile75,amplitude,variance,interquartile_range,semi_interquartile_range,coefficient_of_variation,skewness,kurtosis,label
2_134353224_134357129,18276423.9999999,104040.62144702209,70792180624.0,48.997750268291135,7.123931902652331e-05,3.1553717993253243,1132563702.8176908,1132708708.093596,23843.135864920998,41460.829939281,104040.62144702209,209720.1545070178,70792180575.00224,1.283029017391063e+18,168259.32456773682,84129.66228386841,61.968561400069134,0.048136056276592745,0.2501710884921113,atomic_number
