nameseq,average,median,maximum,minimum,peak,none_levated_peak,sample_standard_deviation,population_standard_deviation,percentile15,percentile25,percentile50,percentile75,amplitude,variance,interquartile_range,semi_interquartile_range,coefficient_of_variation,skewness,kurtosis,label
2_135565627_135565801,801531.9999999997,4095.033708090558,138815524.0,211.04226882899485,7.27772981407272e-05,0.3988893342294051,10462817.913584847,10492840.408332951,1390.1832021879093,1871.5040798375044,4095.033708090558,10576.12597377811,138815312.95773116,110099699834744.83,8704.621893940604,4352.310946970302,13.053524891813241,0.22864881321977018,0.226360616625707,atomic_number
