nameseq,average,median,maximum,minimum,peak,none_levated_peak,sample_standard_deviation,population_standard_deviation,percentile15,percentile25,percentile50,percentile75,amplitude,variance,interquartile_range,semi_interquartile_range,coefficient_of_variation,skewness,kurtosis,label
2_137252624_137252847,1029472.0000000002,7803.878285457924,228010000.0,124.86464811370679,7.252908934547676e-05,0.4578174918249025,15199744.51211809,15233786.535749232,2458.870436848356,3591.8822359875994,7803.878285457924,18092.594421184833,228009875.1353519,232068252216774.6,14500.712185197233,7250.356092598617,14.764602157337048,0.20164841341247763,0.292063696540813,atomic_number
