nameseq,average,median,maximum,minimum,peak,none_levated_peak,sample_standard_deviation,population_standard_deviation,percentile15,percentile25,percentile50,percentile75,amplitude,variance,interquartile_range,semi_interquartile_range,coefficient_of_variation,skewness,kurtosis,label
2_138037515_138037639,582995.9999999998,5515.496317020118,71876484.0,206.35706452910895,7.146990145158232e-05,0.28163197704241044,6402348.959931502,6428113.043744742,1600.9758193273103,2875.842603376978,5515.496317020118,10641.758292753973,71876277.64293547,41320637303161.29,7765.915689376996,3882.957844688498,10.98180598139868,0.27059467109513413,0.2506128252998337,atomic_number
