nameseq,average,median,maximum,minimum,peak,none_levated_peak,sample_standard_deviation,population_standard_deviation,percentile15,percentile25,percentile50,percentile75,amplitude,variance,interquartile_range,semi_interquartile_range,coefficient_of_variation,skewness,kurtosis,label
2_139857497_139857831,1541019.9999999988,8466.453234319424,512116900.0,23.01652770714775,7.246282765094986e-05,0.6826589114306568,27937472.225889016,27979263.531562876,1579.9122307507243,2587.926527190314,8466.453234319424,17701.057221760886,512116876.9834723,782839187768644.2,15113.130694570573,7556.565347285286,18.12920807380114,0.16456967198472922,0.2646516528956185,atomic_number
