nameseq,average,median,maximum,minimum,peak,none_levated_peak,sample_standard_deviation,population_standard_deviation,percentile15,percentile25,percentile50,percentile75,amplitude,variance,interquartile_range,semi_interquartile_range,coefficient_of_variation,skewness,kurtosis,label
2_133279030_133280186,5423540.000000018,38018.02527709794,6208494436.0,49.37552990807906,7.110976717543623e-05,1.3803872685094325,182443274.46211836,182522168.8547624,9499.979221489393,18030.05330809934,38018.02527709794,77730.07076251527,6208494386.62447,3.3314342123446396e+16,59700.01745441593,29850.008727207965,33.63914979185509,0.08855665396163141,0.2537455569149292,atomic_number
