nameseq,average,median,maximum,minimum,peak,none_levated_peak,sample_standard_deviation,population_standard_deviation,percentile15,percentile25,percentile50,percentile75,amplitude,variance,interquartile_range,semi_interquartile_range,coefficient_of_variation,skewness,kurtosis,label
2_136165094_136174959,46791752.00000031,331451.2720177906,456738078976.0,222.3150946001219,7.028304190590352e-05,4.767331088922955,4598055238.4275875,4598288281.444305,79549.63759956442,135053.3965055418,331451.2720177906,675821.7986904825,456738078753.6849,2.1144255119268024e+19,540768.4021849406,270384.2010924703,98.26636195258422,0.030313011687874397,0.24871574416780906,atomic_number
