nameseq,average,median,maximum,minimum,peak,none_levated_peak,sample_standard_deviation,population_standard_deviation,percentile15,percentile25,percentile50,percentile75,amplitude,variance,interquartile_range,semi_interquartile_range,coefficient_of_variation,skewness,kurtosis,label
2_145507313_145507521,993668.0000000002,6288.219016358862,206037316.0,113.6619147520701,7.011060703038304e-05,0.47379263470850946,14217220.871154813,14251355.904374098,856.9187549680989,2377.1614840588845,6288.219016358862,10859.59241806095,206037202.33808523,203101145113138.47,8482.430934002066,4241.215467001033,14.307817974569785,0.20834868993002573,0.2451522519272899,atomic_number
