nameseq,average,median,maximum,minimum,peak,none_levated_peak,sample_standard_deviation,population_standard_deviation,percentile15,percentile25,percentile50,percentile75,amplitude,variance,interquartile_range,semi_interquartile_range,coefficient_of_variation,skewness,kurtosis,label
2_141956270_141956559,1370535.9999999988,12942.130878624492,392673856.0,7.411390815309913,7.053201569799462e-05,0.5365719535486457,23017848.437754206,23057637.31522658,1728.7091524073198,3604.029274258149,12942.130878624492,21331.42961435649,392673848.58860916,531654638560529.25,17727.400340098342,8863.700170049171,16.794778420818005,0.17694015226392262,0.22334041552766087,atomic_number
