nameseq,average,median,maximum,minimum,peak,none_levated_peak,sample_standard_deviation,population_standard_deviation,percentile15,percentile25,percentile50,percentile75,amplitude,variance,interquartile_range,semi_interquartile_range,coefficient_of_variation,skewness,kurtosis,label
2_142469849_142477252,34764175.999999925,243518.04095053833,254847270975.99988,31.37198959502761,7.099262183001275e-05,4.191527310741728,2961534993.5213985,2961735009.392597,55752.5644244475,101811.47999858699,243518.04095053833,476630.6168413847,254847270944.6279,8.771874265861768e+18,374819.1368427977,187409.56842139884,85.18927626880628,0.03496901914166083,0.25308257813295254,atomic_number
