nameseq,average,median,maximum,minimum,peak,none_levated_peak,sample_standard_deviation,population_standard_deviation,percentile15,percentile25,percentile50,percentile75,amplitude,variance,interquartile_range,semi_interquartile_range,coefficient_of_variation,skewness,kurtosis,label
2_141510933_141511135,941452.0000000003,5476.979832867292,189392644.0,1.9318938332735978,7.187479198797883e-05,0.4581899743459136,13259382.252143122,13292161.986349741,1017.9015601847011,1788.0418680888752,5476.979832867292,13124.887024367225,189392642.06810617,176681570271361.1,11336.845156278348,5668.422578139174,14.08397056052047,0.21176892008280043,0.3056089782587644,atomic_number
