nameseq,average,median,maximum,minimum,peak,none_levated_peak,sample_standard_deviation,population_standard_deviation,percentile15,percentile25,percentile50,percentile75,amplitude,variance,interquartile_range,semi_interquartile_range,coefficient_of_variation,skewness,kurtosis,label
2_140173178_140189688,76621531.99999994,516039.6692544863,1252219188676.0,22.708454788519617,7.18292433341932e-05,6.53738367939058,9744964137.590572,9745259256.202946,116168.5151524984,209765.66642182745,516039.6692544863,1058333.5234278159,1252219188653.2915,9.497007797060918e+19,848567.8570059885,424283.92850299424,127.18310223281074,0.023429175702301484,0.24840696352769248,atomic_number
