nameseq,average,median,maximum,minimum,peak,none_levated_peak,sample_standard_deviation,population_standard_deviation,percentile15,percentile25,percentile50,percentile75,amplitude,variance,interquartile_range,semi_interquartile_range,coefficient_of_variation,skewness,kurtosis,label
2_140340731_140340971,1112548.0000000002,8868.331635577735,265103524.0,191.55996637975406,7.220662239591758e-05,0.4798439749898343,17040549.520942096,17076013.76226056,2382.7749158870565,4068.969180189503,8868.331635577735,17875.212853956025,265103332.4400336,291590246008912.0,13806.243673766523,6903.1218368832615,15.316687029181745,0.19430353469670353,0.24426639923116,atomic_number
