nameseq,average,median,maximum,minimum,peak,none_levated_peak,sample_standard_deviation,population_standard_deviation,percentile15,percentile25,percentile50,percentile75,amplitude,variance,interquartile_range,semi_interquartile_range,coefficient_of_variation,skewness,kurtosis,label
2_15981029_15992590,54620840.00000093,404861.8241984077,624713190544.0,160.896530543418,7.05591492185022e-05,5.169372236465019,5809583584.744506,5809834837.143142,92133.28330328048,164630.5142550843,404861.8241984077,800224.0773923884,624713190383.1035,3.3754180834882077e+19,635593.563137304,317796.781568652,106.36203296661873,0.027996487554548283,0.24570288706594479,atomic_number
