nameseq,average,median,maximum,minimum,peak,none_levated_peak,sample_standard_deviation,population_standard_deviation,percentile15,percentile25,percentile50,percentile75,amplitude,variance,interquartile_range,semi_interquartile_range,coefficient_of_variation,skewness,kurtosis,label
2_159055244_159055430,864300.0,5257.620059663326,160123716.0,0.7024109833427544,7.212002005476494e-05,0.4274463357065416,11677470.69889229,11708819.669926666,1770.265915376642,2294.8407617887874,5257.620059663326,11025.0483121564,160123715.297589,137096458062861.6,8730.207550367611,4365.103775183806,13.51089980202741,0.22069223775191946,0.2660985770753567,atomic_number
