nameseq,average,median,maximum,minimum,peak,none_levated_peak,sample_standard_deviation,population_standard_deviation,percentile15,percentile25,percentile50,percentile75,amplitude,variance,interquartile_range,semi_interquartile_range,coefficient_of_variation,skewness,kurtosis,label
2_16082721_16083056,1596288.0000000014,7536.225411996875,532501776.0,132.00918334956702,7.016277764413433e-05,0.6877145895194264,29006468.284612663,29049729.260604784,1910.3208423770313,3247.6715768390295,7536.225411996875,15099.446280212022,532501643.99081665,843886770114437.8,11851.774703372992,5925.887351686496,18.17119986156172,0.16431698188822297,0.24024692466654315,atomic_number
