nameseq,average,median,maximum,minimum,peak,none_levated_peak,sample_standard_deviation,population_standard_deviation,percentile15,percentile25,percentile50,percentile75,amplitude,variance,interquartile_range,semi_interquartile_range,coefficient_of_variation,skewness,kurtosis,label
2_160191379_160204721,62087771.99999949,424943.8286611626,820172941955.9996,126.19452635144602,7.163514687991547e-05,5.819953303505698,7100061219.637788,7100327293.996388,99577.68995306862,174348.69687804492,424943.8286611626,845925.508286528,820172941829.805,5.041464768187007e+19,671576.8114084832,335788.4057042416,114.35522633406536,0.026054491474293548,0.24572907870924968,atomic_number
