nameseq,average,median,maximum,minimum,peak,none_levated_peak,sample_standard_deviation,population_standard_deviation,percentile15,percentile25,percentile50,percentile75,amplitude,variance,interquartile_range,semi_interquartile_range,coefficient_of_variation,skewness,kurtosis,label
2_19112566_19112829,1216511.9999999995,9793.633028403983,317124864.0,315.03575390539424,7.233796296296299e-05,0.4940622682952746,19479749.03849513,19516747.64550374,3449.3575957220824,4686.334508897475,9793.633028403983,21172.460385955623,317124548.9642461,380903438658275.75,16486.125877058148,8243.062938529074,16.012788232664484,0.18584197844442324,0.23454164873971964,atomic_number
