nameseq,average,median,maximum,minimum,peak,none_levated_peak,sample_standard_deviation,population_standard_deviation,percentile15,percentile25,percentile50,percentile75,amplitude,variance,interquartile_range,semi_interquartile_range,coefficient_of_variation,skewness,kurtosis,label
2_20344580_20344723,692256.0000000005,5303.592248358886,98485776.0,24.794305206821594,6.933851060879207e-05,0.32455262141942787,8177911.653572201,8206455.934612353,1870.9785854900367,2541.925618272103,5303.592248358886,8562.411230051168,98485751.2056948,67345919006734.32,6020.485611779065,3010.2428058895325,11.813421123937092,0.2520028719501659,0.15121940787892604,atomic_number
