nameseq,average,median,maximum,minimum,peak,none_levated_peak,sample_standard_deviation,population_standard_deviation,percentile15,percentile25,percentile50,percentile75,amplitude,variance,interquartile_range,semi_interquartile_range,coefficient_of_variation,skewness,kurtosis,label
2_30076668_30076843,828415.9999999993,6304.0,144192064.0,46.86291501015239,7.081788215904415e-05,0.3879078344611846,10837278.034021642,10868197.577692209,1122.8286409177515,2414.617128229049,6304.0,13245.699798091699,144192017.137085,118117718587754.78,10831.08266986265,5415.541334931325,13.081927478491062,0.22757891716512113,0.2906294302197672,atomic_number
