nameseq,average,median,maximum,minimum,peak,none_levated_peak,sample_standard_deviation,population_standard_deviation,percentile15,percentile25,percentile50,percentile75,amplitude,variance,interquartile_range,semi_interquartile_range,coefficient_of_variation,skewness,kurtosis,label
2_34501305_34501493,864340.0,9173.08230094752,161137636.0,399.4171440939379,7.288798389522641e-05,0.38291334086232254,11689136.137380213,11720183.03439361,1591.2089801680645,3273.4820972153543,9173.08230094752,16896.98434936312,161137236.5828559,137362690359687.83,13623.502252147766,6811.751126073883,13.523770897309175,0.219477361110805,0.29054431980522005,atomic_number
