nameseq,average,median,maximum,minimum,peak,none_levated_peak,sample_standard_deviation,population_standard_deviation,percentile15,percentile25,percentile50,percentile75,amplitude,variance,interquartile_range,semi_interquartile_range,coefficient_of_variation,skewness,kurtosis,label
2_34991454_34991741,1339744.0000000005,7747.203270807561,382280704.0,85.18034201693689,7.165548044999639e-05,0.5823846407737907,22486237.639396768,22525378.204509124,2014.9787533010033,3053.7505961463917,7747.203270807561,17502.58959312343,382280618.819658,507392663256174.6,14448.838996977038,7224.419498488519,16.783980849622584,0.17770827002141287,0.25006291953199966,atomic_number
