nameseq,average,median,maximum,minimum,peak,none_levated_peak,sample_standard_deviation,population_standard_deviation,percentile15,percentile25,percentile50,percentile75,amplitude,variance,interquartile_range,semi_interquartile_range,coefficient_of_variation,skewness,kurtosis,label
2_35059022_35059669,3050496.0000000014,13875.250392762999,1958593536.0,53.65724562766147,7.080815709969785e-05,1.048613945631495,76880343.65959904,76939733.65969548,2726.859457155585,5899.307057878376,13875.250392762999,32943.59643634311,1958593482.3427544,5919722615624877.0,27044.289378464735,13522.144689232367,25.202571535776148,0.11849403651416023,0.2211541971475914,atomic_number
