nameseq,average,median,maximum,minimum,peak,none_levated_peak,sample_standard_deviation,population_standard_deviation,percentile15,percentile25,percentile50,percentile75,amplitude,variance,interquartile_range,semi_interquartile_range,coefficient_of_variation,skewness,kurtosis,label
2_35060545_35061178,2990152.000000004,21000.69702600053,1878008896.0000007,162.83163003977648,7.0676451676481e-05,0.9677776291307671,74525309.27589357,74584152.79810968,5143.139646524263,9182.961989066725,21000.69702600053,38459.241222219396,1878008733.1683707,5562795848611771.0,29276.279233152673,14638.139616576336,24.923585582235773,0.11952253530336268,0.25217529175735254,atomic_number
