nameseq,average,median,maximum,minimum,peak,none_levated_peak,sample_standard_deviation,population_standard_deviation,percentile15,percentile25,percentile50,percentile75,amplitude,variance,interquartile_range,semi_interquartile_range,coefficient_of_variation,skewness,kurtosis,label
2_37045412_37057396,56506788.000000186,412126.2676040824,670083039396.0,14.658688592854917,7.069947065474659e-05,5.315467589652087,6120559198.142786,6120814556.600797,96123.52160216853,170052.0739516549,412126.2676040824,817287.8220615705,670083039381.3413,3.7464370836296204e+19,647235.7481099155,323617.87405495776,108.31546819017152,0.02749487093405651,0.2489235152995173,atomic_number
