nameseq,average,median,maximum,minimum,peak,none_levated_peak,sample_standard_deviation,population_standard_deviation,percentile15,percentile25,percentile50,percentile75,amplitude,variance,interquartile_range,semi_interquartile_range,coefficient_of_variation,skewness,kurtosis,label
2_4914436_4929097,68227032.00000052,477586.8490155407,990200127743.9998,6.138206729619794,7.163338621168946e-05,6.071541080861396,8177324983.638172,8177603859.074648,112100.60351395016,207997.0938628319,477586.8490155407,957153.797795647,990200127737.8616,6.687320487595258e+19,749156.7039328151,374578.35196640756,119.85461984683886,0.02485511287121767,0.25041014673551487,atomic_number
