nameseq,average,median,maximum,minimum,peak,none_levated_peak,sample_standard_deviation,population_standard_deviation,percentile15,percentile25,percentile50,percentile75,amplitude,variance,interquartile_range,semi_interquartile_range,coefficient_of_variation,skewness,kurtosis,label
2_54480923_54481712,3813975.9999999977,33943.88643524053,2977666624.0,16.0,6.904430791733704e-05,1.0283769364848496,105871968.26823917,105939039.52505735,6624.69260884797,12962.81994905276,33943.88643524053,58201.979865374306,2977666608.0,1.1223080095491662e+16,45239.15991632154,22619.57995816077,27.758949785798137,0.10711141510057501,0.24119428298550127,atomic_number
