nameseq,average,median,maximum,minimum,peak,none_levated_peak,sample_standard_deviation,population_standard_deviation,percentile15,percentile25,percentile50,percentile75,amplitude,variance,interquartile_range,semi_interquartile_range,coefficient_of_variation,skewness,kurtosis,label
2_56346539_56346642,503168.0000000003,3452.470048759272,51782416.0,122.12356409903053,6.889680318833202e-05,0.26066495757237246,5052697.205464819,5077165.615909651,955.366817349831,1507.9630606988592,3452.470048759272,6185.927183704969,51782293.8764359,25777610691375.223,4677.96412300611,2338.982061503055,10.041769757744564,0.29670224216727237,0.16430096195735874,atomic_number
