nameseq,average,median,maximum,minimum,peak,none_levated_peak,sample_standard_deviation,population_standard_deviation,percentile15,percentile25,percentile50,percentile75,amplitude,variance,interquartile_range,semi_interquartile_range,coefficient_of_variation,skewness,kurtosis,label
2_59842702_59842876,851164.0,5721.006922192721,147136900.0,372.3900745957008,6.853360026191585e-05,0.36846616492992695,11089898.786889626,11121720.6565653,1895.8365187551203,2628.597986513103,5721.006922192721,12897.214794348898,147136527.60992542,123692670362671.27,10268.616807835795,5134.3084039178975,13.029097549813697,0.22870623330051001,0.20080381044927778,atomic_number
