nameseq,average,median,maximum,minimum,peak,none_levated_peak,sample_standard_deviation,population_standard_deviation,percentile15,percentile25,percentile50,percentile75,amplitude,variance,interquartile_range,semi_interquartile_range,coefficient_of_variation,skewness,kurtosis,label
2_59787560_59787674,553003.9999999999,3138.4043062636965,62948356.0,16.726708918172264,6.931836538855659e-05,0.28952468317336133,5843863.939500303,5869438.95858109,603.4624310420543,1263.559226051133,3138.4043062636965,7806.958435328721,62948339.27329108,34450313688509.473,6543.399209277588,3271.699604638794,10.567489456677174,0.2822784384029075,0.25884723035837826,atomic_number
