nameseq,average,median,maximum,minimum,peak,none_levated_peak,sample_standard_deviation,population_standard_deviation,percentile15,percentile25,percentile50,percentile75,amplitude,variance,interquartile_range,semi_interquartile_range,coefficient_of_variation,skewness,kurtosis,label
2_59488793_59506697,84109828.00000085,577985.4378628723,1490455188964.0,141.69295495024068,7.095881034655395e-05,6.745183401158729,11138312065.882145,11138623118.064392,129466.05246913452,234621.2049545677,577985.4378628723,1157488.2097921416,1490455188822.3071,1.2406892496627853e+20,922867.0048375739,461433.5024187869,132.42580957224206,0.022498519183531872,0.2367227496318535,atomic_number
