nameseq,average,median,maximum,minimum,peak,none_levated_peak,sample_standard_deviation,population_standard_deviation,percentile15,percentile25,percentile50,percentile75,amplitude,variance,interquartile_range,semi_interquartile_range,coefficient_of_variation,skewness,kurtosis,label
2_59107146_59107734,2807412.000000009,20195.09128376456,1635878916.0,188.85200130633513,6.993392253553548e-05,0.8893968664950296,67346748.40829636,67403991.72369544,5798.443926041048,9646.332914032995,20195.09128376456,36901.64793896218,1635878727.1479988,4543298100288004.0,27255.315024929187,13627.657512464593,23.98890807914768,0.1241581950691278,0.21762203996611168,atomic_number
