nameseq,average,median,maximum,minimum,peak,none_levated_peak,sample_standard_deviation,population_standard_deviation,percentile15,percentile25,percentile50,percentile75,amplitude,variance,interquartile_range,semi_interquartile_range,coefficient_of_variation,skewness,kurtosis,label
2_72108044_72108253,968392.0000000002,10161.191535466802,200618896.0,2.717404861880423,7.228477723896933e-05,0.4210638841326987,13810121.9360178,13843121.079686312,1756.2713084899176,3240.707389074776,10161.191535466802,17137.83641723246,200618893.28259513,191632001226855.5,13897.129028157682,6948.564514078841,14.260879825543578,0.20815836664672696,0.263133947308028,atomic_number
