nameseq,average,median,maximum,minimum,peak,none_levated_peak,sample_standard_deviation,population_standard_deviation,percentile15,percentile25,percentile50,percentile75,amplitude,variance,interquartile_range,semi_interquartile_range,coefficient_of_variation,skewness,kurtosis,label
2_8113618_8115883,10937736.000000007,79927.6026262483,24512286096.0,52.614854574136416,6.905755755426286e-05,2.0239224755032446,514820577.46874684,514934211.85429776,19086.712319199887,32701.266959382858,79927.6026262483,170297.61381498582,24512286043.385147,2.6515724253800682e+17,137596.34685560295,68798.17342780148,47.068294340688645,0.0632714126390931,0.2576020465253038,atomic_number
