nameseq,average,median,maximum,minimum,peak,none_levated_peak,sample_standard_deviation,population_standard_deviation,percentile15,percentile25,percentile50,percentile75,amplitude,variance,interquartile_range,semi_interquartile_range,coefficient_of_variation,skewness,kurtosis,label
2_8625783_8625804,98167.99999999996,1467.4645744000634,2131600.0,175.63759864371036,7.470187162143811e-05,0.07423731501538666,443732.14298718545,454174.3279654379,336.06030100645427,461.563849120739,1467.4645744000634,2231.9302365913213,2131424.3624013565,206274320182.85715,1770.3663874705824,885.1831937352912,4.5201302154183205,0.6537764073701047,0.3474145318364781,atomic_number
