nameseq,average,median,maximum,minimum,peak,none_levated_peak,sample_standard_deviation,population_standard_deviation,percentile15,percentile25,percentile50,percentile75,amplitude,variance,interquartile_range,semi_interquartile_range,coefficient_of_variation,skewness,kurtosis,label
2_87008605_87030667,103408379.99999854,681459.3802711535,2259351696996.0,37.240684567407655,7.111931676459332e-05,7.720806559906226,15210431090.015417,15210775806.240913,157329.76682245842,281474.76102646056,681459.3802711535,1380812.7320702123,2259351696958.7593,2.3136770062772388e+20,1099337.9710437516,549668.9855218758,147.0908942777716,0.020261145791027665,0.2478908829660507,atomic_number
