nameseq,average,median,maximum,minimum,peak,none_levated_peak,sample_standard_deviation,population_standard_deviation,percentile15,percentile25,percentile50,percentile75,amplitude,variance,interquartile_range,semi_interquartile_range,coefficient_of_variation,skewness,kurtosis,label
2_87682606_87718155,166265143.9999987,1149951.9999999998,5850187088656.0,57.06255308128142,7.12717032260237e-05,9.726598453214029,31027280975.580105,31027717374.1114,273139.7546617736,483275.41223199456,1149951.9999999998,2344218.375560063,5850187088598.9375,9.627192454477344e+20,1860942.9633280684,930471.4816640342,186.61326258244694,0.015964839986779885,0.2540134157931234,atomic_number
