nameseq,average,median,maximum,minimum,peak,none_levated_peak,sample_standard_deviation,population_standard_deviation,percentile15,percentile25,percentile50,percentile75,amplitude,variance,interquartile_range,semi_interquartile_range,coefficient_of_variation,skewness,kurtosis,label
2_884325_884468,669663.9999999994,3365.9583218632133,95491984.0,43.13180082907772,7.16777368949205e-05,0.3542941556018997,7929444.608146525,7957121.636827606,560.0515667594218,1044.9324117611022,3365.9583218632133,11380.099535783978,95491940.86819917,63315784743270.04,10335.167124022875,5167.583562011438,11.840930090532762,0.25208501021380386,0.30508739413125696,atomic_number
