nameseq,average,median,maximum,minimum,peak,none_levated_peak,sample_standard_deviation,population_standard_deviation,percentile15,percentile25,percentile50,percentile75,amplitude,variance,interquartile_range,semi_interquartile_range,coefficient_of_variation,skewness,kurtosis,label
2_89476474_89487422,50697812.00000063,351080.2472495599,549421912900.0,57.07246885204394,7.198864256048409e-05,5.199252910609122,5250473953.783501,5250713739.774711,81115.83658674349,145069.73321822227,351080.2472495599,715429.0016794582,549421912842.92755,2.756999477705893e+19,570359.2684612359,285179.63423061796,103.56411345293235,0.028766964008918355,0.24909892643225007,atomic_number
