nameseq,average,median,maximum,minimum,peak,none_levated_peak,sample_standard_deviation,population_standard_deviation,percentile15,percentile25,percentile50,percentile75,amplitude,variance,interquartile_range,semi_interquartile_range,coefficient_of_variation,skewness,kurtosis,label
2_91616739_91635820,89213832.00000021,568255.3674592924,1686839878656.0,120.22817701968313,7.12968664619927e-05,7.339349145926374,12210974525.99081,12211294499.119617,131257.92407423526,234815.48090105993,568255.3674592924,1122004.3263531136,1686839878535.7717,1.49115713344229e+20,887188.8454520537,443594.42272602685,136.87310871245595,0.021778501734778157,0.2516512175973571,atomic_number
