nameseq,average,median,maximum,minimum,peak,none_levated_peak,sample_standard_deviation,population_standard_deviation,percentile15,percentile25,percentile50,percentile75,amplitude,variance,interquartile_range,semi_interquartile_range,coefficient_of_variation,skewness,kurtosis,label
3_106755768_106786335,142650047.99999702,945194.5078641125,4316804046863.997,92.92161290416996,7.142888121098668e-05,9.10041533976592,24690027632.89923,24690431496.963463,224584.84426501763,399517.5312007354,945194.5078641125,1957579.1879855562,4316804046771.0757,6.096174075062454e+20,1558061.6567848208,779030.8283924104,173.08110287421528,0.01721806742370501,0.24637208871638547,atomic_number
