nameseq,average,median,maximum,minimum,peak,none_levated_peak,sample_standard_deviation,population_standard_deviation,percentile15,percentile25,percentile50,percentile75,amplitude,variance,interquartile_range,semi_interquartile_range,coefficient_of_variation,skewness,kurtosis,label
3_113555742_113556339,2837367.9999999967,19894.123866405887,1678704784.0,43.348991858883785,7.025290104538204e-05,0.9018372830853335,68588694.51957783,68646114.95200332,4842.82179674117,8524.50553845825,19894.123866405887,42462.32407962054,1678704740.6510081,4712289098003653.0,33937.81854116229,16968.909270581145,24.173351683524277,0.12323345250416057,0.2485705343563918,atomic_number
