nameseq,average,median,maximum,minimum,peak,none_levated_peak,sample_standard_deviation,population_standard_deviation,percentile15,percentile25,percentile50,percentile75,amplitude,variance,interquartile_range,semi_interquartile_range,coefficient_of_variation,skewness,kurtosis,label
3_116227516_116243133,73626536.00000034,632788.432521486,1135443687184.0,187.52243657298945,7.070820227098523e-05,5.676993642985288,9085286667.915962,9085577541.362638,142969.64942133357,261275.6678477676,632788.432521486,1272644.2953135816,1135443686996.4775,8.254771926011317e+19,1011368.627465814,505684.313732907,123.3969049951762,0.024102843499231908,0.24825663270047157,atomic_number
