nameseq,average,median,maximum,minimum,peak,none_levated_peak,sample_standard_deviation,population_standard_deviation,percentile15,percentile25,percentile50,percentile75,amplitude,variance,interquartile_range,semi_interquartile_range,coefficient_of_variation,skewness,kurtosis,label
3_112302055_112302157,483836.0000000003,3287.529258753975,49308484.0,139.01576413426255,7.096068364762711e-05,0.264343046795577,4834364.029424347,4858004.092304252,698.8223719254843,927.1936727919633,3287.529258753975,7294.847410012437,49308344.98423587,23600203760844.863,6367.653737220473,3183.8268686102365,9.991741063964534,0.2982078725245279,0.29276400675738246,atomic_number
