nameseq,average,median,maximum,minimum,peak,none_levated_peak,sample_standard_deviation,population_standard_deviation,percentile15,percentile25,percentile50,percentile75,amplitude,variance,interquartile_range,semi_interquartile_range,coefficient_of_variation,skewness,kurtosis,label
3_116959367_116964693,24707516.00000002,163930.66056730255,130258915395.99995,19.82830097917716,7.186747007132022e-05,3.493725023556845,1784532646.0026438,1784700168.429298,36351.20743428915,66325.21577955558,163930.66056730255,344973.6125053831,130258915376.17165,3.185154691191565e+18,278648.3967258275,139324.19836291374,72.22630741198923,0.041260526212973,0.24574158587700937,atomic_number
