nameseq,average,median,maximum,minimum,peak,none_levated_peak,sample_standard_deviation,population_standard_deviation,percentile15,percentile25,percentile50,percentile75,amplitude,variance,interquartile_range,semi_interquartile_range,coefficient_of_variation,skewness,kurtosis,label
3_133741863_133747892,27726328.00000011,177432.26993036023,165684817936.0,45.70277698040982,7.2494273313076e-05,3.9417731508173968,2133474190.476818,2133651117.473886,39814.682800061564,69371.94431164318,177432.26993036023,350871.86725981435,165684817890.2972,4.5524670910975626e+18,281499.92294817115,140749.96147408558,76.94759257254728,0.03873807686969873,0.25951804616291035,atomic_number
