nameseq,average,median,maximum,minimum,peak,none_levated_peak,sample_standard_deviation,population_standard_deviation,percentile15,percentile25,percentile50,percentile75,amplitude,variance,interquartile_range,semi_interquartile_range,coefficient_of_variation,skewness,kurtosis,label
3_133990712_133991043,1606127.999999998,9629.552157509659,528080400.0,3.7669528097036777,6.89027690611625e-05,0.6127584006220247,28937647.20290743,28981326.695244506,3294.8345850940304,5101.227697483382,9629.552157509659,20663.415971756163,528080396.2330472,839917297016491.8,15562.188274272781,7781.094137136391,18.017024298752943,0.16551087619335736,0.23080920478275854,atomic_number
