nameseq,average,median,maximum,minimum,peak,none_levated_peak,sample_standard_deviation,population_standard_deviation,percentile15,percentile25,percentile50,percentile75,amplitude,variance,interquartile_range,semi_interquartile_range,coefficient_of_variation,skewness,kurtosis,label
3_149371372_149371566,926412.0000000003,5985.936783349505,178863876.0,34.37127722393689,7.016316714377618e-05,0.42848184390111926,12775168.880248904,12808052.252227169,991.5530485213151,2313.132799992309,5985.936783349505,13676.965255366522,178863841.6287228,164046202495781.44,11363.832455374213,5681.916227687107,13.789943222074951,0.216144163379244,0.26691779500809604,atomic_number
