nameseq,average,median,maximum,minimum,peak,none_levated_peak,sample_standard_deviation,population_standard_deviation,percentile15,percentile25,percentile50,percentile75,amplitude,variance,interquartile_range,semi_interquartile_range,coefficient_of_variation,skewness,kurtosis,label
3_14142574_14142756,853819.9999999993,5247.357259385774,154604356.0,90.1055442773329,7.144362980487697e-05,0.4073271748527705,11396752.252494391,11428019.121268598,1089.5505126312546,2362.955444031726,5247.357259385774,12585.470906630813,154604265.89445573,130599621036080.7,10222.515462599087,5111.257731299544,13.347956539427983,0.22337222673807466,0.2534581807103069,atomic_number
