nameseq,average,median,maximum,minimum,peak,none_levated_peak,sample_standard_deviation,population_standard_deviation,percentile15,percentile25,percentile50,percentile75,amplitude,variance,interquartile_range,semi_interquartile_range,coefficient_of_variation,skewness,kurtosis,label
3_140883406_140894669,52092608.000000216,413544.1054945053,580052838544.0,114.40328833374568,7.207676503097427e-05,5.002300343110509,5465142781.3377905,5465385390.832564,95124.73397999257,169890.4964006982,413544.1054945053,828126.0184473543,580052838429.5967,2.9870437470326026e+19,658235.5220466561,329117.76102332806,104.91205933359619,0.028368369846243285,0.25251149244397686,atomic_number
