nameseq,average,median,maximum,minimum,peak,none_levated_peak,sample_standard_deviation,population_standard_deviation,percentile15,percentile25,percentile50,percentile75,amplitude,variance,interquartile_range,semi_interquartile_range,coefficient_of_variation,skewness,kurtosis,label
3_150966031_150966226,918447.9999999988,5460.948609262814,178489600.0,196.7720757475551,7.113449355144048e-05,0.44654454120881276,12716136.740076367,12748700.523843188,1448.0198081587184,2060.2782235542704,5460.948609262814,10349.297694516958,178489403.22792426,162529365046639.6,8289.019470962687,4144.509735481343,13.84524408575813,0.21539255279789948,0.24179098690002174,atomic_number
