nameseq,average,median,maximum,minimum,peak,none_levated_peak,sample_standard_deviation,population_standard_deviation,percentile15,percentile25,percentile50,percentile75,amplitude,variance,interquartile_range,semi_interquartile_range,coefficient_of_variation,skewness,kurtosis,label
3_34390896_34391095,938783.9999999994,5828.131921666785,186158736.0,165.69879019035935,7.101385054140965e-05,0.45002145389249837,13129896.946590861,13162845.296881834,1815.0702861167688,2498.4104496690975,5828.131921666785,10323.385646108358,186158570.3012098,173260496309644.22,7824.97519643926,3912.48759821963,13.986068090839714,0.2131675226104281,0.25038391194546505,atomic_number
