nameseq,average,median,maximum,minimum,peak,none_levated_peak,sample_standard_deviation,population_standard_deviation,percentile15,percentile25,percentile50,percentile75,amplitude,variance,interquartile_range,semi_interquartile_range,coefficient_of_variation,skewness,kurtosis,label
3_4116777_4116894,536120.0000000002,4367.378843541784,62663056.0,31.662037880936037,7.336665920565045e-05,0.30270449063654253,5743639.025253589,5768132.266541484,527.1489992499885,1203.44487714379,4367.378843541784,6323.348789450816,62663024.33796212,33271349844316.992,5119.903912307026,2559.951956153513,10.713345939814943,0.27774340561016414,0.20804126518561433,atomic_number
