nameseq,average,median,maximum,minimum,peak,none_levated_peak,sample_standard_deviation,population_standard_deviation,percentile15,percentile25,percentile50,percentile75,amplitude,variance,interquartile_range,semi_interquartile_range,coefficient_of_variation,skewness,kurtosis,label
3_41710900_41710999,471727.9999999997,3357.1949617798655,46730896.0,144.0,7.066218951033934e-05,0.26062937060899855,4649222.975656901,4672644.902107144,884.2686025514829,1691.9306104355494,3357.1949617798655,6559.087495390344,46730752.0,21833610381187.88,4867.156884954795,2433.5784424773974,9.85572824945075,0.30222521536862357,0.2380478654111368,atomic_number
