nameseq,average,median,maximum,minimum,peak,none_levated_peak,sample_standard_deviation,population_standard_deviation,percentile15,percentile25,percentile50,percentile75,amplitude,variance,interquartile_range,semi_interquartile_range,coefficient_of_variation,skewness,kurtosis,label
3_4147093_4147428,1631263.9999999993,14896.0,540097600.0,56.625404832515734,6.865841457912395e-05,0.5571191308907468,29419572.153425757,29463449.24291283,2537.9581083161074,4774.207345683088,14896.0,29122.541883391383,540097543.3745952,868094841289700.5,24348.334537708295,12174.167268854148,18.034831979021035,0.16482578246588625,0.22661624832420013,atomic_number
