nameseq,average,median,maximum,minimum,peak,none_levated_peak,sample_standard_deviation,population_standard_deviation,percentile15,percentile25,percentile50,percentile75,amplitude,variance,interquartile_range,semi_interquartile_range,coefficient_of_variation,skewness,kurtosis,label
3_42886141_42886303,797035.9999999991,4979.284269548408,128368900.0,34.48738900194611,6.816923367744167e-05,0.36467492892169656,10023008.145573862,10053895.763155792,1028.8873568152278,1534.3555417868388,4979.284269548408,10978.22007157723,128368865.512611,101080820016401.97,9443.864529790391,4721.932264895196,12.575351860610905,0.23707155702957936,0.26239814964477176,atomic_number
