nameseq,average,median,maximum,minimum,peak,none_levated_peak,sample_standard_deviation,population_standard_deviation,percentile15,percentile25,percentile50,percentile75,amplitude,variance,interquartile_range,semi_interquartile_range,coefficient_of_variation,skewness,kurtosis,label
3_49803521_49803638,547736.0,3510.7476651734255,64000000.0,56.23320206931176,7.181075067794218e-05,0.2988230860887274,5866166.363562493,5891182.111861773,605.7350420623122,1551.807118252061,3510.7476651734255,7693.163155476431,63999943.76679793,34706026675120.137,6141.35603722437,3070.678018612185,10.709842631418224,0.27832073893195286,0.24144555164681733,atomic_number
