nameseq,average,median,maximum,minimum,peak,none_levated_peak,sample_standard_deviation,population_standard_deviation,percentile15,percentile25,percentile50,percentile75,amplitude,variance,interquartile_range,semi_interquartile_range,coefficient_of_variation,skewness,kurtosis,label
3_52650039_52650399,1581283.9999999946,15606.75360467628,561784804.0,84.1217592098943,7.609849548426072e-05,0.5861865906351279,29525330.502358004,29566309.46795334,4709.831132822802,7154.920638133592,15606.75360467628,35925.77987367326,561784719.8782408,874166655554787.2,28770.85923553967,14385.429617769834,18.671744292839303,0.1590848149459608,0.2572713265191001,atomic_number
