nameseq,average,median,maximum,minimum,peak,none_levated_peak,sample_standard_deviation,population_standard_deviation,percentile15,percentile25,percentile50,percentile75,amplitude,variance,interquartile_range,semi_interquartile_range,coefficient_of_variation,skewness,kurtosis,label
3_52592739_52592803,314148.0000000001,1490.5448584199455,20304036.0,15.876034880798228,6.896961517076875e-05,0.2017565994057655,2498736.483726125,2518182.197109653,414.9917490071184,742.1086475033998,1490.5448584199455,2350.3800479338056,20304020.123965118,6341241577840.0,1608.2714004304057,804.1357002152029,7.954010478265417,0.3753786649907287,0.21832645346902818,atomic_number
