nameseq,average,median,maximum,minimum,peak,none_levated_peak,sample_standard_deviation,population_standard_deviation,percentile15,percentile25,percentile50,percentile75,amplitude,variance,interquartile_range,semi_interquartile_range,coefficient_of_variation,skewness,kurtosis,label
3_52584724_52584872,689587.9999999992,2806.2023076011046,102131236.0,16.11860319556425,7.202368177327146e-05,0.3948606034743347,8338452.827007177,8366575.850614777,686.4356884430055,1473.6526096258642,2806.2023076011046,6224.7004909957295,102131219.8813968,69999591464090.375,4751.0478813698655,2375.5239406849328,12.091934353566458,0.24708965030107266,0.2435938094262539,atomic_number
