nameseq,average,median,maximum,minimum,peak,none_levated_peak,sample_standard_deviation,population_standard_deviation,percentile15,percentile25,percentile50,percentile75,amplitude,variance,interquartile_range,semi_interquartile_range,coefficient_of_variation,skewness,kurtosis,label
3_55759506_55782839,109567831.99999921,724897.2509236656,2531484652096.0,49.2879587224706,7.098798851838244e-05,7.916926751249162,16571858320.778103,16572213433.296135,169774.15138503903,301503.01522972,724897.2509236656,1465948.5603493543,2531484652046.712,2.746382580787209e+20,1164445.5451196344,582222.7725598172,151.24747855536853,0.019703813412272467,0.24582906993401782,atomic_number
