nameseq,average,median,maximum,minimum,peak,none_levated_peak,sample_standard_deviation,population_standard_deviation,percentile15,percentile25,percentile50,percentile75,amplitude,variance,interquartile_range,semi_interquartile_range,coefficient_of_variation,skewness,kurtosis,label
3_6934666_6934755,428167.9999999998,2890.946801835615,38142976.0,80.20682621061994,7.006595541936813e-05,0.23778771205631172,3997764.0934982654,4020160.7062373552,630.7790550780211,1275.8823325799688,2890.946801835615,5970.826227367793,38142895.79317379,16161692103974.832,4694.943894787824,2347.471947393912,9.33690535840667,0.31913617956332924,0.19119880431643455,atomic_number
