nameseq,average,median,maximum,minimum,peak,none_levated_peak,sample_standard_deviation,population_standard_deviation,percentile15,percentile25,percentile50,percentile75,amplitude,variance,interquartile_range,semi_interquartile_range,coefficient_of_variation,skewness,kurtosis,label
3_72541702_72543193,6979824.000000005,54037.57935331025,10296566784.0,57.112363156879155,7.125299052430734e-05,1.5784856538691436,266476638.1967244,266565984.93459022,11775.38139949095,22799.779043778908,54037.57935331025,103192.30515447844,10296566726.887636,7.105742432414818e+16,80392.52611069953,40196.263055349766,38.17813145384815,0.07797065965160276,0.22937819175527197,atomic_number
