nameseq,average,median,maximum,minimum,peak,none_levated_peak,sample_standard_deviation,population_standard_deviation,percentile15,percentile25,percentile50,percentile75,amplitude,variance,interquartile_range,semi_interquartile_range,coefficient_of_variation,skewness,kurtosis,label
3_9878331_9878657,1528860.0,9521.388097445337,495240516.0,26.70152121621808,7.129495179414727e-05,0.6305192920724036,27344163.730544914,27386070.519471355,2110.7680257506945,4274.634850323602,9521.388097445337,18294.641924826068,495240489.2984788,749996858497458.0,14020.007074502466,7010.003537251233,17.885328761655686,0.16669062841428622,0.20099238639859937,atomic_number
