nameseq,average,median,maximum,minimum,peak,none_levated_peak,sample_standard_deviation,population_standard_deviation,percentile15,percentile25,percentile50,percentile75,amplitude,variance,interquartile_range,semi_interquartile_range,coefficient_of_variation,skewness,kurtosis,label
4_105171229_105171357,608292.0000000002,4121.058338078768,77686596.0,64.92736137004884,7.068973453538758e-05,0.31408360857726375,6812827.394346051,6839388.225659222,1321.5963535063393,2180.183646175399,4121.058338078768,6883.6396660578275,77686531.07263863,46777231301286.0,4703.456019882428,2351.728009941214,11.199929300970666,0.26604414291927675,0.14973831713243355,atomic_number
