nameseq,average,median,maximum,minimum,peak,none_levated_peak,sample_standard_deviation,population_standard_deviation,percentile15,percentile25,percentile50,percentile75,amplitude,variance,interquartile_range,semi_interquartile_range,coefficient_of_variation,skewness,kurtosis,label
4_112483536_112483844,1416371.9999999993,11652.76050031462,432723204.0,15.987191165370804,7.272100832267233e-05,0.5719213515102345,24575992.304494888,24615856.065170895,3230.9780375477303,5426.604765682286,11652.76050031462,23618.918937221984,432723188.01280886,605940369821210.8,18192.3141715397,9096.15708576985,17.35136835837965,0.17147457023447615,0.28139836451763084,atomic_number
