nameseq,average,median,maximum,minimum,peak,none_levated_peak,sample_standard_deviation,population_standard_deviation,percentile15,percentile25,percentile50,percentile75,amplitude,variance,interquartile_range,semi_interquartile_range,coefficient_of_variation,skewness,kurtosis,label
4_115194135_115194262,594464.0000000007,5506.65161338157,75203584.0,47.078514973844825,7.177333979293383e-05,0.30098826922283095,6620491.942451405,6646505.763458462,1220.690024450575,1886.9265445143851,5506.65161338157,10449.394743434415,75203536.92148502,44176038863686.555,8562.46819892003,4281.234099460015,11.136909791764342,0.2668792682656189,0.25726590479324307,atomic_number
