nameseq,average,median,maximum,minimum,peak,none_levated_peak,sample_standard_deviation,population_standard_deviation,percentile15,percentile25,percentile50,percentile75,amplitude,variance,interquartile_range,semi_interquartile_range,coefficient_of_variation,skewness,kurtosis,label
4_12861648_12873365,55041592.00000027,372562.5971541121,637979197696.0,24.639576016289553,7.09645171600411e-05,5.2989754181736,5893331039.856657,5893582520.837372,80142.55798438794,145904.3396278394,372562.5971541121,787415.7947394445,637979197671.3605,3.4734314929919795e+19,641511.4551116051,320755.72755580256,107.07050478948044,0.027829267879125895,0.2396340766448758,atomic_number
