nameseq,average,median,maximum,minimum,peak,none_levated_peak,sample_standard_deviation,population_standard_deviation,percentile15,percentile25,percentile50,percentile75,amplitude,variance,interquartile_range,semi_interquartile_range,coefficient_of_variation,skewness,kurtosis,label
4_127405476_127406009,2529016.0,13528.530653770784,1338096400.0,118.61388173123011,7.038310552404571e-05,0.8875905405041624,57849851.06408459,57904093.78679743,3421.9942463242114,5191.144734038601,13528.530653770784,32657.444446462032,1338096281.3861182,3352884077270232.5,27466.29971242343,13733.149856211716,22.874450404459516,0.13044912422814897,0.2510653203705332,atomic_number
