nameseq,average,median,maximum,minimum,peak,none_levated_peak,sample_standard_deviation,population_standard_deviation,percentile15,percentile25,percentile50,percentile75,amplitude,variance,interquartile_range,semi_interquartile_range,coefficient_of_variation,skewness,kurtosis,label
4_128796844_128797250,1872540.0000000007,11075.756275965861,756140004.0,15.537692435208518,7.245061075686854e-05,0.768193917810675,37433667.941734806,37479740.16586907,2744.936198755322,5276.212544546252,11075.756275965861,18384.407686414484,756139988.4623076,1404730922901059.2,13108.195141868233,6554.097570934116,19.990850898637568,0.14918101907256764,0.19276757064426017,atomic_number
