nameseq,average,median,maximum,minimum,peak,none_levated_peak,sample_standard_deviation,population_standard_deviation,percentile15,percentile25,percentile50,percentile75,amplitude,variance,interquartile_range,semi_interquartile_range,coefficient_of_variation,skewness,kurtosis,label
4_120380443_120381564,5304776.000000005,44293.485483406235,5879208976.0,200.26040487209218,7.05025056665917e-05,1.2876494762875048,175438172.37959513,175516405.68220353,9160.759170023395,16532.841699162615,44293.485483406235,84402.94828318656,5879208775.739595,3.0806008663599852e+16,67870.10658402395,33935.05329201197,33.07173995275107,0.08995446845743192,0.23744929026623052,atomic_number
