nameseq,average,median,maximum,minimum,peak,none_levated_peak,sample_standard_deviation,population_standard_deviation,percentile15,percentile25,percentile50,percentile75,amplitude,variance,interquartile_range,semi_interquartile_range,coefficient_of_variation,skewness,kurtosis,label
4_12769559_12769666,489455.9999999995,2936.4725577107556,52359696.0,27.70726092256247,7.355104442483091e-05,0.2871017344021071,5014488.455633337,5037866.150920735,631.3513077022286,1296.0,2936.4725577107556,5606.020379923804,52359668.29273908,25380095354592.9,4310.020379923804,2155.010189961902,10.24502397689137,0.2910682904628448,0.17923670049497484,atomic_number
