nameseq,average,median,maximum,minimum,peak,none_levated_peak,sample_standard_deviation,population_standard_deviation,percentile15,percentile25,percentile50,percentile75,amplitude,variance,interquartile_range,semi_interquartile_range,coefficient_of_variation,skewness,kurtosis,label
4_12803201_12803457,1226179.9999999986,8427.357116902229,311663716.0,107.97927411623432,6.9864674571977e-05,0.5009419963600239,19402351.19247067,19440209.474698853,2771.270543980754,4491.223930738773,8427.357116902229,19213.28811306554,311663608.0207259,377921744420171.0,14722.064182326769,7361.032091163384,15.823411890970895,0.1882894445322164,0.250973802148003,atomic_number
