nameseq,average,median,maximum,minimum,peak,none_levated_peak,sample_standard_deviation,population_standard_deviation,percentile15,percentile25,percentile50,percentile75,amplitude,variance,interquartile_range,semi_interquartile_range,coefficient_of_variation,skewness,kurtosis,label
4_128500834_128515355,67730279.99999979,444700.9542188704,973718979984.0,102.76325739473862,7.146975719968501e-05,6.124702355367913,8079884725.012907,8080162934.0075655,107895.32629188633,186215.79738646536,444700.9542188704,911378.0530883545,973718979881.2367,6.528903304010976e+19,725162.2557018892,362581.1278509446,119.29501435713733,0.024982625867477376,0.23877206534971857,atomic_number
