nameseq,average,median,maximum,minimum,peak,none_levated_peak,sample_standard_deviation,population_standard_deviation,percentile15,percentile25,percentile50,percentile75,amplitude,variance,interquartile_range,semi_interquartile_range,coefficient_of_variation,skewness,kurtosis,label
4_12748212_12749571,6386943.999999961,38835.985509288745,8607386176.0,2.1078316376257056,7.097812871591423e-05,1.6119751850113455,233313138.06034106,233398962.28176886,10297.757339883701,15724.986175884951,38835.985509288745,77515.26358440478,8607386173.892168,5.447507559420657e+16,61790.277408519825,30895.138704259913,36.529698406678136,0.08162559640574824,0.24341017940642015,atomic_number
