nameseq,average,median,maximum,minimum,peak,none_levated_peak,sample_standard_deviation,population_standard_deviation,percentile15,percentile25,percentile50,percentile75,amplitude,variance,interquartile_range,semi_interquartile_range,coefficient_of_variation,skewness,kurtosis,label
4_130462150_130465838,16932515.999999948,117812.50498885933,61824833316.0,102.78981787232097,7.262161551577276e-05,2.8157155030238266,1017767418.4422809,1017905392.7421681,29466.73623524153,50940.963554405025,117812.50498885933,245188.09007706298,61824833213.21018,1.0361313885735875e+18,194247.12652265796,97123.56326132898,60.10727634583567,0.04956349512763855,0.25214919897333704,atomic_number
