nameseq,average,median,maximum,minimum,peak,none_levated_peak,sample_standard_deviation,population_standard_deviation,percentile15,percentile25,percentile50,percentile75,amplitude,variance,interquartile_range,semi_interquartile_range,coefficient_of_variation,skewness,kurtosis,label
4_130234399_130235080,3170727.9999999986,29426.17175568759,2132592400.0,84.60905733352543,7.169751972838208e-05,0.9042382012686713,81599627.79220562,81659517.43534479,5584.373780274679,11731.546611391379,29426.17175568759,62226.933086261815,2132592315.3909426,6668276787773378.0,50495.386474870436,25247.693237435218,25.735297317274032,0.1154895645937383,0.2497855157183993,atomic_number
