nameseq,average,median,maximum,minimum,peak,none_levated_peak,sample_standard_deviation,population_standard_deviation,percentile15,percentile25,percentile50,percentile75,amplitude,variance,interquartile_range,semi_interquartile_range,coefficient_of_variation,skewness,kurtosis,label
4_130407755_130408005,1184811.9999999981,6647.82896984078,294808900.0,21.620407601710532,7.061598520834259e-05,0.5274679661299988,18570420.541772123,18607524.31611108,2342.030694735747,3816.428294053949,6647.82896984078,14303.761155271772,294808878.3795924,346239961174665.06,10487.332861217823,5243.6664306089115,15.67372759709739,0.19032915841297285,0.22070413405973982,atomic_number
