nameseq,average,median,maximum,minimum,peak,none_levated_peak,sample_standard_deviation,population_standard_deviation,percentile15,percentile25,percentile50,percentile75,amplitude,variance,interquartile_range,semi_interquartile_range,coefficient_of_variation,skewness,kurtosis,label
4_133248726_133263562,69366708.00000009,430597.14450819406,1019271968099.9998,21.634929380465096,7.129741066372445e-05,6.326392855432285,8367623176.436235,8367905175.700836,100252.8901069226,180794.53166082693,430597.14450819406,894589.0223223452,1019271968078.3649,7.0021837029520835e+19,713794.4906615182,356897.2453307591,120.62880620536619,0.02471530184925885,0.24123384390667887,atomic_number
