nameseq,average,median,maximum,minimum,peak,none_levated_peak,sample_standard_deviation,population_standard_deviation,percentile15,percentile25,percentile50,percentile75,amplitude,variance,interquartile_range,semi_interquartile_range,coefficient_of_variation,skewness,kurtosis,label
4_144691718_144691731,61208.0,534.3963586375911,846400.0,168.09898811622907,7.624275693809088e-05,0.0521707146421828,217774.53309328892,225995.31337822712,262.82186397769027,286.7054599295616,534.3963586375911,957.7720748712485,846231.9010118837,51073881668.92308,671.0666149416869,335.53330747084345,3.5579423129866834,0.8358222990477692,0.1368341087653218,atomic_number
