nameseq,average,median,maximum,minimum,peak,none_levated_peak,sample_standard_deviation,population_standard_deviation,percentile15,percentile25,percentile50,percentile75,amplitude,variance,interquartile_range,semi_interquartile_range,coefficient_of_variation,skewness,kurtosis,label
4_150867310_150878376,51283724.000000134,305163.25204103993,562611005476.0,246.51283799324872,7.193315368439293e-05,5.597187973056274,5347777170.897549,5348018796.433463,73665.41414810128,127561.86625121765,305163.25204103993,615382.025731378,562611005229.4872,2.8601305047005622e+19,487820.15948016034,243910.07974008017,104.27825348442977,0.02859799078318912,0.25113541292661057,atomic_number
