nameseq,average,median,maximum,minimum,peak,none_levated_peak,sample_standard_deviation,population_standard_deviation,percentile15,percentile25,percentile50,percentile75,amplitude,variance,interquartile_range,semi_interquartile_range,coefficient_of_variation,skewness,kurtosis,label
4_165703830_165705462,7530851.999999995,43198.67737952252,12194784900.0,145.5558241088374,7.228044493947481e-05,1.8864354878181575,301679497.883467,301771910.04611343,9170.52484466604,16191.319653430932,43198.67737952252,88154.56059850834,12194784754.444176,9.106628569287958e+16,71963.24094507741,35981.62047253871,40.05914574917515,0.0744596836227115,0.24586608263836818,atomic_number
