nameseq,average,median,maximum,minimum,peak,none_levated_peak,sample_standard_deviation,population_standard_deviation,percentile15,percentile25,percentile50,percentile75,amplitude,variance,interquartile_range,semi_interquartile_range,coefficient_of_variation,skewness,kurtosis,label
4_16345219_16346750,7292751.999999985,46987.43747807012,11061149584.0,93.18290909763579,7.002386296238618e-05,1.669137432041015,282505077.38608116,282597323.9444208,11254.427748301892,21589.572113357128,46987.43747807012,99020.57550887729,11061149490.817091,7.986124750054792e+16,77431.00339552015,38715.501697760075,38.73778751643848,0.07694478941296623,0.23779827505396392,atomic_number
