nameseq,average,median,maximum,minimum,peak,none_levated_peak,sample_standard_deviation,population_standard_deviation,percentile15,percentile25,percentile50,percentile75,amplitude,variance,interquartile_range,semi_interquartile_range,coefficient_of_variation,skewness,kurtosis,label
4_199474132_199474540,1950276.0000000007,16363.807870037119,788149476.0,48.77671086281559,6.990463571993569e-05,0.6704044482054695,38922666.705972955,38970336.86064893,2937.135868373339,5587.392307369042,16363.807870037119,33551.43509527243,788149427.2232891,1518687155032452.8,27964.042787903385,13982.021393951693,19.957517144226223,0.14905804425521474,0.2724034067644589,atomic_number
