nameseq,average,median,maximum,minimum,peak,none_levated_peak,sample_standard_deviation,population_standard_deviation,percentile15,percentile25,percentile50,percentile75,amplitude,variance,interquartile_range,semi_interquartile_range,coefficient_of_variation,skewness,kurtosis,label
4_191491807_191494307,11925043.99999999,83614.77347265116,29517301636.0,79.69132256500808,6.990889649268106e-05,2.2042618547035757,590107547.696853,590225557.4066013,19983.428255993847,37589.86307622633,83614.77347265116,163373.97219845187,29517301556.308678,3.483662086159332e+17,125784.10912222555,62892.054561112775,49.484727074957,0.06019968363094275,0.23317955467495205,atomic_number
