nameseq,average,median,maximum,minimum,peak,none_levated_peak,sample_standard_deviation,population_standard_deviation,percentile15,percentile25,percentile50,percentile75,amplitude,variance,interquartile_range,semi_interquartile_range,coefficient_of_variation,skewness,kurtosis,label
4_19403191_19407864,21694759.999999993,146414.7684210638,100412934400.0,5.676563224672644,7.181457642306255e-05,3.2852912883360417,1468581090.4870996,1468738216.8011947,33713.86499571578,63556.20099756002,146414.7684210638,282684.03868762264,100412934394.32344,2.157191949492353e+18,219127.83769006262,109563.91884503131,67.69289406691294,0.044018703572776686,0.24615932605112623,atomic_number
