nameseq,average,median,maximum,minimum,peak,none_levated_peak,sample_standard_deviation,population_standard_deviation,percentile15,percentile25,percentile50,percentile75,amplitude,variance,interquartile_range,semi_interquartile_range,coefficient_of_variation,skewness,kurtosis,label
4_208290563_208290830,1257711.9999999977,8504.788756788585,333719824.0,69.98560498111476,7.102844954435793e-05,0.5331105251880733,20346354.236022923,20384420.413803976,2254.5763215231095,3892.1837395601124,8504.788756788585,17010.602034686344,333719754.014395,415524595606708.25,13118.418295126232,6559.209147563116,16.177276066399113,0.18419130966935188,0.21069310044328132,atomic_number
