nameseq,average,median,maximum,minimum,peak,none_levated_peak,sample_standard_deviation,population_standard_deviation,percentile15,percentile25,percentile50,percentile75,amplitude,variance,interquartile_range,semi_interquartile_range,coefficient_of_variation,skewness,kurtosis,label
4_204715585_204716030,2066295.9999999995,13378.949573555048,913248400.0,6.215882508300369,7.194838816252206e-05,0.7844189369180492,43194177.94044304,43242683.48962924,3023.7530698519404,5422.153448167961,13378.949573555048,25304.631091948824,913248393.7841175,1869929675384253.0,19882.47764378086,9941.23882189043,20.904157942735722,0.14258289994015255,0.24236309281913127,atomic_number
