nameseq,average,median,maximum,minimum,peak,none_levated_peak,sample_standard_deviation,population_standard_deviation,percentile15,percentile25,percentile50,percentile75,amplitude,variance,interquartile_range,semi_interquartile_range,coefficient_of_variation,skewness,kurtosis,label
4_206805781_206805957,808164.0,6112.563677712008,141562404.0,32.79700331230349,7.30049841368831e-05,0.3993286159276379,10609753.020944456,10639851.67154676,1362.4082975850922,2523.3106476866633,6112.563677712008,12503.761425615205,141562371.2029967,113206443592516.36,9980.450777928541,4990.225388964271,13.128217813394874,0.22678702362033623,0.23810024759008075,atomic_number
