nameseq,average,median,maximum,minimum,peak,none_levated_peak,sample_standard_deviation,population_standard_deviation,percentile15,percentile25,percentile50,percentile75,amplitude,variance,interquartile_range,semi_interquartile_range,coefficient_of_variation,skewness,kurtosis,label
4_203338570_203342019,16173960.000000115,129058.5527805348,55155461904.0,93.21858423112961,7.110194411263487e-05,2.553564792099016,938889679.2629734,939025779.8187745,29361.174698398263,51935.60476638092,129058.5527805348,262563.8454573905,55155461810.78142,8.817694151642575e+17,210628.24069100956,105314.12034550478,58.04946217642227,0.05126768927681087,0.2548783167738592,atomic_number
