nameseq,average,median,maximum,minimum,peak,none_levated_peak,sample_standard_deviation,population_standard_deviation,percentile15,percentile25,percentile50,percentile75,amplitude,variance,interquartile_range,semi_interquartile_range,coefficient_of_variation,skewness,kurtosis,label
4_204772159_204772300,643064.000000001,4026.2246118532066,90250000.0,4.0934332437467775,7.360594487225728e-05,0.33516606192290105,7546271.945505277,7572984.496100811,1221.9074885740106,1835.885475962061,4026.2246118532066,9382.170178544628,90249995.90656675,57350094178183.266,7546.284702582567,3773.1423512912834,11.734869228420912,0.2540477390701932,0.2451463023820218,atomic_number
