nameseq,average,median,maximum,minimum,peak,none_levated_peak,sample_standard_deviation,population_standard_deviation,percentile15,percentile25,percentile50,percentile75,amplitude,variance,interquartile_range,semi_interquartile_range,coefficient_of_variation,skewness,kurtosis,label
4_208818269_208818444,796768.0000000007,7653.115891532805,138391696.0,107.75304717125113,7.363080177249414e-05,0.3717308255504731,10401203.832270956,10430879.224478181,1460.6119901457585,3350.445640506614,7653.115891532805,14750.81557752487,138391588.24695283,108803241395650.56,11400.369937018257,5700.184968509128,13.054243935839475,0.22760294774537912,0.28384926166164476,atomic_number
