nameseq,average,median,maximum,minimum,peak,none_levated_peak,sample_standard_deviation,population_standard_deviation,percentile15,percentile25,percentile50,percentile75,amplitude,variance,interquartile_range,semi_interquartile_range,coefficient_of_variation,skewness,kurtosis,label
4_205571378_205571933,2561872.000000004,18709.8146215904,1411054096.0,146.32818997133674,7.234293256389586e-05,0.9002814177755604,59787169.24748854,59841007.32165538,3727.3455867126945,7166.631487802441,18709.8146215904,34298.556502955405,1411053949.67181,3580946157270412.5,27131.925015152963,13565.962507576482,23.337297588438627,0.12761076753028794,0.2537622336166878,atomic_number
