nameseq,average,median,maximum,minimum,peak,none_levated_peak,sample_standard_deviation,population_standard_deviation,percentile15,percentile25,percentile50,percentile75,amplitude,variance,interquartile_range,semi_interquartile_range,coefficient_of_variation,skewness,kurtosis,label
4_206778874_206779758,4170515.999999986,27970.587225192427,3652751844.0,295.42140361447355,7.07346524986359e-05,1.1768042415985034,122715078.14018619,122784467.5028927,6485.164955931111,12084.737778617073,27970.587225192427,60422.67770910433,3652751548.5785966,1.5076025459968914e+16,48337.939930487264,24168.969965243632,29.42443528335261,0.10127228394971485,0.2541768273350007,atomic_number
