nameseq,average,median,maximum,minimum,peak,none_levated_peak,sample_standard_deviation,population_standard_deviation,percentile15,percentile25,percentile50,percentile75,amplitude,variance,interquartile_range,semi_interquartile_range,coefficient_of_variation,skewness,kurtosis,label
4_208357165_208358008,4086159.999999999,32187.25089632281,3407290384.0,75.13670196197894,6.885029791621801e-05,1.0592685709612872,117212590.51438214,117282091.01886705,9574.516576140379,15041.365184532837,32187.25089632281,64947.89291543227,3407290308.863298,1.3755088873757814e+16,49906.527730899434,24953.263865449717,28.685266977891754,0.10375948687712644,0.22429142133588748,atomic_number
