nameseq,average,median,maximum,minimum,peak,none_levated_peak,sample_standard_deviation,population_standard_deviation,percentile15,percentile25,percentile50,percentile75,amplitude,variance,interquartile_range,semi_interquartile_range,coefficient_of_variation,skewness,kurtosis,label
4_20214644_20214659,73024.0,1359.6669555172593,1149184.0,21.188328549870057,7.303534910896874e-05,0.05431685970659045,277864.1869115198,286976.89824420825,755.7293516130466,884.9323379032618,1359.6669555172593,1888.666088965482,1149162.81167145,82355740125.86667,1003.7337510622202,501.8668755311101,3.8051077304929857,0.7737341091815779,0.24815989957175807,atomic_number
