nameseq,average,median,maximum,minimum,peak,none_levated_peak,sample_standard_deviation,population_standard_deviation,percentile15,percentile25,percentile50,percentile75,amplitude,variance,interquartile_range,semi_interquartile_range,coefficient_of_variation,skewness,kurtosis,label
4_205690024_205690105,368616.0000000003,3683.9182996249338,29811600.0,128.20107689608278,7.41512395916979e-05,0.21175404489593835,3271446.21153153,3291578.378235397,626.1242630357169,1832.632728170444,3683.9182996249338,7590.247536838544,29811471.798923105,10834488220066.766,5757.6148086681005,2878.8074043340503,8.874943603998545,0.33465206954712434,0.2386077719195806,atomic_number
