nameseq,average,median,maximum,minimum,peak,none_levated_peak,sample_standard_deviation,population_standard_deviation,percentile15,percentile25,percentile50,percentile75,amplitude,variance,interquartile_range,semi_interquartile_range,coefficient_of_variation,skewness,kurtosis,label
4_205998632_205999014,1761851.9999999993,13414.915606926,667808963.9999998,311.1127318898827,7.246162939149641e-05,0.6751320267496806,34077938.8315662,34122514.310178,3585.0637759079445,6177.5063057827665,13414.915606926,24740.83443432978,667808652.8872678,1164345982848302.2,18563.328128547015,9281.664064273507,19.342112068190865,0.15392102436431745,0.23243700677920923,atomic_number
