nameseq,average,median,maximum,minimum,peak,none_levated_peak,sample_standard_deviation,population_standard_deviation,percentile15,percentile25,percentile50,percentile75,amplitude,variance,interquartile_range,semi_interquartile_range,coefficient_of_variation,skewness,kurtosis,label
4_203552649_203552819,797004.0000000007,5091.05729574892,134792100.0,72.91929741284213,7.15178342894138e-05,0.38435308967670917,10276962.107525745,10307144.146395547,1696.155768163055,2451.1997990351547,5091.05729574892,9790.19026021256,134792027.08070257,106237220454576.0,7338.9904611774045,3669.4952305887023,12.894492508852824,0.2311713133955236,0.1623160275202051,atomic_number
