nameseq,average,median,maximum,minimum,peak,none_levated_peak,sample_standard_deviation,population_standard_deviation,percentile15,percentile25,percentile50,percentile75,amplitude,variance,interquartile_range,semi_interquartile_range,coefficient_of_variation,skewness,kurtosis,label
4_202429279_202429407,601540.0000000002,3117.31342382711,76912900.0,14.998376646270922,7.148319313761343e-05,0.3252221406286247,6745037.190221564,6771333.731237591,1148.3242880990324,1613.5371713875381,3117.31342382711,6261.920823322646,76912885.00162335,45850960499796.0,4648.383651935108,2324.191825967554,11.212948748581244,0.2661613285588938,0.1723291961523396,atomic_number
