nameseq,average,median,maximum,minimum,peak,none_levated_peak,sample_standard_deviation,population_standard_deviation,percentile15,percentile25,percentile50,percentile75,amplitude,variance,interquartile_range,semi_interquartile_range,coefficient_of_variation,skewness,kurtosis,label
4_200603310_200605321,9457008.000000022,90430.3119659552,18776672784.0,142.61928405703713,7.091742617397226e-05,1.749939820564626,418498426.78741306,418602466.1741757,22864.760606426986,37823.47714876971,90430.3119659552,175897.8910254152,18776672641.380714,1.752280246871019e+17,138074.4138766455,69037.20693832275,44.2527305451589,0.06714417848546939,0.2696041010325587,atomic_number
