nameseq,average,median,maximum,minimum,peak,none_levated_peak,sample_standard_deviation,population_standard_deviation,percentile15,percentile25,percentile50,percentile75,amplitude,variance,interquartile_range,semi_interquartile_range,coefficient_of_variation,skewness,kurtosis,label
4_20561222_20561717,2367136.0000000037,14537.590596195672,1161719056.0,144.85431774801273,6.984530391719491e-05,0.8044938415184126,52109001.80353702,52161610.602199495,3634.5106338484366,6032.446334312272,14537.590596195672,33597.58663753114,1161718911.1456823,2720833620615490.5,27565.14030321887,13782.570151609434,22.013522587437706,0.13544291742184858,0.22695308202813794,atomic_number
