nameseq,average,median,maximum,minimum,peak,none_levated_peak,sample_standard_deviation,population_standard_deviation,percentile15,percentile25,percentile50,percentile75,amplitude,variance,interquartile_range,semi_interquartile_range,coefficient_of_variation,skewness,kurtosis,label
4_207403559_207405029,6905723.999999997,40389.751087425335,10067714244.0,57.20294830294421,7.100389956698726e-05,1.7104211955784785,262406282.55697373,262495521.22051486,9506.383119375909,16591.944623820986,40389.751087425335,84781.97051545909,10067714186.797052,6.890389866082978e+16,68190.0258916381,34095.01294581905,37.99837389345039,0.07848898489031376,0.24010944405057183,atomic_number
