nameseq,average,median,maximum,minimum,peak,none_levated_peak,sample_standard_deviation,population_standard_deviation,percentile15,percentile25,percentile50,percentile75,amplitude,variance,interquartile_range,semi_interquartile_range,coefficient_of_variation,skewness,kurtosis,label
4_204204181_204204255,345675.9999999998,1815.2244716475082,25745476.0,50.20286032903872,7.232205880651249e-05,0.22396881318565076,2952667.745816315,2972551.254959645,480.6754481526491,1067.887072061365,1815.2244716475082,3151.920969932765,25745425.79713967,8836060963362.162,2084.0338978714,1042.0169489357,8.541720413960809,0.34937297907857173,0.25685112787966574,atomic_number
