nameseq,average,median,maximum,minimum,peak,none_levated_peak,sample_standard_deviation,population_standard_deviation,percentile15,percentile25,percentile50,percentile75,amplitude,variance,interquartile_range,semi_interquartile_range,coefficient_of_variation,skewness,kurtosis,label
4_200087576_200087715,651248.0000000006,3062.498535095545,90478144.0,17.379570143001104,7.165728979845869e-05,0.362234666631994,7619019.972220048,7646377.403049944,893.0609794613579,1131.3312629199806,3062.498535095545,6406.830474589661,90478126.62042986,58467087389872.805,5275.49921166968,2637.74960583484,11.6991069027775,0.2552239673192647,0.21772229834047357,atomic_number
