nameseq,average,median,maximum,minimum,peak,none_levated_peak,sample_standard_deviation,population_standard_deviation,percentile15,percentile25,percentile50,percentile75,amplitude,variance,interquartile_range,semi_interquartile_range,coefficient_of_variation,skewness,kurtosis,label
4_208894863_208894978,543536.0000000005,4208.097129137315,62473216.0,37.58354448180596,7.113910884774261e-05,0.2933848502376503,5774974.744663738,5800028.982667065,1309.5331668375075,1969.3627856704654,4208.097129137315,5643.747539114686,62473178.416455515,33640336199777.95,3674.384753444221,1837.1923767221106,10.624824748799956,0.2801715644051358,0.22531163296811488,atomic_number
