nameseq,average,median,maximum,minimum,peak,none_levated_peak,sample_standard_deviation,population_standard_deviation,percentile15,percentile25,percentile50,percentile75,amplitude,variance,interquartile_range,semi_interquartile_range,coefficient_of_variation,skewness,kurtosis,label
4_200695141_200712428,80467231.99999963,505101.6766330698,1378426276096.0,28.400101548356243,7.161507266295296e-05,6.97433850510596,10483308714.156866,10483611923.421392,119049.15575749609,207837.1070900851,505101.6766330698,1009955.9225515592,1378426276067.5999,1.099061189609032e+20,802118.815461474,401059.407730737,130.2804688765349,0.022882698345623682,0.2495579455433533,atomic_number
