nameseq,average,median,maximum,minimum,peak,none_levated_peak,sample_standard_deviation,population_standard_deviation,percentile15,percentile25,percentile50,percentile75,amplitude,variance,interquartile_range,semi_interquartile_range,coefficient_of_variation,skewness,kurtosis,label
4_214940105_214940315,1004364.0000000002,5764.794472437952,209960100.0,0.3651750303247998,7.00277323095345e-05,0.4612718999546324,14419319.190116571,14453610.128411304,1267.0531059315676,2284.7449157298315,5764.794472437952,13104.039334355846,209960099.63482496,208906845744113.84,10819.294418626014,5409.647209313007,14.356666696652377,0.2077627644608974,0.2558155247560223,atomic_number
