nameseq,average,median,maximum,minimum,peak,none_levated_peak,sample_standard_deviation,population_standard_deviation,percentile15,percentile25,percentile50,percentile75,amplitude,variance,interquartile_range,semi_interquartile_range,coefficient_of_variation,skewness,kurtosis,label
4_226111303_226115158,18095231.99999995,115273.80798150621,69120616464.0,115.65666225624375,7.103160287380327e-05,2.962902931059241,1112965512.4144902,1113109856.557814,27693.4367418773,49098.13799375155,115273.80798150621,230942.5461906431,69120616348.34334,1.2390135527661568e+18,181844.40819689154,90922.20409844577,61.50600956177258,0.04846500091367347,0.2503326064323222,atomic_number
