nameseq,average,median,maximum,minimum,peak,none_levated_peak,sample_standard_deviation,population_standard_deviation,percentile15,percentile25,percentile50,percentile75,amplitude,variance,interquartile_range,semi_interquartile_range,coefficient_of_variation,skewness,kurtosis,label
4_220482020_220498585,77606967.99999933,501527.75950098777,1273584475024.0,15.10342912382516,7.11534046788176e-05,6.704584279599319,9894767012.74694,9895065673.105675,118361.50174992965,209259.48064807156,501527.75950098777,1015879.1252346617,1273584475008.8965,9.791232467507426e+19,806619.6445865901,403309.82229329506,127.49843561401633,0.023377641982221677,0.25242660026563346,atomic_number
