nameseq,average,median,maximum,minimum,peak,none_levated_peak,sample_standard_deviation,population_standard_deviation,percentile15,percentile25,percentile50,percentile75,amplitude,variance,interquartile_range,semi_interquartile_range,coefficient_of_variation,skewness,kurtosis,label
4_233126847_233127064,1033192.0000000014,7032.173416093573,222964624.0,227.34472111211105,7.033220027513432e-05,0.45934505453590113,15065690.92835984,15100364.601215502,1741.3464319525942,2412.5929989116466,7032.173416093573,15432.92367452007,222964396.6552789,228021011089642.2,13020.330675608424,6510.165337804212,14.581695298027684,0.20433709243010928,0.27093639686612525,atomic_number
