nameseq,average,median,maximum,minimum,peak,none_levated_peak,sample_standard_deviation,population_standard_deviation,percentile15,percentile25,percentile50,percentile75,amplitude,variance,interquartile_range,semi_interquartile_range,coefficient_of_variation,skewness,kurtosis,label
4_232533679_232535488,8482407.999999981,52523.99077300794,15218676496.0,144.42456910952384,7.112760118746171e-05,1.9510340458710915,357614798.8883277,357713628.4601712,11597.174898343717,20450.337315764362,52523.99077300794,100321.35864680407,15218676351.575432,1.2795903998614142e+17,79871.02133103971,39935.510665519854,42.15958474154137,0.07071757686285829,0.24220630329437673,atomic_number
