nameseq,average,median,maximum,minimum,peak,none_levated_peak,sample_standard_deviation,population_standard_deviation,percentile15,percentile25,percentile50,percentile75,amplitude,variance,interquartile_range,semi_interquartile_range,coefficient_of_variation,skewness,kurtosis,label
4_234599556_234608052,39467780.00000036,370000.5070984361,330825130276.0,511.52337089022825,7.176317830223306e-05,3.9667191260674244,3588718807.218175,3588930001.4986124,83124.06586130796,158020.52105180462,370000.5070984361,720315.4292082448,330825129764.4766,1.2880418555656829e+19,562294.9081564401,281147.45407822006,90.92781015851772,0.03268390330353764,0.24208654116233905,atomic_number
