nameseq,average,median,maximum,minimum,peak,none_levated_peak,sample_standard_deviation,population_standard_deviation,percentile15,percentile25,percentile50,percentile75,amplitude,variance,interquartile_range,semi_interquartile_range,coefficient_of_variation,skewness,kurtosis,label
4_238573971_238573995,117316.00000000004,744.8275102273797,2896804.0,8.417239282545284,7.103322081671154e-05,0.08339605343626781,567363.1543059525,579062.594543975,333.2190381577052,495.89683791766674,744.8275102273797,2454.9979180416894,2896795.5827607173,335313488400.0,1959.1010801240227,979.5505400620114,4.8361958667696845,0.6163839065247685,0.20665838286455998,atomic_number
