nameseq,average,median,maximum,minimum,peak,none_levated_peak,sample_standard_deviation,population_standard_deviation,percentile15,percentile25,percentile50,percentile75,amplitude,variance,interquartile_range,semi_interquartile_range,coefficient_of_variation,skewness,kurtosis,label
4_238703984_238708789,22319096.00000001,146210.30503908475,106229061184.0,116.38640099117309,7.177710064959616e-05,3.3737261004984633,1532164501.993316,1532323928.090412,33082.05654308851,58422.433134805855,146210.30503908475,284122.9062765056,106229061067.6136,2.3480166205984297e+18,225700.47314169977,112850.23657084988,68.64814336536368,0.04341482719273506,0.23948458138523265,atomic_number
