nameseq,average,median,maximum,minimum,peak,none_levated_peak,sample_standard_deviation,population_standard_deviation,percentile15,percentile25,percentile50,percentile75,amplitude,variance,interquartile_range,semi_interquartile_range,coefficient_of_variation,skewness,kurtosis,label
4_232952475_232952794,1523647.9999999995,9285.485438307693,483648064.0,222.19919724065963,7.00074207866034e-05,0.6346421987776245,26993787.520382386,27036064.425724056,2344.834245670439,3910.721835217434,9285.485438307693,16419.928299054627,483647841.80080277,730948779631901.8,12509.206463837192,6254.603231918596,17.7165510146585,0.16830122635642347,0.2414588184877546,atomic_number
