nameseq,average,median,maximum,minimum,peak,none_levated_peak,sample_standard_deviation,population_standard_deviation,percentile15,percentile25,percentile50,percentile75,amplitude,variance,interquartile_range,semi_interquartile_range,coefficient_of_variation,skewness,kurtosis,label
4_235638497_235640567,9508028.000000004,67614.9467013287,19464156196.0,4.653602022622363,7.26053113572376e-05,1.9509877109594114,427600527.9900025,427703800.670651,16842.070943892533,29961.269188443384,67614.9467013287,135348.7825811252,19464156191.346397,1.8293054110811997e+17,105387.51339268182,52693.75669634091,44.972577698551405,0.06623293776793042,0.21813452856785576,atomic_number
