nameseq,average,median,maximum,minimum,peak,none_levated_peak,sample_standard_deviation,population_standard_deviation,percentile15,percentile25,percentile50,percentile75,amplitude,variance,interquartile_range,semi_interquartile_range,coefficient_of_variation,skewness,kurtosis,label
4_235284888_235287275,11057584.000000017,96505.60851290054,26066748304.0,124.82208800975492,7.198679205150048e-05,1.9978285162195892,533305911.182278,533417609.98153025,19041.89348877705,39127.22815633643,96505.60851290054,202339.5235231416,26066748179.177914,2.8453434663840794e+17,163212.29536680516,81606.14768340258,48.22987654285757,0.06165923625628487,0.2634453479857223,atomic_number
