nameseq,average,median,maximum,minimum,peak,none_levated_peak,sample_standard_deviation,population_standard_deviation,percentile15,percentile25,percentile50,percentile75,amplitude,variance,interquartile_range,semi_interquartile_range,coefficient_of_variation,skewness,kurtosis,label
4_234779946_234780161,1026656.0,7436.891342479218,219513856.0,19.465560418704435,7.013059875946763e-05,0.4583298871103282,14900707.84151894,14935320.4499242,1492.8390928244262,2398.149994800796,7436.891342479218,13782.214434031386,219513836.5344396,223063796941924.03,11384.064439230591,5692.032219615296,14.513827262022469,0.20520215270933548,0.27612414355417403,atomic_number
