nameseq,average,median,maximum,minimum,peak,none_levated_peak,sample_standard_deviation,population_standard_deviation,percentile15,percentile25,percentile50,percentile75,amplitude,variance,interquartile_range,semi_interquartile_range,coefficient_of_variation,skewness,kurtosis,label
4_238962157_238962334,816807.9999999993,5210.876908495666,144096016.0,25.282430745441275,7.264048997234771e-05,0.4213642166961715,10769527.943211624,10799907.49000232,856.553039619513,1424.1432441057193,5210.876908495666,11094.840955530359,144095990.71756926,116638001792608.19,9670.69771142464,4835.34885571232,13.18489527919858,0.22608153134597114,0.2812850359449599,atomic_number
