nameseq,average,median,maximum,minimum,peak,none_levated_peak,sample_standard_deviation,population_standard_deviation,percentile15,percentile25,percentile50,percentile75,amplitude,variance,interquartile_range,semi_interquartile_range,coefficient_of_variation,skewness,kurtosis,label
4_233312263_233313439,5554660.000000003,36027.86276897396,6473489764.0,259.5291496688861,7.06313857793876e-05,1.4374508453243762,188608826.29462472,188689000.0820053,8460.892596429636,13946.991749710614,36027.86276897396,78663.02108826378,6473489504.47085,3.5603538751946988e+16,64716.02933855316,32358.01466927658,33.95506228907343,0.08777901192084839,0.2627809045769134,atomic_number
