nameseq,average,median,maximum,minimum,peak,none_levated_peak,sample_standard_deviation,population_standard_deviation,percentile15,percentile25,percentile50,percentile75,amplitude,variance,interquartile_range,semi_interquartile_range,coefficient_of_variation,skewness,kurtosis,label
4_235494412_235499532,24127620.000000037,216822.88341799518,121911308964.0,0.2819621520656825,7.074879329167143e-05,3.0086378638969347,1703425177.1627693,1703591519.1559556,48695.699754349764,87637.73244159162,216822.88341799518,440367.82877552015,121911308963.71803,2.9022240641400965e+18,352730.0963339285,176365.04816696426,70.60063019737407,0.0421106793015845,0.24362165988749737,atomic_number
