nameseq,average,median,maximum,minimum,peak,none_levated_peak,sample_standard_deviation,population_standard_deviation,percentile15,percentile25,percentile50,percentile75,amplitude,variance,interquartile_range,semi_interquartile_range,coefficient_of_variation,skewness,kurtosis,label
4_232225751_232226204,2126392.0000000033,13949.794924581045,955057216.0,131.8410616713966,7.116906634963502e-05,0.758279703970141,44772603.53226593,44821994.17445679,3733.867798889372,5821.0602833777175,13949.794924581045,30863.206781323504,955057084.1589383,2009011161775038.2,25042.14649794579,12521.073248972894,21.05566778480443,0.14154474199069514,0.25094536830072117,atomic_number
