nameseq,average,median,maximum,minimum,peak,none_levated_peak,sample_standard_deviation,population_standard_deviation,percentile15,percentile25,percentile50,percentile75,amplitude,variance,interquartile_range,semi_interquartile_range,coefficient_of_variation,skewness,kurtosis,label
4_232748291_232752398,19334799.99999997,117211.92372444527,78695958784.0,49.44465450914969,7.08222134872528e-05,3.1199861046480253,1227674880.4488888,1227824332.6230931,27197.012226592717,46858.93921075065,117211.92372444527,244998.7857184639,78695958734.55534,1.5075525917813437e+18,198139.84650771326,99069.92325385663,63.49560794261594,0.04696093823125739,0.25202550292451364,atomic_number
