nameseq,average,median,maximum,minimum,peak,none_levated_peak,sample_standard_deviation,population_standard_deviation,percentile15,percentile25,percentile50,percentile75,amplitude,variance,interquartile_range,semi_interquartile_range,coefficient_of_variation,skewness,kurtosis,label
4_238784809_238789618,22784391.99999996,206495.49575068598,108159423376.0,98.94548532544837,7.036980988271867e-05,2.9095793875343388,1559356759.374482,1559518879.950828,47669.53095059631,85426.82958185833,206495.49575068598,409906.4305327784,108159423277.05452,2.4320991369230853e+18,324479.60095092,162239.80047546,68.43969149470763,0.043436942255548,0.2465846913957024,atomic_number
