nameseq,average,median,maximum,minimum,peak,none_levated_peak,sample_standard_deviation,population_standard_deviation,percentile15,percentile25,percentile50,percentile75,amplitude,variance,interquartile_range,semi_interquartile_range,coefficient_of_variation,skewness,kurtosis,label
4_231988490_231988970,2266020.000000001,18902.241253525644,1075971204.0,171.00846807199102,7.075548023995079e-05,0.7386980512881178,49007722.24912479,49058745.3990702,4472.6319935225565,7046.181166743545,18902.241253525644,41061.39387648155,1075971032.9915318,2406760500130792.0,34015.212709738,17007.606354869,21.627224053240823,0.13755695973729565,0.2603396370102551,atomic_number
