nameseq,average,median,maximum,minimum,peak,none_levated_peak,sample_standard_deviation,population_standard_deviation,percentile15,percentile25,percentile50,percentile75,amplitude,variance,interquartile_range,semi_interquartile_range,coefficient_of_variation,skewness,kurtosis,label
4_232560036_232560075,190016.0,1184.0854566022242,7529536.0,53.64481598071368,7.016952958347367e-05,0.12603736257254522,1175264.818580051,1190236.9485244611,275.29697217056037,613.26949666023,1184.0854566022242,3345.3914649144117,7529482.35518402,1416663993632.8206,2732.121968254182,1366.060984127091,6.1850834591826525,0.4820154016986833,0.35722527399129206,atomic_number
