nameseq,average,median,maximum,minimum,peak,none_levated_peak,sample_standard_deviation,population_standard_deviation,percentile15,percentile25,percentile50,percentile75,amplitude,variance,interquartile_range,semi_interquartile_range,coefficient_of_variation,skewness,kurtosis,label
4_23292160_23295936,17610083.999999974,132831.33174069918,65758396356.0,4.216488782227018,7.149312859609311e-05,2.7268663684217063,1069840191.7663363,1069981845.5493822,31949.28301830191,53630.50212704811,132831.33174069918,279847.62057873094,65758396351.78351,1.1448611498052621e+18,226217.11845168285,113108.55922584143,60.751566645925024,0.04900896265470407,0.25017996841367035,atomic_number
