nameseq,average,median,maximum,minimum,peak,none_levated_peak,sample_standard_deviation,population_standard_deviation,percentile15,percentile25,percentile50,percentile75,amplitude,variance,interquartile_range,semi_interquartile_range,coefficient_of_variation,skewness,kurtosis,label
4_240557547_240557683,618756.0000000005,4811.392818670627,83942244.0,43.19251356149626,7.380399812958037e-05,0.3320322349230349,7144932.08268462,7171152.105047097,1834.284604578704,2472.263396659192,4811.392818670627,8268.97268089106,83942200.80748644,51425422513721.414,5796.709284231868,2898.354642115934,11.54725300875404,0.2577818515598742,0.23285040303167806,atomic_number
