nameseq,average,median,maximum,minimum,peak,none_levated_peak,sample_standard_deviation,population_standard_deviation,percentile15,percentile25,percentile50,percentile75,amplitude,variance,interquartile_range,semi_interquartile_range,coefficient_of_variation,skewness,kurtosis,label
4_244376789_244376888,467887.9999999998,3171.47707530849,46403344.0,68.3100203775988,7.124212062145929e-05,0.2689613427919041,4616688.337225288,4639946.360177589,915.7768931152037,1143.253244302249,3171.47707530849,5827.709995710458,46403275.68997962,21529102225325.254,4684.456751408209,2342.2283757041046,9.867080021768649,0.3019804385608543,0.2792953519590998,atomic_number
