nameseq,average,median,maximum,minimum,peak,none_levated_peak,sample_standard_deviation,population_standard_deviation,percentile15,percentile25,percentile50,percentile75,amplitude,variance,interquartile_range,semi_interquartile_range,coefficient_of_variation,skewness,kurtosis,label
4_245494025_245513671,92072347.99999963,657849.1583088038,1790281464196.0,248.857392958416,7.112884750153245e-05,7.036766429872926,12772088250.162964,12772413301.718662,154181.04247076044,270580.51235929097,657849.1583088038,1293677.4163264672,1790281463947.1426,1.631345415499198e+20,1023096.9039671762,511548.4519835881,138.71795960023758,0.021472095334259318,0.24414464305241915,atomic_number
