nameseq,average,median,maximum,minimum,peak,none_levated_peak,sample_standard_deviation,population_standard_deviation,percentile15,percentile25,percentile50,percentile75,amplitude,variance,interquartile_range,semi_interquartile_range,coefficient_of_variation,skewness,kurtosis,label
4_240392034_240392412,1785996.0000000047,10179.872772755925,670913603.9999996,98.77890541574472,7.073550743301385e-05,0.7077176665292031,34416214.214045085,34461708.238154136,2480.6446440836667,3862.1751033375663,10179.872772755925,24022.441728158403,670913505.2210943,1187609334691660.5,20160.266624820837,10080.133312410419,19.270039918367676,0.1547947240375916,0.2589236302680068,atomic_number
