nameseq,average,median,maximum,minimum,peak,none_levated_peak,sample_standard_deviation,population_standard_deviation,percentile15,percentile25,percentile50,percentile75,amplitude,variance,interquartile_range,semi_interquartile_range,coefficient_of_variation,skewness,kurtosis,label
4_242886838_242887247,1813032.000000007,15374.33056350333,732243600.0,280.1683639447635,7.538017347000281e-05,0.6535095463290512,36117480.86522979,36161607.30913308,4261.546057102171,7406.328918530301,15374.33056350333,35530.94234721913,732243319.8316361,1307661843179947.2,28124.613428688826,14062.306714344413,19.921038826247774,0.14931752932695017,0.24138229404104444,atomic_number
