nameseq,average,median,maximum,minimum,peak,none_levated_peak,sample_standard_deviation,population_standard_deviation,percentile15,percentile25,percentile50,percentile75,amplitude,variance,interquartile_range,semi_interquartile_range,coefficient_of_variation,skewness,kurtosis,label
4_241100591_241100782,895616.0000000015,7503.999999999999,170041600.0,2.142843176480473,7.145919679862786e-05,0.41010946701277795,12238977.793613974,12270975.175783044,1555.6674690435188,3536.9221805636744,7503.999999999999,12453.614179650722,170041597.8571568,150576831764683.72,8916.691999087048,4458.345999543524,13.665430043248394,0.21769269010277933,0.1850598206678924,atomic_number
