nameseq,average,median,maximum,minimum,peak,none_levated_peak,sample_standard_deviation,population_standard_deviation,percentile15,percentile25,percentile50,percentile75,amplitude,variance,interquartile_range,semi_interquartile_range,coefficient_of_variation,skewness,kurtosis,label
4_25455133_25455408,1240879.9999999984,8505.237536575802,339149056.0,26.887295354428375,7.414093224163506e-05,0.5671830452375821,20376634.6309461,20413649.43825825,1566.8120346210083,2957.7952292617792,8505.237536575802,15406.148429372417,339149029.11270463,416717083388101.4,12448.353200110638,6224.176600055319,16.42111616832097,0.18143939636506148,0.2581072787681162,atomic_number
