nameseq,average,median,maximum,minimum,peak,none_levated_peak,sample_standard_deviation,population_standard_deviation,percentile15,percentile25,percentile50,percentile75,amplitude,variance,interquartile_range,semi_interquartile_range,coefficient_of_variation,skewness,kurtosis,label
4_25749176_25749372,905971.9999999997,6018.175051026839,176836804.0,33.4986177497828,7.248200459469686e-05,0.44846965650581466,12566492.521811169,12598509.115158005,1227.553866418944,2120.6890303392875,6018.175051026839,9570.500559717038,176836770.50138226,158722431924719.34,7449.811529377751,3724.9057646888755,13.870729472667117,0.21484606545230298,0.21680227897104298,atomic_number
