nameseq,average,median,maximum,minimum,peak,none_levated_peak,sample_standard_deviation,population_standard_deviation,percentile15,percentile25,percentile50,percentile75,amplitude,variance,interquartile_range,semi_interquartile_range,coefficient_of_variation,skewness,kurtosis,label
4_25960660_25960721,279288.0000000001,2135.9357799994195,17139600.0,226.05028782379472,7.399768936247408e-05,0.18013359546622418,2158743.1851260117,2176365.8708744603,482.01794591703646,1196.3333144460642,2135.9357799994195,4061.7404179072846,17139373.949712176,4736568403907.147,2865.4071034612207,1432.7035517306103,7.729451981918345,0.38515752980198414,0.19350546515644784,atomic_number
