nameseq,average,median,maximum,minimum,peak,none_levated_peak,sample_standard_deviation,population_standard_deviation,percentile15,percentile25,percentile50,percentile75,amplitude,variance,interquartile_range,semi_interquartile_range,coefficient_of_variation,skewness,kurtosis,label
4_26103102_26114806,55073955.99999919,386087.0735937434,637931274435.9998,15.446690595514726,7.084413305386532e-05,5.2983216497037855,5896159785.350312,5896411666.495539,91397.68517543992,163832.37347841015,386087.0735937434,788317.6974215609,637931274420.5531,3.4767670540784697e+19,624485.3239431507,312242.66197157535,107.05894788728087,0.027825502149187217,0.24597145437940807,atomic_number
