nameseq,average,median,maximum,minimum,peak,none_levated_peak,sample_standard_deviation,population_standard_deviation,percentile15,percentile25,percentile50,percentile75,amplitude,variance,interquartile_range,semi_interquartile_range,coefficient_of_variation,skewness,kurtosis,label
4_26695000_26698915,18806768.000000056,125971.74458454647,72904320064.0,70.28572573559264,6.940763736402391e-05,2.8952376474395702,1164864318.56244,1165013078.453036,30270.992440929862,53460.78364747792,125971.74458454647,249965.21215437632,72904319993.71428,1.3572554729666202e+18,196504.4285068984,98252.2142534492,61.93857012339581,0.04811065793088116,0.24858192490233208,atomic_number
