nameseq,average,median,maximum,minimum,peak,none_levated_peak,sample_standard_deviation,population_standard_deviation,percentile15,percentile25,percentile50,percentile75,amplitude,variance,interquartile_range,semi_interquartile_range,coefficient_of_variation,skewness,kurtosis,label
4_26262712_26263549,3964631.9999999977,27087.71309934013,3284665344.000001,885.0492786270871,7.045630800874671e-05,1.0983383591949356,113397616.40734236,113465336.6978857,7150.392577121088,12825.723273813299,27087.71309934013,60717.93941815571,3284664458.950722,1.287438263196457e+16,47892.21614434241,23946.108072171206,28.602305688735406,0.10417002786257083,0.21824080442930316,atomic_number
