nameseq,average,median,maximum,minimum,peak,none_levated_peak,sample_standard_deviation,population_standard_deviation,percentile15,percentile25,percentile50,percentile75,amplitude,variance,interquartile_range,semi_interquartile_range,coefficient_of_variation,skewness,kurtosis,label
4_36968296_36968375,355328.0,3260.073400087536,28090000.0,191.65985819816723,7.50480307396734e-05,0.2135081218393181,3120397.251961359,3140084.496169901,1221.3623267080864,1736.6442039579151,3260.073400087536,4680.807193018142,28089808.340141803,9860130643086.582,2944.162989060227,1472.0814945301136,8.781737583194566,0.33848375527694413,0.18608299106979084,atomic_number
