nameseq,average,median,maximum,minimum,peak,none_levated_peak,sample_standard_deviation,population_standard_deviation,percentile15,percentile25,percentile50,percentile75,amplitude,variance,interquartile_range,semi_interquartile_range,coefficient_of_variation,skewness,kurtosis,label
4_42699279_42699448,785192.0,4417.9270577467905,132342016.0,40.041745770300075,7.216918494669669e-05,0.4070355264221583,10119758.484191606,10149654.438494127,1047.5245650831814,2159.082244400211,4417.9270577467905,8801.25406444077,132341975.95825423,103015485220843.55,6642.171820040559,3321.0859100202797,12.888259794026945,0.23146028855192297,0.194334279288243,atomic_number
