nameseq,average,median,maximum,minimum,peak,none_levated_peak,sample_standard_deviation,population_standard_deviation,percentile15,percentile25,percentile50,percentile75,amplitude,variance,interquartile_range,semi_interquartile_range,coefficient_of_variation,skewness,kurtosis,label
4_4531577_4531791,1020027.9999999984,8795.831765336872,216384100.0,134.5857065501988,7.0259509216087e-05,0.42238535923652487,14721993.531924132,14756350.623064311,1737.6819398227506,3799.999999999999,8795.831765336872,17453.660948003544,216383965.41429344,217749883710810.47,13653.660948003544,6826.830474001772,14.432930793982278,0.20606560505039748,0.21680882411137548,atomic_number
