nameseq,average,median,maximum,minimum,peak,none_levated_peak,sample_standard_deviation,population_standard_deviation,percentile15,percentile25,percentile50,percentile75,amplitude,variance,interquartile_range,semi_interquartile_range,coefficient_of_variation,skewness,kurtosis,label
4_5132740_5139963,33572383.99999996,298940.4475030846,239293158976.0,27.86392347919701,7.172561829389306e-05,3.650474200411038,2815208379.1401844,2815403250.450364,74441.45612658875,128331.75600692892,298940.4475030846,609135.1933860906,239293158948.13608,7.926495462646475e+18,480803.43737916165,240401.71868958083,83.85488439367867,0.035457528258699474,0.24648169212518847,atomic_number
