nameseq,average,median,maximum,minimum,peak,none_levated_peak,sample_standard_deviation,population_standard_deviation,percentile15,percentile25,percentile50,percentile75,amplitude,variance,interquartile_range,semi_interquartile_range,coefficient_of_variation,skewness,kurtosis,label
4_6125674_6125811,617096.000000001,4646.245849180218,84198976.0,16.0,7.454269676030945e-05,0.33049551946546635,7140885.600280121,7166899.84162682,1013.1346487287899,1629.7057986817704,4646.245849180218,9049.712250313902,84198960.0,51364453339910.54,7420.006451632131,3710.0032258160654,11.571758041342203,0.25729991562676585,0.22424072860046,atomic_number
