nameseq,average,median,maximum,minimum,peak,none_levated_peak,sample_standard_deviation,population_standard_deviation,percentile15,percentile25,percentile50,percentile75,amplitude,variance,interquartile_range,semi_interquartile_range,coefficient_of_variation,skewness,kurtosis,label
4_61299288_61300028,3514292.0,24716.21159825188,2575562500.0,149.57226066763906,7.028442713354497e-05,1.020308520822886,94550380.48130879,94614244.30519384,6850.169411718893,11031.50702295766,24716.21159825188,53483.7074895425,2575562350.427739,8951855225442905.0,42452.20046658484,21226.10023329242,26.904531689827934,0.11072115534505708,0.235924702284428,atomic_number
