nameseq,average,median,maximum,minimum,peak,none_levated_peak,sample_standard_deviation,population_standard_deviation,percentile15,percentile25,percentile50,percentile75,amplitude,variance,interquartile_range,semi_interquartile_range,coefficient_of_variation,skewness,kurtosis,label
4_63479045_63479629,2678244.0,16668.74252658318,1553463396.0,44.64171259213359,7.280890015995555e-05,0.9623731148755611,64171949.587801926,64226867.82599834,3827.7351049838594,7590.577309314536,16668.74252658318,32726.445118442487,1553463351.3582873,4125090550738261.0,25135.86780912795,12567.933904563975,23.96045677234857,0.1244270405326445,0.24660089620201237,atomic_number
