nameseq,average,median,maximum,minimum,peak,none_levated_peak,sample_standard_deviation,population_standard_deviation,percentile15,percentile25,percentile50,percentile75,amplitude,variance,interquartile_range,semi_interquartile_range,coefficient_of_variation,skewness,kurtosis,label
4_6797088_6805168,37953892.00000035,250635.09977210977,303682553476.0,79.8369341413252,7.097208019316284e-05,4.443518822756899,3378001859.45302,3378210887.7542906,59019.60022541045,101167.52574960323,250635.09977210977,504303.3737472304,303682553396.1631,1.141230880214163e+19,403135.84799762716,201567.92399881358,89.00277893642604,0.0334842239308299,0.2426986142620607,atomic_number
