nameseq,average,median,maximum,minimum,peak,none_levated_peak,sample_standard_deviation,population_standard_deviation,percentile15,percentile25,percentile50,percentile75,amplitude,variance,interquartile_range,semi_interquartile_range,coefficient_of_variation,skewness,kurtosis,label
4_7974112_7974305,888199.9999999994,5899.160331298153,170981776.0,67.33084844211875,7.280642497935906e-05,0.45937947835423343,12243605.26967772,12275283.47338708,1061.6077252264886,2049.77553129492,5899.160331298153,9513.749441307342,170981708.66915154,150682584352009.94,7463.9739100124225,3731.9869550062112,13.784739101190866,0.2161865284534591,0.25130589115507335,atomic_number
