nameseq,average,median,maximum,minimum,peak,none_levated_peak,sample_standard_deviation,population_standard_deviation,percentile15,percentile25,percentile50,percentile75,amplitude,variance,interquartile_range,semi_interquartile_range,coefficient_of_variation,skewness,kurtosis,label
4_84782526_84782638,527587.9999999993,3992.645708497096,59013124.0,27.165836647808337,7.139409286539253e-05,0.28599940952379377,5526366.101112014,5550982.55301785,860.9405487939277,1245.241399245635,3992.645708497096,8355.274832757896,59013096.83416335,30813407303908.57,7110.033433512261,3555.0167167561303,10.474775963653496,0.28423489036646227,0.2807207868561604,atomic_number
