nameseq,average,median,maximum,minimum,peak,none_levated_peak,sample_standard_deviation,population_standard_deviation,percentile15,percentile25,percentile50,percentile75,amplitude,variance,interquartile_range,semi_interquartile_range,coefficient_of_variation,skewness,kurtosis,label
4_9973624_9973673,225095.9999999999,1209.190783403676,11128896.0,11.33036628632813,7.404248261482512e-05,0.15597463475077103,1557689.4450948816,1573503.9565847158,107.40595647656475,342.8359466574959,1209.190783403676,3373.8207371305434,11128884.669633714,2475914701387.755,3030.9847904730477,1515.4923952365239,6.920111619464061,0.4311902027485824,0.23258394734617766,atomic_number
