nameseq,average,median,maximum,minimum,peak,none_levated_peak,sample_standard_deviation,population_standard_deviation,percentile15,percentile25,percentile50,percentile75,amplitude,variance,interquartile_range,semi_interquartile_range,coefficient_of_variation,skewness,kurtosis,label
5_10062994_10072706,45490084.00000015,321887.1324584782,437293883524.0,92.24570518993234,7.117302018318225e-05,4.804656355380799,4436841231.4753065,4437069646.169865,78352.45659420543,135298.32923533433,321887.1324584782,636020.9006355086,437293883431.7543,1.9687587044961964e+19,500722.5714001743,250361.28570008714,97.53425013405761,0.030540779697354192,0.24065231647905516,atomic_number
