nameseq,average,median,maximum,minimum,peak,none_levated_peak,sample_standard_deviation,population_standard_deviation,percentile15,percentile25,percentile50,percentile75,amplitude,variance,interquartile_range,semi_interquartile_range,coefficient_of_variation,skewness,kurtosis,label
5_11322580_11322729,714359.9999999998,4489.443595989686,106254864.0,64.0,6.99927207570413e-05,0.36398534124183124,8646216.976911927,8675182.609058443,1299.611109594061,1679.561728528671,4489.443595989686,8901.300206719816,106254800.0,75258793300510.06,7221.738478191145,3610.8692390955725,12.103445009395724,0.24630560103901533,0.2740689693036097,atomic_number
