nameseq,average,median,maximum,minimum,peak,none_levated_peak,sample_standard_deviation,population_standard_deviation,percentile15,percentile25,percentile50,percentile75,amplitude,variance,interquartile_range,semi_interquartile_range,coefficient_of_variation,skewness,kurtosis,label
5_120035095_120042367,33786596.000000276,286260.96484502254,242763144100.0,14.370053632912608,7.175429372444959e-05,3.8330461561529092,2846396362.9712443,2846592065.5644126,64009.161692958,115363.33987326025,286260.96484502254,558923.4100417853,242763144085.62994,8.103086387734269e+18,443560.0701685251,221780.03508426255,84.24631954551506,0.035308155397077795,0.2500101590789681,atomic_number
