nameseq,average,median,maximum,minimum,peak,none_levated_peak,sample_standard_deviation,population_standard_deviation,percentile15,percentile25,percentile50,percentile75,amplitude,variance,interquartile_range,semi_interquartile_range,coefficient_of_variation,skewness,kurtosis,label
5_124731229_124741153,46570324.00000016,287683.0368541249,457876875556.0,0.5869895225483728,7.103951721128936e-05,5.09975328184228,4595800430.416911,4596031974.38413,67532.83262543981,120103.20828104812,287683.0368541249,588020.7666094031,457876875555.413,2.112350990956128e+19,467917.55832835496,233958.77916417748,98.68517192229316,0.030211913026180384,0.24529063764632128,atomic_number
