nameseq,average,median,maximum,minimum,peak,none_levated_peak,sample_standard_deviation,population_standard_deviation,percentile15,percentile25,percentile50,percentile75,amplitude,variance,interquartile_range,semi_interquartile_range,coefficient_of_variation,skewness,kurtosis,label
5_131103101_131104890,8456344.000000024,71575.56008601586,14944573504.0,238.24192581247593,7.055846671642791e-05,1.6757666035315557,353128334.541695,353227015.0898115,15172.972790163323,28583.890670649864,71575.56008601586,150238.61821217986,14944573265.758074,1.2476932418925792e+17,121654.72754153,60827.363770765,41.75898408835946,0.07123275834658907,0.25304980255086545,atomic_number
