nameseq,average,median,maximum,minimum,peak,none_levated_peak,sample_standard_deviation,population_standard_deviation,percentile15,percentile25,percentile50,percentile75,amplitude,variance,interquartile_range,semi_interquartile_range,coefficient_of_variation,skewness,kurtosis,label
5_132682953_132696777,65048995.99999961,443948.7514046811,890422478884.0,110.23397668192491,7.084403475394702e-05,5.932061709466019,7572643751.301183,7572917641.1597185,103064.18147239444,185602.62117670814,443948.7514046811,878088.17788721,890422478773.766,5.734908159978808e+19,692485.5567105019,346242.77835525095,116.41446012942656,0.02559411852861587,0.2457232868889859,atomic_number
