nameseq,average,median,maximum,minimum,peak,none_levated_peak,sample_standard_deviation,population_standard_deviation,percentile15,percentile25,percentile50,percentile75,amplitude,variance,interquartile_range,semi_interquartile_range,coefficient_of_variation,skewness,kurtosis,label
5_134307815_134317162,43798544.00000009,303460.49755584705,405285024400.0,105.61903527060811,7.11439174781699e-05,4.742864124000257,4191577513.002646,4191801727.4783473,73042.90387638033,128463.45225782937,303460.49755584705,605289.2556200132,405285024294.381,1.7571201722490456e+19,476825.80336218385,238412.90168109193,95.70129803864342,0.031130344149083704,0.24581170445612904,atomic_number
