nameseq,average,median,maximum,minimum,peak,none_levated_peak,sample_standard_deviation,population_standard_deviation,percentile15,percentile25,percentile50,percentile75,amplitude,variance,interquartile_range,semi_interquartile_range,coefficient_of_variation,skewness,kurtosis,label
5_130229427_130248751,90460052.00000185,579002.2544247413,1731398062276.0,28.316058526957896,7.12100703486942e-05,7.253169503821906,12454483534.742477,12454805784.856627,135597.98315678295,241851.53206273817,579002.2544247413,1185962.6109367455,1731398062247.6838,1.551221871384981e+20,944111.0788740073,472055.53943700367,137.67937624822747,0.02165028750365655,0.24704874377327243,atomic_number
