nameseq,average,median,maximum,minimum,peak,none_levated_peak,sample_standard_deviation,population_standard_deviation,percentile15,percentile25,percentile50,percentile75,amplitude,variance,interquartile_range,semi_interquartile_range,coefficient_of_variation,skewness,kurtosis,label
5_13370979_13371054,343888.0000000001,1356.677130632421,25928464.0,1.7532863386679773,7.36673955861598e-05,0.22870381497486517,2954254.3159098546,2973884.12864046,338.03957922113904,742.3663171323053,1356.677130632421,2967.275924416989,25928462.24671366,8843986810579.627,2224.9096072846833,1112.4548036423416,8.590745579694126,0.34783531095278225,0.15688477014350694,atomic_number
