nameseq,average,median,maximum,minimum,peak,none_levated_peak,sample_standard_deviation,population_standard_deviation,percentile15,percentile25,percentile50,percentile75,amplitude,variance,interquartile_range,semi_interquartile_range,coefficient_of_variation,skewness,kurtosis,label
5_132116235_132120255,18925556.000000015,122406.66707146612,75410652099.99997,36.047114775918466,7.082134513423713e-05,3.081680510629146,1189078885.7559576,1189226771.943428,28740.502423798745,49568.278538962506,122406.66707146612,237239.10236980286,75410652063.95285,1.414260315106986e+18,187670.82383084035,93835.41191542018,62.82927094749326,0.04743961790468031,0.2504792601321253,atomic_number
