nameseq,average,median,maximum,minimum,peak,none_levated_peak,sample_standard_deviation,population_standard_deviation,percentile15,percentile25,percentile50,percentile75,amplitude,variance,interquartile_range,semi_interquartile_range,coefficient_of_variation,skewness,kurtosis,label
5_132778377_132800738,105131080.0000023,768655.6410200391,2325771402304.0005,359.83191840756444,7.090196352971773e-05,7.410702295278486,15552556396.700531,15552904153.56562,184085.49417053795,323671.138376183,768655.6410200391,1540304.6901037977,2325771401944.1685,2.4189282760999875e+20,1216633.5517276148,608316.7758638074,147.93490561211956,0.020130920286736145,0.24610188392558838,atomic_number
