nameseq,average,median,maximum,minimum,peak,none_levated_peak,sample_standard_deviation,population_standard_deviation,percentile15,percentile25,percentile50,percentile75,amplitude,variance,interquartile_range,semi_interquartile_range,coefficient_of_variation,skewness,kurtosis,label
5_130791357_130792783,6705643.999999973,37648.659433769375,9490266724.0,23.70608648304586,7.093526985128776e-05,1.7224837211381883,251137573.15193674,251225614.37222308,8639.137239989346,15322.945798669569,37648.659433769375,78325.25608460997,9490266700.293913,6.3114309316700936e+16,63002.310285940395,31501.155142970198,37.45167103292954,0.07965349736654627,0.26456174537846305,atomic_number
