nameseq,average,median,maximum,minimum,peak,none_levated_peak,sample_standard_deviation,population_standard_deviation,percentile15,percentile25,percentile50,percentile75,amplitude,variance,interquartile_range,semi_interquartile_range,coefficient_of_variation,skewness,kurtosis,label
5_131847472_131849508,9463156.000000019,63214.04324995147,19093159684.0,61.781845593929546,7.175196097369616e-05,2.0244964141199566,422934997.25582814,423038848.69932234,16355.851047357432,26677.58623279239,63214.04324995147,128987.4633277989,19093159622.218155,1.7896186750884813e+17,102309.87709500652,51154.93854750326,44.69280621135563,0.06667650124303258,0.2682597347742382,atomic_number
