nameseq,average,median,maximum,minimum,peak,none_levated_peak,sample_standard_deviation,population_standard_deviation,percentile15,percentile25,percentile50,percentile75,amplitude,variance,interquartile_range,semi_interquartile_range,coefficient_of_variation,skewness,kurtosis,label
5_130664701_130667867,14521916.000000006,103695.46981213604,45507982276.0,67.27495372684761,7.269472338682212e-05,2.5735047430784412,808525135.0379046,808652813.7019516,21587.062048253836,40162.94687962487,103695.46981213604,208940.50980748204,45507982208.725044,6.539193731080832e+17,168777.56292785716,84388.78146392858,55.67620244036009,0.053498227471352244,0.2495302075741081,atomic_number
