nameseq,average,median,maximum,minimum,peak,none_levated_peak,sample_standard_deviation,population_standard_deviation,percentile15,percentile25,percentile50,percentile75,amplitude,variance,interquartile_range,semi_interquartile_range,coefficient_of_variation,skewness,kurtosis,label
5_146875862_146892224,75728844.00000107,563015.3048146432,1225648268100.0005,172.41509901965023,7.202451596030246e-05,6.263820316681487,9581220366.580439,9581513150.897045,132345.88600764488,241176.66309480648,563015.3048146432,1129988.995312659,1225648267927.5854,9.1805394260813e+19,888812.3322178526,444406.1661089263,126.52009274801954,0.023535361619705646,0.250115132162232,atomic_number
