nameseq,average,median,maximum,minimum,peak,none_levated_peak,sample_standard_deviation,population_standard_deviation,percentile15,percentile25,percentile50,percentile75,amplitude,variance,interquartile_range,semi_interquartile_range,coefficient_of_variation,skewness,kurtosis,label
5_145813433_145814692,5898831.99999999,34532.89054187614,7370565904.0,113.37039089279872,7.12005359705109e-05,1.5900538485317812,207558377.31247753,207640790.80681613,7874.844816489384,14654.345496282858,34532.89054187614,66115.41442697817,7370565790.629609,4.3114698006879976e+16,51461.06893069531,25730.534465347657,35.186351690042684,0.08476120095065288,0.23287752585462826,atomic_number
