nameseq,average,median,maximum,minimum,peak,none_levated_peak,sample_standard_deviation,population_standard_deviation,percentile15,percentile25,percentile50,percentile75,amplitude,variance,interquartile_range,semi_interquartile_range,coefficient_of_variation,skewness,kurtosis,label
5_155413436_155413580,699844.0000000005,6132.757087043925,100120036.0,58.82576030133233,6.906301023275659e-05,0.3124991412858175,8285021.676354506,8313739.341930588,2202.2783124063308,3055.3134390282667,6132.757087043925,12941.045357175264,100119977.1742397,69118261845564.445,9885.731918146997,4942.865959073499,11.838383520262374,0.25119230945145693,0.24677686957678968,atomic_number
