nameseq,average,median,maximum,minimum,peak,none_levated_peak,sample_standard_deviation,population_standard_deviation,percentile15,percentile25,percentile50,percentile75,amplitude,variance,interquartile_range,semi_interquartile_range,coefficient_of_variation,skewness,kurtosis,label
5_150376328_150376382,259164.0,2239.37394244812,14062500.0,92.997115045446,7.074027771346844e-05,0.15337297483989573,1878399.0879980747,1895711.8879712592,640.3828696386789,787.9007472610531,2239.37394244812,6058.778986259965,14062407.002884954,3593723562195.5557,5270.878238998912,2635.439119499456,7.247916716820526,0.41033552619220903,0.29127400519783,atomic_number
