nameseq,average,median,maximum,minimum,peak,none_levated_peak,sample_standard_deviation,population_standard_deviation,percentile15,percentile25,percentile50,percentile75,amplitude,variance,interquartile_range,semi_interquartile_range,coefficient_of_variation,skewness,kurtosis,label
5_157341467_157343025,7153436.0000000475,70282.75860362806,10992683716.000006,26.141150553459816,7.264574208347753e-05,1.4989260878488826,278315462.9226344,278404766.7795525,14631.402717699573,25448.880132624603,70282.75860362806,138539.36920486306,10992683689.858854,7.750921416557704e+16,113090.48907223846,56545.24453611923,38.90654266322262,0.07635026635259623,0.26138126844367815,atomic_number
