nameseq,average,median,maximum,minimum,peak,none_levated_peak,sample_standard_deviation,population_standard_deviation,percentile15,percentile25,percentile50,percentile75,amplitude,variance,interquartile_range,semi_interquartile_range,coefficient_of_variation,skewness,kurtosis,label
5_179661770_179661941,790064.0,7048.288835340418,134003776.0,6.382248847645058,7.256796073904562e-05,0.3632781466463252,10187113.98930865,10216857.451113798,1378.7820431387206,2723.642283846654,7048.288835340418,15580.238235551707,134003769.61775115,104384176176379.52,12856.595951705054,6428.297975852527,12.894036418959287,0.2305900509171977,0.21676082253046933,atomic_number
