nameseq,average,median,maximum,minimum,peak,none_levated_peak,sample_standard_deviation,population_standard_deviation,percentile15,percentile25,percentile50,percentile75,amplitude,variance,interquartile_range,semi_interquartile_range,coefficient_of_variation,skewness,kurtosis,label
5_179761012_179764270,15219019.999999985,139872.3343016007,48944482755.999985,37.60856692087866,7.137997935040064e-05,2.3324889739027648,857221692.537756,857353238.8736086,33931.07601704352,60674.94738826732,139872.3343016007,274874.561063093,48944482718.39142,7.350545762070669e+17,214199.6136748257,107099.80683741285,56.32568276654849,0.052772163129904334,0.2386129705911828,atomic_number
