nameseq,average,median,maximum,minimum,peak,none_levated_peak,sample_standard_deviation,population_standard_deviation,percentile15,percentile25,percentile50,percentile75,amplitude,variance,interquartile_range,semi_interquartile_range,coefficient_of_variation,skewness,kurtosis,label
5_179376020_179394692,88790820.0000001,688773.3561040638,1638640648836.0,116.74609253202125,7.010109078093125e-05,6.440012916457532,11991258714.984015,11991579813.371115,161120.773944979,284168.7860336745,688773.3561040638,1457375.5463227127,1638640648719.254,1.4379798642044964e+20,1173206.760289038,586603.380144519,135.05065855889157,0.022041567629711545,0.25231454215590904,atomic_number
