nameseq,average,median,maximum,minimum,peak,none_levated_peak,sample_standard_deviation,population_standard_deviation,percentile15,percentile25,percentile50,percentile75,amplitude,variance,interquartile_range,semi_interquartile_range,coefficient_of_variation,skewness,kurtosis,label
5_182411256_182413132,8826643.99999999,51561.79130817483,16425498243.999992,98.36962726205383,7.088386782866367e-05,2.016522058839399,379025739.16431916,379126745.359094,10209.498393903383,19648.05489053504,51561.79130817483,109441.0566807996,16425498145.630365,1.4373708904657931e+17,89793.00179026455,44896.500895132274,42.94109280541048,0.06945503670573322,0.27277970508047,atomic_number
