nameseq,average,median,maximum,minimum,peak,none_levated_peak,sample_standard_deviation,population_standard_deviation,percentile15,percentile25,percentile50,percentile75,amplitude,variance,interquartile_range,semi_interquartile_range,coefficient_of_variation,skewness,kurtosis,label
5_182402605_182402830,1093800.0000000007,4369.382775558593,245611584.0,141.50170677494745,6.88730419942707e-05,0.5264841421998743,16301187.304784397,16337372.004812913,1145.3616327580687,1798.9168662203283,4369.382775558593,10599.008434975112,245611442.49829322,266909724023644.72,8800.091568754784,4400.045784377392,14.903261386710904,0.20049409840926638,0.28786439622771404,atomic_number
