nameseq,average,median,maximum,minimum,peak,none_levated_peak,sample_standard_deviation,population_standard_deviation,percentile15,percentile25,percentile50,percentile75,amplitude,variance,interquartile_range,semi_interquartile_range,coefficient_of_variation,skewness,kurtosis,label
5_195002968_195004175,5808287.999999989,55203.677964014394,6927565824.0,7.074165853878562,6.932622257482196e-05,1.2979846354916835,199233688.8266,199316204.33596778,12008.828122090923,21965.078989456026,55203.677964014394,97266.25442765892,6927565816.925834,3.9726949310897256e+16,75301.17543820289,37650.587719101444,34.30162017217472,0.0866281855631818,0.24344702115429295,atomic_number
