nameseq,average,median,maximum,minimum,peak,none_levated_peak,sample_standard_deviation,population_standard_deviation,percentile15,percentile25,percentile50,percentile75,amplitude,variance,interquartile_range,semi_interquartile_range,coefficient_of_variation,skewness,kurtosis,label
5_198528314_198531994,17135779.999999974,107925.01995108121,62499000004.0,48.06967872357354,7.16045607494962e-05,2.940410049364509,1029983043.0679024,1030122976.9104159,23774.66795078258,43959.42482502792,107925.01995108121,216161.32099404675,62498999955.93032,1.0611533475587772e+18,172201.89616901882,86100.94808450941,60.10715841752777,0.04959651062602877,0.24648907642459314,atomic_number
