nameseq,average,median,maximum,minimum,peak,none_levated_peak,sample_standard_deviation,population_standard_deviation,percentile15,percentile25,percentile50,percentile75,amplitude,variance,interquartile_range,semi_interquartile_range,coefficient_of_variation,skewness,kurtosis,label
5_201207386_201207611,1032872.0000000013,6210.54115913877,231404944.0,75.21033941326998,7.293578810669012e-05,0.5013134778172678,15358140.496595021,15392231.860400284,1144.4958578601993,1788.5302522647523,6210.54115913877,13651.22644798637,231404868.78966057,236920801644321.56,11862.696195721617,5931.348097860809,14.869355057156165,0.20054409433260725,0.31742397615621665,atomic_number
