nameseq,average,median,maximum,minimum,peak,none_levated_peak,sample_standard_deviation,population_standard_deviation,percentile15,percentile25,percentile50,percentile75,amplitude,variance,interquartile_range,semi_interquartile_range,coefficient_of_variation,skewness,kurtosis,label
5_211767329_211767640,1472447.9999999993,11790.686264801301,454712976.0,27.98368246057876,7.063067761985486e-05,0.5836556711065775,25700916.33688418,25742202.9760883,2952.967562950629,5034.022397724433,11790.686264801301,20725.578788741394,454712948.01631755,662661014062129.4,15691.55639101696,7845.77819550848,17.454549387743533,0.17049866564161725,0.25272231331579786,atomic_number
