nameseq,average,median,maximum,minimum,peak,none_levated_peak,sample_standard_deviation,population_standard_deviation,percentile15,percentile25,percentile50,percentile75,amplitude,variance,interquartile_range,semi_interquartile_range,coefficient_of_variation,skewness,kurtosis,label
5_21544468_21544906,2061724.0000000012,11290.853006784788,898440675.9999998,36.88526176028564,7.097619920674797e-05,0.8198229861654379,42830645.38025677,42879510.935658954,2878.8987844513213,5130.131308094323,11290.853006784788,19835.057775239748,898440639.114738,1838652458081295.8,14704.926467145426,7352.463233572713,20.77418964917552,0.14361911632121133,0.2177761550065079,atomic_number
