nameseq,average,median,maximum,minimum,peak,none_levated_peak,sample_standard_deviation,population_standard_deviation,percentile15,percentile25,percentile50,percentile75,amplitude,variance,interquartile_range,semi_interquartile_range,coefficient_of_variation,skewness,kurtosis,label
5_35441699_35442184,2264055.999999999,13485.3985471971,1091641600.0,38.84065810982788,7.155300045581915e-05,0.8638888365744826,49466088.810205474,49517058.518534385,2927.0596383679817,5096.155785124317,13485.3985471971,23882.068989735762,1091641561.1593418,2451939084327959.0,18785.913204611446,9392.956602305723,21.848438735705077,0.13649172527595194,0.25116154555164705,atomic_number
