nameseq,average,median,maximum,minimum,peak,none_levated_peak,sample_standard_deviation,population_standard_deviation,percentile15,percentile25,percentile50,percentile75,amplitude,variance,interquartile_range,semi_interquartile_range,coefficient_of_variation,skewness,kurtosis,label
5_38198016_38198247,1078912.0,8678.826582363625,247244176.0,68.62915010152398,7.167714635978962e-05,0.46064479990545276,16196490.938226832,16231510.41897766,1720.627612535596,2873.356543722228,8678.826582363625,17519.925192733936,247244107.3708499,263461930481380.28,14646.568649011708,7323.284324505854,15.01187394173652,0.19823426768788796,0.22861356842468986,atomic_number
