nameseq,average,median,maximum,minimum,peak,none_levated_peak,sample_standard_deviation,population_standard_deviation,percentile15,percentile25,percentile50,percentile75,amplitude,variance,interquartile_range,semi_interquartile_range,coefficient_of_variation,skewness,kurtosis,label
5_40412800_40413412,2862131.999999993,28431.15042529159,1730393604.0,4.660674299038905,7.139200195285676e-05,0.843744374390431,69831332.96172336,69888361.41790971,5605.907273769692,10083.532303957596,28431.15042529159,54537.1512363523,1730393599.3393257,4884383061680371.0,44453.618932394704,22226.809466197352,24.398362116675095,0.12173765254321885,0.28092150337161864,atomic_number
