nameseq,average,median,maximum,minimum,peak,none_levated_peak,sample_standard_deviation,population_standard_deviation,percentile15,percentile25,percentile50,percentile75,amplitude,variance,interquartile_range,semi_interquartile_range,coefficient_of_variation,skewness,kurtosis,label
5_43360815_43366159,24563715.99999996,170136.5470325711,129944388483.99995,54.40787263119108,7.253245667987163e-05,3.5018920086572445,1777224150.4123735,1777390424.833883,37470.28432295671,66624.7082868495,170136.5470325711,340219.55640367395,129944388429.59209,3.1591167222911713e+18,273594.84811682446,136797.42405841223,72.3515998317346,0.041176988474932584,0.24096095727506608,atomic_number
