nameseq,average,median,maximum,minimum,peak,none_levated_peak,sample_standard_deviation,population_standard_deviation,percentile15,percentile25,percentile50,percentile75,amplitude,variance,interquartile_range,semi_interquartile_range,coefficient_of_variation,skewness,kurtosis,label
5_44431512_44450147,86903791.99999858,588803.4510104391,1603475168655.9995,45.58100064450072,7.14813457161927e-05,6.994427829622684,11745567455.79064,11745882599.602978,138237.54913179847,247063.7699920098,588803.4510104391,1179286.3577445848,1603475168610.4185,1.37965758043656e+20,932222.587752575,466111.2938762875,135.15598324858863,0.022046186071606348,0.24550005128592464,atomic_number
