nameseq,average,median,maximum,minimum,peak,none_levated_peak,sample_standard_deviation,population_standard_deviation,percentile15,percentile25,percentile50,percentile75,amplitude,variance,interquartile_range,semi_interquartile_range,coefficient_of_variation,skewness,kurtosis,label
5_44297360_44297496,645956.0000000013,4511.310725103036,87647044.0,11.658253592408856,7.06962496929614e-05,0.32884188631594374,7460283.716959831,7487660.996915109,1261.4039524177438,2170.270272457371,4511.310725103036,10796.33870067481,87647032.3417464,56065067204723.766,8626.06842821744,4313.03421410872,11.549213440172112,0.25794381833629343,0.352820972779176,atomic_number
