nameseq,average,median,maximum,minimum,peak,none_levated_peak,sample_standard_deviation,population_standard_deviation,percentile15,percentile25,percentile50,percentile75,amplitude,variance,interquartile_range,semi_interquartile_range,coefficient_of_variation,skewness,kurtosis,label
5_47526361_47526606,1147512.0000000035,9056.522236396344,279424656.0,59.41567532724428,7.145894770599328e-05,0.5077388492025642,17778478.644684084,17814724.30645722,1357.581989000906,2533.8962998311763,9056.522236396344,16272.730732915825,279424596.58432466,317364402115077.75,13738.834433084648,6869.417216542324,15.493065558080465,0.19210678830002392,0.24690208513907222,atomic_number
