nameseq,average,median,maximum,minimum,peak,none_levated_peak,sample_standard_deviation,population_standard_deviation,percentile15,percentile25,percentile50,percentile75,amplitude,variance,interquartile_range,semi_interquartile_range,coefficient_of_variation,skewness,kurtosis,label
5_59902816_59902933,526712.0000000001,4288.343420408253,61528336.0,73.94243047048954,7.467711640010732e-05,0.29497246175870223,5639603.82416212,5663653.416524382,1552.5433758613274,2118.8532230979667,4288.343420408253,6810.0821358726635,61528262.057569526,32076970022508.31,4691.228912774697,2345.6144563873486,10.707186895613008,0.27790444481649845,0.2303714510818359,atomic_number
