nameseq,average,median,maximum,minimum,peak,none_levated_peak,sample_standard_deviation,population_standard_deviation,percentile15,percentile25,percentile50,percentile75,amplitude,variance,interquartile_range,semi_interquartile_range,coefficient_of_variation,skewness,kurtosis,label
5_63015439_63015965,2402748.000000002,15538.756052845254,1254434724.0,68.5728083293071,7.311073265555378e-05,0.8800508420477545,54591193.24642318,54643061.375222035,3765.894469376842,5938.429626423438,15538.756052845254,30312.27481981749,1254434655.4271917,2985864156456282.5,24373.845193394052,12186.922596697026,22.720315757800293,0.13118650291291628,0.24337732700369327,atomic_number
