nameseq,average,median,maximum,minimum,peak,none_levated_peak,sample_standard_deviation,population_standard_deviation,percentile15,percentile25,percentile50,percentile75,amplitude,variance,interquartile_range,semi_interquartile_range,coefficient_of_variation,skewness,kurtosis,label
5_63588957_63589728,3740464.000000006,32213.547874659125,2848143424.0,61.08420680323689,6.879716883609437e-05,0.9623306079266446,102438684.25986174,102505095.08321337,7130.482284570833,15561.069840568634,32213.547874659125,67290.4901322401,2848143362.9157934,1.0507294518018614e+16,51729.420291671464,25864.710145835732,27.386624830465305,0.1085991238246997,0.22084527269992646,atomic_number
