nameseq,average,median,maximum,minimum,peak,none_levated_peak,sample_standard_deviation,population_standard_deviation,percentile15,percentile25,percentile50,percentile75,amplitude,variance,interquartile_range,semi_interquartile_range,coefficient_of_variation,skewness,kurtosis,label
5_64869275_64869985,3360700.0000000065,26582.852850650328,2361765604.0,266.4296586292137,7.052102240604623e-05,0.9746864694597485,88509367.4281278,88571676.03663905,6469.620600844282,10347.992195255294,26582.852850650328,53474.40247951816,2361765337.5703416,7844941795939339.0,43126.41028426286,21563.20514213143,26.336586850396532,0.11300895862316801,0.2594282202740237,atomic_number
