nameseq,average,median,maximum,minimum,peak,none_levated_peak,sample_standard_deviation,population_standard_deviation,percentile15,percentile25,percentile50,percentile75,amplitude,variance,interquartile_range,semi_interquartile_range,coefficient_of_variation,skewness,kurtosis,label
5_67343547_67345786,10491456.00000002,86995.51027585006,23214788496.0,114.67849918651069,7.116902236130668e-05,1.9506229516883262,490389752.92692333,490499251.5892073,20182.25385375607,34998.22710918897,86995.51027585006,166642.088378732,23214788381.321503,2.4058951580957245e+17,131643.86126954303,65821.93063477152,46.74182048010518,0.06365015027918794,0.22662246514728987,atomic_number
