nameseq,average,median,maximum,minimum,peak,none_levated_peak,sample_standard_deviation,population_standard_deviation,percentile15,percentile25,percentile50,percentile75,amplitude,variance,interquartile_range,semi_interquartile_range,coefficient_of_variation,skewness,kurtosis,label
5_72783637_72783936,1442447.9999999988,7869.528660298569,428490000.0,232.49824074968788,6.932658924273186e-05,0.5852479824384988,24696803.632737253,24738068.16215247,2125.920192307092,3024.3784442019255,7869.528660298569,18499.679843489586,428489767.50175923,611972016395301.6,15475.30139928766,7737.65069964383,17.121451610551834,0.17426285109682021,0.2255525795706461,atomic_number
