nameseq,average,median,maximum,minimum,peak,none_levated_peak,sample_standard_deviation,population_standard_deviation,percentile15,percentile25,percentile50,percentile75,amplitude,variance,interquartile_range,semi_interquartile_range,coefficient_of_variation,skewness,kurtosis,label
5_72082651_72082782,632495.9999999988,5772.801458999156,82519056.0,44.76724529698291,6.956565733222041e-05,0.30375333419041844,7154464.974661907,7181720.178024739,1217.8515437487988,2345.8507531533614,5772.801458999156,9879.269527109162,82519011.2327547,51577104715447.695,7533.4187739558,3766.7093869779,11.311478609606892,0.262796673445431,0.2123073166657126,atomic_number
