nameseq,average,median,maximum,minimum,peak,none_levated_peak,sample_standard_deviation,population_standard_deviation,percentile15,percentile25,percentile50,percentile75,amplitude,variance,interquartile_range,semi_interquartile_range,coefficient_of_variation,skewness,kurtosis,label
5_74619946_74635130,70919587.99999973,462298.562014347,1066787385315.9998,163.38554178292887,7.13719130272822e-05,6.403181961312812,8656770474.01743,8657055531.576292,107673.32074638375,197219.6717933305,462298.562014347,914118.3927101622,1066787385152.6143,7.494461047679567e+19,716898.7209168317,358449.3604584159,122.06459058980238,0.024416942663360558,0.24959788904910862,atomic_number
