nameseq,average,median,maximum,minimum,peak,none_levated_peak,sample_standard_deviation,population_standard_deviation,percentile15,percentile25,percentile50,percentile75,amplitude,variance,interquartile_range,semi_interquartile_range,coefficient_of_variation,skewness,kurtosis,label
5_75328833_75328893,270292.0,2018.8772941326556,16337764.0,122.66618128174386,7.522728505961453e-05,0.18400038200192967,2074302.9570667828,2091517.3846574326,475.1186779087037,992.2450220524152,2018.8772941326556,3899.2519448704693,16337641.333818719,4374444970324.2666,2907.006922818054,1453.503461409027,7.674303927111357,0.3879950927012494,0.23006195432225324,atomic_number
