nameseq,average,median,maximum,minimum,peak,none_levated_peak,sample_standard_deviation,population_standard_deviation,percentile15,percentile25,percentile50,percentile75,amplitude,variance,interquartile_range,semi_interquartile_range,coefficient_of_variation,skewness,kurtosis,label
5_81110535_81110829,1407356.0000000016,8213.58831573733,411846436.0,4.024081917301946,6.987097318186245e-05,0.6065128235138539,23937296.314931475,23977971.44420833,1705.5377246085773,2772.2307303694183,8213.58831573733,16515.410384728166,411846431.97591805,574943114579270.2,13743.179654358748,6871.589827179374,17.0087002257648,0.17535093269637742,0.32292901954762016,atomic_number
