nameseq,average,median,maximum,minimum,peak,none_levated_peak,sample_standard_deviation,population_standard_deviation,percentile15,percentile25,percentile50,percentile75,amplitude,variance,interquartile_range,semi_interquartile_range,coefficient_of_variation,skewness,kurtosis,label
5_84276776_84277049,1246216.000000003,8120.253136428155,338560000.0,81.29277427445024,7.328852569164022e-05,0.579968721662275,20415161.77776586,20452518.006221503,1508.3260237333911,2662.675595983194,8120.253136428155,14369.138607612833,338559918.70722574,418305492794814.8,11706.46301162964,5853.23150581482,16.381720165497644,0.18193768342487265,0.21027462359242655,atomic_number
