nameseq,average,median,maximum,minimum,peak,none_levated_peak,sample_standard_deviation,population_standard_deviation,percentile15,percentile25,percentile50,percentile75,amplitude,variance,interquartile_range,semi_interquartile_range,coefficient_of_variation,skewness,kurtosis,label
5_94321197_94321448,1146928.0,7092.751247986222,286421776.0,48.23778672813212,7.323912224655776e-05,0.5395002463296541,18006392.073899094,18042225.725409307,1256.6395111312838,2310.006641737702,7092.751247986222,14134.783976672856,286421727.7622133,325521909126621.3,11824.777334935154,5912.388667467577,15.699670837139815,0.18990510326678584,0.24261473006569392,atomic_number
