nameseq,average,median,maximum,minimum,peak,none_levated_peak,sample_standard_deviation,population_standard_deviation,percentile15,percentile25,percentile50,percentile75,amplitude,variance,interquartile_range,semi_interquartile_range,coefficient_of_variation,skewness,kurtosis,label
5_94325826_94325995,782407.9999999998,3413.657183790682,132066064.0,41.99382113980639,7.242598064777799e-05,0.42784809693021975,10098744.32348735,10128578.197416205,616.024844960114,1371.3440335782786,3413.657183790682,8743.621692379025,132066022.00617886,102588096301174.9,7372.277658800746,3686.138829400373,12.907261075407401,0.2314132285746995,0.2504219769688473,atomic_number
