nameseq,average,median,maximum,minimum,peak,none_levated_peak,sample_standard_deviation,population_standard_deviation,percentile15,percentile25,percentile50,percentile75,amplitude,variance,interquartile_range,semi_interquartile_range,coefficient_of_variation,skewness,kurtosis,label
6_118904086_118904206,555172.0000000002,2792.6448436792302,66552964.0,39.53251205919604,7.265015766885455e-05,0.30915086425704413,6024748.96514834,6049800.0044490285,1202.940959319872,1553.4997573371975,2792.6448436792302,8692.11879493147,66552924.46748794,36600080093831.47,7138.619037594272,3569.309518797136,10.852040385949467,0.2750551226374892,0.2875191936082716,atomic_number
