nameseq,average,median,maximum,minimum,peak,none_levated_peak,sample_standard_deviation,population_standard_deviation,percentile15,percentile25,percentile50,percentile75,amplitude,variance,interquartile_range,semi_interquartile_range,coefficient_of_variation,skewness,kurtosis,label
6_119533164_119533369,940599.9999999992,4201.705731600444,192210496.0,19.05966177308173,7.300304770004969e-05,0.48607556217645154,13358871.92960364,13391414.905790314,892.9186221457467,1785.8301630497808,4201.705731600444,9357.447935970547,192210476.94033822,179329993179023.0,7571.617772920767,3785.8088864603833,14.20250045673363,0.21028683391895844,0.1804514686362393,atomic_number
