nameseq,average,median,maximum,minimum,peak,none_levated_peak,sample_standard_deviation,population_standard_deviation,percentile15,percentile25,percentile50,percentile75,amplitude,variance,interquartile_range,semi_interquartile_range,coefficient_of_variation,skewness,kurtosis,label
6_121251856_121264450,58418315.99999983,394553.661570633,728656860996.0,24.758275697173747,7.186672983407029e-05,5.743057073899364,6492416847.19754,6492674600.412291,87227.82322911231,157374.5674823681,394553.661570633,763608.9709637759,728656860971.2417,4.21548234668389e+19,606234.4034814078,303117.2017407039,111.13666554848243,0.02681147731455747,0.24236760497534662,atomic_number
