nameseq,average,median,maximum,minimum,peak,none_levated_peak,sample_standard_deviation,population_standard_deviation,percentile15,percentile25,percentile50,percentile75,amplitude,variance,interquartile_range,semi_interquartile_range,coefficient_of_variation,skewness,kurtosis,label
6_12745756_12751288,26007923.99999986,169056.52875352433,142480581156.0,46.94032834621618,7.091428494382494e-05,3.595255590605777,1915293414.2709963,1915466516.843926,38076.657155855806,69469.74039887183,169056.52875352433,354575.5770896714,142480581109.05966,3.6690119771502024e+18,285105.83669079957,142552.91834539978,73.64268729295759,0.04047244241334353,0.24957845528268646,atomic_number
