nameseq,average,median,maximum,minimum,peak,none_levated_peak,sample_standard_deviation,population_standard_deviation,percentile15,percentile25,percentile50,percentile75,amplitude,variance,interquartile_range,semi_interquartile_range,coefficient_of_variation,skewness,kurtosis,label
6_138208315_138208440,601751.9999999998,3420.193096728109,75272976.0,63.29549001366396,6.979619511027801e-05,0.3327574167132038,6678799.118025935,6705461.096764007,883.4584014151567,1124.6134393551106,3420.193096728109,5314.573003249098,75272912.70450999,44963208520215.555,4189.959563893988,2094.979781946994,11.09892300819264,0.2687602050891396,0.21093572065410954,atomic_number
