nameseq,average,median,maximum,minimum,peak,none_levated_peak,sample_standard_deviation,population_standard_deviation,percentile15,percentile25,percentile50,percentile75,amplitude,variance,interquartile_range,semi_interquartile_range,coefficient_of_variation,skewness,kurtosis,label
6_141115298_141115536,1094843.9999999995,10293.116647257695,258373475.99999994,330.72718464996456,7.276531329273094e-05,0.45971612577858106,16676901.796668107,16711900.579752818,3337.092824704173,4634.008643218109,10293.116647257695,17578.733930837956,258373145.2728153,279287620987542.6,12944.725287619847,6472.362643809924,15.232217372217516,0.19509934697272582,0.22223746503904315,atomic_number
