nameseq,average,median,maximum,minimum,peak,none_levated_peak,sample_standard_deviation,population_standard_deviation,percentile15,percentile25,percentile50,percentile75,amplitude,variance,interquartile_range,semi_interquartile_range,coefficient_of_variation,skewness,kurtosis,label
6_145538721_145538804,384463.9999999997,1318.2857619692477,32035600.0,103.16752373166062,7.282866536268681e-05,0.24316035510163464,3474164.9985825378,3495031.0420387206,386.17374950707557,664.7320948221331,1318.2857619692477,5421.49839293361,32035496.83247627,12215241984814.266,4756.766298111477,2378.3831490557386,9.036385717733104,0.3308527784901013,0.27879338884064997,atomic_number
