nameseq,average,median,maximum,minimum,peak,none_levated_peak,sample_standard_deviation,population_standard_deviation,percentile15,percentile25,percentile50,percentile75,amplitude,variance,interquartile_range,semi_interquartile_range,coefficient_of_variation,skewness,kurtosis,label
6_141204154_141204417,1220640.000000001,8872.125270482762,319265424.0,208.63324615143796,7.209332809018214e-05,0.5392719608418777,19611484.295754462,19648733.11240401,2100.4852435290322,3307.626607924855,8872.125270482762,15616.930468701205,319265215.3667539,386072712922481.9,12309.30386077635,6154.651930388175,16.066558768969106,0.1853660625256974,0.27031745145632874,atomic_number
