nameseq,average,median,maximum,minimum,peak,none_levated_peak,sample_standard_deviation,population_standard_deviation,percentile15,percentile25,percentile50,percentile75,amplitude,variance,interquartile_range,semi_interquartile_range,coefficient_of_variation,skewness,kurtosis,label
6_154231940_154232448,2411092.0,23585.814929405253,1210065796.0,130.6606598369048,7.03692213597269e-05,0.7311227808577421,53581023.84464888,53633735.14499536,5858.247057923603,11114.70568089505,23585.814929405253,45193.921199226,1210065665.3393402,2876577545603511.0,34079.21551833095,17039.607759165476,22.22272059492084,0.13367640334717312,0.23111945977979984,atomic_number
