nameseq,average,median,maximum,minimum,peak,none_levated_peak,sample_standard_deviation,population_standard_deviation,percentile15,percentile25,percentile50,percentile75,amplitude,variance,interquartile_range,semi_interquartile_range,coefficient_of_variation,skewness,kurtosis,label
6_151388858_151389016,770011.9999999994,5706.501715154659,121132036.0,212.54689132199775,6.883009615434569e-05,0.35249430694203765,9575491.787361316,9605746.181191813,1724.3207552524693,2576.1604796399133,5706.501715154659,10708.307076746749,121131823.45310868,92270359697481.11,8132.1465971068355,4066.0732985534178,12.435509819796735,0.2394567867397634,0.2516762732488847,atomic_number
