nameseq,average,median,maximum,minimum,peak,none_levated_peak,sample_standard_deviation,population_standard_deviation,percentile15,percentile25,percentile50,percentile75,amplitude,variance,interquartile_range,semi_interquartile_range,coefficient_of_variation,skewness,kurtosis,label
6_151214810_151215362,2607491.999999998,18776.44023566142,1427479524.0,206.67218713747394,7.069372919776301e-05,0.8681264655498093,60646586.21620313,60701494.861417234,4742.788014179198,7310.017923765826,18776.44023566142,37545.068339539655,1427479317.327813,3684671478410663.0,30235.05041577383,15117.525207886914,23.25858956276881,0.1280557928125904,0.2754129061080309,atomic_number
