nameseq,average,median,maximum,minimum,peak,none_levated_peak,sample_standard_deviation,population_standard_deviation,percentile15,percentile25,percentile50,percentile75,amplitude,variance,interquartile_range,semi_interquartile_range,coefficient_of_variation,skewness,kurtosis,label
6_169792827_169792965,644428.0000000005,4023.4252280077926,88698724.0,127.2167801317078,7.189838637261773e-05,0.3355242789902683,7495681.918350592,7522791.163866896,1006.9620757865224,2498.8869309675547,4023.4252280077926,9490.616366348675,88698596.78321987,56592386895153.85,6991.72943538112,3495.86471769056,11.631527367449252,0.25630939856353147,0.20778770006224292,atomic_number
