nameseq,average,median,maximum,minimum,peak,none_levated_peak,sample_standard_deviation,population_standard_deviation,percentile15,percentile25,percentile50,percentile75,amplitude,variance,interquartile_range,semi_interquartile_range,coefficient_of_variation,skewness,kurtosis,label
6_160494355_160495219,4098339.999999992,25471.47537614277,3511036516.0,37.036337758601874,7.035368791592057e-05,1.1900448144717957,119308467.2173194,119377491.50265217,6209.503508538195,11058.142690740171,25471.47537614277,52573.27837112679,3511036478.963662,1.425098547746579e+16,41515.13568038662,20757.56784019331,29.11141272254611,0.1024118896072603,0.233054246843475,atomic_number
