nameseq,average,median,maximum,minimum,peak,none_levated_peak,sample_standard_deviation,population_standard_deviation,percentile15,percentile25,percentile50,percentile75,amplitude,variance,interquartile_range,semi_interquartile_range,coefficient_of_variation,skewness,kurtosis,label
6_162430891_162431204,1483496.0000000019,13252.074969347595,460188304.0,24.673276936502976,7.055406058841179e-05,0.557844038599583,25927533.897526,25968918.65474649,2681.136733147978,5065.19071154655,13252.074969347595,25734.35188276754,460188279.32672304,674384736096840.4,20669.16117122099,10334.580585610494,17.47731972147277,0.1701176746128113,0.267329830985804,atomic_number
