nameseq,average,median,maximum,minimum,peak,none_levated_peak,sample_standard_deviation,population_standard_deviation,percentile15,percentile25,percentile50,percentile75,amplitude,variance,interquartile_range,semi_interquartile_range,coefficient_of_variation,skewness,kurtosis,label
6_168643767_168643968,893096.0000000009,5658.394844130122,178596496.0,9.463807000886732,7.539316415405876e-05,0.454874340588359,12534236.08985757,12565377.09708274,1263.324946426071,2344.0751050342146,5658.394844130122,10440.403140544106,178596486.536193,157888701591891.44,8096.3280355098905,4048.1640177549452,14.034589887153853,0.212403276624245,0.16527728777509706,atomic_number
