nameseq,average,median,maximum,minimum,peak,none_levated_peak,sample_standard_deviation,population_standard_deviation,percentile15,percentile25,percentile50,percentile75,amplitude,variance,interquartile_range,semi_interquartile_range,coefficient_of_variation,skewness,kurtosis,label
6_161083377_161092206,41851896.00000018,341397.5133862524,364941642816.0,35.18268789722378,7.032735944228956e-05,4.181731190584786,3883451273.991779,3883671193.6495705,78193.938157527,142252.11824431518,341397.5133862524,722053.028799289,364941642780.8173,1.5082901940383478e+19,579800.9105549739,289900.45527748694,92.79033078911795,0.032067222342624255,0.24605280144697328,atomic_number
