nameseq,average,median,maximum,minimum,peak,none_levated_peak,sample_standard_deviation,population_standard_deviation,percentile15,percentile25,percentile50,percentile75,amplitude,variance,interquartile_range,semi_interquartile_range,coefficient_of_variation,skewness,kurtosis,label
6_164224013_164224183,804172.0000000007,4110.315976457031,136282276.0,10.699978705505535,7.088035892818943e-05,0.4052557943815646,10390699.70246701,10421215.773171857,893.9656678909671,1484.5214911572057,4110.315976457031,10771.136879766702,136282265.3000213,108601738191005.92,9286.615388609496,4643.307694304748,12.920991656594609,0.23099359242388337,0.24753651231749269,atomic_number
