nameseq,average,median,maximum,minimum,peak,none_levated_peak,sample_standard_deviation,population_standard_deviation,percentile15,percentile25,percentile50,percentile75,amplitude,variance,interquartile_range,semi_interquartile_range,coefficient_of_variation,skewness,kurtosis,label
6_162532185_162532243,271660.0,2015.578867989522,15856324.0,320.55497842825395,7.239441458686103e-05,0.16905228476015594,2046368.2294093603,2063933.9441190022,715.6580331525115,1017.8030146479956,2015.578867989522,3886.395043975958,15856003.445021572,4259823325686.6206,2868.5920293279623,1434.2960146639812,7.532828643927558,0.3953019069444371,0.2401004653962863,atomic_number
