nameseq,average,median,maximum,minimum,peak,none_levated_peak,sample_standard_deviation,population_standard_deviation,percentile15,percentile25,percentile50,percentile75,amplitude,variance,interquartile_range,semi_interquartile_range,coefficient_of_variation,skewness,kurtosis,label
6_170252588_170253290,3275228.000000007,21745.289804656957,2281208644.0,19.844146348989764,7.154718185522744e-05,1.0554834605237629,85975061.83898434,86036275.84591292,5020.170300060024,8005.4449088583,21745.289804656957,42021.715178173705,2281208624.1558537,7402240761434018.0,34016.270269315406,17008.135134657703,26.250099791215806,0.11352650317211281,0.26320177596341754,atomic_number
