nameseq,average,median,maximum,minimum,peak,none_levated_peak,sample_standard_deviation,population_standard_deviation,percentile15,percentile25,percentile50,percentile75,amplitude,variance,interquartile_range,semi_interquartile_range,coefficient_of_variation,skewness,kurtosis,label
6_20312676_20322388,45518660.00000026,359801.2081023142,436839039844.0,123.97725513784036,7.112833872233164e-05,4.520782943733971,4432225569.014881,4432453746.08878,81396.73347841317,144893.7646472676,359801.2081023142,752476.047023991,436839039720.02277,1.964664621121646e+19,607582.2823767234,303791.1411883617,97.3716179038411,0.030566263892973577,0.24969010835144734,atomic_number
