nameseq,average,median,maximum,minimum,peak,none_levated_peak,sample_standard_deviation,population_standard_deviation,percentile15,percentile25,percentile50,percentile75,amplitude,variance,interquartile_range,semi_interquartile_range,coefficient_of_variation,skewness,kurtosis,label
6_28846975_28847213,1133787.999999999,8942.265596333495,268238883.99999994,107.26124012912894,7.02659286098166e-05,0.48238221046091073,17313854.58256133,17350190.099090926,2278.629710081819,3826.0319155419274,8942.265596333495,17680.595899799253,268238776.73875982,301029096474592.8,13854.563984257326,6927.281992128663,15.27080422668201,0.19490386656070574,0.30419032905361154,atomic_number
