nameseq,average,median,maximum,minimum,peak,none_levated_peak,sample_standard_deviation,population_standard_deviation,percentile15,percentile25,percentile50,percentile75,amplitude,variance,interquartile_range,semi_interquartile_range,coefficient_of_variation,skewness,kurtosis,label
6_36546741_36549290,11847736.000000065,85792.2322832105,29877813904.0,4.652694156399885,7.174366478118649e-05,2.20438713445255,591550283.6111482,591666307.988769,21174.141065276464,37620.3121143848,85792.2322832105,173666.58303930535,29877813899.347305,3.5006902000906086e+17,136046.27092492057,68023.13546246028,49.92939441013414,0.05964975806916437,0.23746565148832827,atomic_number
