nameseq,average,median,maximum,minimum,peak,none_levated_peak,sample_standard_deviation,population_standard_deviation,percentile15,percentile25,percentile50,percentile75,amplitude,variance,interquartile_range,semi_interquartile_range,coefficient_of_variation,skewness,kurtosis,label
6_58856791_58857066,1238032.0000000014,13632.266357365193,336795904.0,33.22102972908237,7.431148790984393e-05,0.49868150109514425,20234909.469599314,20271666.82863143,3578.600704024978,5091.009481750312,13632.266357365193,22193.49236295659,336795870.77897024,410940476011035.94,17102.482881206277,8551.241440603138,16.34441554790126,0.18152782973635137,0.22248176716063925,atomic_number
