nameseq,average,median,maximum,minimum,peak,none_levated_peak,sample_standard_deviation,population_standard_deviation,percentile15,percentile25,percentile50,percentile75,amplitude,variance,interquartile_range,semi_interquartile_range,coefficient_of_variation,skewness,kurtosis,label
6_5852123_5878050,120757440.00000067,769443.631479866,3101839529616.0,2.3323637414515055,7.157046941924753e-05,8.601753167939252,19263104715.340538,19263476199.10216,184865.13552944976,324744.6575506516,769443.631479866,1521710.9089288102,3101839529613.6675,3.7108151527337545e+20,1196966.2513781586,598483.1256890793,159.51898877071616,0.018686706760146422,0.24582309280284362,atomic_number
