nameseq,average,median,maximum,minimum,peak,none_levated_peak,sample_standard_deviation,population_standard_deviation,percentile15,percentile25,percentile50,percentile75,amplitude,variance,interquartile_range,semi_interquartile_range,coefficient_of_variation,skewness,kurtosis,label
6_58472977_58473194,1027304.0000000002,7010.444644986288,221652544.0,51.18273315683407,7.073530976874095e-05,0.4570019898093038,14977020.84688407,15011490.445634414,1727.0908857992667,3243.9861428569266,7010.444644986288,14618.607530581394,221652492.81726685,225344845399373.28,11374.621387724466,5687.310693862233,14.578957004824343,0.20437179712558456,0.22398960353398262,atomic_number
