nameseq,average,median,maximum,minimum,peak,none_levated_peak,sample_standard_deviation,population_standard_deviation,percentile15,percentile25,percentile50,percentile75,amplitude,variance,interquartile_range,semi_interquartile_range,coefficient_of_variation,skewness,kurtosis,label
6_76918679_76918779,472052.0000000002,3089.7803991451037,47306884.0,156.57649931523468,7.131982634681487e-05,0.2724393559829594,4683484.264368997,4706843.433038529,1172.596455869307,1805.5457075027148,3089.7803991451037,4548.9152926884635,47306727.42350069,22154375103137.92,2743.3695851857487,1371.6847925928744,9.921543101965451,0.30039316444508524,0.18896853321084364,atomic_number
