nameseq,average,median,maximum,minimum,peak,none_levated_peak,sample_standard_deviation,population_standard_deviation,percentile15,percentile25,percentile50,percentile75,amplitude,variance,interquartile_range,semi_interquartile_range,coefficient_of_variation,skewness,kurtosis,label
6_78912745_78913694,4492280.000000009,39224.701223560405,4210971664.0,97.6363058797326,7.049130211533253e-05,1.1273450053751357,136548114.18560866,136620038.40138653,8836.831333011989,15103.392125281393,39224.701223560405,77296.97097874287,4210971566.363694,1.866503489279633e+16,62193.578853461484,31096.789426730742,30.39617169579999,0.09783486191666001,0.2238621952172248,atomic_number
