nameseq,average,median,maximum,minimum,peak,none_levated_peak,sample_standard_deviation,population_standard_deviation,percentile15,percentile25,percentile50,percentile75,amplitude,variance,interquartile_range,semi_interquartile_range,coefficient_of_variation,skewness,kurtosis,label
6_83182556_83185593,14526999.99999997,137342.68164688174,43508953744.0,110.44837449057165,6.970927697849994e-05,2.1661467234726723,789243894.8004183,789373822.1854124,33020.377400801466,56221.49462152761,137342.68164688174,287481.04846681404,43508953633.55163,6.23111031151607e+17,231259.55384528643,115629.77692264321,54.329448255002404,0.05469661816766503,0.2541466730456226,atomic_number
