nameseq,average,median,maximum,minimum,peak,none_levated_peak,sample_standard_deviation,population_standard_deviation,percentile15,percentile25,percentile50,percentile75,amplitude,variance,interquartile_range,semi_interquartile_range,coefficient_of_variation,skewness,kurtosis,label
6_86638096_86647275,42975727.99999947,308678.7216797662,390435023104.0,34.268016753675724,7.120298229735718e-05,4.653574172623774,4074771688.2980046,4074993643.8875856,71622.9312564834,123883.03640430658,308678.7216797662,600235.495073456,390435023069.732,1.6605573197724221e+19,476352.4586691494,238176.2293345747,94.81565241426637,0.031413084615895134,0.24579067869919285,atomic_number
