nameseq,average,median,maximum,minimum,peak,none_levated_peak,sample_standard_deviation,population_standard_deviation,percentile15,percentile25,percentile50,percentile75,amplitude,variance,interquartile_range,semi_interquartile_range,coefficient_of_variation,skewness,kurtosis,label
6_86557690_86558629,4437648.000000004,28289.350921493642,4133975616.0,168.40202994363838,7.060797371340247e-05,1.2726495070932007,134762383.7029666,134834123.06588802,7320.409468537413,12406.646593788006,28289.350921493642,54450.02025633796,4133975447.59797,1.818024074294703e+16,42043.37366254995,21021.686831274976,30.367975040599543,0.09815851859961075,0.22835679513386298,atomic_number
