nameseq,average,median,maximum,minimum,peak,none_levated_peak,sample_standard_deviation,population_standard_deviation,percentile15,percentile25,percentile50,percentile75,amplitude,variance,interquartile_range,semi_interquartile_range,coefficient_of_variation,skewness,kurtosis,label
6_86731518_86731767,1129768.0000000014,10036.151811981817,279558400.0,145.00035712421058,7.37614566294436e-05,0.5072894445498229,17644700.779933225,17680096.403831374,2565.273772468414,4112.947307865801,10036.151811981817,15523.07334838142,279558254.99964285,312585808848771.06,11410.126040515619,5705.0630202578095,15.61798597582265,0.1903798532182744,0.25305025684327853,atomic_number
