nameseq,average,median,maximum,minimum,peak,none_levated_peak,sample_standard_deviation,population_standard_deviation,percentile15,percentile25,percentile50,percentile75,amplitude,variance,interquartile_range,semi_interquartile_range,coefficient_of_variation,skewness,kurtosis,label
6_8679845_8684626,22146040.00000007,153839.41818467085,104846440000.0,24.848344496912578,7.197675069673832e-05,3.3005873668781227,1516011790.279026,1516170327.4601421,34251.66049377031,62137.98544467865,153839.41818467085,306648.2209026454,104846439975.15166,2.2987724618705948e+18,244510.23545796674,122255.11772898337,68.45520870905233,0.043519847384104464,0.2560905115569561,atomic_number
