nameseq,average,median,maximum,minimum,peak,none_levated_peak,sample_standard_deviation,population_standard_deviation,percentile15,percentile25,percentile50,percentile75,amplitude,variance,interquartile_range,semi_interquartile_range,coefficient_of_variation,skewness,kurtosis,label
6_87029479_87038352,41745895.99999941,244496.62029391102,367085727376.0,83.60253606546472,7.085726462788203e-05,4.851842213865764,3896573466.53715,3896793035.0982533,60826.26787712125,104033.16401716352,244496.62029391102,520673.40281393094,367085727292.39746,1.5184995958390258e+19,416640.23879676743,208320.11939838371,93.34027628816986,0.03195222654168568,0.24409093215372762,atomic_number
