nameseq,average,median,maximum,minimum,peak,none_levated_peak,sample_standard_deviation,population_standard_deviation,percentile15,percentile25,percentile50,percentile75,amplitude,variance,interquartile_range,semi_interquartile_range,coefficient_of_variation,skewness,kurtosis,label
6_87384220_87384383,745679.9999999998,4380.582521766695,121352256.0,1.0715499879588757,7.331116117726998e-05,0.4079010278570531,9446637.747916028,9475570.856240932,939.1537375056953,1871.435196787933,4380.582521766695,7346.66395651501,121352254.92845002,89786443051642.5,5475.228759727077,2737.6143798635385,12.668487485135756,0.2354169082989661,0.19505980675593546,atomic_number
