nameseq,average,median,maximum,minimum,peak,none_levated_peak,sample_standard_deviation,population_standard_deviation,percentile15,percentile25,percentile50,percentile75,amplitude,variance,interquartile_range,semi_interquartile_range,coefficient_of_variation,skewness,kurtosis,label
6_87485061_87488730,17033176.00000007,130950.9937154949,61799971215.999985,337.16063689308254,7.182062425312391e-05,2.6812944745918443,1019987172.260567,1020126163.4954234,29696.389175589647,52885.6586719477,130950.9937154949,263015.3421905384,61799970878.83935,1.0406573894478915e+18,210129.68351859073,105064.84175929536,59.88238319504024,0.04971305169110514,0.24057839297415481,atomic_number
