nameseq,average,median,maximum,minimum,peak,none_levated_peak,sample_standard_deviation,population_standard_deviation,percentile15,percentile25,percentile50,percentile75,amplitude,variance,interquartile_range,semi_interquartile_range,coefficient_of_variation,skewness,kurtosis,label
6_87012924_87014906,9450235.999999993,82358.29485924069,18501984484.0,15.64346872628304,6.99453431639168e-05,1.7690194846336065,415379084.710786,415483859.3586147,16280.660948394638,32802.66835205953,82358.29485924069,169934.27085774706,18501984468.356533,1.726268373875291e+17,137131.60250568754,68565.80125284377,43.954361003342804,0.06765779537260486,0.25741210813215293,atomic_number
