nameseq,average,median,maximum,minimum,peak,none_levated_peak,sample_standard_deviation,population_standard_deviation,percentile15,percentile25,percentile50,percentile75,amplitude,variance,interquartile_range,semi_interquartile_range,coefficient_of_variation,skewness,kurtosis,label
6_87931113_87937467,29428588.000000134,215720.4780985873,184987730404.0,7.147476922776714,7.19821601136053e-05,3.7319501287035344,2320332528.4017334,2320515109.550728,53230.82946802315,92479.67097966884,215720.4780985873,434197.6389919506,184987730396.8525,5.384790373653226e+18,341717.96801228175,170858.98400614088,78.84620656627231,0.037769846128938654,0.2429677703653702,atomic_number
