nameseq,average,median,maximum,minimum,peak,none_levated_peak,sample_standard_deviation,population_standard_deviation,percentile15,percentile25,percentile50,percentile75,amplitude,variance,interquartile_range,semi_interquartile_range,coefficient_of_variation,skewness,kurtosis,label
7_119950885_119951178,1440855.9999999993,9713.703803165936,419758144.0,8.067601457905516,6.801512434275184e-05,0.5735890530598311,24438360.20272391,24480028.366319776,2164.798149614932,3693.2987209915264,9713.703803165936,17800.18551794026,419758135.93239856,599271788815820.9,14106.886796948733,7053.443398474366,16.961001101236988,0.17568391876440026,0.22839466625685384,atomic_number
