nameseq,average,median,maximum,minimum,peak,none_levated_peak,sample_standard_deviation,population_standard_deviation,percentile15,percentile25,percentile50,percentile75,amplitude,variance,interquartile_range,semi_interquartile_range,coefficient_of_variation,skewness,kurtosis,label
7_123305258_123305393,646687.9999999998,2921.6345238254466,87310336.0,24.494837433157063,7.010078018044768e-05,0.35307280709427397,7458820.856979473,7486395.150120345,739.7814004054279,1162.4439250729013,2921.6345238254466,6744.74016895984,87310311.50516257,56046112343745.42,5582.296243886939,2791.1481219434695,11.533878558098303,0.25892820506894737,0.23347781362222597,atomic_number
