nameseq,average,median,maximum,minimum,peak,none_levated_peak,sample_standard_deviation,population_standard_deviation,percentile15,percentile25,percentile50,percentile75,amplitude,variance,interquartile_range,semi_interquartile_range,coefficient_of_variation,skewness,kurtosis,label
7_121241600_121241927,1564992.0000000005,9328.081599490171,508412304.0,99.66611458807957,6.98619119671751e-05,0.6237951903447396,28028725.694693148,28071550.35785586,2668.975117610239,3680.4560121326035,9328.081599490171,19176.249090066303,508412204.33388543,788011939493637.5,15495.7930779337,7747.89653896685,17.9098204301959,0.16650745403260203,0.22525715723735307,atomic_number
