nameseq,average,median,maximum,minimum,peak,none_levated_peak,sample_standard_deviation,population_standard_deviation,percentile15,percentile25,percentile50,percentile75,amplitude,variance,interquartile_range,semi_interquartile_range,coefficient_of_variation,skewness,kurtosis,label
7_12681083_12681272,900664.0000000009,9187.403739350022,168688144.0,115.41154919239986,7.031849095038024e-05,0.3768650600699492,12204750.086014872,12236995.188672489,1809.842634051552,3600.9431771006766,9187.403739350022,16989.946354677457,168688028.58845082,149744051247593.66,13389.00317757678,6694.50158878839,13.550835923290883,0.21913023781179403,0.22351442927131354,atomic_number
