nameseq,average,median,maximum,minimum,peak,none_levated_peak,sample_standard_deviation,population_standard_deviation,percentile15,percentile25,percentile50,percentile75,amplitude,variance,interquartile_range,semi_interquartile_range,coefficient_of_variation,skewness,kurtosis,label
7_13718807_13722641,18123628.00000002,160708.86523036304,68584276996.0,3.211046345900812,7.053407481842664e-05,2.5526095173717946,1107347021.9058974,1107491423.943664,39378.26432429446,68853.93400862478,160708.86523036304,325414.22111181944,68584276992.788956,1.2265372541087644e+18,256560.28710319466,128280.14355159733,61.09963313669295,0.04866474225176401,0.23003208492335336,atomic_number
