nameseq,average,median,maximum,minimum,peak,none_levated_peak,sample_standard_deviation,population_standard_deviation,percentile15,percentile25,percentile50,percentile75,amplitude,variance,interquartile_range,semi_interquartile_range,coefficient_of_variation,skewness,kurtosis,label
7_130405297_130405703,1938076.0000000012,13511.716032047494,780308356.0,91.532627226534,7.000069484719205e-05,0.6876699257907946,38629873.7934982,38677418.27154569,4492.803614334614,6127.24294505449,13511.716032047494,27079.593610522777,780308264.4673728,1495942684152096.8,20952.350665468286,10476.175332734143,19.932073764650188,0.14946186163506525,0.23514624192327238,atomic_number
