nameseq,average,median,maximum,minimum,peak,none_levated_peak,sample_standard_deviation,population_standard_deviation,percentile15,percentile25,percentile50,percentile75,amplitude,variance,interquartile_range,semi_interquartile_range,coefficient_of_variation,skewness,kurtosis,label
7_137603336_137623613,94566999.9999999,600845.1689160878,1899347036223.9993,78.99396442435352,7.147666028671038e-05,7.48591764078392,13337697097.184368,13338025980.46734,135049.27386955166,247747.34045063567,600845.1689160878,1225862.5905110617,1899347036145.0054,1.7790293705562174e+20,978115.2500604261,489057.62503021304,141.03965545258265,0.021135467572791194,0.24354468995371445,atomic_number
