nameseq,average,median,maximum,minimum,peak,none_levated_peak,sample_standard_deviation,population_standard_deviation,percentile15,percentile25,percentile50,percentile75,amplitude,variance,interquartile_range,semi_interquartile_range,coefficient_of_variation,skewness,kurtosis,label
7_136518517_136518590,345832.0,3956.314709173782,25200400.0,25.757720203036055,7.132557619499256e-05,0.18764598262353363,2909011.8374018352,2928868.804010326,569.7445663436636,2030.7271156759866,3956.314709173782,7466.530188865155,25200374.242279798,8578272471104.877,5435.803073189169,2717.9015365945843,8.411632924084051,0.35256888359330657,0.17794885403154825,atomic_number
