nameseq,average,median,maximum,minimum,peak,none_levated_peak,sample_standard_deviation,population_standard_deviation,percentile15,percentile25,percentile50,percentile75,amplitude,variance,interquartile_range,semi_interquartile_range,coefficient_of_variation,skewness,kurtosis,label
7_149518097_149519283,5388075.999999992,39392.727629984714,6329475364.0,13.506142810766013,7.343375755402621e-05,1.4365818686333356,183635030.6776915,183712432.16929618,8427.199780028173,15005.9531105304,39392.727629984714,76755.42240346342,6329475350.493857,3.3750257733558252e+16,61749.46929293303,30874.734646466513,34.08174470398929,0.08738011346687645,0.24906498916008854,atomic_number
