nameseq,average,median,maximum,minimum,peak,none_levated_peak,sample_standard_deviation,population_standard_deviation,percentile15,percentile25,percentile50,percentile75,amplitude,variance,interquartile_range,semi_interquartile_range,coefficient_of_variation,skewness,kurtosis,label
7_148328510_148328594,403476.0,3141.588503162534,33942276.0,40.00451463566454,7.022309464090387e-05,0.22266212405680694,3659384.489839787,3681102.0958739542,1081.8090014085558,1496.275978459543,3141.588503162534,6178.284678619745,33942235.995485365,13550512640247.62,4682.008700160202,2341.004350080101,9.069646000852064,0.32819815404067965,0.27662371909911715,atomic_number
