nameseq,average,median,maximum,minimum,peak,none_levated_peak,sample_standard_deviation,population_standard_deviation,percentile15,percentile25,percentile50,percentile75,amplitude,variance,interquartile_range,semi_interquartile_range,coefficient_of_variation,skewness,kurtosis,label
7_146825308_146825920,2875828.0000000037,23264.769615453828,1740725284.0,77.9280466673341,7.105200079188779e-05,0.8658885694464495,70248410.36178558,70305779.42840032,6052.566626269922,10875.126458411241,23264.769615453828,48295.17336522753,1740725206.0719533,4942902621034879.0,37420.046906816286,18710.023453408143,24.42719465899403,0.12182040343803915,0.23739679709751876,atomic_number
