nameseq,average,median,maximum,minimum,peak,none_levated_peak,sample_standard_deviation,population_standard_deviation,percentile15,percentile25,percentile50,percentile75,amplitude,variance,interquartile_range,semi_interquartile_range,coefficient_of_variation,skewness,kurtosis,label
7_145027135_145027439,1433827.9999999995,9193.739058286532,433056100.0,255.03785757162123,7.090576182545375e-05,0.5831357603129613,24755238.345228832,24795920.769297432,2545.874630724788,4841.815964865293,9193.739058286532,20901.71569082131,433055844.9621424,614837686797275.8,16059.899725956018,8029.949862978009,17.2651380397292,0.17264640005572252,0.24571822993804956,atomic_number
