nameseq,average,median,maximum,minimum,peak,none_levated_peak,sample_standard_deviation,population_standard_deviation,percentile15,percentile25,percentile50,percentile75,amplitude,variance,interquartile_range,semi_interquartile_range,coefficient_of_variation,skewness,kurtosis,label
7_146720299_146720541,1165388.0000000035,6028.65654143176,281098756.0,46.0931896606802,6.950474863307307e-05,0.538582800706882,17994800.736825287,18031941.747933023,1553.1599922708049,2322.6836092785434,6028.65654143176,12219.046565856757,281098709.90681034,325150923200849.9,9896.362956578214,4948.181478289107,15.441038295250365,0.19328238646499907,0.28058885402250006,atomic_number
