nameseq,average,median,maximum,minimum,peak,none_levated_peak,sample_standard_deviation,population_standard_deviation,percentile15,percentile25,percentile50,percentile75,amplitude,variance,interquartile_range,semi_interquartile_range,coefficient_of_variation,skewness,kurtosis,label
7_145769661_145770190,2452487.999999992,15163.95077326928,1288235664.0,127.69365808856713,7.203569055859487e-05,0.8891036339348194,55903620.16341768,55956434.17629564,3183.822086961856,6277.129149461186,15163.95077326928,32960.52980468136,1288235536.306342,3131122525726106.5,26683.400655220175,13341.700327610088,22.794655942625557,0.13079604015456928,0.2576741819950896,atomic_number
