nameseq,average,median,maximum,minimum,peak,none_levated_peak,sample_standard_deviation,population_standard_deviation,percentile15,percentile25,percentile50,percentile75,amplitude,variance,interquartile_range,semi_interquartile_range,coefficient_of_variation,skewness,kurtosis,label
7_168321097_168321276,823440.000000001,4549.357729049581,146894400.0,95.6846526621163,7.286505392013981e-05,0.4198608709203493,10917859.019247318,10948313.35739807,1542.3338414663403,2513.0355235013253,4549.357729049581,9678.300636608838,146894304.31534734,119865565371781.0,7165.265113107513,3582.6325565537563,13.258839768832342,0.2250140730414211,0.19436739775696366,atomic_number
