nameseq,average,median,maximum,minimum,peak,none_levated_peak,sample_standard_deviation,population_standard_deviation,percentile15,percentile25,percentile50,percentile75,amplitude,variance,interquartile_range,semi_interquartile_range,coefficient_of_variation,skewness,kurtosis,label
7_165336513_165336740,1042383.9999999998,6480.000000000001,235315600.0,22.030897091146766,7.290979140124945e-05,0.48646151510991936,15549262.746536635,15583474.587118095,1462.237788229012,2879.437155279412,6480.000000000001,14645.078320733932,235315577.96910292,242844680207355.5,11765.641165454519,5882.8205827272595,14.917019780173755,0.19986233756916838,0.24392944949688944,atomic_number
