nameseq,average,median,maximum,minimum,peak,none_levated_peak,sample_standard_deviation,population_standard_deviation,percentile15,percentile25,percentile50,percentile75,amplitude,variance,interquartile_range,semi_interquartile_range,coefficient_of_variation,skewness,kurtosis,label
7_16531435_16531544,550104.0000000001,4318.4746255550435,59721984.0,134.2612271321757,6.66540629893014e-05,0.2571008139346126,5667643.681813457,5693582.690018069,778.4563225085875,1431.750606713574,4318.4746255550435,10668.681172439006,59721849.73877287,32416883848073.395,9236.930565725432,4618.465282862716,10.302858517323008,0.28889546838968455,0.23302271037460054,atomic_number
