nameseq,average,median,maximum,minimum,peak,none_levated_peak,sample_standard_deviation,population_standard_deviation,percentile15,percentile25,percentile50,percentile75,amplitude,variance,interquartile_range,semi_interquartile_range,coefficient_of_variation,skewness,kurtosis,label
7_170388269_170388543,1284204.0000000016,7370.534796183933,350213796.0,165.20079666326018,7.13801441723173e-05,0.575139654404003,21079610.22838819,21118041.637192283,1760.1744701626237,3015.093962049329,7370.534796183933,15330.231240184914,350213630.79920334,445971682590186.9,12315.137278135586,6157.568639067793,16.414534005802945,0.18171590243413832,0.24838158419992792,atomic_number
