nameseq,average,median,maximum,minimum,peak,none_levated_peak,sample_standard_deviation,population_standard_deviation,percentile15,percentile25,percentile50,percentile75,amplitude,variance,interquartile_range,semi_interquartile_range,coefficient_of_variation,skewness,kurtosis,label
7_173799012_173799077,308520.0,2383.8538957187807,20142144.0,16.0,7.130818099312849e-05,0.18544603761913203,2460060.669391712,2478911.9846844967,527.2747103045332,1095.9132671213101,2383.8538957187807,4924.897996698504,20142128.0,6145004627812.431,3828.9847295771942,1914.4923647885971,7.97374779395732,0.37332755640532,0.25469168090872396,atomic_number
