nameseq,average,median,maximum,minimum,peak,none_levated_peak,sample_standard_deviation,population_standard_deviation,percentile15,percentile25,percentile50,percentile75,amplitude,variance,interquartile_range,semi_interquartile_range,coefficient_of_variation,skewness,kurtosis,label
7_17887417_17887561,648003.9999999995,4121.679908160214,93045316.0,56.20199785876466,7.45880169463975e-05,0.35851395688484156,7699779.656633299,7726468.747600894,615.7118269103958,1392.7309700557037,4121.679908160214,7791.2846475814,93045259.79800214,59698319307653.336,6398.553677525697,3199.2768387628485,11.882302665775681,0.25087042050760755,0.20045537839815272,atomic_number
