nameseq,average,median,maximum,minimum,peak,none_levated_peak,sample_standard_deviation,population_standard_deviation,percentile15,percentile25,percentile50,percentile75,amplitude,variance,interquartile_range,semi_interquartile_range,coefficient_of_variation,skewness,kurtosis,label
7_171557301_171557572,1263903.999999999,7252.339343607501,340771600.0,144.0,7.173540606459568e-05,0.5641668920959919,20623627.00268447,20661642.937256694,2047.7838657839698,2772.385587714221,7252.339343607501,14554.11000316246,340771456.0,426903488866689.44,11781.724415448238,5890.862207724119,16.31739989958453,0.182797864870154,0.24063352008093597,atomic_number
