nameseq,average,median,maximum,minimum,peak,none_levated_peak,sample_standard_deviation,population_standard_deviation,percentile15,percentile25,percentile50,percentile75,amplitude,variance,interquartile_range,semi_interquartile_range,coefficient_of_variation,skewness,kurtosis,label
7_29422796_29423164,1755939.9999999993,10229.45444034897,642825316.0,27.68819217239472,7.00479515245396e-05,0.7105044094952869,33418054.033920288,33463428.194715172,1997.134433612971,3641.2179255019782,10229.45444034897,19502.864222270353,642825288.3118079,1119801026542858.4,15861.646296768375,7930.823148384187,19.03143275619913,0.15671563734271035,0.2673963402386407,atomic_number
