nameseq,average,median,maximum,minimum,peak,none_levated_peak,sample_standard_deviation,population_standard_deviation,percentile15,percentile25,percentile50,percentile75,amplitude,variance,interquartile_range,semi_interquartile_range,coefficient_of_variation,skewness,kurtosis,label
7_43324782_43324967,870920.0000000003,4175.74429031757,160782400.0,5.362816834032709,7.118908740182792e-05,0.44670246425306487,11756928.100731077,11788660.757907761,1411.482085397635,1927.731253684917,4175.74429031757,7681.884383068755,160782394.63718316,138972522465034.38,5754.153129383838,2877.076564691919,13.499435195805667,0.22116600057861707,0.18818536208689884,atomic_number
