nameseq,average,median,maximum,minimum,peak,none_levated_peak,sample_standard_deviation,population_standard_deviation,percentile15,percentile25,percentile50,percentile75,amplitude,variance,interquartile_range,semi_interquartile_range,coefficient_of_variation,skewness,kurtosis,label
7_5194104_5194391,1369472.0000000012,9804.396062773834,390457600.0,42.04679379596994,7.010000934666786e-05,0.5542147607177115,22967149.580700517,23007127.242949963,2219.823897229381,4379.4915049656,9804.396062773834,20598.787753592864,390457557.9532062,529327903973290.4,16219.296248627263,8109.648124313631,16.770806252848175,0.17760161301162514,0.2961892688389122,atomic_number
