nameseq,average,median,maximum,minimum,peak,none_levated_peak,sample_standard_deviation,population_standard_deviation,percentile15,percentile25,percentile50,percentile75,amplitude,variance,interquartile_range,semi_interquartile_range,coefficient_of_variation,skewness,kurtosis,label
7_65135825_65135940,554927.9999999999,4135.495532410133,63680400.0,16.0,6.967870906976522e-05,0.2873735821890946,5886484.927030732,5912022.942500168,679.4338338995547,1372.3790891836356,4135.495532410133,8692.307627033657,63680384.0,34952015272648.348,7319.928537850021,3659.9642689250104,10.607655276055151,0.28070699812974187,0.29707912848207313,atomic_number
