nameseq,average,median,maximum,minimum,peak,none_levated_peak,sample_standard_deviation,population_standard_deviation,percentile15,percentile25,percentile50,percentile75,amplitude,variance,interquartile_range,semi_interquartile_range,coefficient_of_variation,skewness,kurtosis,label
7_65417917_65431703,64208939.99999961,419804.3975133041,876646454435.9998,213.83773910205795,7.15736261440649e-05,6.000338612840503,7465751576.546766,7466022344.579372,99175.64084689939,178273.23817261565,419804.3975133041,860278.5393496249,876646454222.162,5.574148964975846e+19,682005.3011770092,341002.6505885046,116.2727741113124,0.02563270487175447,0.2481652353514805,atomic_number
