nameseq,average,median,maximum,minimum,peak,none_levated_peak,sample_standard_deviation,population_standard_deviation,percentile15,percentile25,percentile50,percentile75,amplitude,variance,interquartile_range,semi_interquartile_range,coefficient_of_variation,skewness,kurtosis,label
7_95138525_95140416,8763952.000000011,70500.60645466662,16379904256.0,10.441005265200893,7.196144692105409e-05,1.7804824520768814,376472437.2874752,376571967.34533775,16571.314536483507,30880.52538715984,70500.60645466662,142613.42434844008,16379904245.558994,1.4180644659033811e+17,111732.89896128024,55866.44948064012,42.95692597214986,0.06927560054209497,0.22768350940798068,atomic_number
