nameseq,average,median,maximum,minimum,peak,none_levated_peak,sample_standard_deviation,population_standard_deviation,percentile15,percentile25,percentile50,percentile75,amplitude,variance,interquartile_range,semi_interquartile_range,coefficient_of_variation,skewness,kurtosis,label
7_95584935_95591563,30666515.999999817,207974.2412425816,201265287876.0,441.04739697275517,7.20547018339703e-05,3.9905404820420016,2471789341.0462666,2471975799.7151885,46040.19208509025,85333.39334682353,207974.2412425816,417621.0316366553,201265287434.9526,6.110664354377545e+18,332287.63828983175,166143.81914491588,80.6022223406885,0.03696739999598589,0.2501284267077057,atomic_number
