nameseq,average,median,maximum,minimum,peak,none_levated_peak,sample_standard_deviation,population_standard_deviation,percentile15,percentile25,percentile50,percentile75,amplitude,variance,interquartile_range,semi_interquartile_range,coefficient_of_variation,skewness,kurtosis,label
7_95309894_95310121,1069839.9999999995,6926.145648846131,241615936.0,107.80666199426452,7.103865998654008e-05,0.4828857967456697,15965608.204092694,16000736.09739337,1772.8405495886384,3181.561894478518,6926.145648846131,14351.858982338676,241615828.193338,256023555658427.22,11170.297087860157,5585.148543930079,14.923360693274416,0.19972565543954934,0.263157060094666,atomic_number
