nameseq,average,median,maximum,minimum,peak,none_levated_peak,sample_standard_deviation,population_standard_deviation,percentile15,percentile25,percentile50,percentile75,amplitude,variance,interquartile_range,semi_interquartile_range,coefficient_of_variation,skewness,kurtosis,label
7_98994074_98994579,2297192.0000000102,17531.51583431791,1148938816.0,44.02252173835842,7.342297320670884e-05,0.8072120872381922,51024891.22179394,51075385.93105482,3480.7349230421823,6604.3378357926795,17531.51583431791,36469.36160802697,1148938771.9774783,2608695048006193.0,29865.023772234294,14932.511886117147,22.211853089247096,0.13403225932946203,0.264927090081102,atomic_number
