nameseq,average,median,maximum,minimum,peak,none_levated_peak,sample_standard_deviation,population_standard_deviation,percentile15,percentile25,percentile50,percentile75,amplitude,variance,interquartile_range,semi_interquartile_range,coefficient_of_variation,skewness,kurtosis,label
8_102983596_102986615,13935504.000000056,93197.20817674762,41669873424.0,10.089732141839654,7.223754997785962e-05,2.55127605159612,758132942.8803856,758258492.7600044,20904.799960605193,38007.486785244335,93197.20817674762,191992.63358371705,41669873413.91027,5.7495594184267366e+17,153985.1467984727,76992.57339923635,54.402979819056604,0.054775248543739684,0.24690968870398247,atomic_number
