nameseq,average,median,maximum,minimum,peak,none_levated_peak,sample_standard_deviation,population_standard_deviation,percentile15,percentile25,percentile50,percentile75,amplitude,variance,interquartile_range,semi_interquartile_range,coefficient_of_variation,skewness,kurtosis,label
8_119696543_119696798,1153151.9999999972,5466.640161565927,293231376.0,48.49077796388794,7.400007400007417e-05,0.5886538322592508,18290649.406359743,18326478.332775425,1379.2147632952588,2527.1332041843607,5466.640161565927,11387.012877420038,293231327.50922203,335859808081687.06,8859.879673235679,4429.939836617839,15.861438393516021,0.18824132500829233,0.26547009389230597,atomic_number
