nameseq,average,median,maximum,minimum,peak,none_levated_peak,sample_standard_deviation,population_standard_deviation,percentile15,percentile25,percentile50,percentile75,amplitude,variance,interquartile_range,semi_interquartile_range,coefficient_of_variation,skewness,kurtosis,label
8_11972255_11972389,607899.9999999995,3304.0536471662513,81396484.0,121.12988935199819,7.402533311399907e-05,0.3464050272259681,6979072.283551733,7005065.193945086,1119.1204728470937,1574.1667419945315,3304.0536471662513,6899.483195340736,81396362.87011065,49070938371420.9,5325.316453346204,2662.658226673102,11.480625569257672,0.259889533360076,0.21746794614887666,atomic_number
