nameseq,average,median,maximum,minimum,peak,none_levated_peak,sample_standard_deviation,population_standard_deviation,percentile15,percentile25,percentile50,percentile75,amplitude,variance,interquartile_range,semi_interquartile_range,coefficient_of_variation,skewness,kurtosis,label
8_110631732_110632265,2462999.999999997,20567.314244091132,1298593296.0,101.98003011855104,7.226958993097856e-05,0.7983093653831466,56141644.80956987,56194285.838302605,5423.953555399235,8905.47636964438,20567.314244091132,43200.349930912314,1298593194.01997,3157797760876857.0,34294.87356126793,17147.436780633965,22.794009260889133,0.13051448852490177,0.24513292092454006,atomic_number
