nameseq,average,median,maximum,minimum,peak,none_levated_peak,sample_standard_deviation,population_standard_deviation,percentile15,percentile25,percentile50,percentile75,amplitude,variance,interquartile_range,semi_interquartile_range,coefficient_of_variation,skewness,kurtosis,label
8_125396909_125417521,95704307.99999917,617229.7247255148,1953582062436.0,68.15143830316387,7.179405131898618e-05,7.5140152995069,13606621907.12901,13606951968.667877,141014.592863016,249930.5844644671,617229.7247255148,1270330.6375690242,1953582062367.8486,1.8514914187763463e+20,1020400.0531045571,510200.02655227855,142.1735571937799,0.020964882891054838,0.2447882866567156,atomic_number
