nameseq,average,median,maximum,minimum,peak,none_levated_peak,sample_standard_deviation,population_standard_deviation,percentile15,percentile25,percentile50,percentile75,amplitude,variance,interquartile_range,semi_interquartile_range,coefficient_of_variation,skewness,kurtosis,label
8_120576404_120584756,39212995.999999955,277449.30667256506,324136648900.0,87.75878347838369,7.1005371110469e-05,4.413259828677054,3546339876.1397214,3546552174.6149416,62037.7237379998,112881.66352597975,277449.30667256506,553838.4600451423,324136648812.2412,1.2578032327265972e+19,440956.7965191626,220478.3982595813,90.43787106039349,0.03293723787329969,0.23987544975030628,atomic_number
