nameseq,average,median,maximum,minimum,peak,none_levated_peak,sample_standard_deviation,population_standard_deviation,percentile15,percentile25,percentile50,percentile75,amplitude,variance,interquartile_range,semi_interquartile_range,coefficient_of_variation,skewness,kurtosis,label
8_120735481_120735719,1119963.9999999988,7458.764628587408,265103524.0,232.79456354427995,7.113323880648553e-05,0.5000349690382826,17111516.323074587,17147427.204804517,1619.1332327912125,2829.632152308357,7458.764628587408,13905.817537025743,265103291.20543647,294034259744070.06,11076.185384717386,5538.092692358693,15.278630673016815,0.1950450002851969,0.2169755159790531,atomic_number
