nameseq,average,median,maximum,minimum,peak,none_levated_peak,sample_standard_deviation,population_standard_deviation,percentile15,percentile25,percentile50,percentile75,amplitude,variance,interquartile_range,semi_interquartile_range,coefficient_of_variation,skewness,kurtosis,label
8_125229218_125229358,683091.9999999998,3875.4266144526177,95609284.0,3.7253489506923274,6.88047876420746e-05,0.35602629659811474,8022729.099827314,8051330.720312839,1092.0083258620875,1554.2887361547237,3875.4266144526177,6896.594980632583,95609280.27465105,64823926367853.26,5342.30624447786,2671.15312223893,11.744727064330013,0.25398460982566406,0.27517217275498884,atomic_number
