nameseq,average,median,maximum,minimum,peak,none_levated_peak,sample_standard_deviation,population_standard_deviation,percentile15,percentile25,percentile50,percentile75,amplitude,variance,interquartile_range,semi_interquartile_range,coefficient_of_variation,skewness,kurtosis,label
8_125266199_125266411,957844.0000000002,6476.572929654109,201810436.0,9.370069464967914,7.412480529188467e-05,0.4608863768338225,13794618.26366326,13827114.464791888,1362.5640881461695,2355.578427963935,6476.572929654109,12697.444661301734,201810426.62993053,191189094422457.06,10341.866233337798,5170.933116668899,14.401737927745287,0.20689969281202208,0.22620719614590226,atomic_number
