nameseq,average,median,maximum,minimum,peak,none_levated_peak,sample_standard_deviation,population_standard_deviation,percentile15,percentile25,percentile50,percentile75,amplitude,variance,interquartile_range,semi_interquartile_range,coefficient_of_variation,skewness,kurtosis,label
8_128627425_128628514,5155943.999999998,42277.640448306265,5555019024.0,302.73889661813087,7.046882846930328e-05,1.2747722464528801,168177679.22552407,168254878.07247502,9193.516015937754,17643.186426438122,42277.640448306265,83857.74322745457,5555018721.261104,2.830970399518343e+16,66214.55680101644,33107.27840050822,32.61821292580449,0.09121899617893404,0.2537096067625075,atomic_number
