nameseq,average,median,maximum,minimum,peak,none_levated_peak,sample_standard_deviation,population_standard_deviation,percentile15,percentile25,percentile50,percentile75,amplitude,variance,interquartile_range,semi_interquartile_range,coefficient_of_variation,skewness,kurtosis,label
8_142923164_142925304,9961491.99999996,58888.63090158329,21141741604.0,78.70031496709012,7.16425477896955e-05,2.171418874818633,456803271.0959758,456909988.3666984,16127.309369703342,26652.726277562182,58888.63090158329,113759.24218018602,21141741525.299686,2.0876673746925645e+17,87106.51590262384,43553.25795131192,45.85691290983094,0.0650341448650735,0.22509307413933474,atomic_number
