nameseq,average,median,maximum,minimum,peak,none_levated_peak,sample_standard_deviation,population_standard_deviation,percentile15,percentile25,percentile50,percentile75,amplitude,variance,interquartile_range,semi_interquartile_range,coefficient_of_variation,skewness,kurtosis,label
8_145326956_145327722,3582779.9999999963,36507.53937053611,2706704676.0,103.66019667704387,7.135985649877104e-05,0.9470648951663642,97667782.15186533,97731513.17473324,7790.174208007609,12280.649285340296,36507.53937053611,72604.52981143979,2706704572.339803,9551448667423056.0,60323.88052609949,30161.940263049746,27.260334754538498,0.10892862669233032,0.26862006780337594,atomic_number
