nameseq,average,median,maximum,minimum,peak,none_levated_peak,sample_standard_deviation,population_standard_deviation,percentile15,percentile25,percentile50,percentile75,amplitude,variance,interquartile_range,semi_interquartile_range,coefficient_of_variation,skewness,kurtosis,label
8_146646076_146651296,24260147.99999997,160140.33840892173,125396724996.0,25.812519339317184,7.17363032300271e-05,3.4696485399763617,1735269436.0100944,1735435641.5979483,38080.64100180471,68971.57034880358,160140.33840892173,327002.2042962503,125396724970.18748,3.0117368661284823e+18,258030.6339474467,129015.31697372335,71.52757007129951,0.04166501263977346,0.23568384748567456,atomic_number
