nameseq,average,median,maximum,minimum,peak,none_levated_peak,sample_standard_deviation,population_standard_deviation,percentile15,percentile25,percentile50,percentile75,amplitude,variance,interquartile_range,semi_interquartile_range,coefficient_of_variation,skewness,kurtosis,label
8_149903125_149903664,2480335.999999996,14608.718896257824,1325251216.0,11.16069656767273,7.257081298662774e-05,0.8778004618539195,56975791.22054193,57028619.9673762,3692.4952972864457,6549.285384054875,14608.718896257824,34748.59386660099,1325251204.8393035,3252263495383420.0,28199.308482546116,14099.654241273058,22.970997163506084,0.1298302609730894,0.26159627727943024,atomic_number
