nameseq,average,median,maximum,minimum,peak,none_levated_peak,sample_standard_deviation,population_standard_deviation,percentile15,percentile25,percentile50,percentile75,amplitude,variance,interquartile_range,semi_interquartile_range,coefficient_of_variation,skewness,kurtosis,label
8_143686264_143686899,3008559.9999999935,17191.181197043283,1895731600.0,26.836460692386034,7.046560480761576e-05,0.9900141586417228,75110429.01015459,75169547.81427781,4792.607957714585,7800.091686591363,17191.181197043283,36872.89310168761,1895731573.1635394,5650460918602999.0,29072.801415096244,14536.400707548122,24.965574563962413,0.11947883369426092,0.22527020926708888,atomic_number
