nameseq,average,median,maximum,minimum,peak,none_levated_peak,sample_standard_deviation,population_standard_deviation,percentile15,percentile25,percentile50,percentile75,amplitude,variance,interquartile_range,semi_interquartile_range,coefficient_of_variation,skewness,kurtosis,label
8_145708595_145718613,46650603.999999925,306713.11473614833,462827138596.0,51.27190731354964,7.15889266228294e-05,5.057479478635738,4623645502.508985,4623876263.645181,66778.99245559987,122188.48324843284,306713.11473614833,613666.3780485028,462827138544.7281,2.1380231701501317e+19,491477.89480007,245738.947400035,99.11223234127884,0.030069708540662755,0.2431371708804927,atomic_number
