nameseq,average,median,maximum,minimum,peak,none_levated_peak,sample_standard_deviation,population_standard_deviation,percentile15,percentile25,percentile50,percentile75,amplitude,variance,interquartile_range,semi_interquartile_range,coefficient_of_variation,skewness,kurtosis,label
8_147286093_147286539,2039515.9999999995,14789.825572407213,900840196.0,48.78653393041268,7.305654871057645e-05,0.7340783498059386,42559453.48063201,42607139.157753006,3654.3937951037406,6275.277587381268,14789.825572407213,33556.095307523276,900840147.213466,1815368307208129.8,27280.817720142008,13640.408860071004,20.867428095995333,0.14272219275670492,0.23573793538144214,atomic_number
