nameseq,average,median,maximum,minimum,peak,none_levated_peak,sample_standard_deviation,population_standard_deviation,percentile15,percentile25,percentile50,percentile75,amplitude,variance,interquartile_range,semi_interquartile_range,coefficient_of_variation,skewness,kurtosis,label
8_14470524_14470651,610304.0000000007,4584.374684684855,77299264.0,97.43373964897029,6.991051454138694e-05,0.3090479920372749,6805049.165172577,6831788.164700981,1025.7613756429828,1733.2925174336071,4584.374684684855,7292.993958524969,77299166.56626035,46673329527348.41,5559.701441091362,2779.850720545681,11.150261451952746,0.2670309694815943,0.1764510728216505,atomic_number
