nameseq,average,median,maximum,minimum,peak,none_levated_peak,sample_standard_deviation,population_standard_deviation,percentile15,percentile25,percentile50,percentile75,amplitude,variance,interquartile_range,semi_interquartile_range,coefficient_of_variation,skewness,kurtosis,label
8_147938644_147941265,12161239.999999959,79672.14510155946,31591507600.0,0.6367018618592877,7.18676713887731e-05,2.4007911851910833,616835889.8118496,616953550.4499846,18086.83365117869,32208.572232524235,79672.14510155946,150781.1145931457,31591507599.363297,3.806316834128416e+17,118572.54236062146,59286.27118031073,50.72146342082318,0.05875907054589631,0.2505696663428487,atomic_number
