nameseq,average,median,maximum,minimum,peak,none_levated_peak,sample_standard_deviation,population_standard_deviation,percentile15,percentile25,percentile50,percentile75,amplitude,variance,interquartile_range,semi_interquartile_range,coefficient_of_variation,skewness,kurtosis,label
8_144139237_144139366,605895.9999999995,4219.999336768701,78074896.0,119.31770467366171,7.151942467574199e-05,0.32551586874518257,6820767.143739771,6847153.188664298,832.9980087757071,1891.2417990958443,4219.999336768701,7165.026201194248,78074776.68229532,46883506789035.66,5273.784402098403,2636.8922010492015,11.257323276172439,0.2646370949118797,0.2212079109841361,atomic_number
