nameseq,average,median,maximum,minimum,peak,none_levated_peak,sample_standard_deviation,population_standard_deviation,percentile15,percentile25,percentile50,percentile75,amplitude,variance,interquartile_range,semi_interquartile_range,coefficient_of_variation,skewness,kurtosis,label
8_150193522_150193644,593548.0000000002,4188.860219266214,72352036.0,75.66819322011274,6.907613200617302e-05,0.30456996876295356,6496710.228910631,6523281.751785158,1068.9179968750566,1590.4492622921412,4188.860219266214,7233.210629874346,72351960.33180678,42553204813173.24,5642.761367582205,2821.3806837911025,10.945551545806957,0.2721496506761505,0.2585808701959375,atomic_number
