nameseq,average,median,maximum,minimum,peak,none_levated_peak,sample_standard_deviation,population_standard_deviation,percentile15,percentile25,percentile50,percentile75,amplitude,variance,interquartile_range,semi_interquartile_range,coefficient_of_variation,skewness,kurtosis,label
8_153690695_153690886,895775.9999999987,7353.002749890966,170145936.0,179.86288119350507,7.144643303683074e-05,0.41344512913307024,12246515.589159228,12278532.67801695,1466.6691857288604,2914.733817519532,7353.002749890966,13552.857041611334,170145756.13711882,150762364725130.06,10638.123224091803,5319.061612045902,13.671403999615134,0.21763488335487471,0.24725309668661732,atomic_number
