nameseq,average,median,maximum,minimum,peak,none_levated_peak,sample_standard_deviation,population_standard_deviation,percentile15,percentile25,percentile50,percentile75,amplitude,variance,interquartile_range,semi_interquartile_range,coefficient_of_variation,skewness,kurtosis,label
8_169102203_169111574,45007888.00000035,336435.16117610986,417145473424.0,43.30888025942228,6.941005541073102e-05,4.527547599412576,4308714419.001645,4308944309.06018,79753.52260228062,140344.33404092747,336435.16117610986,680126.2776207693,417145473380.6911,1.856700105858211e+19,539781.9435798419,269890.97178992094,95.73242848012801,0.031103096070944674,0.2531369200417757,atomic_number
