nameseq,average,median,maximum,minimum,peak,none_levated_peak,sample_standard_deviation,population_standard_deviation,percentile15,percentile25,percentile50,percentile75,amplitude,variance,interquartile_range,semi_interquartile_range,coefficient_of_variation,skewness,kurtosis,label
8_165155167_165195677,189058171.99999854,1271658.4391133476,7582940793795.997,126.48871194856443,7.142598769370715e-05,10.596717379804364,37674345490.25345,37674810487.94529,285923.289318479,515092.42292244616,1271658.4391133476,2549256.3577297707,7582940793669.509,1.4193913453025923e+21,2034163.9348073245,1017081.9674036623,199.27382715968363,0.014953399544217687,0.24642896980308746,atomic_number
