nameseq,average,median,maximum,minimum,peak,none_levated_peak,sample_standard_deviation,population_standard_deviation,percentile15,percentile25,percentile50,percentile75,amplitude,variance,interquartile_range,semi_interquartile_range,coefficient_of_variation,skewness,kurtosis,label
8_165681320_165681963,3026640.000000001,15093.46320980007,1933185024.0,1.8913352350177504,7.092573502850244e-05,1.0444722025586086,76118020.97057353,76177187.72724958,3855.935739842782,6451.120511941943,15093.46320980007,34130.1095572564,1933185022.1086648,5802963930032624.0,27678.989045314458,13839.494522657229,25.149347451488616,0.1186925184755303,0.2375723606143682,atomic_number
