nameseq,average,median,maximum,minimum,peak,none_levated_peak,sample_standard_deviation,population_standard_deviation,percentile15,percentile25,percentile50,percentile75,amplitude,variance,interquartile_range,semi_interquartile_range,coefficient_of_variation,skewness,kurtosis,label
8_163169191_163169498,1444751.9999999995,8121.97126584673,440496144.0,16.0,7.106179238143758e-05,0.6015561072405934,25057994.363100648,25098772.249088425,1805.5897393914902,3445.981234060291,8121.97126584673,16696.87266775646,440496128.0,629948368411611.2,13250.891433696168,6625.445716848084,17.344149281745693,0.17199661009378395,0.19650766682916274,atomic_number
