nameseq,average,median,maximum,minimum,peak,none_levated_peak,sample_standard_deviation,population_standard_deviation,percentile15,percentile25,percentile50,percentile75,amplitude,variance,interquartile_range,semi_interquartile_range,coefficient_of_variation,skewness,kurtosis,label
8_16897361_16897610,1166759.9999999977,9390.47623528172,288728064.0,322.04122252084005,7.142285759996357e-05,0.5027678052632167,18223460.290250476,18260016.91734218,2285.87612133995,3974.1751375980875,9390.47623528172,16889.238997278695,288727741.9587775,333428217821622.5,12915.063859680607,6457.531929840304,15.618859311469807,0.19052959844029846,0.2618462600203052,atomic_number
