nameseq,average,median,maximum,minimum,peak,none_levated_peak,sample_standard_deviation,population_standard_deviation,percentile15,percentile25,percentile50,percentile75,amplitude,variance,interquartile_range,semi_interquartile_range,coefficient_of_variation,skewness,kurtosis,label
8_1634580_1634838,1199884.0000000023,11029.505621736937,306460036.0,201.71522908386837,7.195139974641979e-05,0.4754402580674368,19004674.228000227,19041469.372280266,2381.715168436615,4796.492082521616,11029.505621736937,21697.36251788652,306459834.2847709,362577555855487.4,16900.8704353649,8450.43521768245,15.83875960342849,0.18766769902743496,0.20855085479903757,atomic_number
