nameseq,average,median,maximum,minimum,peak,none_levated_peak,sample_standard_deviation,population_standard_deviation,percentile15,percentile25,percentile50,percentile75,amplitude,variance,interquartile_range,semi_interquartile_range,coefficient_of_variation,skewness,kurtosis,label
8_16862495_16862813,1515035.9999999993,9459.75499348399,478821924.0,13.96988909154092,7.018535093115502e-05,0.6176650624443808,26766045.15498605,26808097.097890835,1924.8048782788333,3428.8167631105007,9459.75499348399,19252.90336588546,478821910.0301109,718674070009943.0,15824.08660277496,7912.04330138748,17.66693672954706,0.1687484538289422,0.22257047983801678,atomic_number
