nameseq,average,median,maximum,minimum,peak,none_levated_peak,sample_standard_deviation,population_standard_deviation,percentile15,percentile25,percentile50,percentile75,amplitude,variance,interquartile_range,semi_interquartile_range,coefficient_of_variation,skewness,kurtosis,label
8_168865036_168865264,1053140.0000000002,8721.827042602174,237838084.0,347.4975157952889,7.248165802584017e-05,0.4380633792771943,15681473.55026459,15715825.121660376,2679.634239824256,4194.84715217211,8721.827042602174,20404.972799165895,237837736.5024842,246987159254611.38,16210.125646993783,8105.062823496892,14.890207902334529,0.1998061284756832,0.24765758846712865,atomic_number
