nameseq,average,median,maximum,minimum,peak,none_levated_peak,sample_standard_deviation,population_standard_deviation,percentile15,percentile25,percentile50,percentile75,amplitude,variance,interquartile_range,semi_interquartile_range,coefficient_of_variation,skewness,kurtosis,label
8_167031647_167031838,904576.0000000009,8099.100781266146,171505216.0,136.41268493762743,7.075137965190314e-05,0.3924919314471363,12344233.731448865,12376506.293009978,2298.69893896947,2943.1801571570986,8099.100781266146,15385.704510469859,171505079.58731505,153177908020915.6,12442.524353312761,6221.262176656381,13.646430738211993,0.21786939199024233,0.23250859681202532,atomic_number
