nameseq,average,median,maximum,minimum,peak,none_levated_peak,sample_standard_deviation,population_standard_deviation,percentile15,percentile25,percentile50,percentile75,amplitude,variance,interquartile_range,semi_interquartile_range,coefficient_of_variation,skewness,kurtosis,label
8_16666139_16666345,979516.0000000002,7476.224218962993,200448964.0,51.872887761438264,7.04429534586469e-05,0.43071124815474615,13897700.23979392,13931391.68375552,1152.54606099592,2426.363867513393,7476.224218962993,15538.834491205303,200448912.12711224,194083674246212.5,13112.47062369191,6556.235311845955,14.18833407498593,0.20982747339687569,0.24210342343244867,atomic_number
