nameseq,average,median,maximum,minimum,peak,none_levated_peak,sample_standard_deviation,population_standard_deviation,percentile15,percentile25,percentile50,percentile75,amplitude,variance,interquartile_range,semi_interquartile_range,coefficient_of_variation,skewness,kurtosis,label
8_177681427_177681595,792868.0000000006,5556.692951855425,132664324.0,15.519402425847678,7.105007811304441e-05,0.39054352310780754,10174108.184203273,10204343.342045456,946.6802360703239,1533.284879372848,5556.692951855425,11486.771638759667,132664308.48059757,104128623042347.42,9953.486759386818,4976.743379693409,12.832032802690064,0.23215144545166802,0.30804115312216374,atomic_number
