nameseq,average,median,maximum,minimum,peak,none_levated_peak,sample_standard_deviation,population_standard_deviation,percentile15,percentile25,percentile50,percentile75,amplitude,variance,interquartile_range,semi_interquartile_range,coefficient_of_variation,skewness,kurtosis,label
8_177025362_177025851,2338983.999999998,14339.485116200627,1135690000.0,0.0,6.983088953722363e-05,0.8290775346957087,51251909.480399564,51304287.53135083,3170.0473930211538,6065.027361429598,14339.485116200627,28543.5422774369,1135690000.0,2632129919099520.0,22478.5149160073,11239.25745800365,21.912039364270814,0.13607168231104555,0.22271745355905687,atomic_number
