nameseq,average,median,maximum,minimum,peak,none_levated_peak,sample_standard_deviation,population_standard_deviation,percentile15,percentile25,percentile50,percentile75,amplitude,variance,interquartile_range,semi_interquartile_range,coefficient_of_variation,skewness,kurtosis,label
8_170383500_170383870,1762668.0000000033,12213.503122916396,647498916.0,22.199527022390168,7.015879715673425e-05,0.6660981753929524,33570233.11819779,33615567.68729066,3161.085193395774,4972.050297539686,12213.503122916396,25864.272659251634,647498893.800473,1130006390938820.0,20892.22236171195,10446.111180855974,19.045125411136826,0.15642916366239334,0.28845032546576865,atomic_number
