nameseq,average,median,maximum,minimum,peak,none_levated_peak,sample_standard_deviation,population_standard_deviation,percentile15,percentile25,percentile50,percentile75,amplitude,variance,interquartile_range,semi_interquartile_range,coefficient_of_variation,skewness,kurtosis,label
8_18568142_18568271,611752.0000000005,5903.571998057916,78499600.0,83.19878052119272,7.08348045177348e-05,0.2930135601793783,6857646.016163856,6884174.726504755,1880.2809121088621,2711.1170842736783,5903.571998057916,12215.475259709234,78499516.80121948,47391861665046.82,9504.358175435555,4752.179087717777,11.209846500156683,0.26503923937190277,0.2626934636760037,atomic_number
