nameseq,average,median,maximum,minimum,peak,none_levated_peak,sample_standard_deviation,population_standard_deviation,percentile15,percentile25,percentile50,percentile75,amplitude,variance,interquartile_range,semi_interquartile_range,coefficient_of_variation,skewness,kurtosis,label
8_19239179_19239342,777872.0,6407.667789285784,126067984.0,70.29007793832183,7.02772007048289e-05,0.3571618466696631,9813483.089506602,9843539.769655677,1830.4763961740414,2532.687464769466,6407.667789285784,12283.321037232763,126067913.70992206,96895275196792.94,9750.633572463297,4875.316786231649,12.615807085878656,0.23583807864374737,0.219172729151446,atomic_number
