nameseq,average,median,maximum,minimum,peak,none_levated_peak,sample_standard_deviation,population_standard_deviation,percentile15,percentile25,percentile50,percentile75,amplitude,variance,interquartile_range,semi_interquartile_range,coefficient_of_variation,skewness,kurtosis,label
8_21959625_21968017,39326595.99999997,262319.2715017032,326774576164.0,63.525895501889636,7.113930396281104e-05,4.516890737397937,3566672688.128572,3566885186.129185,61676.214950463625,110354.80357728754,262319.2715017032,530783.4127250194,326774576100.4741,1.2722669931027833e+19,420428.60914773186,210214.30457386593,90.69365393660246,0.03285774738331419,0.24560430200134772,atomic_number
