nameseq,average,median,maximum,minimum,peak,none_levated_peak,sample_standard_deviation,population_standard_deviation,percentile15,percentile25,percentile50,percentile75,amplitude,variance,interquartile_range,semi_interquartile_range,coefficient_of_variation,skewness,kurtosis,label
8_22128792_22128853,275351.99999999977,1704.287603269968,16941456.0,21.268493181453994,7.505544418296103e-05,0.19407937393545005,2133877.0093442593,2151296.7025345434,249.53559957717948,558.5448805819343,1704.287603269968,2801.784991594755,16941434.731506817,4628077502336.0,2243.2401110128208,1121.6200555064104,7.749633230716541,0.38471905062722683,0.2235447453699165,atomic_number
