nameseq,average,median,maximum,minimum,peak,none_levated_peak,sample_standard_deviation,population_standard_deviation,percentile15,percentile25,percentile50,percentile75,amplitude,variance,interquartile_range,semi_interquartile_range,coefficient_of_variation,skewness,kurtosis,label
8_36021599_36027457,27084460.000000127,172889.94870730772,157175774116.0,20.305984209304388,7.210776954755572e-05,3.799565169866233,2053222829.729962,2053398071.7248812,38586.94864302044,70944.68209375661,172889.94870730772,347283.51691687497,157175774095.69403,4.21644364096346e+18,276338.83482311835,138169.41741155917,75.80815086326079,0.03932096847203701,0.24746971676335566,atomic_number
