nameseq,average,median,maximum,minimum,peak,none_levated_peak,sample_standard_deviation,population_standard_deviation,percentile15,percentile25,percentile50,percentile75,amplitude,variance,interquartile_range,semi_interquartile_range,coefficient_of_variation,skewness,kurtosis,label
8_67040165_67040454,1351656.0,10160.760146147466,387774864.0,138.454977003592,7.15172104933997e-05,0.5506774011388043,22730780.90260939,22770073.552338626,3010.060030550325,4332.0533649678955,10160.760146147466,21937.375812672435,387774725.545023,518476249578911.0,17605.32244770454,8802.66122385227,16.81698664646137,0.1770500422666766,0.2674367108862482,atomic_number
