nameseq,average,median,maximum,minimum,peak,none_levated_peak,sample_standard_deviation,population_standard_deviation,percentile15,percentile25,percentile50,percentile75,amplitude,variance,interquartile_range,semi_interquartile_range,coefficient_of_variation,skewness,kurtosis,label
8_75969881_75973570,17252647.999999918,132701.94914195183,62940774400.0,34.22989911104371,7.129340377198943e-05,2.6854169764670055,1035997488.4669715,1036137896.0692246,30157.221899876356,54576.14823042531,132701.94914195183,268210.096602031,62940774365.7701,1.0735817396707592e+18,213633.94837160566,106816.97418580283,60.048607521985986,0.04957525353519358,0.24994345507879037,atomic_number
