nameseq,average,median,maximum,minimum,peak,none_levated_peak,sample_standard_deviation,population_standard_deviation,percentile15,percentile25,percentile50,percentile75,amplitude,variance,interquartile_range,semi_interquartile_range,coefficient_of_variation,skewness,kurtosis,label
8_7645519_7654465,41860299.99999962,320638.25760880316,370352576356.0,27.690587762200057,7.124491065122229e-05,4.431860990579287,3915180924.600883,3915399741.4754195,77198.35983610997,132395.87413911932,320638.25760880316,635403.4676350709,370352576328.3094,1.5330355135545782e+19,503007.5934959516,251503.7967479758,93.5296910103587,0.03182968747220187,0.246548906234408,atomic_number
