nameseq,average,median,maximum,minimum,peak,none_levated_peak,sample_standard_deviation,population_standard_deviation,percentile15,percentile25,percentile50,percentile75,amplitude,variance,interquartile_range,semi_interquartile_range,coefficient_of_variation,skewness,kurtosis,label
8_81504337_81504454,531191.9999999999,2337.161359146383,62346816.0,45.41887964061273,7.40472999091352e-05,0.34719871637349137,5714857.095004214,5739227.598292866,326.71109509388816,552.5322145119776,2337.161359146383,4301.862097068343,62346770.58112036,32938733425006.496,3749.3298825563656,1874.6649412781828,10.758552641990496,0.2776210305082687,0.25901591254780837,atomic_number
