nameseq,average,median,maximum,minimum,peak,none_levated_peak,sample_standard_deviation,population_standard_deviation,percentile15,percentile25,percentile50,percentile75,amplitude,variance,interquartile_range,semi_interquartile_range,coefficient_of_variation,skewness,kurtosis,label
8_86914521_86914658,663912.0000000008,5173.443112573839,90326016.0,16.0,6.928629095422276e-05,0.3044056740890285,7660360.0510639185,7688266.737478719,1065.6242617574342,2087.5657983519686,5173.443112573839,12326.864131063649,90326000.0,59109445426621.664,10239.29833271168,5119.64916635584,11.538215985046074,0.2579794758325768,0.24045976117041784,atomic_number
