nameseq,average,median,maximum,minimum,peak,none_levated_peak,sample_standard_deviation,population_standard_deviation,percentile15,percentile25,percentile50,percentile75,amplitude,variance,interquartile_range,semi_interquartile_range,coefficient_of_variation,skewness,kurtosis,label
8_89358283_89358379,443843.9999999998,2522.6370391014752,42536484.0,53.710545130350894,7.28484182130058e-05,0.2527170279516481,4296067.444356991,4318384.828009348,691.7676635194641,1076.5428105040855,2522.6370391014752,6335.451560215108,42536430.28945487,18648447522781.332,5258.908749711022,2629.454374855511,9.67922838735455,0.30818047110078783,0.16494643091965638,atomic_number
