nameseq,average,median,maximum,minimum,peak,none_levated_peak,sample_standard_deviation,population_standard_deviation,percentile15,percentile25,percentile50,percentile75,amplitude,variance,interquartile_range,semi_interquartile_range,coefficient_of_variation,skewness,kurtosis,label
8_99998724_99999108,1794916.0000000007,13171.527595665415,683613316.0,26.816174907473727,7.149823910051128e-05,0.6755261578964092,34793905.69530383,34839180.8031947,3196.885893310273,5953.749800954234,13171.527595665415,26251.364145203686,683613289.1838251,1213768519037690.0,20297.61434424945,10148.807172124725,19.38469861280629,0.15362556489122342,0.23217721788519108,atomic_number
