nameseq,average,median,maximum,minimum,peak,none_levated_peak,sample_standard_deviation,population_standard_deviation,percentile15,percentile25,percentile50,percentile75,amplitude,variance,interquartile_range,semi_interquartile_range,coefficient_of_variation,skewness,kurtosis,label
9_10829908_10830265,1640312.0000000026,9568.653452696624,581581456.0,124.11205295843197,7.275038732468771e-05,0.672999701840077,30693745.0782309,30736703.454856027,2849.800063846442,4203.378687133966,9568.653452696624,22621.680563563707,581581331.8879471,944744939271758.5,18418.30187642974,9209.15093821487,18.712138348211102,0.15938850170198562,0.2593084019470481,atomic_number
