nameseq,average,median,maximum,minimum,peak,none_levated_peak,sample_standard_deviation,population_standard_deviation,percentile15,percentile25,percentile50,percentile75,amplitude,variance,interquartile_range,semi_interquartile_range,coefficient_of_variation,skewness,kurtosis,label
9_119532179_119532231,249747.99999999994,1496.0347828371146,13118884.0,37.862370352751505,7.073797054097198e-05,0.16226513615071114,1784630.1536217525,1801708.3432571604,478.2264285217265,733.6768636902115,1496.0347828371146,2761.08586960276,13118846.137629647,3246152954162.4614,2027.4090059125483,1013.7045029562742,7.145723503778821,0.4173166603399986,0.21035307166454983,atomic_number
