nameseq,average,median,maximum,minimum,peak,none_levated_peak,sample_standard_deviation,population_standard_deviation,percentile15,percentile25,percentile50,percentile75,amplitude,variance,interquartile_range,semi_interquartile_range,coefficient_of_variation,skewness,kurtosis,label
9_124233487_124233629,658588.0000000005,6428.386501163653,92813956.0,211.15713167229794,7.237706527702696e-05,0.31183335868909917,7733513.71534156,7760696.624164307,1250.87879479231,2943.4636786806186,6428.386501163653,11945.203982607274,92813744.84286833,60228412092315.266,9001.740303926656,4500.870151963328,11.74256699991733,0.25298705252378284,0.208967209879955,atomic_number
