nameseq,average,median,maximum,minimum,peak,none_levated_peak,sample_standard_deviation,population_standard_deviation,percentile15,percentile25,percentile50,percentile75,amplitude,variance,interquartile_range,semi_interquartile_range,coefficient_of_variation,skewness,kurtosis,label
9_133874982_133875036,238332.00000000015,1149.6656314599957,13003236.0,76.22584433402015,7.692350726437625e-05,0.17564423880868593,1737084.4752285364,1753094.808840978,515.737705704955,807.4935520236133,1149.6656314599957,2441.59276036714,13003159.774155665,3073341408785.185,1634.0992083435265,817.0496041717632,7.288507104495139,0.4096214163747028,0.1573136149735183,atomic_number
