nameseq,average,median,maximum,minimum,peak,none_levated_peak,sample_standard_deviation,population_standard_deviation,percentile15,percentile25,percentile50,percentile75,amplitude,variance,interquartile_range,semi_interquartile_range,coefficient_of_variation,skewness,kurtosis,label
9_135202275_135202362,407584.0,2356.4677967459384,35331136.0,292.9954905624775,7.196880479443093e-05,0.22047177254148778,3744204.8852657625,3765661.822447902,710.0575928542873,875.6230978126775,2356.4677967459384,9966.16774633418,35330843.004509434,14180208961041.654,9090.544648521503,4545.272324260752,9.186339221524305,0.3246837803651531,0.31518724518132285,atomic_number
