nameseq,average,median,maximum,minimum,peak,none_levated_peak,sample_standard_deviation,population_standard_deviation,percentile15,percentile25,percentile50,percentile75,amplitude,variance,interquartile_range,semi_interquartile_range,coefficient_of_variation,skewness,kurtosis,label
9_140470535_140470636,472824.0000000003,3531.6555878183276,47775744.0,16.0,7.190836336564975e-05,0.26704737011387275,4706818.154879579,4730061.842683453,951.034146810274,1222.8777062077015,3531.6555878183276,5533.226766918829,47775728.0,22373485035609.98,4310.349060711127,2155.1745303555635,9.954693828738762,0.29911438830008624,0.19784339124851194,atomic_number
