nameseq,average,median,maximum,minimum,peak,none_levated_peak,sample_standard_deviation,population_standard_deviation,percentile15,percentile25,percentile50,percentile75,amplitude,variance,interquartile_range,semi_interquartile_range,coefficient_of_variation,skewness,kurtosis,label
9_155827312_155827535,1023584.0000000006,9083.40629939538,225961024.0,121.70031537991484,7.294630110148911e-05,0.42970026276136963,15062932.540609218,15096668.154065937,1800.1239692931438,4210.1877896133,9083.40629939538,22876.811363513505,225960902.2996846,227909389353988.6,18666.623573900204,9333.311786950102,14.715873382750424,0.2020524073182048,0.26193215173028456,atomic_number
