nameseq,average,median,maximum,minimum,peak,none_levated_peak,sample_standard_deviation,population_standard_deviation,percentile15,percentile25,percentile50,percentile75,amplitude,variance,interquartile_range,semi_interquartile_range,coefficient_of_variation,skewness,kurtosis,label
9_156964969_156965984,4740223.999999983,37073.118512740795,4757136784.0,4.345214017620996,7.144528753634172e-05,1.2175626393220162,149169382.9476727,149242847.31211036,8993.628853866889,15342.055611693986,37073.118512740795,79847.40460143067,4757136779.654786,2.2273427473825884e+16,64505.34898973668,32252.67449486834,31.468846819828183,0.09458678695085304,0.24609684256912345,atomic_number
