nameseq,average,median,maximum,minimum,peak,none_levated_peak,sample_standard_deviation,population_standard_deviation,percentile15,percentile25,percentile50,percentile75,amplitude,variance,interquartile_range,semi_interquartile_range,coefficient_of_variation,skewness,kurtosis,label
9_23263369_23269977,30702211.999999996,206307.01072438137,200874276099.9999,34.245946449525505,7.17537876424018e-05,3.9607441597725206,2470716567.5605707,2470903509.3811054,48518.10392320412,81439.58833825195,206307.01072438137,428427.7882856483,200874276065.75397,6.105364152671862e+18,346988.1999473963,173494.09997369815,80.47356873050616,0.03702881834728458,0.2588776832448591,atomic_number
