nameseq,average,median,maximum,minimum,peak,none_levated_peak,sample_standard_deviation,population_standard_deviation,percentile15,percentile25,percentile50,percentile75,amplitude,variance,interquartile_range,semi_interquartile_range,coefficient_of_variation,skewness,kurtosis,label
9_24862818_24867395,21345063.999999925,132890.3509473002,96875317504.0,104.81458424483564,7.149193837038884e-05,3.415409627753963,1431617456.9693158,1431773840.9838703,27771.369634062037,50052.613328935666,132890.3509473002,253461.78939987367,96875317399.18541,2.0499763317257047e+18,203409.176070938,101704.588035469,67.07018807576874,0.044450785813882274,0.25147400031341927,atomic_number
