nameseq,average,median,maximum,minimum,peak,none_levated_peak,sample_standard_deviation,population_standard_deviation,percentile15,percentile25,percentile50,percentile75,amplitude,variance,interquartile_range,semi_interquartile_range,coefficient_of_variation,skewness,kurtosis,label
9_25330198_25330273,342768.0000000001,2043.501619106824,25765776.0,35.23528578394582,7.390810499618788e-05,0.21441408816884233,2935599.579190595,2955105.4388185972,275.6586188248729,728.0304089940739,2043.501619106824,5364.129041800184,25765740.764714215,8732648154535.253,4636.09863280611,2318.049316403055,8.56439218127303,0.3481992238956902,0.23190477561244538,atomic_number
