nameseq,average,median,maximum,minimum,peak,none_levated_peak,sample_standard_deviation,population_standard_deviation,percentile15,percentile25,percentile50,percentile75,amplitude,variance,interquartile_range,semi_interquartile_range,coefficient_of_variation,skewness,kurtosis,label
9_47957762_47959650,8906180.000000004,58108.276433838604,16675589956.0,26.098682917034324,7.069997088164245e-05,1.9853475702957295,383573158.8444314,383674727.2716967,12972.013686212074,21847.5094015234,58108.276433838604,107957.97467864786,16675589929.901318,1.4720629634701085e+17,86110.46527712446,43055.23263856223,43.06820195015498,0.06920248343410344,0.24376509125630244,atomic_number
