nameseq,average,median,maximum,minimum,peak,none_levated_peak,sample_standard_deviation,population_standard_deviation,percentile15,percentile25,percentile50,percentile75,amplitude,variance,interquartile_range,semi_interquartile_range,coefficient_of_variation,skewness,kurtosis,label
9_48926011_48926882,4109951.999999999,28345.61745782878,3545487936.0,67.53436482866795,7.072264266508873e-05,1.149654448014015,119995023.70249967,120063887.42334883,6756.283245562555,12671.658893953389,28345.61745782878,59768.09106814022,3545487868.4656353,1.4415337063206582e+16,47096.432174186826,23548.216087093413,29.19621049163097,0.10204439125729706,0.21601990145683692,atomic_number
