nameseq,average,median,maximum,minimum,peak,none_levated_peak,sample_standard_deviation,population_standard_deviation,percentile15,percentile25,percentile50,percentile75,amplitude,variance,interquartile_range,semi_interquartile_range,coefficient_of_variation,skewness,kurtosis,label
9_50996873_50997270,1831800.0000000023,10350.480980224864,723179664.0,15.314759567701412,7.242420933871956e-05,0.7600272419758102,36203415.599457905,36248983.16387437,2907.9140365837197,4415.854930653477,10350.480980224864,19023.27240989819,723179648.6852404,1313988780414848.0,14607.417479244712,7303.708739622356,19.763847362953303,0.15093461394678886,0.26422273357723947,atomic_number
