nameseq,average,median,maximum,minimum,peak,none_levated_peak,sample_standard_deviation,population_standard_deviation,percentile15,percentile25,percentile50,percentile75,amplitude,variance,interquartile_range,semi_interquartile_range,coefficient_of_variation,skewness,kurtosis,label
9_51440324_51442524,10216931.99999998,72096.27377882539,22246915716.0,16.381757188304963,7.180890179817856e-05,2.049214951416356,474088025.08920443,474195760.12640685,16453.520511748917,29528.1116590796,72096.27377882539,150425.33975831931,22246915699.618244,2.2486161892186077e+17,120897.22809923971,60448.61404961986,46.402190509754334,0.06419589942803745,0.25067043991085397,atomic_number
