nameseq,average,median,maximum,minimum,peak,none_levated_peak,sample_standard_deviation,population_standard_deviation,percentile15,percentile25,percentile50,percentile75,amplitude,variance,interquartile_range,semi_interquartile_range,coefficient_of_variation,skewness,kurtosis,label
9_51116931_51119297,10876187.999999978,59874.068770515405,25523896644.0,69.82691650003355,7.254379935322943e-05,2.346288684530687,524510896.06538135,524621727.74037755,15038.79322863388,24551.002177217873,59874.068770515405,122856.21885876708,25523896574.173084,2.7522795721729885e+17,98305.21668154921,49152.608340774605,48.22561876140633,0.06186514338806712,0.2330280850778075,atomic_number
