nameseq,average,median,maximum,minimum,peak,none_levated_peak,sample_standard_deviation,population_standard_deviation,percentile15,percentile25,percentile50,percentile75,amplitude,variance,interquartile_range,semi_interquartile_range,coefficient_of_variation,skewness,kurtosis,label
9_76566034_76566206,809459.9999999997,7052.158137435445,138156516.0,112.04979316733875,7.12409095775785e-05,0.3624541379568507,10472621.321250187,10503020.866533067,2232.7770539322514,3084.853443633799,7052.158137435445,15827.355877463477,138156403.95020685,110313447322829.02,12742.502433829677,6371.251216914839,12.9377873165446,0.22985873849015734,0.25843347719716087,atomic_number
