nameseq,average,median,maximum,minimum,peak,none_levated_peak,sample_standard_deviation,population_standard_deviation,percentile15,percentile25,percentile50,percentile75,amplitude,variance,interquartile_range,semi_interquartile_range,coefficient_of_variation,skewness,kurtosis,label
9_767306_767841,2486143.999999998,16542.663579792134,1320886336.0,254.2742943256381,7.186497108239378e-05,0.8947005706785005,56999414.542437255,57052660.153807074,3802.190677651887,6056.196351446128,16542.663579792134,31932.23079815384,1320886081.7257056,3255006030625805.5,25876.034446707712,12938.017223353856,22.92683551010613,0.12998035275861664,0.28723929713442825,atomic_number
