nameseq,average,median,maximum,minimum,peak,none_levated_peak,sample_standard_deviation,population_standard_deviation,percentile15,percentile25,percentile50,percentile75,amplitude,variance,interquartile_range,semi_interquartile_range,coefficient_of_variation,skewness,kurtosis,label
9_78874249_78880482,29518376.000000224,187181.01557525212,182352912783.99994,22.762345643703274,7.039682670889429e-05,3.942681891541928,2309371687.808312,2309556934.003437,45071.914605136226,77627.07482095218,187181.01557525212,362032.53037015983,182352912761.23758,5.334053231403357e+18,284405.45554920763,142202.72777460382,78.23505221995595,0.03810282485829919,0.24551509832746302,atomic_number
