nameseq,average,median,maximum,minimum,peak,none_levated_peak,sample_standard_deviation,population_standard_deviation,percentile15,percentile25,percentile50,percentile75,amplitude,variance,interquartile_range,semi_interquartile_range,coefficient_of_variation,skewness,kurtosis,label
9_79432037_79432463,1933772.0000000051,9041.176151821626,819905956.0,153.63765239367547,7.360398916383781e-05,0.833744406145512,39630884.28393068,39677372.14071514,2544.515794708883,4554.204876461968,9041.176151821626,17682.346236510923,819905802.3623476,1574293859992797.8,13128.141360048954,6564.070680024477,20.494083213497028,0.1456993094117216,0.2171862368150889,atomic_number
