nameseq,average,median,maximum,minimum,peak,none_levated_peak,sample_standard_deviation,population_standard_deviation,percentile15,percentile25,percentile50,percentile75,amplitude,variance,interquartile_range,semi_interquartile_range,coefficient_of_variation,skewness,kurtosis,label
9_83940313_83952914,59606248.00000044,399203.69985106215,743768256400.0004,28.695182154870853,7.047359643684729e-05,5.650075758078393,6625220393.097738,6625483272.589682,100479.46205506376,168867.53604799765,399203.69985106215,786182.9949323549,743768256371.3052,4.3897028595365675e+19,617315.4588843572,308657.7294421786,111.14976391565007,0.026809845161603486,0.2447045540129497,atomic_number
