nameseq,average,median,maximum,minimum,peak,none_levated_peak,sample_standard_deviation,population_standard_deviation,percentile15,percentile25,percentile50,percentile75,amplitude,variance,interquartile_range,semi_interquartile_range,coefficient_of_variation,skewness,kurtosis,label
9_93850977_93852115,5205803.999999995,33633.56102160364,5873383044.0,104.03916123881065,7.293141783030384e-05,1.4349206924324924,173953074.339461,174029486.8510925,9083.004007048907,16399.899949685252,33633.56102160364,68970.12341571171,5873382939.960838,3.0286262293654572e+16,52570.223466026466,26285.111733013233,33.415217772213694,0.08919940837984533,0.26314266235629413,atomic_number
