nameseq,average,median,maximum,minimum,peak,none_levated_peak,sample_standard_deviation,population_standard_deviation,percentile15,percentile25,percentile50,percentile75,amplitude,variance,interquartile_range,semi_interquartile_range,coefficient_of_variation,skewness,kurtosis,label
1_101474990_101475833,601.7966090407257,290.79047878672316,20815.73258710876,15.373816823618501,0.46748906375824145,10.094547395015477,1206.4188992601191,1207.1342381307197,117.94080468277974,159.63730961226526,290.79047878672316,651.7393526318211,20800.35877028514,1457173.0688674331,492.1020430195559,246.05102150977794,2.004695408940858,0.7733784602796057,0.18633893938960816,signal_classic
