nameseq,average,median,maximum,minimum,peak,none_levated_peak,sample_standard_deviation,population_standard_deviation,percentile15,percentile25,percentile50,percentile75,amplitude,variance,interquartile_range,semi_interquartile_range,coefficient_of_variation,skewness,kurtosis,label
1_101339695_101360528,15179.86025821666,7364.712269514977,11089736.07216667,29.627004875715173,0.45749213421827184,51.40519348399068,89720.92740352759,89723.0807143988,2512.205776137013,3693.4512947380667,7364.712269514977,15555.920733617198,11089706.445161795,8050231212.882524,11862.469438879132,5931.234719439566,5.910523936145118,0.2613152209256281,0.20411944738786197,signal_classic
