nameseq,average,median,maximum,minimum,peak,none_levated_peak,sample_standard_deviation,population_standard_deviation,percentile15,percentile25,percentile50,percentile75,amplitude,variance,interquartile_range,semi_interquartile_range,coefficient_of_variation,skewness,kurtosis,label
1_105372618_105380229,5471.9178970633875,2704.744605225357,887175.9133746524,23.88904370511644,0.46370091457239215,30.77829194594805,17423.676643235944,17424.821243443665,885.5493252820895,1306.6833641481694,2704.744605225357,5884.127999571601,887152.0243309473,303624395.3659656,4577.4446354234315,2288.7223177117157,3.1841992096750396,0.47645052450722736,0.19577756619859094,signal_classic
