nameseq,average,median,maximum,minimum,peak,none_levated_peak,sample_standard_deviation,population_standard_deviation,percentile15,percentile25,percentile50,percentile75,amplitude,variance,interquartile_range,semi_interquartile_range,coefficient_of_variation,skewness,kurtosis,label
1_10025431_10026356,629.9575717170809,356.7231392506193,21402.901304122486,8.464074291757667,0.4899800883817163,10.786998745452001,1207.8824575551293,1208.5351906249564,125.15022417293356,180.77289684574464,356.7231392506193,626.2978526711717,21394.437229830728,1460557.3069788998,445.524955825427,222.7624779127135,1.9174028724867827,0.678628365096504,0.18431468159450362,signal_classic
