nameseq,average,median,maximum,minimum,peak,none_levated_peak,sample_standard_deviation,population_standard_deviation,percentile15,percentile25,percentile50,percentile75,amplitude,variance,interquartile_range,semi_interquartile_range,coefficient_of_variation,skewness,kurtosis,label
1_104593867_104595182,892.9547567119255,479.1208242692347,12283.764538552401,16.913800471036392,0.49125295920024326,12.83499465847945,1331.190466205185,1331.6965260851664,162.41497858117168,239.35747237948013,479.1208242692347,961.8351548717824,12266.850738081364,1773415.6375873003,722.4776824923023,361.23884124615114,1.490770339929594,0.9326252169362454,0.19051569069110613,signal_classic
