nameseq,average,median,maximum,minimum,peak,none_levated_peak,sample_standard_deviation,population_standard_deviation,percentile15,percentile25,percentile50,percentile75,amplitude,variance,interquartile_range,semi_interquartile_range,coefficient_of_variation,skewness,kurtosis,label
1_10254945_10256243,892.8282865393791,459.63479233314456,10356.93284543342,9.052920585179809,0.48497567396561436,12.638837895874152,1235.423587358822,1235.899390799285,163.5564625137705,229.38383586342604,459.63479233314456,994.0531835190359,10347.879924848241,1527447.3041780437,764.6693476556098,382.3346738278049,1.3837191383657315,1.051931091421883,0.18216680947623398,signal_classic
