nameseq,average,median,maximum,minimum,peak,none_levated_peak,sample_standard_deviation,population_standard_deviation,percentile15,percentile25,percentile50,percentile75,amplitude,variance,interquartile_range,semi_interquartile_range,coefficient_of_variation,skewness,kurtosis,label
1_101444366_101448851,3300.6320302804165,1546.491984219835,326123.65805226663,26.491479715525166,0.4530445440797265,23.14157252612577,6656.27245944207,6657.014477443309,526.0054797396124,770.8795488149524,1546.491984219835,3605.4011834218254,326097.1665725511,44315841.75288981,2834.521634606873,1417.2608173034364,2.016666019833954,0.7905956630000751,0.17939940597210266,signal_classic
