nameseq,average,median,maximum,minimum,peak,none_levated_peak,sample_standard_deviation,population_standard_deviation,percentile15,percentile25,percentile50,percentile75,amplitude,variance,interquartile_range,semi_interquartile_range,coefficient_of_variation,skewness,kurtosis,label
1_101774108_101774957,607.1228350983511,317.03656550807136,24648.02262196297,14.424363371124807,0.4666820566672223,10.195782266576646,1158.895809238265,1159.5781147487958,113.64528074123007,160.36593915067846,317.03656550807136,652.2675851187507,24633.598258591846,1344621.4042043714,491.9016459680723,245.95082298403614,1.9088325166529592,0.750937920245699,0.20049645720505319,signal_classic
