nameseq,average,median,maximum,minimum,peak,none_levated_peak,sample_standard_deviation,population_standard_deviation,percentile15,percentile25,percentile50,percentile75,amplitude,variance,interquartile_range,semi_interquartile_range,coefficient_of_variation,skewness,kurtosis,label
1_104485365_104489334,2819.4654710677073,1470.192017359388,415036.61686395336,7.126197255446647,0.4693561055855734,22.173015364841575,7695.275099701355,7696.244461058063,482.24276567668886,703.111780897202,1470.192017359388,3116.3349925087764,415029.4906666979,59232178.80436692,2413.2232116115742,1206.6116058057871,2.7293383014147077,0.5260137303320123,0.20392003258671032,signal_classic
