nameseq,average,median,maximum,minimum,peak,none_levated_peak,sample_standard_deviation,population_standard_deviation,percentile15,percentile25,percentile50,percentile75,amplitude,variance,interquartile_range,semi_interquartile_range,coefficient_of_variation,skewness,kurtosis,label
1_106324816_106327808,2210.8630972141577,1096.2795348256896,113529.77194898519,13.471481691771219,0.45125664629519413,19.26194755782345,5360.329116931065,5361.22481902052,352.1401379276416,535.7203596769122,1096.2795348256896,2199.837680746786,113516.30046729342,28742731.56008161,1664.117321069874,832.058660534937,2.424541403619905,0.6237957808605217,0.18540928337260953,signal_classic
