nameseq,average,median,maximum,minimum,peak,none_levated_peak,sample_standard_deviation,population_standard_deviation,percentile15,percentile25,percentile50,percentile75,amplitude,variance,interquartile_range,semi_interquartile_range,coefficient_of_variation,skewness,kurtosis,label
1_103895007_103895238,148.39576358001244,83.27070994063325,816.1810318039383,3.4239383567293693,0.5211289828475226,5.438526110035089,177.9135154711553,178.2981937915468,31.40382321141395,44.58066752999605,83.27070994063325,188.77366930489183,812.7570934472088,31790.245909327976,144.19300177489578,72.09650088744789,1.1989123623143554,1.0981468181365528,0.2380297043887669,signal_classic
