nameseq,average,median,maximum,minimum,peak,none_levated_peak,sample_standard_deviation,population_standard_deviation,percentile15,percentile25,percentile50,percentile75,amplitude,variance,interquartile_range,semi_interquartile_range,coefficient_of_variation,skewness,kurtosis,label
1_104753301_104756210,2069.677397634459,1058.802500089598,148657.20387211058,8.426602922533426,0.4686720747439495,19.134670277373356,4950.129577929809,4950.980334931524,344.72688854253414,530.3044218671505,1058.802500089598,2146.447120203503,148648.77726918805,24512206.276878666,1616.1426983363524,808.0713491681762,2.3917396902471695,0.6126354158799324,0.20963655571569656,signal_classic
