nameseq,average,median,maximum,minimum,peak,none_levated_peak,sample_standard_deviation,population_standard_deviation,percentile15,percentile25,percentile50,percentile75,amplitude,variance,interquartile_range,semi_interquartile_range,coefficient_of_variation,skewness,kurtosis,label
1_10556354_10561973,4127.9432595509925,2054.5969631277167,1836123.8343741305,22.412875424519093,0.45381760735177856,26.39502072000714,24931.454864760693,24933.673261781118,631.3225105502149,939.7713918419383,2054.5969631277167,4590.868112228293,1836101.4214987059,621688062.3252587,3651.0967203863547,1825.5483601931774,6.0396796412052804,0.24948559652896657,0.20284235795754763,signal_classic
