nameseq,average,median,maximum,minimum,peak,none_levated_peak,sample_standard_deviation,population_standard_deviation,percentile15,percentile25,percentile50,percentile75,amplitude,variance,interquartile_range,semi_interquartile_range,coefficient_of_variation,skewness,kurtosis,label
1_35561002_35569889,6314.6684539043235,3197.5207003167798,1585558.4543647578,32.92957699119218,0.46917216450768157,33.23197666575425,19177.085728805112,19178.16463880224,1016.3924945714679,1542.0224641331529,3197.5207003167798,7208.2936968764825,1585525.5247877666,367801998.9130046,5666.271232743329,2833.1356163716646,3.0369109429566374,0.48763630684073195,0.20779914148069772,signal_classic
