nameseq,average,median,maximum,minimum,peak,none_levated_peak,sample_standard_deviation,population_standard_deviation,percentile15,percentile25,percentile50,percentile75,amplitude,variance,interquartile_range,semi_interquartile_range,coefficient_of_variation,skewness,kurtosis,label
1_37053658_37069972,12080.781326151488,5841.904857293809,5523333.414468824,55.69123283234156,0.4501640404301395,44.497006697148414,49738.83911646675,49740.36351504861,1875.7954671248785,2803.7146975676205,5841.904857293809,12958.8137968583,5523277.723235992,2474103762.609179,10155.099099290679,5077.5495496453395,4.1171872723824725,0.37629807488564065,0.18852143595688536,signal_classic
