nameseq,average,median,maximum,minimum,peak,none_levated_peak,sample_standard_deviation,population_standard_deviation,percentile15,percentile25,percentile50,percentile75,amplitude,variance,interquartile_range,semi_interquartile_range,coefficient_of_variation,skewness,kurtosis,label
1_38531368_38531497,104.88090581981066,45.13443994049264,1096.5941185828667,2.397417583809226,0.41316703926815457,3.9582894379106213,169.69721198095908,170.35368333741144,18.429089754717225,24.928111872116745,45.13443994049264,79.37637869150517,1094.1967009990574,29020.37742662305,54.44826681938842,27.22413340969421,1.6179991072207678,1.0562306566242567,0.10229333240649582,signal_classic
