nameseq,average,median,maximum,minimum,peak,none_levated_peak,sample_standard_deviation,population_standard_deviation,percentile15,percentile25,percentile50,percentile75,amplitude,variance,interquartile_range,semi_interquartile_range,coefficient_of_variation,skewness,kurtosis,label
1_38336862_38337153,204.9664631574691,93.83310177742388,1651.7420743103985,8.132729705718262,0.4748744347437721,6.05456558902291,293.629989477309,294.1340756672453,40.425218160543764,54.8569000658512,93.83310177742388,206.41509250380932,1643.6093446046802,86514.85446862479,151.55819243795813,75.77909621897906,1.432575773392365,1.1354428910126702,0.16281966435968534,signal_classic
