nameseq,average,median,maximum,minimum,peak,none_levated_peak,sample_standard_deviation,population_standard_deviation,percentile15,percentile25,percentile50,percentile75,amplitude,variance,interquartile_range,semi_interquartile_range,coefficient_of_variation,skewness,kurtosis,label
1_3854743_3856229,977.6240900143973,542.4999558044458,11857.213145911841,13.860721703027448,0.5070115105892767,13.71997531520077,1297.1626880698739,1297.5990758662626,184.2253296323653,258.7334509602938,542.4999558044458,1099.8293141696176,11843.352424208813,1683763.3616889787,841.0958632093239,420.5479316046619,1.326852213769375,1.0063289783428757,0.19639093937613275,signal_classic
