nameseq,average,median,maximum,minimum,peak,none_levated_peak,sample_standard_deviation,population_standard_deviation,percentile15,percentile25,percentile50,percentile75,amplitude,variance,interquartile_range,semi_interquartile_range,coefficient_of_variation,skewness,kurtosis,label
1_40165545_40165700,118.13861180557902,53.891698669849085,2344.420172871395,2.5720605911142247,0.44016091949325187,4.272829117337197,218.11652166111432,218.8189921485522,21.288464678428355,29.926205657224983,53.891698669849085,121.3149033080744,2341.848112280281,47881.75132490815,91.38869765084942,45.69434882542471,1.8462763217504974,0.8836595134533153,0.152371264933901,signal_classic
