nameseq,average,median,maximum,minimum,peak,none_levated_peak,sample_standard_deviation,population_standard_deviation,percentile15,percentile25,percentile50,percentile75,amplitude,variance,interquartile_range,semi_interquartile_range,coefficient_of_variation,skewness,kurtosis,label
1_40432447_40432730,169.8414133165323,103.76976166469242,1102.7444316702056,7.185156818378841,0.5573827067149815,6.13972045333633,183.5800103499048,183.9040706380491,38.24103694707244,54.516225210983954,103.76976166469242,214.55492621278358,1095.5592748518268,33820.70719724455,160.03870100179964,80.01935050089982,1.0808907366295166,1.079719706833661,0.2238708134472462,signal_classic
