nameseq,average,median,maximum,minimum,peak,none_levated_peak,sample_standard_deviation,population_standard_deviation,percentile15,percentile25,percentile50,percentile75,amplitude,variance,interquartile_range,semi_interquartile_range,coefficient_of_variation,skewness,kurtosis,label
1_40005074_40005302,179.2336853752719,75.68408048637708,3834.1499051135884,5.479248840452198,0.4258872051506938,5.217557449047598,351.01071482640845,351.7796329763766,27.52235759490309,41.02449688861269,75.68408048637708,176.0499473398787,3828.670656273136,123748.91017699422,135.025450451266,67.512725225633,1.9583970172318728,0.885012341632691,0.18787827316570582,signal_classic
