nameseq,average,median,maximum,minimum,peak,none_levated_peak,sample_standard_deviation,population_standard_deviation,percentile15,percentile25,percentile50,percentile75,amplitude,variance,interquartile_range,semi_interquartile_range,coefficient_of_variation,skewness,kurtosis,label
1_41832801_41833201,285.3057371821272,145.8073667579751,15976.664069986804,2.108851580440313,0.4685032554439642,7.207427099524236,839.4707280464626,840.5194114385314,50.399235907416895,66.87708101240214,145.8073667579751,315.65551053305234,15974.555218406364,706472.8810049752,248.7784295206502,124.3892147603251,2.942354879847999,0.4985225777274435,0.22144692815256,signal_classic
