nameseq,average,median,maximum,minimum,peak,none_levated_peak,sample_standard_deviation,population_standard_deviation,percentile15,percentile25,percentile50,percentile75,amplitude,variance,interquartile_range,semi_interquartile_range,coefficient_of_variation,skewness,kurtosis,label
2_136524392_136525685,900.8927091862728,472.48966323289466,24531.928822512546,8.336636157708886,0.47878435349191933,12.738991724076351,1536.0702793241949,1536.6641592146705,151.32263899621637,227.3520053692012,472.48966323289466,970.1117161664962,24523.592186354836,2361336.73821493,742.7597107972949,371.37985539864746,1.705053513765966,0.8366864167345074,0.2067068484476301,signal_classic
