nameseq,average,median,maximum,minimum,peak,none_levated_peak,sample_standard_deviation,population_standard_deviation,percentile15,percentile25,percentile50,percentile75,amplitude,variance,interquartile_range,semi_interquartile_range,coefficient_of_variation,skewness,kurtosis,label
2_133780175_133781009,588.4875044421799,298.3102685812149,19243.020813431704,2.053187228344916,0.4729638798315048,10.231992291659008,1219.3355782791014,1220.0663758144594,110.64211486960617,151.802338174923,298.3102685812149,642.1532388971209,19240.967626203357,1488561.96139303,490.35090072219793,245.17545036109897,2.071982105099911,0.7139393970702571,0.21782432772315397,signal_classic
