nameseq,average,median,maximum,minimum,peak,none_levated_peak,sample_standard_deviation,population_standard_deviation,percentile15,percentile25,percentile50,percentile75,amplitude,variance,interquartile_range,semi_interquartile_range,coefficient_of_variation,skewness,kurtosis,label
2_137334489_137338355,2881.580368990655,1376.990501595302,1089883.606275588,13.168868874359694,0.4473239802266921,21.890892204778126,17796.268685135703,17798.570174790988,430.11547838146606,666.3721954628561,1376.990501595302,3027.6595585149707,1089870.4374067136,316789100.2669593,2361.2873630521144,1180.6436815260572,6.175871017392198,0.25363573016607555,0.1934110592445258,signal_classic
