nameseq,average,median,maximum,minimum,peak,none_levated_peak,sample_standard_deviation,population_standard_deviation,percentile15,percentile25,percentile50,percentile75,amplitude,variance,interquartile_range,semi_interquartile_range,coefficient_of_variation,skewness,kurtosis,label
2_137401514_137420321,13447.642689602106,6786.001248097045,6248777.846265049,37.52714676267588,0.4662031463834821,48.51232774127651,67697.90347127132,67699.70325336288,2304.1137136970915,3375.246254423054,6786.001248097045,14669.461965153349,6248740.3191182865,4583249820.593392,11294.215710730296,5647.107855365148,5.034183688091016,0.2952074333143286,0.20143954507376133,signal_classic
