nameseq,average,median,maximum,minimum,peak,none_levated_peak,sample_standard_deviation,population_standard_deviation,percentile15,percentile25,percentile50,percentile75,amplitude,variance,interquartile_range,semi_interquartile_range,coefficient_of_variation,skewness,kurtosis,label
2_139701333_139701521,130.84418699014574,73.32115856652722,844.8416014288919,2.839253275146822,0.4814887191338864,4.8372421686433285,163.40964357174622,163.84366729388805,19.597209312161723,27.0089770377445,73.32115856652722,136.10948945569166,842.0023481537451,26844.747312310275,109.10051241794716,54.55025620897358,1.2488873012299206,1.056052026666883,0.198077490823406,signal_classic
