nameseq,average,median,maximum,minimum,peak,none_levated_peak,sample_standard_deviation,population_standard_deviation,percentile15,percentile25,percentile50,percentile75,amplitude,variance,interquartile_range,semi_interquartile_range,coefficient_of_variation,skewness,kurtosis,label
2_134097269_134108709,8089.10711614351,4113.049326453587,2311722.4024989367,23.85793607583318,0.47145706094751727,37.71743931759896,25001.749808012544,25002.8425179542,1353.8494816824903,2013.3132797951525,4113.049326453587,9032.872870431833,2311698.544562861,625142133.9776182,7019.55959063668,3509.77979531834,3.0907922776935797,0.4770935418786983,0.19807644228405857,signal_classic
