nameseq,average,median,maximum,minimum,peak,none_levated_peak,sample_standard_deviation,population_standard_deviation,percentile15,percentile25,percentile50,percentile75,amplitude,variance,interquartile_range,semi_interquartile_range,coefficient_of_variation,skewness,kurtosis,label
2_134348120_134351708,2453.5719146868887,1328.3625702070042,132090.26885830038,12.943774988670539,0.48758845264415357,21.160190573147702,4479.945436124846,4480.569688261385,441.34160828157655,686.1072940288742,1328.3625702070042,2704.011152145949,132077.3250833117,20075504.73136672,2017.9038581170748,1008.9519290585374,1.8258871522404723,0.7534975774971876,0.19412629136583118,signal_classic
