nameseq,average,median,maximum,minimum,peak,none_levated_peak,sample_standard_deviation,population_standard_deviation,percentile15,percentile25,percentile50,percentile75,amplitude,variance,interquartile_range,semi_interquartile_range,coefficient_of_variation,skewness,kurtosis,label
2_13476669_13488283,8267.34082124722,4064.6317442108043,1138932.1145768631,68.31658399245106,0.46830858318026647,37.90906141576924,17833.294559082602,17834.06229245184,1297.2990739116076,1974.4328182444056,4064.6317442108043,9371.207440007189,1138863.7979928707,318053777.8510525,7396.774621762783,3698.3873108813914,2.157077462350494,0.7069993258586005,0.2035261687227511,signal_classic
