nameseq,average,median,maximum,minimum,peak,none_levated_peak,sample_standard_deviation,population_standard_deviation,percentile15,percentile25,percentile50,percentile75,amplitude,variance,interquartile_range,semi_interquartile_range,coefficient_of_variation,skewness,kurtosis,label
2_136759269_136760103,570.5832727996715,289.60453299323586,15904.73275648442,11.883981001135366,0.4878049298004124,10.266372121478627,1023.842096558658,1024.455726878391,99.51386490177045,150.50445791947294,289.60453299323586,683.1203744777076,15892.848775483284,1049509.5363339323,532.6159165582346,266.3079582791173,1.7943780432521075,0.8233068578178092,0.23280201708025255,signal_classic
