nameseq,average,median,maximum,minimum,peak,none_levated_peak,sample_standard_deviation,population_standard_deviation,percentile15,percentile25,percentile50,percentile75,amplitude,variance,interquartile_range,semi_interquartile_range,coefficient_of_variation,skewness,kurtosis,label
2_14006721_14006835,81.14292182915916,37.75751639451519,823.7731530280929,3.688046977794171,0.47241746376894744,3.724803356877066,113.84590624767962,114.34414016528909,17.67145005837073,20.830217168422436,37.75751639451519,94.13300450839492,820.0851060502987,13074.582390139278,73.30278733997248,36.65139366998624,1.4030294162610306,1.143266548564057,0.19113631901959435,signal_classic
