nameseq,average,median,maximum,minimum,peak,none_levated_peak,sample_standard_deviation,population_standard_deviation,percentile15,percentile25,percentile50,percentile75,amplitude,variance,interquartile_range,semi_interquartile_range,coefficient_of_variation,skewness,kurtosis,label
2_140388132_140389764,1187.453497979513,570.541100238298,127488.94355712211,12.323242882941585,0.4584039158245207,14.240321998053078,3477.8023101865915,3478.867650174877,194.09661393266217,280.79865992249563,570.541100238298,1259.221527690155,127476.62031423918,12102520.12743327,978.4228677676593,489.21143388382967,2.9287903198770935,0.5321571004202217,0.19343818938523852,signal_classic
