nameseq,average,median,maximum,minimum,peak,none_levated_peak,sample_standard_deviation,population_standard_deviation,percentile15,percentile25,percentile50,percentile75,amplitude,variance,interquartile_range,semi_interquartile_range,coefficient_of_variation,skewness,kurtosis,label
2_86186047_86186110,50.62522490189942,20.300929176531177,756.6026469689598,1.4707324374493995,0.42139730489440097,2.821901736262374,100.02636332218442,100.81709786693048,8.021948056836697,9.229684310468464,20.300929176531177,50.21612586417669,755.1319145315103,10164.08722231024,40.986441553708225,20.493220776854113,1.9758206213604694,0.9094891002193243,0.1476788326628092,signal_classic
