nameseq,average,median,maximum,minimum,peak,none_levated_peak,sample_standard_deviation,population_standard_deviation,percentile15,percentile25,percentile50,percentile75,amplitude,variance,interquartile_range,semi_interquartile_range,coefficient_of_variation,skewness,kurtosis,label
2_86639025_86639321,214.20054833513976,121.235044534233,3095.9289982145497,5.4567914581813195,0.4621836907957111,5.975946869478356,327.77588444172926,328.32909307914093,38.297938564569776,55.488156094748035,121.235044534233,253.59150094401204,3090.4722067563685,107799.99336217121,198.103344849264,99.051672424632,1.530228969950575,0.8508756276494815,0.20526348599073457,signal_classic
