nameseq,average,median,maximum,minimum,peak,none_levated_peak,sample_standard_deviation,population_standard_deviation,percentile15,percentile25,percentile50,percentile75,amplitude,variance,interquartile_range,semi_interquartile_range,coefficient_of_variation,skewness,kurtosis,label
2_86199231_86206716,5103.806632247511,2702.4877437840914,603586.9479753502,27.904567429875325,0.4889161195032362,30.438434894196668,9444.155542111486,9444.786393155384,891.7311615312316,1336.9329340744873,2702.4877437840914,5860.229427296881,603559.0434079203,89203990.01233308,4523.296493222394,2261.648246611197,1.85041405809543,0.7627952158631671,0.19450326819934444,signal_classic
