nameseq,average,median,maximum,minimum,peak,none_levated_peak,sample_standard_deviation,population_standard_deviation,percentile15,percentile25,percentile50,percentile75,amplitude,variance,interquartile_range,semi_interquartile_range,coefficient_of_variation,skewness,kurtosis,label
2_86774444_86775345,623.3714346254727,277.2278812085591,34924.49772945141,6.50486023098052,0.48232345912242514,11.347040752591479,2004.6298234334017,2005.7419621172517,88.80250168901152,136.42839041994202,277.2278812085591,571.9333256948074,34917.99286922043,4023000.818597963,435.5049352748654,217.7524676374327,3.2157871087529086,0.5180161684276368,0.21728346160224185,signal_classic
