nameseq,average,median,maximum,minimum,peak,none_levated_peak,sample_standard_deviation,population_standard_deviation,percentile15,percentile25,percentile50,percentile75,amplitude,variance,interquartile_range,semi_interquartile_range,coefficient_of_variation,skewness,kurtosis,label
2_87363443_87365138,1356.0290784473789,578.1550253684674,174689.63265475933,10.662583059056645,0.41690354751140485,14.730232580207788,6049.726708383749,6051.511025398919,204.9876587696983,300.11655439859726,578.1550253684674,1147.8059168884797,174678.97007170029,36620785.69052467,847.6893624898825,423.8446812449412,4.461354704362639,0.3857400956646168,0.18557218021430136,signal_classic
