nameseq,average,median,maximum,minimum,peak,none_levated_peak,sample_standard_deviation,population_standard_deviation,percentile15,percentile25,percentile50,percentile75,amplitude,variance,interquartile_range,semi_interquartile_range,coefficient_of_variation,skewness,kurtosis,label
3_51630684_51644868,10361.289790997746,5040.642140685912,4264958.06646031,29.94539895189078,0.4563460176011558,41.82081299956594,40297.544277659705,40298.96478083366,1674.982651945682,2425.3004559064307,5040.642140685912,11011.72347664824,4264928.121061358,1624006562.4068716,8586.42302074181,4293.211510370905,3.8892401516142936,0.39610212575123444,0.19179645155800532,signal_classic
