nameseq,average,median,maximum,minimum,peak,none_levated_peak,sample_standard_deviation,population_standard_deviation,percentile15,percentile25,percentile50,percentile75,amplitude,variance,interquartile_range,semi_interquartile_range,coefficient_of_variation,skewness,kurtosis,label
3_53028661_53028835,120.54379867033266,64.84868301492855,951.3096588061444,6.496207177003005,0.48391816067507004,4.558551839146395,154.52257911177384,154.96597336351007,21.037159641911234,30.164838936596052,64.84868301492855,142.18560157796756,944.8134516291414,24014.452900500113,112.0207626413715,56.01038132068575,1.2818791245692158,1.081300531784104,0.21172210039623232,signal_classic
