nameseq,average,median,maximum,minimum,peak,none_levated_peak,sample_standard_deviation,population_standard_deviation,percentile15,percentile25,percentile50,percentile75,amplitude,variance,interquartile_range,semi_interquartile_range,coefficient_of_variation,skewness,kurtosis,label
3_5498913_5499244,241.87519853265113,110.9589832055881,9422.3472005851,0.8320660648396327,0.45753623082495415,6.464029702924141,571.7845747281806,572.6476462756073,42.05486669955969,52.57256894868537,110.9589832055881,253.9390502116764,9421.515134520261,327925.326784993,201.36648126299104,100.68324063149552,2.3639652936594673,0.6868821988908969,0.20242791129431179,signal_classic
