nameseq,average,median,maximum,minimum,peak,none_levated_peak,sample_standard_deviation,population_standard_deviation,percentile15,percentile25,percentile50,percentile75,amplitude,variance,interquartile_range,semi_interquartile_range,coefficient_of_variation,skewness,kurtosis,label
3_55285534_55285668,94.26482700509375,47.188156333146885,547.8172389937579,5.309871205822583,0.47737848176996445,4.049228352465093,115.89073294874218,116.32235728426542,15.071091698830747,22.499086008074784,47.188156333146885,125.11940511950021,542.5073677879353,13530.890804168295,102.62031911142543,51.310159555712715,1.229416492139532,1.2186480180283772,0.24857346627104132,signal_classic
