nameseq,maximum_ORF_length,minimum_ORF_length,std_ORF_length,average_ORF_length,cv_ORF_length,maximum_GC_content_ORF,minimum_GC_content_ORF,std_GC_content_ORF,average_GC_content_ORF,cv_GC_content_ORF,label
1_118134192_118139741,1467,6,263.03143770503385,119.65573770491804,2.198235059598173,58.77192982456141,16.666666666666664,10.60625852432995,40.896864289050754,0.2593416074486069,orf
