nameseq,maximum_ORF_length,minimum_ORF_length,std_ORF_length,average_ORF_length,cv_ORF_length,maximum_GC_content_ORF,minimum_GC_content_ORF,std_GC_content_ORF,average_GC_content_ORF,cv_GC_content_ORF,label
1_156036184_156039547,222,6,72.11247592250227,91.07142857142857,0.7918232650313974,73.01587301587301,33.33333333333333,11.530819080206296,56.63043221818534,0.2036152405791366,orf
