nameseq,maximum_ORF_length,minimum_ORF_length,std_ORF_length,average_ORF_length,cv_ORF_length,maximum_GC_content_ORF,minimum_GC_content_ORF,std_GC_content_ORF,average_GC_content_ORF,cv_GC_content_ORF,label
1_18135734_18146121,1569,6,146.52416986094815,78.5187969924812,1.8661030921675863,65.0137741046832,15.151515151515152,10.4289485244121,37.899539464918426,0.27517348948436743,orf
