nameseq,maximum_ORF_length,minimum_ORF_length,std_ORF_length,average_ORF_length,cv_ORF_length,maximum_GC_content_ORF,minimum_GC_content_ORF,std_GC_content_ORF,average_GC_content_ORF,cv_GC_content_ORF,label
1_36263811_36277467,813,6,122.05564689675455,91.14406779661017,1.3391507516333832,67.70833333333334,9.523809523809524,12.597855195910766,44.77432832463363,0.2813633541204853,orf
