nameseq,maximum_ORF_length,minimum_ORF_length,std_ORF_length,average_ORF_length,cv_ORF_length,maximum_GC_content_ORF,minimum_GC_content_ORF,std_GC_content_ORF,average_GC_content_ORF,cv_GC_content_ORF,label
1_41706478_41715411,744,6,119.98555117408179,73.98913043478261,1.6216645670655978,66.34615384615384,16.666666666666664,11.450530395993285,41.29185911955266,0.27730721358029603,orf
