nameseq,maximum_ORF_length,minimum_ORF_length,std_ORF_length,average_ORF_length,cv_ORF_length,maximum_GC_content_ORF,minimum_GC_content_ORF,std_GC_content_ORF,average_GC_content_ORF,cv_GC_content_ORF,label
1_42246667_42277386,729,6,84.57942655570004,69.43596059113301,1.2180925537091345,71.7948717948718,9.090909090909092,10.480208634643837,38.329962070859224,0.27342079324966334,orf
