nameseq,maximum_ORF_length,minimum_ORF_length,std_ORF_length,average_ORF_length,cv_ORF_length,maximum_GC_content_ORF,minimum_GC_content_ORF,std_GC_content_ORF,average_GC_content_ORF,cv_GC_content_ORF,label
1_58413116_58424496,300,6,54.304479082313144,58.66887417218543,0.9256097010305095,61.111111111111114,16.666666666666664,10.201370061201377,40.43012783712544,0.2523209944400386,orf
