nameseq,maximum_ORF_length,minimum_ORF_length,std_ORF_length,average_ORF_length,cv_ORF_length,maximum_GC_content_ORF,minimum_GC_content_ORF,std_GC_content_ORF,average_GC_content_ORF,cv_GC_content_ORF,label
1_58386711_58411233,1017,6,162.0099831810528,116.37610619469027,1.3921241093083128,55.55555555555556,16.666666666666664,5.9601747241622665,44.84852992263277,0.13289565420414082,orf
