nameseq,maximum_ORF_length,minimum_ORF_length,std_ORF_length,average_ORF_length,cv_ORF_length,maximum_GC_content_ORF,minimum_GC_content_ORF,std_GC_content_ORF,average_GC_content_ORF,cv_GC_content_ORF,label
1_82545527_82552723,444,6,81.07284664935804,80.42696629213484,1.0080306442851168,67.46031746031747,11.11111111111111,11.023106115507508,42.513605176724774,0.25928420019157555,orf
