nameseq,maximum_ORF_length,minimum_ORF_length,std_ORF_length,average_ORF_length,cv_ORF_length,maximum_GC_content_ORF,minimum_GC_content_ORF,std_GC_content_ORF,average_GC_content_ORF,cv_GC_content_ORF,label
2_107884379_107903327,1749,6,244.17409094003102,130.8846153846154,1.8655675475876599,72.78911564625851,16.666666666666664,11.596697678432982,47.40005335171893,0.2446557937895746,orf
