nameseq,maximum_ORF_length,minimum_ORF_length,std_ORF_length,average_ORF_length,cv_ORF_length,maximum_GC_content_ORF,minimum_GC_content_ORF,std_GC_content_ORF,average_GC_content_ORF,cv_GC_content_ORF,label
2_134063906_134072930,354,6,70.30114706251479,66.72972972972973,1.0535206323665642,63.888888888888886,16.666666666666664,10.97705754554035,42.13993989443772,0.26049058382708495,orf
