nameseq,maximum_ORF_length,minimum_ORF_length,std_ORF_length,average_ORF_length,cv_ORF_length,maximum_GC_content_ORF,minimum_GC_content_ORF,std_GC_content_ORF,average_GC_content_ORF,cv_GC_content_ORF,label
2_135547614_135549277,207,12,49.836057760031785,52.714285714285715,0.9453994697025,62.96296296296296,33.33333333333333,8.256508887044555,49.258971704623875,0.1676143167696196,orf
