nameseq,maximum_ORF_length,minimum_ORF_length,std_ORF_length,average_ORF_length,cv_ORF_length,maximum_GC_content_ORF,minimum_GC_content_ORF,std_GC_content_ORF,average_GC_content_ORF,cv_GC_content_ORF,label
2_135663532_135686668,3030,6,250.1229511938731,93.73109243697479,2.668516334236229,66.66666666666666,8.333333333333332,10.60088743825964,40.87281628365164,0.2593627844161988,orf
