nameseq,maximum_ORF_length,minimum_ORF_length,std_ORF_length,average_ORF_length,cv_ORF_length,maximum_GC_content_ORF,minimum_GC_content_ORF,std_GC_content_ORF,average_GC_content_ORF,cv_GC_content_ORF,label
2_142288063_142303582,3249,6,426.26618705008985,181.93333333333334,2.3429801413526374,72.22222222222221,16.666666666666664,12.499261206467109,54.75267485030293,0.22828585526900436,orf
