nameseq,maximum_ORF_length,minimum_ORF_length,std_ORF_length,average_ORF_length,cv_ORF_length,maximum_GC_content_ORF,minimum_GC_content_ORF,std_GC_content_ORF,average_GC_content_ORF,cv_GC_content_ORF,label
2_141982832_141991587,303,6,62.21224616912013,62.28947368421053,0.9987601835346704,63.888888888888886,13.333333333333334,10.778861673408224,39.934718198545504,0.269912050457409,orf
