nameseq,maximum_ORF_length,minimum_ORF_length,std_ORF_length,average_ORF_length,cv_ORF_length,maximum_GC_content_ORF,minimum_GC_content_ORF,std_GC_content_ORF,average_GC_content_ORF,cv_GC_content_ORF,label
2_141169678_141175116,315,6,68.79786913050027,64.27118644067797,1.0704309806697037,72.22222222222221,16.666666666666664,10.33778950424994,38.16908317173059,0.27084196541316147,orf
