nameseq,maximum_ORF_length,minimum_ORF_length,std_ORF_length,average_ORF_length,cv_ORF_length,maximum_GC_content_ORF,minimum_GC_content_ORF,std_GC_content_ORF,average_GC_content_ORF,cv_GC_content_ORF,label
2_161057797_161072609,468,6,79.71014111907107,81.95833333333333,0.9725690833033582,72.78911564625851,16.666666666666664,13.304343949061822,49.82129380819794,0.2670413177201077,orf
