nameseq,maximum_ORF_length,minimum_ORF_length,std_ORF_length,average_ORF_length,cv_ORF_length,maximum_GC_content_ORF,minimum_GC_content_ORF,std_GC_content_ORF,average_GC_content_ORF,cv_GC_content_ORF,label
2_35610174_35650518,2565,6,137.41550945565865,75.8661567877629,1.811288659844485,76.38888888888889,11.11111111111111,10.775277879807046,38.92398228945685,0.27682876329757483,orf
