nameseq,maximum_ORF_length,minimum_ORF_length,std_ORF_length,average_ORF_length,cv_ORF_length,maximum_GC_content_ORF,minimum_GC_content_ORF,std_GC_content_ORF,average_GC_content_ORF,cv_GC_content_ORF,label
2_91030825_91037655,1497,6,298.97473227907483,203.6341463414634,1.4681954753194477,66.66666666666666,33.33333333333333,9.987610004161603,53.79166798919111,0.18567206367663688,orf
