nameseq,maximum_ORF_length,minimum_ORF_length,std_ORF_length,average_ORF_length,cv_ORF_length,maximum_GC_content_ORF,minimum_GC_content_ORF,std_GC_content_ORF,average_GC_content_ORF,cv_GC_content_ORF,label
3_141068537_141075843,543,6,101.60952264530633,78.76829268292683,1.2899800057152995,72.72727272727273,11.11111111111111,14.590596263248079,39.801263704701384,0.36658625644402887,orf
