nameseq,maximum_ORF_length,minimum_ORF_length,std_ORF_length,average_ORF_length,cv_ORF_length,maximum_GC_content_ORF,minimum_GC_content_ORF,std_GC_content_ORF,average_GC_content_ORF,cv_GC_content_ORF,label
3_51575161_51578413,222,6,47.40682653601764,56.526315789473685,0.8386682534304797,60.16260162601627,16.666666666666664,11.48035923280315,38.65028662222653,0.29703167133050873,orf
