nameseq,maximum_ORF_length,minimum_ORF_length,std_ORF_length,average_ORF_length,cv_ORF_length,maximum_GC_content_ORF,minimum_GC_content_ORF,std_GC_content_ORF,average_GC_content_ORF,cv_GC_content_ORF,label
3_55117830_55121561,207,6,47.200053403807864,52.13636363636363,0.9053192457574307,70.08547008547008,11.11111111111111,11.809591873644228,38.653253312299185,0.30552646573442505,orf
