nameseq,maximum_ORF_length,minimum_ORF_length,std_ORF_length,average_ORF_length,cv_ORF_length,maximum_GC_content_ORF,minimum_GC_content_ORF,std_GC_content_ORF,average_GC_content_ORF,cv_GC_content_ORF,label
3_5892637_5912546,1851,6,232.91768659611847,140.34306569343065,1.6596308869645933,77.77777777777779,11.11111111111111,12.107710407481939,54.46586917753345,0.2222990395694673,orf
