nameseq,maximum_ORF_length,minimum_ORF_length,std_ORF_length,average_ORF_length,cv_ORF_length,maximum_GC_content_ORF,minimum_GC_content_ORF,std_GC_content_ORF,average_GC_content_ORF,cv_GC_content_ORF,label
4_128908514_128911635,201,6,56.52971286848155,68.86046511627907,0.8209313250066554,58.0246913580247,26.666666666666668,8.69030785848543,43.69055271095252,0.19890588054535893,orf
