nameseq,maximum_ORF_length,minimum_ORF_length,std_ORF_length,average_ORF_length,cv_ORF_length,maximum_GC_content_ORF,minimum_GC_content_ORF,std_GC_content_ORF,average_GC_content_ORF,cv_GC_content_ORF,label
4_126695192_126698915,375,6,90.95333373744369,65.79310344827586,1.3824144016697417,62.82051282051282,16.666666666666664,11.925477017562672,36.02652021083251,0.33101939759302373,orf
