nameseq,maximum_ORF_length,minimum_ORF_length,std_ORF_length,average_ORF_length,cv_ORF_length,maximum_GC_content_ORF,minimum_GC_content_ORF,std_GC_content_ORF,average_GC_content_ORF,cv_GC_content_ORF,label
4_131477824_131492078,3081,6,314.9383580628469,100.73376623376623,3.1264427990510164,66.66666666666666,16.666666666666664,9.614376513207759,41.67841191504702,0.23068001086041168,orf
