nameseq,maximum_ORF_length,minimum_ORF_length,std_ORF_length,average_ORF_length,cv_ORF_length,maximum_GC_content_ORF,minimum_GC_content_ORF,std_GC_content_ORF,average_GC_content_ORF,cv_GC_content_ORF,label
4_165745458_165753946,792,6,108.06910882113269,88.2051282051282,1.225202105820981,59.25925925925925,16.666666666666664,9.269317054558307,41.21027670860215,0.22492731898166188,orf
