nameseq,maximum_ORF_length,minimum_ORF_length,std_ORF_length,average_ORF_length,cv_ORF_length,maximum_GC_content_ORF,minimum_GC_content_ORF,std_GC_content_ORF,average_GC_content_ORF,cv_GC_content_ORF,label
4_182515878_182520598,318,6,61.39650325747305,73.07142857142857,0.8402258510309117,65.76576576576578,16.666666666666664,9.154240317882765,40.976207101192,0.22340379858184745,orf
