nameseq,maximum_ORF_length,minimum_ORF_length,std_ORF_length,average_ORF_length,cv_ORF_length,maximum_GC_content_ORF,minimum_GC_content_ORF,std_GC_content_ORF,average_GC_content_ORF,cv_GC_content_ORF,label
4_204454483_204455079,120,9,32.74016443677305,46.714285714285715,0.7008597891663956,66.66666666666666,44.44444444444444,6.9650418891962556,56.10560891023075,0.12414163261894826,orf
