nameseq,maximum_ORF_length,minimum_ORF_length,std_ORF_length,average_ORF_length,cv_ORF_length,maximum_GC_content_ORF,minimum_GC_content_ORF,std_GC_content_ORF,average_GC_content_ORF,cv_GC_content_ORF,label
4_201883298_201886035,132,6,32.56767937099891,35.36842105263158,0.9208123631681239,55.55555555555556,16.666666666666664,9.76565941929163,32.069340128488236,0.30451700534419407,orf
