nameseq,maximum_ORF_length,minimum_ORF_length,std_ORF_length,average_ORF_length,cv_ORF_length,maximum_GC_content_ORF,minimum_GC_content_ORF,std_GC_content_ORF,average_GC_content_ORF,cv_GC_content_ORF,label
4_204202328_204202585,102,12,31.041118220968833,51.857142857142854,0.5985890566027048,46.666666666666664,16.666666666666664,8.621988245371199,34.85807143370169,0.24734553263423623,orf
