nameseq,maximum_ORF_length,minimum_ORF_length,std_ORF_length,average_ORF_length,cv_ORF_length,maximum_GC_content_ORF,minimum_GC_content_ORF,std_GC_content_ORF,average_GC_content_ORF,cv_GC_content_ORF,label
4_204990858_204992613,216,15,50.65318906179726,67.84615384615384,0.7465889544255834,69.44444444444444,19.047619047619047,11.332632396549483,38.388784256210506,0.2952068583603582,orf
