nameseq,maximum_ORF_length,minimum_ORF_length,std_ORF_length,average_ORF_length,cv_ORF_length,maximum_GC_content_ORF,minimum_GC_content_ORF,std_GC_content_ORF,average_GC_content_ORF,cv_GC_content_ORF,label
4_200124644_200125118,93,9,29.16805633229752,58.285714285714285,0.5004323390345163,60.60606060606061,19.444444444444446,17.061959562224253,41.21780677080216,0.41394632317774344,orf
