nameseq,maximum_ORF_length,minimum_ORF_length,std_ORF_length,average_ORF_length,cv_ORF_length,maximum_GC_content_ORF,minimum_GC_content_ORF,std_GC_content_ORF,average_GC_content_ORF,cv_GC_content_ORF,label
4_214878398_214888726,978,6,183.09342941240888,129.34883720930233,1.4155011623037723,69.44444444444444,16.666666666666664,10.883711414353822,49.77394050986315,0.2186628445099121,orf
