nameseq,maximum_ORF_length,minimum_ORF_length,std_ORF_length,average_ORF_length,cv_ORF_length,maximum_GC_content_ORF,minimum_GC_content_ORF,std_GC_content_ORF,average_GC_content_ORF,cv_GC_content_ORF,label
4_233129521_233130395,66,9,19.720265943665385,41.666666666666664,0.4732863826479693,51.11111111111111,33.33333333333333,6.364639772746453,41.47515036403925,0.15345670158835328,orf
