nameseq,maximum_ORF_length,minimum_ORF_length,std_ORF_length,average_ORF_length,cv_ORF_length,maximum_GC_content_ORF,minimum_GC_content_ORF,std_GC_content_ORF,average_GC_content_ORF,cv_GC_content_ORF,label
4_3471311_3472497,126,6,35.779939653843094,43.285714285714285,0.8265992659303685,58.730158730158735,16.666666666666664,10.837354819383675,34.65862418772712,0.31268854645480315,orf
