nameseq,maximum_ORF_length,minimum_ORF_length,std_ORF_length,average_ORF_length,cv_ORF_length,maximum_GC_content_ORF,minimum_GC_content_ORF,std_GC_content_ORF,average_GC_content_ORF,cv_GC_content_ORF,label
5_159052626_159054121,882,6,191.27877003744038,97.10526315789474,1.9698084719302802,50.53763440860215,16.666666666666664,9.92045922872291,38.15881103171911,0.25997820583237335,orf
