nameseq,maximum_ORF_length,minimum_ORF_length,std_ORF_length,average_ORF_length,cv_ORF_length,maximum_GC_content_ORF,minimum_GC_content_ORF,std_GC_content_ORF,average_GC_content_ORF,cv_GC_content_ORF,label
5_180431247_180437668,405,6,76.96436088584761,69.07228915662651,1.1142581464373542,61.72839506172839,14.285714285714285,10.489401034373984,36.550656775833055,0.28698255953938084,orf
