nameseq,maximum_ORF_length,minimum_ORF_length,std_ORF_length,average_ORF_length,cv_ORF_length,maximum_GC_content_ORF,minimum_GC_content_ORF,std_GC_content_ORF,average_GC_content_ORF,cv_GC_content_ORF,label
5_201963397_201982086,2748,6,259.37660714383776,120.61184210526316,2.150506970264732,71.2280701754386,16.666666666666664,13.66013812807627,43.4025916400773,0.3147309322299248,orf
