nameseq,maximum_ORF_length,minimum_ORF_length,std_ORF_length,average_ORF_length,cv_ORF_length,maximum_GC_content_ORF,minimum_GC_content_ORF,std_GC_content_ORF,average_GC_content_ORF,cv_GC_content_ORF,label
5_216742817_216744484,159,6,44.464615604054494,58.57142857142857,0.7591519737277597,55.172413793103445,22.22222222222222,9.123153186120774,38.02346871988746,0.23993479535834877,orf
