nameseq,maximum_ORF_length,minimum_ORF_length,std_ORF_length,average_ORF_length,cv_ORF_length,maximum_GC_content_ORF,minimum_GC_content_ORF,std_GC_content_ORF,average_GC_content_ORF,cv_GC_content_ORF,label
5_46046390_46049198,279,6,59.11274759363861,57.906976744186046,1.0208225488058074,55.88235294117647,15.151515151515152,10.828814018313954,37.536354972073475,0.2884886938641336,orf
