nameseq,maximum_ORF_length,minimum_ORF_length,std_ORF_length,average_ORF_length,cv_ORF_length,maximum_GC_content_ORF,minimum_GC_content_ORF,std_GC_content_ORF,average_GC_content_ORF,cv_GC_content_ORF,label
6_119964568_119974345,342,6,59.759929956410275,58.47222222222222,1.0220225550739999,66.66666666666666,16.666666666666664,11.140163657827324,38.43324582180984,0.2898574767657427,orf
