nameseq,maximum_ORF_length,minimum_ORF_length,std_ORF_length,average_ORF_length,cv_ORF_length,maximum_GC_content_ORF,minimum_GC_content_ORF,std_GC_content_ORF,average_GC_content_ORF,cv_GC_content_ORF,label
6_118901007_118902438,309,18,94.47471129556398,129.27272727272728,0.7308170353383993,63.10679611650486,15.151515151515152,15.222705146703067,48.285363499113735,0.3152654146837369,orf
