nameseq,maximum_ORF_length,minimum_ORF_length,std_ORF_length,average_ORF_length,cv_ORF_length,maximum_GC_content_ORF,minimum_GC_content_ORF,std_GC_content_ORF,average_GC_content_ORF,cv_GC_content_ORF,label
6_121240160_121246153,378,6,73.06594710012503,67.08196721311475,1.0892040012481983,75.55555555555556,16.666666666666664,11.584786778368073,39.49183165084611,0.2933464033978244,orf
