nameseq,maximum_ORF_length,minimum_ORF_length,std_ORF_length,average_ORF_length,cv_ORF_length,maximum_GC_content_ORF,minimum_GC_content_ORF,std_GC_content_ORF,average_GC_content_ORF,cv_GC_content_ORF,label
6_163035158_163042549,450,6,103.25801870785784,94.02739726027397,1.098169488006064,66.66666666666666,16.666666666666664,11.027519353400237,44.37273790959277,0.24852014711979808,orf
