nameseq,maximum_ORF_length,minimum_ORF_length,std_ORF_length,average_ORF_length,cv_ORF_length,maximum_GC_content_ORF,minimum_GC_content_ORF,std_GC_content_ORF,average_GC_content_ORF,cv_GC_content_ORF,label
6_57394479_57396719,261,6,60.422440382486606,59.88461538461539,1.0089810211590569,61.111111111111114,8.333333333333332,13.503609615024196,39.57196808456248,0.34124179990663955,orf
