nameseq,maximum_ORF_length,minimum_ORF_length,std_ORF_length,average_ORF_length,cv_ORF_length,maximum_GC_content_ORF,minimum_GC_content_ORF,std_GC_content_ORF,average_GC_content_ORF,cv_GC_content_ORF,label
8_142571618_142573960,486,12,138.8878053869637,145.15384615384616,0.9568317276261409,70.83333333333334,37.03703703703704,8.934924071507735,57.90151571361843,0.15431243830817787,orf
