nameseq,maximum_ORF_length,minimum_ORF_length,std_ORF_length,average_ORF_length,cv_ORF_length,maximum_GC_content_ORF,minimum_GC_content_ORF,std_GC_content_ORF,average_GC_content_ORF,cv_GC_content_ORF,label
8_145625548_145626611,171,6,53.77345790523895,70.05882352941177,0.7675472580932511,52.38095238095239,12.280701754385964,10.322677659124238,39.54226736292194,0.261054267940225,orf
