nameseq,maximum_ORF_length,minimum_ORF_length,std_ORF_length,average_ORF_length,cv_ORF_length,maximum_GC_content_ORF,minimum_GC_content_ORF,std_GC_content_ORF,average_GC_content_ORF,cv_GC_content_ORF,label
8_148119231_148157426,693,6,100.8165011453527,83.86533665835411,1.2021236086615057,73.33333333333333,8.333333333333332,14.720504434218276,45.23540738674336,0.3254199593774909,orf
