nameseq,maximum_ORF_length,minimum_ORF_length,std_ORF_length,average_ORF_length,cv_ORF_length,maximum_GC_content_ORF,minimum_GC_content_ORF,std_GC_content_ORF,average_GC_content_ORF,cv_GC_content_ORF,label
9_103632456_103662010,1449,6,122.23036588279913,79.39024390243902,1.539614439691172,70.13888888888889,11.11111111111111,10.398464723263386,39.56055006869719,0.2628493462605139,orf
