nameseq,maximum_ORF_length,minimum_ORF_length,std_ORF_length,average_ORF_length,cv_ORF_length,maximum_GC_content_ORF,minimum_GC_content_ORF,std_GC_content_ORF,average_GC_content_ORF,cv_GC_content_ORF,label
9_111284461_111284991,81,9,26.41891715558133,35.57142857142857,0.742700482285419,63.888888888888886,24.691358024691358,13.798951694734606,41.48454873092554,0.33262870434571906,orf
