nameseq,maximum_ORF_length,minimum_ORF_length,std_ORF_length,average_ORF_length,cv_ORF_length,maximum_GC_content_ORF,minimum_GC_content_ORF,std_GC_content_ORF,average_GC_content_ORF,cv_GC_content_ORF,label
9_15328716_15329110,87,21,23.505101487089295,49.714285714285715,0.4728037655448996,47.22222222222222,36.84210526315789,4.094972406685742,41.5105600618953,0.09864893175567463,orf
