nameseq,maximum_ORF_length,minimum_ORF_length,std_ORF_length,average_ORF_length,cv_ORF_length,maximum_GC_content_ORF,minimum_GC_content_ORF,std_GC_content_ORF,average_GC_content_ORF,cv_GC_content_ORF,label
9_99275119_99297631,1788,6,152.2777776469129,81.4659090909091,1.8692208722176504,68.96551724137932,11.11111111111111,12.725935615563907,40.070353443497744,0.31758980198436354,orf
