nameseq,average,median,maximum,minimum,peak,none_levated_peak,sample_standard_deviation,population_standard_deviation,percentile15,percentile25,percentile50,percentile75,amplitude,variance,interquartile_range,semi_interquartile_range,coefficient_of_variation,skewness,kurtosis,label
10_91110_92753,138.50368681140594,6.939121900634356,210265.0208058993,0.03091277533404357,3.956573378051562,174.69940516937953,5183.978366578022,5185.555721967204,1.645658541006353,2.916273339348429,6.939121900634356,14.780121155811726,210264.98989312394,26889988.14562681,11.863847816463297,5.931923908231648,37.42845036057997,0.07613721871930855,0.2702711431011673,fourier
