nameseq,average,median,maximum,minimum,peak,none_levated_peak,sample_standard_deviation,population_standard_deviation,percentile15,percentile25,percentile50,percentile75,amplitude,variance,interquartile_range,semi_interquartile_range,coefficient_of_variation,skewness,kurtosis,label
1_109164328_109165498,80.2971779007573,2.075991848649741,90593.0969078658,0.0057189591644464435,4.861108989605623,220.66697935678977,2646.167802009513,2647.2984014210692,0.4901139870393363,0.8248645383247705,2.075991848649741,3.7837799222429567,90593.09118890663,7008188.82616655,2.9589153839181863,1.4794576919590932,32.95467999236566,0.08868052811243417,0.23581636135102987,fourier
