nameseq,average,median,maximum,minimum,peak,none_levated_peak,sample_standard_deviation,population_standard_deviation,percentile15,percentile25,percentile50,percentile75,amplitude,variance,interquartile_range,semi_interquartile_range,coefficient_of_variation,skewness,kurtosis,label
1_101468857_101470737,145.86837711336662,8.712655486446893,250730.51705404214,0.03452709466083585,4.298395666064794,184.934237986075,5779.321217714007,5780.858066888285,1.9371598200572278,3.4133938306152243,8.712655486446893,17.784779599508802,250730.48252694748,33418319.98950736,14.371385768893578,7.185692884446789,39.62011048647239,0.0711964518635138,0.2649775013257739,fourier
