nameseq,average,median,maximum,minimum,peak,none_levated_peak,sample_standard_deviation,population_standard_deviation,percentile15,percentile25,percentile50,percentile75,amplitude,variance,interquartile_range,semi_interquartile_range,coefficient_of_variation,skewness,kurtosis,label
1_101361911_101362394,39.607351919310375,2.611144147384687,17501.272637151287,8.043049505728694e-05,4.073317844172158,83.57710768448457,794.5400315587442,795.3621114802055,0.6156573079918432,0.9762992342576408,2.611144147384687,4.789770062407981,17501.272556720793,632600.8883782508,3.81347082815034,1.90673541407517,20.060417903661214,0.1396891520972674,0.2476195108364705,fourier
