nameseq,average,median,maximum,minimum,peak,none_levated_peak,sample_standard_deviation,population_standard_deviation,percentile15,percentile25,percentile50,percentile75,amplitude,variance,interquartile_range,semi_interquartile_range,coefficient_of_variation,skewness,kurtosis,label
1_103223875_103226142,157.86862474028865,4.1079261532935325,344619.154885399,0.00020769379870201314,4.788791954346239,312.8835948112469,7234.605010770535,7236.2004689464575,1.0089364510920993,1.7470184973784326,4.1079261532935325,8.03745207281421,344619.1546777052,52362597.22678093,6.290433575435777,3.1452167877178887,45.826743741337204,0.06376050870424171,0.24551876077148782,fourier
