nameseq,average,median,maximum,minimum,peak,none_levated_peak,sample_standard_deviation,population_standard_deviation,percentile15,percentile25,percentile50,percentile75,amplitude,variance,interquartile_range,semi_interquartile_range,coefficient_of_variation,skewness,kurtosis,label
1_104110829_104117111,408.4583250604325,4.036893905369696,2527286.2588842176,0.000398433050924625,5.12741008038818,863.8433393741749,31881.24626145911,31883.783668145566,0.9399972699997939,1.6736789728069386,4.036893905369696,8.127420532983585,2527286.2584857848,1016575660.9971058,6.453741560176646,3.226870780088323,78.05262937593987,0.03805573607490653,0.23713130118530057,fourier
