nameseq,average,median,maximum,minimum,peak,none_levated_peak,sample_standard_deviation,population_standard_deviation,percentile15,percentile25,percentile50,percentile75,amplitude,variance,interquartile_range,semi_interquartile_range,coefficient_of_variation,skewness,kurtosis,label
1_101757751_101757861,11.185561003738433,0.7985005647523872,1141.4667082703154,0.009912767591108025,3.3078358776670993,31.60701113128968,107.77068035593301,108.25943878338387,0.15540477440886272,0.37743097335071885,0.7985005647523872,1.2535953568990739,1141.4567955027244,11720.10608569324,0.876164383548355,0.4380821917741775,9.634803325458057,0.28914340351236956,0.25184292460811314,fourier
