nameseq,average,median,maximum,minimum,peak,none_levated_peak,sample_standard_deviation,population_standard_deviation,percentile15,percentile25,percentile50,percentile75,amplitude,variance,interquartile_range,semi_interquartile_range,coefficient_of_variation,skewness,kurtosis,label
1_104937526_104951853,941.4054493564096,9.316757540545003,13279744.198541727,0.00035155133439812884,5.073265725480031,1338.5020647104468,110938.24728210439,110942.11886413571,2.2191873205340342,3.7211783425162466,9.316757540545003,19.32097029182449,13279744.198190175,12308153738.064016,15.599791949308244,7.799895974654122,117.84321766774046,0.025205608921664145,0.2536000630478116,fourier
