nameseq,average,median,maximum,minimum,peak,none_levated_peak,sample_standard_deviation,population_standard_deviation,percentile15,percentile25,percentile50,percentile75,amplitude,variance,interquartile_range,semi_interquartile_range,coefficient_of_variation,skewness,kurtosis,label
1_108033744_108033957,28.08285394064168,2.4528611524783046,5228.992646038118,0.072908663924498,2.5401027076560507,35.54355619445127,356.3817077819349,357.2173049613209,0.4313415267227103,0.9496709048695393,2.4528611524783046,4.8217458833563,5228.919737374194,127604.20296382936,3.8720749784867605,1.9360374892433803,12.690366461158604,0.21575175348656797,0.23534376770209328,fourier
