nameseq,average,median,maximum,minimum,peak,none_levated_peak,sample_standard_deviation,population_standard_deviation,percentile15,percentile25,percentile50,percentile75,amplitude,variance,interquartile_range,semi_interquartile_range,coefficient_of_variation,skewness,kurtosis,label
1_101932141_101954252,1440.2340690554663,14.776675560973914,31350274.568013582,0.00010170756859052953,5.117686649018443,1681.495414910698,210822.6218660895,210827.38918186526,3.379403994805915,6.045349288605242,14.776675560973914,29.849800614325844,31350274.567911875,44448188029.24168,23.804451325720603,11.902225662860301,146.38080461764878,0.02028421875523276,0.2495513450140024,fourier
