nameseq,average,median,maximum,minimum,peak,none_levated_peak,sample_standard_deviation,population_standard_deviation,percentile15,percentile25,percentile50,percentile75,amplitude,variance,interquartile_range,semi_interquartile_range,coefficient_of_variation,skewness,kurtosis,label
1_102481562_102498693,1219.2684789628709,34.13570638972862,20014160.26690252,0.0015873024449979548,4.683682687773779,873.5330989234985,152904.26181793262,152908.72454720957,8.014835932174872,14.2802366419343,34.13570638972862,68.5083899767566,20014160.26531522,23381078042.65441,54.2281533348223,27.11407666741115,125.40655684627836,0.02325244748215677,0.24476300844995721,fourier
