nameseq,average,median,maximum,minimum,peak,none_levated_peak,sample_standard_deviation,population_standard_deviation,percentile15,percentile25,percentile50,percentile75,amplitude,variance,interquartile_range,semi_interquartile_range,coefficient_of_variation,skewness,kurtosis,label
1_105982111_105982195,9.159188257917199,1.063303167981028,675.514380341968,0.01340234836492985,3.0934327950778835,21.766225322435336,72.71138107820683,73.14290641609934,0.2583085383429608,0.4875909920858505,1.063303167981028,1.998960626385906,675.5009779936031,5349.884758994266,1.5113696343000556,0.7556848171500278,7.938627204802253,0.3340282485307936,0.3032034793474759,fourier
