nameseq,average,median,maximum,minimum,peak,none_levated_peak,sample_standard_deviation,population_standard_deviation,percentile15,percentile25,percentile50,percentile75,amplitude,variance,interquartile_range,semi_interquartile_range,coefficient_of_variation,skewness,kurtosis,label
1_105760_107832,137.67718275648187,2.179610361229492,278467.81763515604,0.0008569058938266245,5.018987069354944,373.3219792066065,6114.563442491821,6116.03878656987,0.4940814064865038,0.8879953804973644,2.179610361229492,4.403362943245054,278467.81677825016,37405930.43882705,3.5153675627476897,1.7576837813738448,44.41232250740507,0.06647943406080717,0.24702241578753145,fourier
