nameseq,average,median,maximum,minimum,peak,none_levated_peak,sample_standard_deviation,population_standard_deviation,percentile15,percentile25,percentile50,percentile75,amplitude,variance,interquartile_range,semi_interquartile_range,coefficient_of_variation,skewness,kurtosis,label
1_106195219_106195682,42.66483341458022,3.580083755045707,16954.728886347606,0.0006108943865538508,3.625155761508519,65.27240873102022,786.0496610995873,786.8980689678059,0.7073057693673397,1.47978867138939,3.580083755045707,8.073172207893146,16954.72827545322,619208.5709452617,6.593383536503756,3.296691768251878,18.423830545907247,0.14916900900965877,0.263882075199394,fourier
