nameseq,average,median,maximum,minimum,peak,none_levated_peak,sample_standard_deviation,population_standard_deviation,percentile15,percentile25,percentile50,percentile75,amplitude,variance,interquartile_range,semi_interquartile_range,coefficient_of_variation,skewness,kurtosis,label
1_103027086_103027733,56.950209879161314,3.0876643601561855,33828.15565533877,0.005528868582591658,3.792786724725253,99.08803957254628,1327.6938063132654,1328.7194486495453,0.7031082089242445,1.2436974080690524,3.0876643601561855,6.345456088082563,33828.15012647019,1765495.3732195513,5.101758680013511,2.5508793400067553,23.313238162430068,0.12170549850323642,0.23146887376380806,fourier
