nameseq,average,median,maximum,minimum,peak,none_levated_peak,sample_standard_deviation,population_standard_deviation,percentile15,percentile25,percentile50,percentile75,amplitude,variance,interquartile_range,semi_interquartile_range,coefficient_of_variation,skewness,kurtosis,label
1_110012336_110012778,34.49325575193734,1.7506389260016204,14086.755689106303,0.01957518576346769,4.281030115818303,87.70897656284737,668.4052251124443,669.1609124370159,0.3400958112235687,0.6545182492139902,1.7506389260016204,3.617468527987299,14086.73611392054,447776.3267335397,2.9629502787733086,1.4814751393866543,19.3778525842665,0.1469585317219543,0.2270854467673468,fourier
