nameseq,average,median,maximum,minimum,peak,none_levated_peak,sample_standard_deviation,population_standard_deviation,percentile15,percentile25,percentile50,percentile75,amplitude,variance,interquartile_range,semi_interquartile_range,coefficient_of_variation,skewness,kurtosis,label
1_113271177_113271636,34.24293688083583,1.3750282386402777,14895.678607316682,0.012502776473633183,4.477809069558717,104.13318486271078,693.674763127169,694.4299890047683,0.2636433207784369,0.49575718832804405,1.3750282386402777,2.7856031389342855,14895.666104540209,482233.0096291626,2.2898459506062414,1.1449229753031207,20.2574552977489,0.14214691259931275,0.26505292527623336,fourier
