nameseq,average,median,maximum,minimum,peak,none_levated_peak,sample_standard_deviation,population_standard_deviation,percentile15,percentile25,percentile50,percentile75,amplitude,variance,interquartile_range,semi_interquartile_range,coefficient_of_variation,skewness,kurtosis,label
1_11042013_11042312,27.514454086973018,2.119593959165539,7397.0807453680545,0.012631892524380905,3.634453356185103,55.84308402287223,426.20265331438526,426.91477186162996,0.5764087560873439,0.8310907638230698,2.119593959165539,3.8024858346679546,7397.0681134755305,182256.22243366757,2.971395070844885,1.4856975354224424,15.490136637534633,0.17875200867702118,0.2541478806847376,fourier
