nameseq,average,median,maximum,minimum,peak,none_levated_peak,sample_standard_deviation,population_standard_deviation,percentile15,percentile25,percentile50,percentile75,amplitude,variance,interquartile_range,semi_interquartile_range,coefficient_of_variation,skewness,kurtosis,label
1_110233196_110236054,199.26580226061307,5.43745009938383,546190.4298148506,0.0027268461972276446,4.782556711630845,343.65732861030176,10213.031515511213,10214.818103737161,1.21777657002024,2.336323840943666,5.43745009938383,11.314164171624848,546190.4270880044,104342508.89243644,8.977840330681182,4.488920165340591,51.253307891506296,0.05693559797603165,0.2586750861508767,fourier
