nameseq,average,median,maximum,minimum,peak,none_levated_peak,sample_standard_deviation,population_standard_deviation,percentile15,percentile25,percentile50,percentile75,amplitude,variance,interquartile_range,semi_interquartile_range,coefficient_of_variation,skewness,kurtosis,label
1_127676808_127677358,40.72230735466247,1.8254174456584706,21085.813328674463,0.00543396526404071,4.510222494689704,110.96985181899996,897.3692029226961,898.1846226301718,0.46352543787851685,0.7750380030117381,1.8254174456584706,3.208325664701612,21085.8078947092,806735.6163293042,2.4332876616898735,1.2166438308449368,22.03630543591859,0.13003641014975229,0.25416508319601044,fourier
