nameseq,average,median,maximum,minimum,peak,none_levated_peak,sample_standard_deviation,population_standard_deviation,percentile15,percentile25,percentile50,percentile75,amplitude,variance,interquartile_range,semi_interquartile_range,coefficient_of_variation,skewness,kurtosis,label
1_129262369_129262454,14.227399104050379,1.854836091219776,984.7776701214508,0.2678847703025003,2.014891580465019,15.458560484755852,105.30088650297036,105.91849230615598,0.4998470280149543,0.8134454560150861,1.854836091219776,4.58641934206317,984.5097853511483,11218.727012409225,3.772973886048084,1.886486943024042,7.401274521988519,0.35249170516190087,0.2796037548289972,fourier
