nameseq,average,median,maximum,minimum,peak,none_levated_peak,sample_standard_deviation,population_standard_deviation,percentile15,percentile25,percentile50,percentile75,amplitude,variance,interquartile_range,semi_interquartile_range,coefficient_of_variation,skewness,kurtosis,label
1_129226387_129226821,34.22273440349751,1.84134494194241,13665.700508829937,0.0005799877576259923,4.2369495754021695,85.48420588017545,654.3420410920356,655.0954576238034,0.29067113893663254,0.5969738886036042,1.84134494194241,3.9120887306610186,13665.69992884218,429150.05859934044,3.3151148420574144,1.6575574210287072,19.12009815981165,0.14846083895593928,0.2737476700501052,fourier
