nameseq,average,median,maximum,minimum,peak,none_levated_peak,sample_standard_deviation,population_standard_deviation,percentile15,percentile25,percentile50,percentile75,amplitude,variance,interquartile_range,semi_interquartile_range,coefficient_of_variation,skewness,kurtosis,label
1_127494785_127495356,49.69757077320137,3.266011637700373,25658.592047173082,0.00039780135027780436,3.8365389635801,86.10629980772143,1071.7115161986285,1072.6495570926058,0.703761570996748,1.508840713710452,3.266011637700373,6.51615834211344,25658.59164937173,1150577.0723309636,5.007317628402988,2.503658814201494,21.564666029441664,0.1299740418023897,0.25046938779527916,fourier
