nameseq,average,median,maximum,minimum,peak,none_levated_peak,sample_standard_deviation,population_standard_deviation,percentile15,percentile25,percentile50,percentile75,amplitude,variance,interquartile_range,semi_interquartile_range,coefficient_of_variation,skewness,kurtosis,label
1_127524905_127525820,71.8153345489473,3.3075743318296755,61099.81484852089,0.002167435416158573,4.251645351943974,136.93951346262168,2017.537193536109,2018.6393718174666,0.7836160804869557,1.4205907551976813,3.3075743318296755,6.790054565334187,61099.812681085474,4074904.9134516157,5.369463810136506,2.684731905068253,28.093403814209243,0.10186839742524655,0.26075683656331605,fourier
