nameseq,average,median,maximum,minimum,peak,none_levated_peak,sample_standard_deviation,population_standard_deviation,percentile15,percentile25,percentile50,percentile75,amplitude,variance,interquartile_range,semi_interquartile_range,coefficient_of_variation,skewness,kurtosis,label
1_15069063_15069289,19.647155526043456,1.0355020846433611,4086.8065797591407,0.04674167052557344,3.85127844925776,53.41717883089291,270.5486232248756,271.1465214639722,0.25903854789191116,0.47169696522770255,1.0355020846433611,2.116271881816803,4086.759838088615,73520.43610201232,1.6445749165891004,0.8222874582945502,13.770371129105563,0.20637680450434662,0.19954308632699308,fourier
