nameseq,average,median,maximum,minimum,peak,none_levated_peak,sample_standard_deviation,population_standard_deviation,percentile15,percentile25,percentile50,percentile75,amplitude,variance,interquartile_range,semi_interquartile_range,coefficient_of_variation,skewness,kurtosis,label
1_156630746_156634356,293.51650384532667,17.397624210913122,964499.0829766078,0.005072224500911548,4.10084833696765,250.57659991749858,16047.84686137771,16050.069400943989,4.30683240315078,7.42795515057047,17.397624210913122,36.54320710389649,964499.0779043833,257604727.7751185,29.115251953326023,14.557625976663012,54.674427676592884,0.05161793018456845,0.2590719132135313,fourier
