nameseq,average,median,maximum,minimum,peak,none_levated_peak,sample_standard_deviation,population_standard_deviation,percentile15,percentile25,percentile50,percentile75,amplitude,variance,interquartile_range,semi_interquartile_range,coefficient_of_variation,skewness,kurtosis,label
1_155785506_155786054,50.88525368813487,4.885661706384647,24274.53930624533,0.023732268116444313,3.5963267692752194,72.46932777473839,1034.8110184405207,1035.7547587355627,0.8389344290490179,1.6928422577352449,4.885661706384647,9.105475726489399,24274.515573977213,1072787.9202433638,7.412633468754153,3.7063167343770766,20.336167031467742,0.13335650035232266,0.253034330862444,fourier
