nameseq,average,median,maximum,minimum,peak,none_levated_peak,sample_standard_deviation,population_standard_deviation,percentile15,percentile25,percentile50,percentile75,amplitude,variance,interquartile_range,semi_interquartile_range,coefficient_of_variation,skewness,kurtosis,label
1_15668839_15669006,17.54221397958537,1.1473583702778343,2626.540310773652,0.004916606115819841,3.1922994477874695,37.20317748908867,201.90048788788368,202.50407813699988,0.26023459916115965,0.48695688011330873,1.1473583702778343,2.754234267914239,2626.535394167536,41007.90166211615,2.2672773878009305,1.1336386939004652,11.50940742843771,0.2436079642127216,0.24155248398829046,fourier
