nameseq,average,median,maximum,minimum,peak,none_levated_peak,sample_standard_deviation,population_standard_deviation,percentile15,percentile25,percentile50,percentile75,amplitude,variance,interquartile_range,semi_interquartile_range,coefficient_of_variation,skewness,kurtosis,label
1_156177007_156186469,617.7148311713742,7.113355754527713,5744222.982493038,0.0004952062851215418,5.10645555871107,1013.2505580461685,59046.35947228287,59049.47957371295,1.7002622399075644,2.9432971091903584,7.113355754527713,13.955556029722871,5744222.981997832,3486841037.9263434,11.012258920532513,5.506129460266257,95.58837912360484,0.031023156086539296,0.24329592945739947,fourier
