nameseq,average,median,maximum,minimum,peak,none_levated_peak,sample_standard_deviation,population_standard_deviation,percentile15,percentile25,percentile50,percentile75,amplitude,variance,interquartile_range,semi_interquartile_range,coefficient_of_variation,skewness,kurtosis,label
1_155111794_155112117,26.064959929709925,1.5753617805141482,7637.79659714487,0.0057482568714085636,4.143493805140944,65.73145444858773,423.5379599953106,424.1930848416136,0.3705154344545276,0.7575245112030089,1.5753617805141482,2.9687972225725043,7637.790848887998,179939.7732274444,2.2112727113694954,1.1056363556847477,16.24932327298706,0.17346448580051899,0.19646773936273962,fourier
