nameseq,average,median,maximum,minimum,peak,none_levated_peak,sample_standard_deviation,population_standard_deviation,percentile15,percentile25,percentile50,percentile75,amplitude,variance,interquartile_range,semi_interquartile_range,coefficient_of_variation,skewness,kurtosis,label
1_175177930_175178543,46.86083260266269,2.256016835899663,26294.427824032213,0.007874548497946011,4.367542258628952,104.16489288581113,1060.1444431085567,1061.0088088804462,0.4666911491749429,0.9553547766086241,2.256016835899663,4.813129026936137,26294.419949483716,1125739.692521903,3.8577742503275125,1.9288871251637563,22.623252388569767,0.1262228446040034,0.2368446847816819,fourier
