nameseq,average,median,maximum,minimum,peak,none_levated_peak,sample_standard_deviation,population_standard_deviation,percentile15,percentile25,percentile50,percentile75,amplitude,variance,interquartile_range,semi_interquartile_range,coefficient_of_variation,skewness,kurtosis,label
1_176956346_176956499,14.186147322505505,1.1298515494034693,1924.2986780283134,0.0042175100203174,3.618553520299057,36.29666626038409,154.43228097448355,154.93613967361557,0.1948539524622621,0.34048042057144007,1.1298515494034693,3.0032465625316203,1924.2944605182931,24005.207376962113,2.66276614196018,1.33138307098009,10.886132609766827,0.2536314757001995,0.35093954694622914,fourier
