nameseq,average,median,maximum,minimum,peak,none_levated_peak,sample_standard_deviation,population_standard_deviation,percentile15,percentile25,percentile50,percentile75,amplitude,variance,interquartile_range,semi_interquartile_range,coefficient_of_variation,skewness,kurtosis,label
1_183898136_183899727,113.88335956681593,3.6449404099346183,172532.76882453013,0.0065707942967528086,4.659738426098344,228.3101485078275,4322.650522258749,4324.008778544354,0.8322077480866295,1.466264067309474,3.6449404099346183,7.931460951711078,172532.76225373583,18697051.916928634,6.465196884401604,3.232598442200802,37.95682300470447,0.07650751680425755,0.25702074094556293,fourier
