nameseq,average,median,maximum,minimum,peak,none_levated_peak,sample_standard_deviation,population_standard_deviation,percentile15,percentile25,percentile50,percentile75,amplitude,variance,interquartile_range,semi_interquartile_range,coefficient_of_variation,skewness,kurtosis,label
1_184710481_184724411,903.4543647090854,8.928483233658433,12400038.672532968,0.0010371521978013412,5.13990174607429,1343.706545248702,105054.78665992907,105058.55740297725,2.0640599286106984,3.635465579181917,8.928483233658433,17.96712345399014,12400038.671495816,11037300483.594666,14.331657874808224,7.165828937404112,116.28123208387728,0.025544553749018987,0.2505418857885186,fourier
