nameseq,average,median,maximum,minimum,peak,none_levated_peak,sample_standard_deviation,population_standard_deviation,percentile15,percentile25,percentile50,percentile75,amplitude,variance,interquartile_range,semi_interquartile_range,coefficient_of_variation,skewness,kurtosis,label
1_183837811_183852498,1014.5523761109667,23.966913261996385,14373750.47866362,0.0002472008867821113,4.825773528585674,884.6857726085248,118596.78687233724,118600.82427848566,5.715025664958497,10.077127330298016,23.966913261996385,48.367828837093235,14373750.478416419,14066155519.536234,38.290701506795216,19.145350753397608,116.89567701467362,0.025057646728202165,0.24013027244221655,fourier
