nameseq,average,median,maximum,minimum,peak,none_levated_peak,sample_standard_deviation,population_standard_deviation,percentile15,percentile25,percentile50,percentile75,amplitude,variance,interquartile_range,semi_interquartile_range,coefficient_of_variation,skewness,kurtosis,label
1_1814091_1814243,25.18086093370233,3.6132838747472533,3044.4256112135927,0.014704793046295461,2.0253477486046183,22.083683607412507,244.97709466989545,245.7816193139615,0.654650882903445,1.0592327874383485,3.6132838747472533,7.68833741625714,3044.4109064205463,60408.604392593086,6.629104628818791,3.3145523144093954,9.728702100968102,0.2641174729582437,0.280540181091738,fourier
