nameseq,average,median,maximum,minimum,peak,none_levated_peak,sample_standard_deviation,population_standard_deviation,percentile15,percentile25,percentile50,percentile75,amplitude,variance,interquartile_range,semi_interquartile_range,coefficient_of_variation,skewness,kurtosis,label
1_184858046_184858380,29.235921187999626,2.9041960867918117,8490.946275418513,0.030183991548069892,3.819502246862744,55.41550385468624,463.0215338112603,463.7141617733263,0.6231297138729093,0.8930927628438692,2.9041960867918117,5.661223512938512,8490.916091426965,215030.8238291386,4.768130750094643,2.3840653750473213,15.837419003623367,0.17060799452110137,0.28134975521409644,fourier
