nameseq,average,median,maximum,minimum,peak,none_levated_peak,sample_standard_deviation,population_standard_deviation,percentile15,percentile25,percentile50,percentile75,amplitude,variance,interquartile_range,semi_interquartile_range,coefficient_of_variation,skewness,kurtosis,label
1_182942399_182942603,28.88828102684523,3.617697139243105,4711.71202397801,0.04164650574004137,2.3654343873847217,28.195141249986346,327.94186450169104,328.74466096487174,0.7424260703346286,1.706992576113643,3.617697139243105,7.501320924469379,4711.67037747227,108073.05211290845,5.7943283483557355,2.8971641741778678,11.352072634468698,0.2311743631085425,0.20076739702080829,fourier
