nameseq,average,median,maximum,minimum,peak,none_levated_peak,sample_standard_deviation,population_standard_deviation,percentile15,percentile25,percentile50,percentile75,amplitude,variance,interquartile_range,semi_interquartile_range,coefficient_of_variation,skewness,kurtosis,label
1_184230754_184230847,10.513409628563256,1.0353671760653407,833.1875086276198,0.027806674740518372,2.9803207941413854,21.684007785144367,85.32038438495317,85.77786961820034,0.3260295290692688,0.5490491013282418,1.0353671760653407,2.7211963680545224,833.1597019528792,7357.8429162369775,2.1721472667262804,1.0860736333631402,8.11538667276421,0.3332630011276449,0.26872921392265137,fourier
