nameseq,average,median,maximum,minimum,peak,none_levated_peak,sample_standard_deviation,population_standard_deviation,percentile15,percentile25,percentile50,percentile75,amplitude,variance,interquartile_range,semi_interquartile_range,coefficient_of_variation,skewness,kurtosis,label
1_19690096_19690261,18.250908694006817,1.92426217088699,2571.4771670744626,0.0022996356172152134,3.0318125119711734,31.8432246900918,198.78777707807103,199.38925432880342,0.3822530429895829,0.7450079769383284,1.92426217088699,4.160389704695162,2571.474867438845,39756.074741796256,3.4153817277568335,1.7076908638784167,10.891938610341544,0.24639311475435088,0.22168272582458132,fourier
