nameseq,average,median,maximum,minimum,peak,none_levated_peak,sample_standard_deviation,population_standard_deviation,percentile15,percentile25,percentile50,percentile75,amplitude,variance,interquartile_range,semi_interquartile_range,coefficient_of_variation,skewness,kurtosis,label
1_19006616_19021286,968.0053709996067,11.202449801573145,13958393.695832273,0.00042457479770105597,5.051969214058545,1275.1377228689166,115236.557069553,115240.48462897098,2.661082578974883,4.638816403439691,11.202449801573145,22.278983985999144,13958393.695407698,13280369297.520098,17.640167582559453,8.820083791279727,119.04536950095066,0.02490883827656892,0.2469269980905032,fourier
