nameseq,average,median,maximum,minimum,peak,none_levated_peak,sample_standard_deviation,population_standard_deviation,percentile15,percentile25,percentile50,percentile75,amplitude,variance,interquartile_range,semi_interquartile_range,coefficient_of_variation,skewness,kurtosis,label
1_22597075_22597595,40.870266656345706,1.794075145183865,19913.341750698706,0.0037015477640603583,4.249217851376616,102.07434896995997,871.4700268124409,872.307576286687,0.41700039780230036,0.629339223525354,1.794075145183865,3.652242033018264,19913.33804915094,760920.5076471543,3.02290280949291,1.511451404746455,21.32283682267418,0.1345181944607667,0.27151841752968275,fourier
