nameseq,average,median,maximum,minimum,peak,none_levated_peak,sample_standard_deviation,population_standard_deviation,percentile15,percentile25,percentile50,percentile75,amplitude,variance,interquartile_range,semi_interquartile_range,coefficient_of_variation,skewness,kurtosis,label
1_25111771_25112109,38.745866067837724,3.4096054966938976,11152.950589888664,0.17615963065810708,2.916440164278567,46.75717112088999,604.580859434381,605.4745492931436,1.0057746435466883,1.5794214776141404,3.4096054966938976,7.806762143415165,11152.774430258005,366599.4298417354,6.227340665801025,3.1136703329005124,15.603751336358258,0.17534260315916814,0.263264758216663,fourier
