nameseq,average,median,maximum,minimum,peak,none_levated_peak,sample_standard_deviation,population_standard_deviation,percentile15,percentile25,percentile50,percentile75,amplitude,variance,interquartile_range,semi_interquartile_range,coefficient_of_variation,skewness,kurtosis,label
1_28424500_28443207,1194.9065297309076,5.588602548530798,22198814.84419536,7.68904166021434e-05,5.2188182463145,2242.771890336971,162294.70056004298,162299.0383087925,1.26293119497521,2.2694832695531666,5.588602548530798,11.186205002410565,22198814.84411847,26340977835.958893,8.916721732857399,4.458360866428699,135.8220886085472,0.021984413349511192,0.24795445949946196,fourier
