nameseq,average,median,maximum,minimum,peak,none_levated_peak,sample_standard_deviation,population_standard_deviation,percentile15,percentile25,percentile50,percentile75,amplitude,variance,interquartile_range,semi_interquartile_range,coefficient_of_variation,skewness,kurtosis,label
1_28107464_28107584,13.811992019790313,1.3513340997246148,1380.8925962613862,0.00825694725937597,2.920167726388945,24.877633280563288,124.84115544111995,125.36024772353537,0.4100236169923244,0.7457120809415072,1.3513340997246148,3.0044328822282633,1380.884339314127,15715.191709306153,2.2587208012867563,1.1293604006433782,9.038606108535474,0.29943630069835364,0.18694035221720845,fourier
