nameseq,average,median,maximum,minimum,peak,none_levated_peak,sample_standard_deviation,population_standard_deviation,percentile15,percentile25,percentile50,percentile75,amplitude,variance,interquartile_range,semi_interquartile_range,coefficient_of_variation,skewness,kurtosis,label
1_28480312_28481651,99.32432070161518,4.038640490719993,125052.18720445898,0.016701275429107477,4.497052318218404,185.9818057075375,3414.7371619643927,3416.012031212454,0.9823834260562905,1.658619411873391,4.038640490719993,7.74926567620596,125052.17050318356,11669138.197388237,6.090646264332569,3.0453231321662844,34.37966791862351,0.08371275066694762,0.23643819491419776,fourier
