nameseq,average,median,maximum,minimum,peak,none_levated_peak,sample_standard_deviation,population_standard_deviation,percentile15,percentile25,percentile50,percentile75,amplitude,variance,interquartile_range,semi_interquartile_range,coefficient_of_variation,skewness,kurtosis,label
1_3782445_3782577,11.745040024771907,0.9057530747685034,1408.4810773439488,0.02662896460103494,3.774643018655384,35.40853739965862,121.5750283994851,122.0346709780337,0.2490140582155515,0.4151132605467336,0.9057530747685034,1.783211554936241,1408.4544483793477,14892.460920716941,1.3680982943895075,0.6840491471947537,10.351180425359695,0.26747154640309284,0.3108191381806099,fourier
