nameseq,average,median,maximum,minimum,peak,none_levated_peak,sample_standard_deviation,population_standard_deviation,percentile15,percentile25,percentile50,percentile75,amplitude,variance,interquartile_range,semi_interquartile_range,coefficient_of_variation,skewness,kurtosis,label
1_38586334_38586452,9.670438031181916,0.6736246393583586,1060.5593177065361,0.012059723789087925,4.101847976147842,36.74388328544374,96.74382645801272,97.15289308788508,0.19712665416412223,0.3749096168954038,0.6736246393583586,1.089558392124567,1060.5472579827472,9438.684635346028,0.7146487752291633,0.35732438761458163,10.004079044410021,0.2789887599410248,0.2665092970428071,fourier
