nameseq,average,median,maximum,minimum,peak,none_levated_peak,sample_standard_deviation,population_standard_deviation,percentile15,percentile25,percentile50,percentile75,amplitude,variance,interquartile_range,semi_interquartile_range,coefficient_of_variation,skewness,kurtosis,label
1_39317_41856,167.78096625213402,2.1868689251207556,417243.46253106854,0.0008053901594242756,5.046261715970406,449.43509005596883,8277.202270440268,8278.83212223719,0.5040261964476732,0.9159070595187543,2.1868689251207556,4.574464758522704,417243.46172567835,68539061.30818634,3.65855769900395,1.829278849501975,49.33338062913313,0.06001814088259748,0.22909937044496026,fourier
