nameseq,average,median,maximum,minimum,peak,none_levated_peak,sample_standard_deviation,population_standard_deviation,percentile15,percentile25,percentile50,percentile75,amplitude,variance,interquartile_range,semi_interquartile_range,coefficient_of_variation,skewness,kurtosis,label
1_3914787_3914985,18.019305897217965,1.324924322551977,3197.2472447062487,0.0019133571462015846,3.6812368751437123,43.70060721585923,225.94565200087393,226.5155032262203,0.32971089901116735,0.6054692874527879,1.324924322551977,2.94598896053714,3197.2453313491023,51309.27320182782,2.340519673084352,1.170259836542176,12.539087425990038,0.22166013942062604,0.2633832874112882,fourier
