nameseq,average,median,maximum,minimum,peak,none_levated_peak,sample_standard_deviation,population_standard_deviation,percentile15,percentile25,percentile50,percentile75,amplitude,variance,interquartile_range,semi_interquartile_range,coefficient_of_variation,skewness,kurtosis,label
1_40115161_40115421,23.367038245735095,1.8335234908658566,5338.498679076068,0.006977919924880112,3.7231932898419022,49.05596155353379,329.64511096592406,330.27843549015984,0.43959393541316527,0.7025817719404934,1.8335234908658566,4.332833717781342,5338.491701156143,109083.84494982766,3.6302519458408486,1.8151259729204243,14.107269714684112,0.19596997533291366,0.27225486591545317,fourier
