nameseq,average,median,maximum,minimum,peak,none_levated_peak,sample_standard_deviation,population_standard_deviation,percentile15,percentile25,percentile50,percentile75,amplitude,variance,interquartile_range,semi_interquartile_range,coefficient_of_variation,skewness,kurtosis,label
1_4001794_4009604,596.7617451497649,28.599671935848818,4321462.60470263,0.0014278784834868498,4.362991910638044,434.2561628621006,48892.90205508995,48896.032102278274,6.424689692347708,11.850000506856937,28.599671935848818,57.565828494868555,4321462.603274751,2390821955.3470273,45.71582798801162,22.85791399400581,81.93035571142326,0.03486162915265743,0.2473908036108179,fourier
