nameseq,average,median,maximum,minimum,peak,none_levated_peak,sample_standard_deviation,population_standard_deviation,percentile15,percentile25,percentile50,percentile75,amplitude,variance,interquartile_range,semi_interquartile_range,coefficient_of_variation,skewness,kurtosis,label
1_40187316_40214526,1810.802053669254,25.96348472070011,48209413.40850468,0.00914121438397016,5.009014273511557,1581.7917289719176,292247.8135015848,292253.1836803506,6.192440993532691,10.681982993816712,25.96348472070011,52.274093015098856,48209413.399363466,85411923371.30074,41.592110021282146,20.796055010641073,161.3913640695287,0.018321833250658778,0.24749881966759146,fourier
