nameseq,average,median,maximum,minimum,peak,none_levated_peak,sample_standard_deviation,population_standard_deviation,percentile15,percentile25,percentile50,percentile75,amplitude,variance,interquartile_range,semi_interquartile_range,coefficient_of_variation,skewness,kurtosis,label
1_41705229_41705352,19.662894974213355,4.600609527424847,1656.1435274547002,0.030479182565878754,2.1020980576634005,16.565582201247064,147.7854025920211,148.3849401555663,0.840382155484305,1.5360994890720434,4.600609527424847,8.309486627473877,1656.1130482721344,22018.090464971,6.773387138401834,3.386693569200917,7.515953413057045,0.30575994345740043,0.2582015062435207,fourier
