nameseq,average,median,maximum,minimum,peak,none_levated_peak,sample_standard_deviation,population_standard_deviation,percentile15,percentile25,percentile50,percentile75,amplitude,variance,interquartile_range,semi_interquartile_range,coefficient_of_variation,skewness,kurtosis,label
1_42691621_42691641,5.5359638490987875,1.1278884622480954,93.41712344940478,0.0365505649629159,1.2644591241576744,4.947837715727539,19.66309087092799,20.14867240609888,0.5065682926750847,0.7158922239022637,1.1278884622480954,1.1840597351446935,93.38057288444186,405.9689997282903,0.46816751124242983,0.23408375562121492,3.5518820944123384,0.6725405607571179,0.10713319631544445,fourier
