nameseq,average,median,maximum,minimum,peak,none_levated_peak,sample_standard_deviation,population_standard_deviation,percentile15,percentile25,percentile50,percentile75,amplitude,variance,interquartile_range,semi_interquartile_range,coefficient_of_variation,skewness,kurtosis,label
1_42443584_42447742,296.1325828426041,8.31949749274331,1176772.9955295608,0.0007651827155228713,4.681461661617209,406.5163861248964,18244.906356016836,18247.10017630445,2.1100302864233327,3.6360720294260434,8.31949749274331,17.6612507187676,1176772.994764378,332956664.84409,14.025178689341558,7.012589344670779,61.61060083589009,0.04732494862955742,0.25224615305463927,fourier
