nameseq,average,median,maximum,minimum,peak,none_levated_peak,sample_standard_deviation,population_standard_deviation,percentile15,percentile25,percentile50,percentile75,amplitude,variance,interquartile_range,semi_interquartile_range,coefficient_of_variation,skewness,kurtosis,label
1_42125106_42125406,26.937118511167835,1.7478090984448693,7439.673713377514,0.030873472263710983,3.7247240565740625,62.007317397922826,427.9793518875929,428.69205738027284,0.3110950686239196,0.6643838207208006,1.7478090984448693,3.1067387216834685,7439.64283990525,183776.88006093114,2.442354900962668,1.221177450481334,15.88808957833249,0.17656909826345205,0.2606974204295721,fourier
