nameseq,average,median,maximum,minimum,peak,none_levated_peak,sample_standard_deviation,population_standard_deviation,percentile15,percentile25,percentile50,percentile75,amplitude,variance,interquartile_range,semi_interquartile_range,coefficient_of_variation,skewness,kurtosis,label
1_43318577_43318933,27.95786380186887,1.6334963661367286,9083.462960897137,0.011686725142085292,4.256405312055541,71.66633089860011,479.94845202775645,480.6220642217456,0.3944641701806837,0.7068059418107357,1.6334963661367286,3.467777472499919,9083.451274171995,230997.56861677172,2.7609715306891833,1.3804857653445917,17.166849922048545,0.1645449672220825,0.26415219822157626,fourier
