nameseq,average,median,maximum,minimum,peak,none_levated_peak,sample_standard_deviation,population_standard_deviation,percentile15,percentile25,percentile50,percentile75,amplitude,variance,interquartile_range,semi_interquartile_range,coefficient_of_variation,skewness,kurtosis,label
1_43347270_43347382,17.253496490654406,2.357245872179613,1457.4678561051342,0.0540972785273486,2.1831323689705058,17.72157841730372,136.1670019475239,136.77353947928978,0.6192152195115891,0.9498503371417062,2.357245872179613,7.122763053504233,1457.413758826607,18707.001101692844,6.172912716362527,3.0864563581812634,7.892139545238301,0.32819075999519,0.29138593153604914,fourier
