nameseq,average,median,maximum,minimum,peak,none_levated_peak,sample_standard_deviation,population_standard_deviation,percentile15,percentile25,percentile50,percentile75,amplitude,variance,interquartile_range,semi_interquartile_range,coefficient_of_variation,skewness,kurtosis,label
1_45133009_45139628,446.18332567404264,7.017729612527087,2880139.668599546,9.198455056665678e-05,4.945650228710559,700.8242159726958,35395.670400036084,35398.34409195364,1.7112446236225671,2.992255766135901,7.017729612527087,14.504862576785511,2880139.6685075616,1253042764.4523492,11.51260681064961,5.756303405324805,79.32988160542388,0.03722197583191428,0.24138717020728573,fourier
