nameseq,average,median,maximum,minimum,peak,none_levated_peak,sample_standard_deviation,population_standard_deviation,percentile15,percentile25,percentile50,percentile75,amplitude,variance,interquartile_range,semi_interquartile_range,coefficient_of_variation,skewness,kurtosis,label
1_46199319_46199933,53.114528727624226,2.7106875420145453,30375.051719872896,0.010368916196772587,3.8595842778019787,103.36862852882354,1223.6997263634157,1224.6958191017031,0.5710860304269209,0.9402961862548199,2.7106875420145453,4.9621484053284926,30375.0413509567,1499879.8493251917,4.021852219073673,2.0109261095368365,23.038888900599137,0.12356914061442069,0.2428847766945912,fourier
