nameseq,average,median,maximum,minimum,peak,none_levated_peak,sample_standard_deviation,population_standard_deviation,percentile15,percentile25,percentile50,percentile75,amplitude,variance,interquartile_range,semi_interquartile_range,coefficient_of_variation,skewness,kurtosis,label
1_57029230_57042922,897.7141082762334,8.216148587958035,12091947.813551206,0.0012371130139703845,5.084395233687085,1308.6513311333624,103330.98957635903,103334.76291491225,1.942196753623384,3.442634949917755,8.216148587958035,17.657331178020357,12091947.812314093,10678073226.681124,14.214696228102602,7.107348114051301,115.10456238097052,0.02582472005741197,0.23780635360381247,fourier
