nameseq,average,median,maximum,minimum,peak,none_levated_peak,sample_standard_deviation,population_standard_deviation,percentile15,percentile25,percentile50,percentile75,amplitude,variance,interquartile_range,semi_interquartile_range,coefficient_of_variation,skewness,kurtosis,label
1_58955596_58955852,22.31250428190421,1.4597845637415698,5165.579845041616,0.0037637855873220378,3.839401690833228,54.44440165649122,321.4633143036852,322.09056039145,0.335989603581929,0.527832981559146,1.4597845637415698,3.1001104829484696,5165.576081256028,103742.32909327831,2.5722775013893235,1.2861387506946618,14.407316643716992,0.1946043494573986,0.24430887606493404,fourier
