nameseq,average,median,maximum,minimum,peak,none_levated_peak,sample_standard_deviation,population_standard_deviation,percentile15,percentile25,percentile50,percentile75,amplitude,variance,interquartile_range,semi_interquartile_range,coefficient_of_variation,skewness,kurtosis,label
1_5897945_5903262,357.942635714739,6.0205413881200744,1853958.254106832,0.004778488377106992,4.952376413966473,606.1264974426126,25420.424659241595,25422.81503252811,1.388348474328935,2.5238629331105793,6.0205413881200744,12.427837029171046,1853958.2493283437,646319524.1781372,9.903974096060466,4.951987048030233,71.01815241562981,0.041532204797217386,0.23842124017907798,fourier
