nameseq,average,median,maximum,minimum,peak,none_levated_peak,sample_standard_deviation,population_standard_deviation,percentile15,percentile25,percentile50,percentile75,amplitude,variance,interquartile_range,semi_interquartile_range,coefficient_of_variation,skewness,kurtosis,label
1_59082024_59093199,759.5454088088408,17.963792106765847,8175541.048733623,0.00820188217106855,4.904688107029174,770.8397371915995,77330.80294512188,77334.26285890385,4.179100340980879,7.692355776741877,17.963792106765847,35.70047685321134,8175541.0405317405,5980588211.930035,28.008121076469465,14.004060538234732,101.81195495131243,0.02876919371553693,0.24781471011004638,fourier
