nameseq,average,median,maximum,minimum,peak,none_levated_peak,sample_standard_deviation,population_standard_deviation,percentile15,percentile25,percentile50,percentile75,amplitude,variance,interquartile_range,semi_interquartile_range,coefficient_of_variation,skewness,kurtosis,label
1_59119628_59120160,69.16089797598958,9.257981832925259,29981.924260423977,0.08280408757811025,2.568888951215566,51.393882698832236,1297.0063213398141,1298.224739947004,2.2291813961183973,3.4553991407352465,9.257981832925259,14.98714224969221,29981.8414563364,1685387.4754104663,11.531743108956963,5.7658715544784815,18.753462712269766,0.13855657098382754,0.22446891216748507,fourier
