nameseq,average,median,maximum,minimum,peak,none_levated_peak,sample_standard_deviation,population_standard_deviation,percentile15,percentile25,percentile50,percentile75,amplitude,variance,interquartile_range,semi_interquartile_range,coefficient_of_variation,skewness,kurtosis,label
1_66882141_66882453,27.87746848387146,1.83178257677133,7912.57834755278,0.06399475762248623,3.7425684255977365,60.285171366261935,446.3895801673938,447.10437578962893,0.49743184994292433,0.7439655006564848,1.83178257677133,3.6376594760807106,7912.514352795157,199902.3228502337,2.8936939754242257,1.4468469877121128,16.012557970450327,0.17504229756438175,0.256867811613665,fourier
