nameseq,average,median,maximum,minimum,peak,none_levated_peak,sample_standard_deviation,population_standard_deviation,percentile15,percentile25,percentile50,percentile75,amplitude,variance,interquartile_range,semi_interquartile_range,coefficient_of_variation,skewness,kurtosis,label
1_67609319_67609668,32.881102662233275,2.266685623745339,10166.341280200768,0.008840382663714487,3.548137295306346,58.748280757964885,542.4483855705018,543.2249763555001,0.5925302812501069,0.923946815223791,2.266685623745339,5.319727121370453,10166.332439818105,295093.3749364336,4.395780306146662,2.197890153073331,16.497268693897837,0.16931242410993766,0.24874917076780256,fourier
