nameseq,average,median,maximum,minimum,peak,none_levated_peak,sample_standard_deviation,population_standard_deviation,percentile15,percentile25,percentile50,percentile75,amplitude,variance,interquartile_range,semi_interquartile_range,coefficient_of_variation,skewness,kurtosis,label
1_82237615_82239666,148.985839205535,4.821827982345176,291077.3249343651,0.007009334135640169,4.59104035422038,261.5059416912098,6423.970676562039,6425.536543904384,1.2147168359226723,2.05620151165669,4.821827982345176,9.44996149475436,291077.31792503095,41287519.877050705,7.39375998309767,3.696879991548835,43.11799504448059,0.06732472102457185,0.22539567321938647,fourier
