nameseq,average,median,maximum,minimum,peak,none_levated_peak,sample_standard_deviation,population_standard_deviation,percentile15,percentile25,percentile50,percentile75,amplitude,variance,interquartile_range,semi_interquartile_range,coefficient_of_variation,skewness,kurtosis,label
1_8240766_8241061,30.52910662341956,1.9522025782481733,8065.98072760266,0.0027552139290988346,3.231888436295652,52.219088993822005,467.85619082971675,468.64849654687964,0.5907878726601429,0.943003751614331,1.9522025782481733,4.540060588302475,8065.977972388731,219631.41331565066,3.597056836688144,1.798528418344072,15.324922428971893,0.1832415896506051,0.2402514233271479,fourier
