nameseq,average,median,maximum,minimum,peak,none_levated_peak,sample_standard_deviation,population_standard_deviation,percentile15,percentile25,percentile50,percentile75,amplitude,variance,interquartile_range,semi_interquartile_range,coefficient_of_variation,skewness,kurtosis,label
1_82154412_82167204,838.7838512111384,11.210740418215082,10518885.895151636,0.0004202315759098289,5.0839478218088825,1114.676762348385,92996.34834682774,92999.98321748702,2.5606368035967537,4.469739916094221,11.210740418215082,22.398538773460018,10518885.894731404,8648996878.45287,17.9287988573658,8.9643994286829,110.87045633097046,0.02669695505805804,0.25247116367860606,fourier
