nameseq,average,median,maximum,minimum,peak,none_levated_peak,sample_standard_deviation,population_standard_deviation,percentile15,percentile25,percentile50,percentile75,amplitude,variance,interquartile_range,semi_interquartile_range,coefficient_of_variation,skewness,kurtosis,label
1_85473451_85473507,7.783325353374663,1.1465922013822853,346.3321625006198,0.042512154276442844,2.44111599314836,13.023290423306321,45.28334138711253,45.685867893334006,0.3086811596816641,0.4424088391861313,1.1465922013822853,2.0406166535672936,346.28965034634336,2087.198525167167,1.5982078143811624,0.7991039071905812,5.817994151751443,0.439680439784055,0.1455384247169371,fourier
