nameseq,average,median,maximum,minimum,peak,none_levated_peak,sample_standard_deviation,population_standard_deviation,percentile15,percentile25,percentile50,percentile75,amplitude,variance,interquartile_range,semi_interquartile_range,coefficient_of_variation,skewness,kurtosis,label
2_10831335_10831431,9.8439110105801,1.0535205955326739,822.1743990375983,0.009933128542025589,3.2846023596294107,24.950670791486854,82.9214023843136,83.35216581481635,0.13833114563634866,0.24979585326898673,1.0535205955326739,1.7970197501831162,822.1644659090563,6947.583546020639,1.5472238969141294,0.7736119484570647,8.423623729957617,0.3180261125218375,0.19987874848624854,fourier
