nameseq,average,median,maximum,minimum,peak,none_levated_peak,sample_standard_deviation,population_standard_deviation,percentile15,percentile25,percentile50,percentile75,amplitude,variance,interquartile_range,semi_interquartile_range,coefficient_of_variation,skewness,kurtosis,label
2_108412657_108413272,60.470929388200815,4.963969236581873,32851.50295619895,0.006464031603704815,3.3955709861042473,76.56948080419134,1322.2809429538097,1323.3555314635119,1.3014786519830857,1.9980273030507183,4.963969236581873,10.519171281696112,32851.496492167345,1751269.862655074,8.521143978645394,4.260571989322697,21.866390285905137,0.12593456885408183,0.28381839485522153,fourier
