nameseq,average,median,maximum,minimum,peak,none_levated_peak,sample_standard_deviation,population_standard_deviation,percentile15,percentile25,percentile50,percentile75,amplitude,variance,interquartile_range,semi_interquartile_range,coefficient_of_variation,skewness,kurtosis,label
2_101487238_101487330,15.877487716064312,2.4072514723779914,1132.653697636665,0.0005852569141892097,1.9524499438683385,15.520871981305765,116.50014371548404,117.13158543375688,0.3157678864084632,0.62679145416617,2.4072514723779914,5.880567346326822,1132.6531123797506,13719.808306225488,5.253775892160652,2.626887946080326,7.337441905095167,0.34687260841282525,0.28830362891315886,fourier
