nameseq,average,median,maximum,minimum,peak,none_levated_peak,sample_standard_deviation,population_standard_deviation,percentile15,percentile25,percentile50,percentile75,amplitude,variance,interquartile_range,semi_interquartile_range,coefficient_of_variation,skewness,kurtosis,label
2_10713734_10714110,49.33911554208438,4.695050355379101,16065.479439406608,0.06220620203966756,2.5469987713800384,47.54415723961828,826.0040522008611,827.1017324887505,1.3468803181561015,2.369259827404956,4.695050355379101,9.092207205878953,16065.41723320457,684097.2758858926,6.722947378473997,3.3614736892369983,16.741363178598352,0.16214471975441017,0.27173672775772,fourier
