nameseq,average,median,maximum,minimum,peak,none_levated_peak,sample_standard_deviation,population_standard_deviation,percentile15,percentile25,percentile50,percentile75,amplitude,variance,interquartile_range,semi_interquartile_range,coefficient_of_variation,skewness,kurtosis,label
2_108090954_108091071,13.780159275361294,1.5277941443445422,1398.2910873663586,0.03128298493492053,2.8543453342851204,25.820453585784072,128.0230179049658,128.56896075655584,0.3236895111267367,0.5375505047784291,1.5277941443445422,2.0303469732010067,1398.2598043814237,16529.977670020795,1.4927964684225774,0.7463982342112887,9.290387385715412,0.2871131769471005,0.19369631482344435,fourier
