nameseq,average,median,maximum,minimum,peak,none_levated_peak,sample_standard_deviation,population_standard_deviation,percentile15,percentile25,percentile50,percentile75,amplitude,variance,interquartile_range,semi_interquartile_range,coefficient_of_variation,skewness,kurtosis,label
2_107215673_107232564,1089.354692330716,7.776015272111946,18204872.264447376,7.2700721664493e-06,5.168809301789154,1743.1421232928233,140066.4012018644,140070.54732489356,1.7916942638169577,3.2217266575672134,7.776015272111946,15.272423178464493,18204872.264440104,19619758227.895245,12.05069652089728,6.02534826044864,128.5774065948961,0.023165698578201367,0.24471155376905354,fourier
