nameseq,average,median,maximum,minimum,peak,none_levated_peak,sample_standard_deviation,population_standard_deviation,percentile15,percentile25,percentile50,percentile75,amplitude,variance,interquartile_range,semi_interquartile_range,coefficient_of_variation,skewness,kurtosis,label
2_107553995_107555545,127.62862175158175,6.498784982752971,182426.29728758277,0.000854829075836279,4.050815505994389,169.75379677935092,4630.403891909835,4631.897329746412,1.4442017655571837,2.533236170030359,6.498784982752971,13.837237361105293,182426.2964327537,21454472.87331194,11.304001191074935,5.6520005955374675,36.28029378020333,0.07847900934546866,0.24690949887519414,fourier
