nameseq,average,median,maximum,minimum,peak,none_levated_peak,sample_standard_deviation,population_standard_deviation,percentile15,percentile25,percentile50,percentile75,amplitude,variance,interquartile_range,semi_interquartile_range,coefficient_of_variation,skewness,kurtosis,label
2_116202460_116215882,878.3162187929258,10.76377191128592,11573659.89872791,0.00030577852020971085,5.094216909124633,1188.713535831573,99891.6411871762,99895.36230849422,2.4630968600886036,4.270258059438902,10.76377191128592,21.906702749323117,11573659.898422131,9979083410.745329,17.636444689884215,8.818222344942107,113.73083981582141,0.026054806085006453,0.2565928596719507,fourier
