nameseq,average,median,maximum,minimum,peak,none_levated_peak,sample_standard_deviation,population_standard_deviation,percentile15,percentile25,percentile50,percentile75,amplitude,variance,interquartile_range,semi_interquartile_range,coefficient_of_variation,skewness,kurtosis,label
2_115087828_115126730,2508.2261077125972,21.101372901058284,96324527.10545696,3.499437326939729e-05,5.170054895287197,2500.2321679927595,488359.47220044106,488365.7489514286,4.934997155722877,8.802985613736688,21.101372901058284,41.99270450788317,96324527.10542198,238501104748.88983,33.18971889414648,16.59485944707324,194.7031293146875,0.015278446777770675,0.24441844822344438,fourier
