nameseq,average,median,maximum,minimum,peak,none_levated_peak,sample_standard_deviation,population_standard_deviation,percentile15,percentile25,percentile50,percentile75,amplitude,variance,interquartile_range,semi_interquartile_range,coefficient_of_variation,skewness,kurtosis,label
2_134118704_134125711,486.25888149253507,10.117628720346207,3303548.2324121594,0.003242583498097967,4.8040253636701165,640.1208787395863,39459.4203809739,39462.235994833194,2.2758688838845407,3.9489963465870463,10.117628720346207,20.06698801155726,3303548.229169576,1557268069.7119086,16.117991664970212,8.058995832485106,81.14899672342472,0.036199816026829125,0.24184625150033154,fourier
