nameseq,average,median,maximum,minimum,peak,none_levated_peak,sample_standard_deviation,population_standard_deviation,percentile15,percentile25,percentile50,percentile75,amplitude,variance,interquartile_range,semi_interquartile_range,coefficient_of_variation,skewness,kurtosis,label
2_138055854_138056020,14.897155369063425,1.315110161741147,2242.259046324578,0.018309476468195616,3.7367312945039384,40.20071997767775,172.88060401481061,173.40054685500058,0.2716358550233186,0.49785747230070976,1.315110161741147,2.229338700891824,2242.2407368481095,30067.74964961326,1.731481228591114,0.865740614295557,11.60494065691412,0.23568945662913188,0.2772468234301452,fourier
