nameseq,average,median,maximum,minimum,peak,none_levated_peak,sample_standard_deviation,population_standard_deviation,percentile15,percentile25,percentile50,percentile75,amplitude,variance,interquartile_range,semi_interquartile_range,coefficient_of_variation,skewness,kurtosis,label
2_138341395_138361346,1406.8522147263084,40.81883065879391,26779120.67715977,0.006325091574411431,4.727338520031046,928.964941235853,189579.4909940322,189584.2420620361,9.704761756661615,16.61612028456038,40.81883065879391,82.46912156541696,26779120.67083468,35942184838.236694,65.85300128085657,32.92650064042829,134.75437505773365,0.021616790564816676,0.24676002606573924,fourier
