nameseq,average,median,maximum,minimum,peak,none_levated_peak,sample_standard_deviation,population_standard_deviation,percentile15,percentile25,percentile50,percentile75,amplitude,variance,interquartile_range,semi_interquartile_range,coefficient_of_variation,skewness,kurtosis,label
2_132761965_132762044,9.547536726539791,1.3706457391660642,615.2713965836302,0.04313690422049156,2.7930415384043434,17.706680555592836,68.18508473225783,68.6152788088807,0.3283732398074498,0.6524912538076227,1.3706457391660642,2.027901025376174,615.2282596794097,4708.056486020433,1.3754097715685512,0.6877048857842756,7.141641523380597,0.35976596727049176,0.19211866724007132,fourier
