nameseq,average,median,maximum,minimum,peak,none_levated_peak,sample_standard_deviation,population_standard_deviation,percentile15,percentile25,percentile50,percentile75,amplitude,variance,interquartile_range,semi_interquartile_range,coefficient_of_variation,skewness,kurtosis,label
2_137269950_137271351,112.04313843259575,7.258893961891263,141977.2407006242,0.0019191285092650643,4.171012521346653,148.2193465091701,3790.1786719410325,3791.5310996993076,1.7275828120475316,3.0319196973352565,7.258893961891263,14.496101509705106,141977.23878149572,14375708.079987042,11.46418181236985,5.732090906184925,33.82785170928761,0.08293876374200762,0.2543083748676763,fourier
