nameseq,average,median,maximum,minimum,peak,none_levated_peak,sample_standard_deviation,population_standard_deviation,percentile15,percentile25,percentile50,percentile75,amplitude,variance,interquartile_range,semi_interquartile_range,coefficient_of_variation,skewness,kurtosis,label
2_135519060_135519387,30.67571243262703,2.712683609410766,8726.153457352759,0.0999163964134911,3.5641660669971977,53.02422909022632,480.8826895577464,481.6174228961582,0.7598409940162274,1.0736080490827682,2.712683609410766,5.251317168789309,8726.053540956345,231955.34203713687,4.177709119706541,2.0888545598532704,15.676333210317692,0.17444813109575455,0.24280382877490633,fourier
