nameseq,average,median,maximum,minimum,peak,none_levated_peak,sample_standard_deviation,population_standard_deviation,percentile15,percentile25,percentile50,percentile75,amplitude,variance,interquartile_range,semi_interquartile_range,coefficient_of_variation,skewness,kurtosis,label
2_13769439_13772293,228.91395498411518,11.64627369163222,605943.4676580781,0.00027284063125064756,4.157311714494229,244.74976072835088,11338.132264330727,11340.118448503681,2.6763926372506432,4.671463375102638,11.64627369163222,23.233510528213436,605943.4673852375,128598286.42609353,18.562047153110797,9.281023576555398,49.530105166010976,0.0574876909778159,0.25501429717247737,fourier
