nameseq,average,median,maximum,minimum,peak,none_levated_peak,sample_standard_deviation,population_standard_deviation,percentile15,percentile25,percentile50,percentile75,amplitude,variance,interquartile_range,semi_interquartile_range,coefficient_of_variation,skewness,kurtosis,label
2_147267989_147268128,15.976336537136557,2.012438779248349,1809.2810129300037,0.0003426154895425213,2.920986707947174,25.80366823620624,152.1484963962933,152.69481232422243,0.3931813980282844,0.9238151730501585,2.012438779248349,3.8672627382162945,1809.2806703145143,23315.70571072951,2.943447565166136,1.471723782583068,9.523365763022598,0.2753342574254004,0.2048448954303813,fourier
