nameseq,average,median,maximum,minimum,peak,none_levated_peak,sample_standard_deviation,population_standard_deviation,percentile15,percentile25,percentile50,percentile75,amplitude,variance,interquartile_range,semi_interquartile_range,coefficient_of_variation,skewness,kurtosis,label
2_141865099_141865253,17.184635589604344,1.9916369830906693,2268.7776537477653,0.00544865278091402,3.0065616694206683,30.44895831301103,181.46301392266966,182.05122620734977,0.4129180726718975,0.5596303607002199,1.9916369830906693,3.4243794995591097,2268.772205094984,33142.64896359964,2.86474913885889,1.432374569429445,10.559607911176407,0.25117512838712397,0.29025075019771596,fourier
