nameseq,average,median,maximum,minimum,peak,none_levated_peak,sample_standard_deviation,population_standard_deviation,percentile15,percentile25,percentile50,percentile75,amplitude,variance,interquartile_range,semi_interquartile_range,coefficient_of_variation,skewness,kurtosis,label
2_152693616_152693987,34.07334746050694,2.505911639267218,11171.01466857733,0.030347241327921996,3.6392080391785244,61.411714489439206,578.2238030934681,579.0025560431292,0.6474036783717336,0.9380995007335814,2.505911639267218,5.163510576718425,11170.984321336004,335243.959904477,4.225411075984844,2.112705537992422,16.96997348921072,0.1637814060179927,0.21773671501926517,fourier
