nameseq,average,median,maximum,minimum,peak,none_levated_peak,sample_standard_deviation,population_standard_deviation,percentile15,percentile25,percentile50,percentile75,amplitude,variance,interquartile_range,semi_interquartile_range,coefficient_of_variation,skewness,kurtosis,label
2_21846730_21847032,51.31006017885284,4.003411662764649,13763.819891714214,0.06870965370053524,1.9684248985080435,39.867926453806575,789.0888392653386,790.3941980389865,1.1387777742673482,1.6500105646324177,4.003411662764649,8.553937230278464,13763.751182060514,624722.9882936926,6.903926665646047,3.4519633328230235,15.378832854898059,0.17985293731995447,0.26902124752237483,fourier
