nameseq,average,median,maximum,minimum,peak,none_levated_peak,sample_standard_deviation,population_standard_deviation,percentile15,percentile25,percentile50,percentile75,amplitude,variance,interquartile_range,semi_interquartile_range,coefficient_of_variation,skewness,kurtosis,label
2_28223809_28224236,34.81803754660534,1.87578107641626,13707.00339697153,0.007712892061615542,4.097493044394062,81.04482588883124,661.6488924325694,662.4232038647981,0.5284302830286671,0.7720991698864519,1.87578107641626,4.0550259907525685,13706.995684079468,438804.5010185038,3.2829268208661166,1.6414634104330583,19.00304954140295,0.14936436914029744,0.2710879538043876,fourier
