nameseq,average,median,maximum,minimum,peak,none_levated_peak,sample_standard_deviation,population_standard_deviation,percentile15,percentile25,percentile50,percentile75,amplitude,variance,interquartile_range,semi_interquartile_range,coefficient_of_variation,skewness,kurtosis,label
2_34500495_34501001,40.54792909714963,2.07532829137245,18604.9846988625,0.002196406111941681,4.167907061174182,86.90946624937088,825.3066267329397,826.1217445876531,0.6039585760764736,0.9553194918261951,2.07532829137245,4.965426705851559,18604.982502456387,682477.1368805475,4.010107214025364,2.005053607012682,20.35385394789387,0.13984838928802093,0.24264467028227843,fourier
