nameseq,average,median,maximum,minimum,peak,none_levated_peak,sample_standard_deviation,population_standard_deviation,percentile15,percentile25,percentile50,percentile75,amplitude,variance,interquartile_range,semi_interquartile_range,coefficient_of_variation,skewness,kurtosis,label
2_34352610_34356179,244.84636864433568,3.9790329678539686,852194.1723346952,0.0018810875798042069,4.860190521055252,488.4200256192954,14260.690029894507,14262.687745114768,1.0011898311868164,1.6624197507135878,3.9790329678539686,8.14334592654035,852194.1704536077,203424261.714647,6.480926175826762,3.240463087913381,58.24342059411799,0.050670900602612035,0.2456273792245183,fourier
