nameseq,average,median,maximum,minimum,peak,none_levated_peak,sample_standard_deviation,population_standard_deviation,percentile15,percentile25,percentile50,percentile75,amplitude,variance,interquartile_range,semi_interquartile_range,coefficient_of_variation,skewness,kurtosis,label
2_35689758_35693016,224.8053917735522,6.175418185787852,702926.1165441468,0.002305346183732314,4.8323277514073295,375.4263668995043,12311.059102147437,12312.94831555565,1.349649753207151,2.4296526548230397,6.175418185787852,12.16932678310617,702926.1142388006,151608696.2215447,9.73967412828313,4.869837064141565,54.76318430364179,0.0532764821711306,0.24808409636451026,fourier
