nameseq,average,median,maximum,minimum,peak,none_levated_peak,sample_standard_deviation,population_standard_deviation,percentile15,percentile25,percentile50,percentile75,amplitude,variance,interquartile_range,semi_interquartile_range,coefficient_of_variation,skewness,kurtosis,label
2_4318289_4318633,24.699413466902005,0.8534786443818432,8136.35172211697,0.01929266713752267,4.655981007569416,94.07058277989925,437.3520255727664,437.98725034554906,0.21652242470485106,0.45472834125127287,0.8534786443818432,1.5572811147451984,8136.3324294498325,191832.83146525465,1.1025527734939256,0.5512763867469628,17.706980214685338,0.16357030557677857,0.23563534800140068,fourier
