nameseq,average,median,maximum,minimum,peak,none_levated_peak,sample_standard_deviation,population_standard_deviation,percentile15,percentile25,percentile50,percentile75,amplitude,variance,interquartile_range,semi_interquartile_range,coefficient_of_variation,skewness,kurtosis,label
2_4646656_4646816,15.996843936899173,1.6718267080790856,2228.4125931218923,0.027119318798377683,3.3548284198032507,33.226697823055176,174.91938036565634,175.4651519894394,0.4437541688462735,0.9352833221693833,1.6718267080790856,2.847902078958392,2228.385473803094,30788.019562677066,1.912618756789009,0.9563093783945045,10.934618169411403,0.2456849069361212,0.19697384139035726,fourier
