nameseq,average,median,maximum,minimum,peak,none_levated_peak,sample_standard_deviation,population_standard_deviation,percentile15,percentile25,percentile50,percentile75,amplitude,variance,interquartile_range,semi_interquartile_range,coefficient_of_variation,skewness,kurtosis,label
2_60234770_60239863,345.0458513226217,7.899177183887529,1698672.690980285,0.0022015103409258386,4.921085106490242,523.848620202092,23797.68558802786,23800.021786491056,1.7729220624541595,3.174373984708643,7.899177183887529,15.411287729325437,1698672.6887787746,566441037.0374489,12.236913744616794,6.118456872308397,68.9696325772564,0.04250161296882743,0.2419381415882227,fourier
