nameseq,average,median,maximum,minimum,peak,none_levated_peak,sample_standard_deviation,population_standard_deviation,percentile15,percentile25,percentile50,percentile75,amplitude,variance,interquartile_range,semi_interquartile_range,coefficient_of_variation,skewness,kurtosis,label
2_72207960_72208073,11.746449503590078,1.3242932141006318,1134.721429009429,0.03908343807399787,3.235020078908612,25.913236805408395,105.65830259363214,106.1247874340116,0.24883242004456954,0.6253442435892905,1.3242932141006318,2.068194916252654,1134.682345571355,11262.470507914146,1.4428506726633632,0.7214253363316816,8.994913957731628,0.29592060539455156,0.18782960557884884,fourier
