nameseq,average,median,maximum,minimum,peak,none_levated_peak,sample_standard_deviation,population_standard_deviation,percentile15,percentile25,percentile50,percentile75,amplitude,variance,interquartile_range,semi_interquartile_range,coefficient_of_variation,skewness,kurtosis,label
2_86119684_86138962,1281.0170827669042,18.476468329356873,24156404.728434958,0.0004733359288280008,5.016586757338878,1317.6658653120717,173971.5726572106,173976.084777675,4.287206983471078,7.520079484389024,18.476468329356873,37.595136576383915,24156404.727961622,30267678074.568756,30.075057091994893,15.037528545997446,135.80737915020197,0.021771498558420692,0.24883369258274277,fourier
