nameseq,average,median,maximum,minimum,peak,none_levated_peak,sample_standard_deviation,population_standard_deviation,percentile15,percentile25,percentile50,percentile75,amplitude,variance,interquartile_range,semi_interquartile_range,coefficient_of_variation,skewness,kurtosis,label
2_87740491_87740648,13.80483618321735,1.3702575824886316,1915.3269275416255,0.003340364416951276,3.8150881305418136,36.44317869191951,151.76541367584906,152.2479758273996,0.393079363237089,0.5998370434190906,1.3702575824886316,2.5180463111155245,1915.3235871772085,23179.446143540456,1.918209267696434,0.959104633848217,10.99364104445886,0.24579866320439794,0.27936241289899794,fourier
