nameseq,average,median,maximum,minimum,peak,none_levated_peak,sample_standard_deviation,population_standard_deviation,percentile15,percentile25,percentile50,percentile75,amplitude,variance,interquartile_range,semi_interquartile_range,coefficient_of_variation,skewness,kurtosis,label
2_88636370_88637694,94.15874809276845,2.900159129141079,118777.28636595482,0.0036465372023810633,4.690659929245464,206.86896957490382,3261.710872767347,3262.942404196078,0.7742672334527678,1.321019188823594,2.900159129141079,6.277391879589891,118777.28271941762,10646793.13310088,4.9563726907662975,2.4781863453831487,34.640550547186514,0.08393624621259008,0.24808163325650615,fourier
