nameseq,average,median,maximum,minimum,peak,none_levated_peak,sample_standard_deviation,population_standard_deviation,percentile15,percentile25,percentile50,percentile75,amplitude,variance,interquartile_range,semi_interquartile_range,coefficient_of_variation,skewness,kurtosis,label
2_8812186_8812214,4.428533362605412,0.6070780384723419,104.85440131040974,0.06548990140807791,2.1828144613953038,8.302721645808273,18.992006398919514,19.328174203036014,0.34392197314034745,0.35313032246767867,0.6070780384723419,1.0639318975260161,104.78891140900167,373.5783180229068,0.7108015750583374,0.3554007875291687,4.288554436393827,0.6036416443631484,0.17065214748741148,fourier
