nameseq,average,median,maximum,minimum,peak,none_levated_peak,sample_standard_deviation,population_standard_deviation,percentile15,percentile25,percentile50,percentile75,amplitude,variance,interquartile_range,semi_interquartile_range,coefficient_of_variation,skewness,kurtosis,label
2_8858105_8859021,68.82843352835833,2.8315239714154927,58888.78649246996,0.010941235406264599,4.440994092081545,142.89510014053502,1943.473475848612,1944.5340344409703,0.7311795682855717,1.232736024862709,2.8315239714154927,5.777660662153815,58888.775551234554,3781212.6110992767,4.544924637291106,2.272462318645553,28.23649146464843,0.10187467497305382,0.22274277986283142,fourier
