nameseq,average,median,maximum,minimum,peak,none_levated_peak,sample_standard_deviation,population_standard_deviation,percentile15,percentile25,percentile50,percentile75,amplitude,variance,interquartile_range,semi_interquartile_range,coefficient_of_variation,skewness,kurtosis,label
2_89319582_89321602,176.90597545757055,11.268076288097133,324396.27743767796,0.034529890270382856,3.8080492472016023,173.59633846051403,7213.80508968437,7215.590464068762,2.904075380210307,4.774691907881114,11.268076288097133,23.005940355577657,324396.2429077877,52064745.74516005,18.231248447696544,9.115624223848272,40.777622525331495,0.06888371550528849,0.258845833616587,fourier
