nameseq,average,median,maximum,minimum,peak,none_levated_peak,sample_standard_deviation,population_standard_deviation,percentile15,percentile25,percentile50,percentile75,amplitude,variance,interquartile_range,semi_interquartile_range,coefficient_of_variation,skewness,kurtosis,label
2_90162085_90162325,19.3444902944246,1.2877278344729637,4237.342213511705,0.009436377468050254,4.152775912451243,55.042072724852034,272.2756827939821,272.8423341515505,0.39933574945575195,0.748817861817423,1.2877278344729637,2.1957179204564796,4237.332777134237,74442.93930526635,1.4469000586390566,0.7234500293195283,14.07510245294271,0.19895382071575943,0.1881772077671619,fourier
