nameseq,average,median,maximum,minimum,peak,none_levated_peak,sample_standard_deviation,population_standard_deviation,percentile15,percentile25,percentile50,percentile75,amplitude,variance,interquartile_range,semi_interquartile_range,coefficient_of_variation,skewness,kurtosis,label
2_91071783_91110409,2517.285100035166,26.52885723155842,95535942.4925971,0.0015961974116836398,5.114902029367589,2176.8992322519753,486088.6613056588,486094.95351188286,5.858798116904596,10.59812292830775,26.52885723155842,55.1793129838303,95535942.4910009,236288303829.71954,44.58119005552255,22.290595027761274,193.10036090026838,0.015372234168844692,0.23680256179207257,fourier
