nameseq,average,median,maximum,minimum,peak,none_levated_peak,sample_standard_deviation,population_standard_deviation,percentile15,percentile25,percentile50,percentile75,amplitude,variance,interquartile_range,semi_interquartile_range,coefficient_of_variation,skewness,kurtosis,label
2_92996515_92996652,16.45819928417621,1.3412818572870608,1956.5491616411982,0.011411087736713092,2.794959473131842,27.729543671891175,165.76744611531205,166.3713368078755,0.3776257812474239,0.7686020549989603,1.3412818572870608,3.0581867558157048,1956.5377505534616,27679.421711239556,2.2895847008167447,1.1447923504083724,10.072028127323122,0.2735805693062335,0.2350217803382657,fourier
