nameseq,average,median,maximum,minimum,peak,none_levated_peak,sample_standard_deviation,population_standard_deviation,percentile15,percentile25,percentile50,percentile75,amplitude,variance,interquartile_range,semi_interquartile_range,coefficient_of_variation,skewness,kurtosis,label
3_115773734_115779843,480.5684388525583,21.989586263770914,2727336.4795270883,0.02407975513706832,4.238036670759251,380.54833778518145,34888.146502419164,34891.00185672294,5.444060396393018,9.530664869918034,21.989586263770914,44.65401564852794,2727336.4554473334,1217382010.5658438,35.123350778609904,17.561675389304952,72.59766493555163,0.039432778627863416,0.23942002287930447,fourier
