nameseq,average,median,maximum,minimum,peak,none_levated_peak,sample_standard_deviation,population_standard_deviation,percentile15,percentile25,percentile50,percentile75,amplitude,variance,interquartile_range,semi_interquartile_range,coefficient_of_variation,skewness,kurtosis,label
3_124209708_124212315,180.61772639460585,3.992679023236894,455978.3794188183,0.009452908568243535,4.813111928084242,364.22109996797667,8926.922572217529,8928.634514427575,0.953249562903594,1.7577181976982328,3.992679023236894,7.722469439816951,455978.3699659097,79720514.29222733,5.9647512421187185,2.9823756210593593,49.42439898016639,0.05935697748328079,0.22993613506418892,fourier
