nameseq,average,median,maximum,minimum,peak,none_levated_peak,sample_standard_deviation,population_standard_deviation,percentile15,percentile25,percentile50,percentile75,amplitude,variance,interquartile_range,semi_interquartile_range,coefficient_of_variation,skewness,kurtosis,label
3_142234333_142234429,9.272389439000076,0.7306747979596798,805.7100128639846,0.028662778428673468,3.487055148626299,27.773880307959494,81.29069341206477,81.71298557012348,0.12297905236732326,0.34962609126493993,0.7306747979596798,1.484548193607706,805.6813500855559,6677.012010783209,1.1349221023427662,0.5674610511713831,8.766962814369354,0.3152285070718566,0.269152568341176,fourier
