nameseq,average,median,maximum,minimum,peak,none_levated_peak,sample_standard_deviation,population_standard_deviation,percentile15,percentile25,percentile50,percentile75,amplitude,variance,interquartile_range,semi_interquartile_range,coefficient_of_variation,skewness,kurtosis,label
3_147437045_147437281,20.96586809924569,1.3379153959347752,4422.331203129352,0.009932944004925242,3.7680290473086715,48.819990382860865,286.5142293395348,287.12060933918923,0.481598266067312,0.7272317034095188,1.3379153959347752,2.997962792303058,4422.321270185347,82438.24430730731,2.2707310888935393,1.1353655444467696,13.665746058463613,0.20551809327470505,0.1820631547226731,fourier
