nameseq,average,median,maximum,minimum,peak,none_levated_peak,sample_standard_deviation,population_standard_deviation,percentile15,percentile25,percentile50,percentile75,amplitude,variance,interquartile_range,semi_interquartile_range,coefficient_of_variation,skewness,kurtosis,label
3_141613106_141613392,23.140135560719532,1.7769137489409828,5988.147907345801,0.029734673426297393,4.1342310383462575,59.394229676323405,352.7254940353342,353.34160890493513,0.4089083075055289,0.7055511723392349,1.7769137489409828,2.946509449339622,5988.118172672375,124850.29258352813,2.240958277000387,1.1204791385001935,15.243017618016337,0.18169842134777897,0.22241512763499985,fourier
