nameseq,average,median,maximum,minimum,peak,none_levated_peak,sample_standard_deviation,population_standard_deviation,percentile15,percentile25,percentile50,percentile75,amplitude,variance,interquartile_range,semi_interquartile_range,coefficient_of_variation,skewness,kurtosis,label
3_140775654_140775822,16.9375860093132,1.7932018070104898,2440.3275287342053,0.06022230882856923,3.3259363702925686,32.924114067596875,186.98357469621865,187.53924776283827,0.5694110955389934,0.9157137041730062,1.7932018070104898,3.5166314543483694,2440.267306425377,35170.96945145124,2.600917750175363,1.3004588750876815,11.039564586913682,0.24297937763100708,0.254028654383368,fourier
