nameseq,average,median,maximum,minimum,peak,none_levated_peak,sample_standard_deviation,population_standard_deviation,percentile15,percentile25,percentile50,percentile75,amplitude,variance,interquartile_range,semi_interquartile_range,coefficient_of_variation,skewness,kurtosis,label
3_212651_212794,14.1558712042765,1.131947667881867,1818.8256895979926,0.0001243110799924809,3.390819209028913,34.269443139296556,150.9215581584128,151.44833657735182,0.3622405062470532,0.5469220523338466,1.131947667881867,2.103725925396637,1818.8255652869125,22936.59865204684,1.5568038730627904,0.7784019365313952,10.661410801252508,0.25888793546759387,0.24584390470455444,fourier
