nameseq,average,median,maximum,minimum,peak,none_levated_peak,sample_standard_deviation,population_standard_deviation,percentile15,percentile25,percentile50,percentile75,amplitude,variance,interquartile_range,semi_interquartile_range,coefficient_of_variation,skewness,kurtosis,label
3_27886567_27917427,2091.127017024488,38.61872077327158,62795044.484322794,0.000419468156906368,4.919356842626234,1496.1131888717878,357448.06915634684,357453.8605557875,8.638363182732494,15.890392298874117,38.61872077327158,76.92885499464761,62795044.483903326,127773262426.23639,61.03846269577349,30.519231347886745,170.93560852413825,0.017226348160969823,0.2458075162413159,fourier
