nameseq,average,median,maximum,minimum,peak,none_levated_peak,sample_standard_deviation,population_standard_deviation,percentile15,percentile25,percentile50,percentile75,amplitude,variance,interquartile_range,semi_interquartile_range,coefficient_of_variation,skewness,kurtosis,label
3_35650433_35650568,19.29469673404809,2.2317456014892465,2197.0361390013845,0.0011326888705848065,2.349522978163039,24.23534228471319,187.460305140357,188.15332157088042,0.3551770455309238,0.6571943144569707,2.2317456014892465,4.242044119029722,2197.035006312514,35401.67241815513,3.5848498045727513,1.7924249022863756,9.715638847515963,0.27306502760331014,0.20674064522403096,fourier
