nameseq,average,median,maximum,minimum,peak,none_levated_peak,sample_standard_deviation,population_standard_deviation,percentile15,percentile25,percentile50,percentile75,amplitude,variance,interquartile_range,semi_interquartile_range,coefficient_of_variation,skewness,kurtosis,label
3_35725622_35726290,51.654870475661646,2.095758430667789,32414.549647331005,0.018799303018700517,4.317114687279517,121.68153322610792,1252.1632483748567,1253.1001458111168,0.5105432716536611,0.8100793443154993,2.095758430667789,3.970629862848756,32414.530848027985,1570259.975431842,3.160550518533257,1.5802752592666285,24.240952244083964,0.11873638387641963,0.2094887743210948,fourier
