nameseq,average,median,maximum,minimum,peak,none_levated_peak,sample_standard_deviation,population_standard_deviation,percentile15,percentile25,percentile50,percentile75,amplitude,variance,interquartile_range,semi_interquartile_range,coefficient_of_variation,skewness,kurtosis,label
3_37990421_37990558,13.969897431622643,1.2161613312791524,1707.751873836712,0.005149552061237071,3.2927943977507765,31.686091948443657,144.71528906469473,145.24248676355418,0.3453941185868504,0.6578776700163617,1.2161613312791524,2.5144272140341863,1707.7467242846508,21095.37996126121,1.8565495440178248,0.9282747720089124,10.359080284806762,0.26438953719621056,0.28482805257997607,fourier
