nameseq,average,median,maximum,minimum,peak,none_levated_peak,sample_standard_deviation,population_standard_deviation,percentile15,percentile25,percentile50,percentile75,amplitude,variance,interquartile_range,semi_interquartile_range,coefficient_of_variation,skewness,kurtosis,label
3_40189046_40189180,15.040720889831809,1.3992705311770484,1739.803588368602,0.03206043672342782,2.9918778713872674,28.205450131917672,149.01398764729066,149.5689764869106,0.35006668753045744,0.5459735965447545,1.3992705311770484,3.308215906203574,1739.7715279318786,22370.878727342013,2.7622423096588196,1.3811211548294098,9.907370048202324,0.27463429253923705,0.2693737247473458,fourier
