nameseq,average,median,maximum,minimum,peak,none_levated_peak,sample_standard_deviation,population_standard_deviation,percentile15,percentile25,percentile50,percentile75,amplitude,variance,interquartile_range,semi_interquartile_range,coefficient_of_variation,skewness,kurtosis,label
3_43537090_43537180,9.933876703231638,0.9954108207695264,765.0368574092722,0.09783730536433342,3.05352424229963,21.904521306752983,79.61078991409326,80.05185029701939,0.187287515937138,0.49640998893686106,0.9954108207695264,2.1629179425526335,764.9390201039079,6408.298735976403,1.6665079536157723,0.8332539768078862,8.014070668724395,0.3368311968305101,0.20167416847554548,fourier
