nameseq,average,median,maximum,minimum,peak,none_levated_peak,sample_standard_deviation,population_standard_deviation,percentile15,percentile25,percentile50,percentile75,amplitude,variance,interquartile_range,semi_interquartile_range,coefficient_of_variation,skewness,kurtosis,label
3_51801857_51811126,636.5712233671433,16.458708194945107,5637988.198007115,0.005456033059244273,4.854130828684725,654.4049190760066,58554.36338742372,58557.521914997684,3.9056027327159457,6.7631731911272395,16.458708194945107,34.519797711614466,5637988.192551082,3428983372.825434,27.756624520487225,13.878312260243613,91.98399368055068,0.03177111726427133,0.23964188072795575,fourier
