nameseq,average,median,maximum,minimum,peak,none_levated_peak,sample_standard_deviation,population_standard_deviation,percentile15,percentile25,percentile50,percentile75,amplitude,variance,interquartile_range,semi_interquartile_range,coefficient_of_variation,skewness,kurtosis,label
3_53862785_53862868,10.905157323513453,1.2242130954310004,742.4916026719093,0.030293047658388854,2.567592485770658,17.88393679473005,80.33235701365638,80.81483797039519,0.34372889290783176,0.4564840937885393,1.2242130954310004,3.0686124248114766,742.4613096242509,6531.038036181229,2.6121283310229373,1.3060641655114686,7.366455579732497,0.36153343140809524,0.27467498361581416,fourier
