nameseq,average,median,maximum,minimum,peak,none_levated_peak,sample_standard_deviation,population_standard_deviation,percentile15,percentile25,percentile50,percentile75,amplitude,variance,interquartile_range,semi_interquartile_range,coefficient_of_variation,skewness,kurtosis,label
3_53948853_53950058,89.7377107061851,2.8717649421936025,102955.06740683065,0.0012440521440414407,4.47972203476651,189.94729338479266,2963.302281132743,2964.531612146476,0.7889320440568285,1.2732894589749595,2.8717649421936025,6.106901965322218,102955.06616277852,8788447.679415785,4.833612506347259,2.4168062531736294,33.021817225035356,0.0879416990130211,0.22943291579248,fourier
