nameseq,average,median,maximum,minimum,peak,none_levated_peak,sample_standard_deviation,population_standard_deviation,percentile15,percentile25,percentile50,percentile75,amplitude,variance,interquartile_range,semi_interquartile_range,coefficient_of_variation,skewness,kurtosis,label
3_55345861_55345871,3.2530575714369006,0.777802359044109,25.78492625830559,0.058790710357173696,1.127144720358291,2.887963113642888,7.166782644719693,7.516585050694294,0.17632253502483275,0.2938543596924918,0.777802359044109,1.934453042328192,25.726135547948417,56.499050824320946,1.6405986826357002,0.8202993413178501,2.2030912418048816,1.0361365769407689,0.3933147213549096,fourier
