nameseq,average,median,maximum,minimum,peak,none_levated_peak,sample_standard_deviation,population_standard_deviation,percentile15,percentile25,percentile50,percentile75,amplitude,variance,interquartile_range,semi_interquartile_range,coefficient_of_variation,skewness,kurtosis,label
3_62649910_62650301,34.87529095631026,2.698007616000537,12191.94297268032,0.04111296718993308,3.746683198438639,65.2903300267925,614.8206235009443,615.6063370784107,0.5458063726582644,1.063342499279506,2.698007616000537,5.473258554057059,12191.901859713129,378971.1622510978,4.409916054777553,2.2049580273887766,17.629118113198135,0.15700815218470124,0.26033943024375816,fourier
