nameseq,average,median,maximum,minimum,peak,none_levated_peak,sample_standard_deviation,population_standard_deviation,percentile15,percentile25,percentile50,percentile75,amplitude,variance,interquartile_range,semi_interquartile_range,coefficient_of_variation,skewness,kurtosis,label
3_7494937_7495069,12.36434736882802,0.8280740227586632,1489.968670449434,0.019493390862764783,3.5855781151136945,35.27033335439816,128.61321090749047,129.0994629666114,0.28308661527150986,0.34833629912486447,0.8280740227586632,1.5347250020249574,1489.9491770585712,16666.671338267468,1.186388702900093,0.5931943514500465,10.401940925061647,0.26909226349306886,0.22549331857051472,fourier
