nameseq,average,median,maximum,minimum,peak,none_levated_peak,sample_standard_deviation,population_standard_deviation,percentile15,percentile25,percentile50,percentile75,amplitude,variance,interquartile_range,semi_interquartile_range,coefficient_of_variation,skewness,kurtosis,label
3_7821171_7821282,15.9490853094228,2.045493871193221,1480.2877504587261,0.20960814798094768,2.340782095589934,20.54897067598254,139.01550591372214,139.64029785240362,0.47230870184679286,0.614603581721237,2.045493871193221,4.435670683207062,1480.078142310745,19499.412784308002,3.8210671014858244,1.9105335507429122,8.71620555139868,0.30004404214142766,0.38321525538890944,fourier
