nameseq,average,median,maximum,minimum,peak,none_levated_peak,sample_standard_deviation,population_standard_deviation,percentile15,percentile25,percentile50,percentile75,amplitude,variance,interquartile_range,semi_interquartile_range,coefficient_of_variation,skewness,kurtosis,label
3_821319_821688,41.928634050102154,3.745555639819801,13511.440913588549,0.010739186606200811,2.941506112170445,51.974294417167776,701.215549217465,702.1650629215047,0.904794761957529,1.5289127157913396,3.745555639819801,7.934146593064121,13511.430174401943,493035.77558756067,6.4052338772727815,3.2026169386363907,16.724025599774016,0.16335809346880642,0.2888599927598679,fourier
