nameseq,average,median,maximum,minimum,peak,none_levated_peak,sample_standard_deviation,population_standard_deviation,percentile15,percentile25,percentile50,percentile75,amplitude,variance,interquartile_range,semi_interquartile_range,coefficient_of_variation,skewness,kurtosis,label
3_87216189_87247585,2032.2651456781466,18.417629014905124,62945718.15001668,0.0007010479591277106,5.149754543064004,2156.794351627695,355234.3980773144,355240.0553516402,4.3717607005832395,7.680224016355476,18.417629014905124,36.791673153773374,62945718.14931563,126195496926.2364,29.1114491374179,14.55572456870895,174.79726935865756,0.01700720026745502,0.24461804600699802,fourier
