nameseq,average,median,maximum,minimum,peak,none_levated_peak,sample_standard_deviation,population_standard_deviation,percentile15,percentile25,percentile50,percentile75,amplitude,variance,interquartile_range,semi_interquartile_range,coefficient_of_variation,skewness,kurtosis,label
3_98487530_98487676,13.554224240859881,0.951957890682355,1807.8693282038134,0.008223964880665888,3.615109144519468,38.46761019622661,148.50442603078463,149.01213495123173,0.21102677984751556,0.37430000788534823,0.951957890682355,1.855932851309444,1807.8611042389327,22204.616362724097,1.4816328434240957,0.7408164217120479,10.956320582561315,0.25458365155187573,0.2858020175929816,fourier
