nameseq,average,median,maximum,minimum,peak,none_levated_peak,sample_standard_deviation,population_standard_deviation,percentile15,percentile25,percentile50,percentile75,amplitude,variance,interquartile_range,semi_interquartile_range,coefficient_of_variation,skewness,kurtosis,label
4_106062654_106064902,158.35345450988007,3.624929566078669,343625.64033860463,0.0003040380188930202,4.734135222922422,322.18013022340904,7244.149259491974,7245.7603235082215,0.7985536354950002,1.459310652738774,3.624929566078669,7.8882371507394495,343625.64003456663,52501042.66572596,6.428926498000676,3.214463249000338,45.74670809622276,0.06407730683118988,0.26725789661144217,fourier
