nameseq,average,median,maximum,minimum,peak,none_levated_peak,sample_standard_deviation,population_standard_deviation,percentile15,percentile25,percentile50,percentile75,amplitude,variance,interquartile_range,semi_interquartile_range,coefficient_of_variation,skewness,kurtosis,label
4_127408869_127409198,35.23913119104389,2.7762554895153038,10313.789207633705,0.006949792725386018,3.1215298528119435,53.4149551185533,566.6886960611425,567.5492716458526,0.525652432981447,1.2173929065943478,2.7762554895153038,5.45680892173105,10313.78225784098,322112.17574573786,4.239416015136703,2.1197080075683514,16.081233472781186,0.17185560217011647,0.22928952456946278,fourier
