nameseq,average,median,maximum,minimum,peak,none_levated_peak,sample_standard_deviation,population_standard_deviation,percentile15,percentile25,percentile50,percentile75,amplitude,variance,interquartile_range,semi_interquartile_range,coefficient_of_variation,skewness,kurtosis,label
4_130473179_130476166,208.5920533974006,5.018130524811799,600672.5668946317,0.001388603883733934,4.7748702972038135,373.6247348442438,10986.75608582083,10988.595027349455,1.191348022084253,2.0289088018015007,5.018130524811799,9.773748821636737,600672.5655060278,120749220.67508915,7.744840019835236,3.872420009917618,52.67101937430635,0.055587087202740866,0.23410583392917847,fourier
