nameseq,average,median,maximum,minimum,peak,none_levated_peak,sample_standard_deviation,population_standard_deviation,percentile15,percentile25,percentile50,percentile75,amplitude,variance,interquartile_range,semi_interquartile_range,coefficient_of_variation,skewness,kurtosis,label
4_130993697_130996387,188.66198634911453,4.833279731172503,487870.2782854054,0.005708874969463181,4.754534908479776,341.08949732060665,9402.87069417279,9404.618277255286,1.0701081568822888,2.057713168061086,4.833279731172503,9.91571231849369,487870.27257653046,88446844.94088419,7.857999150432603,3.9289995752163014,49.83977364031884,0.05865082460355396,0.24075886052759674,fourier
