nameseq,average,median,maximum,minimum,peak,none_levated_peak,sample_standard_deviation,population_standard_deviation,percentile15,percentile25,percentile50,percentile75,amplitude,variance,interquartile_range,semi_interquartile_range,coefficient_of_variation,skewness,kurtosis,label
4_132047849_132050540,194.3525220922586,4.335682915607512,504577.5163059367,0.006120771484700351,4.6170398185384585,350.3418181605674,9723.081368249,9724.88779304271,1.111059021869567,1.9062535150119237,4.335682915607512,9.33696210187167,504577.5101851652,94573442.58727111,7.430708586859746,3.715354293429873,50.02806891095286,0.058628586549884225,0.2560934058556022,fourier
