nameseq,average,median,maximum,minimum,peak,none_levated_peak,sample_standard_deviation,population_standard_deviation,percentile15,percentile25,percentile50,percentile75,amplitude,variance,interquartile_range,semi_interquartile_range,coefficient_of_variation,skewness,kurtosis,label
4_145771525_145771576,6.5890031756195,1.1312179244853824,276.6132807953352,0.01690702699186793,2.630645770132543,13.12894757688532,37.83288922749808,38.201999326492306,0.3263982247008071,0.6011407521337883,1.1312179244853824,1.4648676439543207,276.5963737683433,1459.3927525413187,0.8637268918205324,0.4318634459102662,5.7418228856660125,0.4327810031886675,0.16188876050171386,fourier
