nameseq,average,median,maximum,minimum,peak,none_levated_peak,sample_standard_deviation,population_standard_deviation,percentile15,percentile25,percentile50,percentile75,amplitude,variance,interquartile_range,semi_interquartile_range,coefficient_of_variation,skewness,kurtosis,label
4_145572047_145572576,46.332912135225506,3.4545154593685807,22073.033750559116,0.003907893216425767,3.8129843026282035,79.24013215270881,957.6934938122224,958.5982587696166,0.9468954318904576,1.6382666716409457,3.4545154593685807,6.611151527969754,22073.0298426659,918910.6217161408,4.9728848563288075,2.4864424281644038,20.669831652651876,0.13431770275009577,0.2712471336881248,fourier
