nameseq,average,median,maximum,minimum,peak,none_levated_peak,sample_standard_deviation,population_standard_deviation,percentile15,percentile25,percentile50,percentile75,amplitude,variance,interquartile_range,semi_interquartile_range,coefficient_of_variation,skewness,kurtosis,label
4_15636989_15637937,68.51827815015724,1.6954240489401684,62624.85794560541,0.014034069187150756,4.616772952760012,190.70221981308978,2031.7374904639282,2032.80879952359,0.3854289161191626,0.6877537675113072,1.6954240489401684,3.305875493907793,62624.84391153622,4132311.6154205394,2.6181217263964855,1.3090608631982428,29.65248901922772,0.09866853530269608,0.2372868858713148,fourier
