nameseq,average,median,maximum,minimum,peak,none_levated_peak,sample_standard_deviation,population_standard_deviation,percentile15,percentile25,percentile50,percentile75,amplitude,variance,interquartile_range,semi_interquartile_range,coefficient_of_variation,skewness,kurtosis,label
4_163377936_163378103,12.80280952446416,0.6329591421403078,2015.452334981094,0.007658564111731027,4.374039924048919,51.03741020815094,154.97111665815862,155.4344095203406,0.271456351607088,0.39413900347021336,0.6329591421403078,1.0085260444182793,2015.4446764169822,24159.85566293695,0.614387040948066,0.307193520474033,12.104461631021936,0.2355893919736396,0.23157275740643404,fourier
