nameseq,average,median,maximum,minimum,peak,none_levated_peak,sample_standard_deviation,population_standard_deviation,percentile15,percentile25,percentile50,percentile75,amplitude,variance,interquartile_range,semi_interquartile_range,coefficient_of_variation,skewness,kurtosis,label
4_165708566_165709093,52.12887665896693,4.000055616627067,24019.622828953645,0.0019129438308456927,3.3762477014690364,69.1765587246481,1044.0634580129415,1045.0535610879863,0.9775889663737299,1.664407065481681,4.000055616627067,9.327982088528945,24019.620916009815,1092136.9455426813,7.6635750230472635,3.8317875115236317,20.02850483127277,0.138292803965973,0.25970887313709906,fourier
