nameseq,average,median,maximum,minimum,peak,none_levated_peak,sample_standard_deviation,population_standard_deviation,percentile15,percentile25,percentile50,percentile75,amplitude,variance,interquartile_range,semi_interquartile_range,coefficient_of_variation,skewness,kurtosis,label
4_164859033_164859144,11.52539345383621,1.4002155636787648,1050.2768534405707,0.036156676365064325,3.239224195067023,23.928878601526396,98.61971267748756,99.06294957448682,0.20711919005955204,0.6135729930031883,1.4002155636787648,3.1925371251120374,1050.2406967642057,9813.467978397319,2.5789641321088492,1.2894820660544246,8.556732841485957,0.30800671433517895,0.2706065465650913,fourier
