nameseq,average,median,maximum,minimum,peak,none_levated_peak,sample_standard_deviation,population_standard_deviation,percentile15,percentile25,percentile50,percentile75,amplitude,variance,interquartile_range,semi_interquartile_range,coefficient_of_variation,skewness,kurtosis,label
4_166290015_166292235,180.49581893107762,9.98852710260087,368119.8130734008,0.002031139006892479,4.101664723968093,202.50652903363581,7809.092546460959,7810.851153069552,2.359845674495206,3.947468928725875,9.98852710260087,19.514613884731325,368119.81104226183,61009395.73540795,15.56714495600545,7.783572478002725,43.26467279246431,0.0655033696222808,0.22868643652934123,fourier
