nameseq,average,median,maximum,minimum,peak,none_levated_peak,sample_standard_deviation,population_standard_deviation,percentile15,percentile25,percentile50,percentile75,amplitude,variance,interquartile_range,semi_interquartile_range,coefficient_of_variation,skewness,kurtosis,label
4_165148126_165148361,21.38436817340118,1.6513167727161804,4454.486563013852,0.003011951090231357,3.6786996009784256,46.77512925326834,289.19503770346535,289.8096930997545,0.46048178995318617,0.8172376745486024,1.6513167727161804,3.34371758084506,4454.483551062762,83989.65821457388,2.5264799062964576,1.2632399531482288,13.523665294127271,0.20470321576802641,0.24755446195145103,fourier
