nameseq,average,median,maximum,minimum,peak,none_levated_peak,sample_standard_deviation,population_standard_deviation,percentile15,percentile25,percentile50,percentile75,amplitude,variance,interquartile_range,semi_interquartile_range,coefficient_of_variation,skewness,kurtosis,label
4_165050466_165050511,5.892223195946775,0.9778335913467909,209.01933672039112,0.05521661091714087,2.602300154529286,11.305580487214918,30.305138187773032,30.640011759020403,0.37881009531408777,0.539647195908865,0.9778335913467909,1.6626848366065834,208.96412010947398,938.8103205929086,1.1230376406977185,0.5615188203488592,5.143243421026508,0.486490730464587,0.15711766367115015,fourier
