nameseq,average,median,maximum,minimum,peak,none_levated_peak,sample_standard_deviation,population_standard_deviation,percentile15,percentile25,percentile50,percentile75,amplitude,variance,interquartile_range,semi_interquartile_range,coefficient_of_variation,skewness,kurtosis,label
4_176625629_176631720,393.5311313752557,2.879156093028827,2369883.8219617372,5.459581909439558e-05,5.1601169634793225,963.4555849668814,30360.620300608767,30363.112450853117,0.7028850740005546,1.2265712985633637,2.879156093028827,5.9376406056234226,2369883.8219071412,921918597.7031517,4.711069307060059,2.3555346535300297,77.14922119251115,0.038601185161660924,0.23851856813378444,fourier
