nameseq,average,median,maximum,minimum,peak,none_levated_peak,sample_standard_deviation,population_standard_deviation,percentile15,percentile25,percentile50,percentile75,amplitude,variance,interquartile_range,semi_interquartile_range,coefficient_of_variation,skewness,kurtosis,label
4_178767015_178767087,12.31079303890935,1.8301524230745905,678.3400431756835,0.0204781066120689,1.9765853634632373,13.310899829724772,78.59069137514108,79.13457808186767,0.389004833943901,0.9198927837529187,1.8301524230745905,4.066380567810007,678.3195650690715,6262.281448195211,3.146487784057088,1.573243892028544,6.383885353831247,0.40007183162979065,0.23852217874374101,fourier
