nameseq,average,median,maximum,minimum,peak,none_levated_peak,sample_standard_deviation,population_standard_deviation,percentile15,percentile25,percentile50,percentile75,amplitude,variance,interquartile_range,semi_interquartile_range,coefficient_of_variation,skewness,kurtosis,label
4_179919544_179919700,17.170149343740945,1.5791505743510257,2345.679906858586,0.03420064410633444,3.04792534331744,31.663146311699176,186.44037935093132,187.03699008974186,0.5202893263309674,0.7508086128557654,1.5791505743510257,3.34621715874377,2345.6457062144796,34982.8356618302,2.5954085458880045,1.2977042729440023,10.85840173072779,0.25087374564997156,0.25364199128263937,fourier
