nameseq,average,median,maximum,minimum,peak,none_levated_peak,sample_standard_deviation,population_standard_deviation,percentile15,percentile25,percentile50,percentile75,amplitude,variance,interquartile_range,semi_interquartile_range,coefficient_of_variation,skewness,kurtosis,label
4_180555927_180556119,19.208786453164908,1.809966645667529,3146.957113894487,0.025353282385546613,3.349161775013306,36.757392365698685,225.75699006145692,226.3441353704954,0.4119794916724309,0.6706323118577314,1.809966645667529,3.5735927492137614,3146.9317606121017,51231.667616617146,2.90296043735603,1.451480218678015,11.75279815889985,0.23120639324737147,0.2535063404797327,fourier
