nameseq,average,median,maximum,minimum,peak,none_levated_peak,sample_standard_deviation,population_standard_deviation,percentile15,percentile25,percentile50,percentile75,amplitude,variance,interquartile_range,semi_interquartile_range,coefficient_of_variation,skewness,kurtosis,label
4_180622819_180622913,13.342191979366996,1.5246828238146315,1056.4492140089949,9.343182416958998e-05,2.3734231013642675,18.725258637872567,107.60291539299537,108.17375714620471,0.5717542311980806,0.7426411453035499,1.5246828238146315,3.566520908408938,1056.4491205771708,11701.561735126073,2.823879763105388,1.411939881552694,8.064860373722524,0.3294755289591805,0.2948963935245786,fourier
