nameseq,average,median,maximum,minimum,peak,none_levated_peak,sample_standard_deviation,population_standard_deviation,percentile15,percentile25,percentile50,percentile75,amplitude,variance,interquartile_range,semi_interquartile_range,coefficient_of_variation,skewness,kurtosis,label
4_191515368_191515456,14.54419316103307,1.514087688870387,1057.9188492818655,0.08743246477289342,2.039760221704829,16.57283088722398,111.26140269702732,111.89178396089784,0.46542438465884856,0.8478952109030007,1.514087688870387,3.6175912157692514,1057.8314168170925,12519.771317952236,2.7696960048662507,1.3848480024331253,7.649884834802652,0.35133761995553614,0.22661609767597574,fourier
