nameseq,average,median,maximum,minimum,peak,none_levated_peak,sample_standard_deviation,population_standard_deviation,percentile15,percentile25,percentile50,percentile75,amplitude,variance,interquartile_range,semi_interquartile_range,coefficient_of_variation,skewness,kurtosis,label
4_199903201_199903297,13.253198324117616,1.567263518364861,952.9480833507286,0.024586831702736112,2.4396626793469536,17.286723638478975,95.99711261611989,96.49580227114072,0.5399527162860789,0.6659414729969405,1.567263518364861,5.391894835486959,952.9234965190258,9311.439855951086,4.725953362490019,2.3629766812450095,7.243316689936524,0.36519644666241075,0.2572912076156634,fourier
