nameseq,average,median,maximum,minimum,peak,none_levated_peak,sample_standard_deviation,population_standard_deviation,percentile15,percentile25,percentile50,percentile75,amplitude,variance,interquartile_range,semi_interquartile_range,coefficient_of_variation,skewness,kurtosis,label
4_202280253_202280322,8.687127983523846,1.5199831793662182,483.3104616927344,0.017249102937320335,2.685966337503917,15.289366597953462,57.15343432248558,57.566099857043625,0.3888657847601371,0.665823115983945,1.5199831793662182,2.8337400816881497,483.29321258979706,3313.8558527511177,2.1679169657042046,1.0839584828521023,6.579094314125883,0.37620546634436774,0.34221996161068535,fourier
