nameseq,average,median,maximum,minimum,peak,none_levated_peak,sample_standard_deviation,population_standard_deviation,percentile15,percentile25,percentile50,percentile75,amplitude,variance,interquartile_range,semi_interquartile_range,coefficient_of_variation,skewness,kurtosis,label
4_207480133_207492737,833.4223351920592,14.776864312598848,10229820.221529974,0.0010644328634485485,5.041461560660488,965.9856824211688,91112.6043858755,91116.21874628653,3.5136969887209326,6.229175922901415,14.776864312598848,28.908644209724986,10229820.22046554,8302165318.621136,22.67946828682357,11.339734143411786,109.32344927482526,0.026954957869902645,0.24919628936183755,fourier
