nameseq,average,median,maximum,minimum,peak,none_levated_peak,sample_standard_deviation,population_standard_deviation,percentile15,percentile25,percentile50,percentile75,amplitude,variance,interquartile_range,semi_interquartile_range,coefficient_of_variation,skewness,kurtosis,label
4_204365004_204385686,1494.4147864486213,52.68910236893571,29223530.223752726,0.01704356463905904,4.613400105413347,856.5416323431463,203195.6684602767,203200.58078046647,12.119839864128338,21.428956316206737,52.68910236893571,104.11809220265485,29223530.20670916,41290476029.518875,82.68913588644811,41.34456794322406,135.97006018868288,0.021285773879990942,0.24272678217553506,fourier
