nameseq,average,median,maximum,minimum,peak,none_levated_peak,sample_standard_deviation,population_standard_deviation,percentile15,percentile25,percentile50,percentile75,amplitude,variance,interquartile_range,semi_interquartile_range,coefficient_of_variation,skewness,kurtosis,label
4_204863130_204863144,3.197018493802543,0.6053373370999823,37.99568147103695,0.11631631099068478,1.5639571712495743,4.407257204383327,9.315249284843087,9.642199062238063,0.20621489902910187,0.23352101927129093,0.6053373370999823,1.175031882530218,37.87936516004627,92.9720027558246,0.9415108632589271,0.47075543162946354,2.913730184201563,0.8346575848226107,0.30115771251364476,fourier
