nameseq,average,median,maximum,minimum,peak,none_levated_peak,sample_standard_deviation,population_standard_deviation,percentile15,percentile25,percentile50,percentile75,amplitude,variance,interquartile_range,semi_interquartile_range,coefficient_of_variation,skewness,kurtosis,label
4_202563801_202565674,134.9980421333822,4.021533541037604,242495.272622848,0.016551763885617445,4.627227601193481,262.0098753853819,5600.060855325831,5601.555600008884,1.1084226332394735,1.8574781645287457,4.021533541037604,7.61657237632705,242495.2560710841,31377425.13999088,5.759094211798304,2.879547105899152,41.482533871067545,0.07016522425883027,0.24153736550444405,fourier
