nameseq,average,median,maximum,minimum,peak,none_levated_peak,sample_standard_deviation,population_standard_deviation,percentile15,percentile25,percentile50,percentile75,amplitude,variance,interquartile_range,semi_interquartile_range,coefficient_of_variation,skewness,kurtosis,label
4_205999849_206000045,20.696174855598898,2.1795369076318547,3468.3963892006486,0.02308443037417403,3.17288905437045,35.14245791334423,246.2823706375329,246.90984266248424,0.6073727822476215,0.9437660514655282,2.1795369076318547,4.098457957643268,3468.3733047702744,60964.47040361272,3.1546919061777396,1.5773459530888698,11.89989804183098,0.22555375644672895,0.216031035919132,fourier
