nameseq,average,median,maximum,minimum,peak,none_levated_peak,sample_standard_deviation,population_standard_deviation,percentile15,percentile25,percentile50,percentile75,amplitude,variance,interquartile_range,semi_interquartile_range,coefficient_of_variation,skewness,kurtosis,label
4_203496912_203497068,14.865578049212342,1.0905242795734305,2078.5190460840095,0.0036138678974218554,3.520437157578695,37.75022240014151,165.2372461579747,165.76600669714836,0.201315159118432,0.39012930250162586,1.0905242795734305,1.7710916827178875,2078.515432216112,27478.368976319034,1.3809623802162616,0.6904811901081308,11.11542690172952,0.2500959212876733,0.1804831249635236,fourier
