nameseq,average,median,maximum,minimum,peak,none_levated_peak,sample_standard_deviation,population_standard_deviation,percentile15,percentile25,percentile50,percentile75,amplitude,variance,interquartile_range,semi_interquartile_range,coefficient_of_variation,skewness,kurtosis,label
4_204241996_204242176,15.019453543118669,0.8203767463238416,2480.8394108486996,0.010054148638580555,4.017012547102669,47.08897507417179,183.79629232790177,184.30613045661764,0.18831485791209804,0.34482540938608186,0.8203767463238416,1.9067049616204725,2480.829356700061,33968.74972389176,1.5618795522343907,0.7809397761171953,12.237215675007704,0.23176327362680904,0.2580613716518991,fourier
