nameseq,average,median,maximum,minimum,peak,none_levated_peak,sample_standard_deviation,population_standard_deviation,percentile15,percentile25,percentile50,percentile75,amplitude,variance,interquartile_range,semi_interquartile_range,coefficient_of_variation,skewness,kurtosis,label
4_207884856_207884977,14.955840512961831,2.594725523724928,1460.8102462667198,0.1332611154458868,2.7191160959106204,21.747297961700994,131.4724265575057,132.01458319393535,0.5029330910610558,0.9508739522494881,2.594725523724928,4.089183602861493,1460.6769851512738,17427.850175868476,3.138309650612005,1.5691548253060026,8.790707980842804,0.2820617671606643,0.2760277711364636,fourier
