nameseq,average,median,maximum,minimum,peak,none_levated_peak,sample_standard_deviation,population_standard_deviation,percentile15,percentile25,percentile50,percentile75,amplitude,variance,interquartile_range,semi_interquartile_range,coefficient_of_variation,skewness,kurtosis,label
4_205704647_205711854,478.2394344719186,7.991361045776002,3358010.5234459178,0.001645005562226846,5.023982744793386,722.1074875686096,39549.67947026687,39552.42321299246,1.9473618364656782,3.4404303881932474,7.991361045776002,16.31169096690657,3358010.521800912,1564394182.0196645,12.871260578713324,6.435630289356662,82.69849079664124,0.03567018087565069,0.24142924863956736,fourier
