nameseq,average,median,maximum,minimum,peak,none_levated_peak,sample_standard_deviation,population_standard_deviation,percentile15,percentile25,percentile50,percentile75,amplitude,variance,interquartile_range,semi_interquartile_range,coefficient_of_variation,skewness,kurtosis,label
4_202200696_202200989,30.516651475395292,2.889223651870423,7600.6573798618065,0.0665314761772042,3.2113615112396787,44.927965729919855,442.28555977374515,443.03967039769304,0.7188009783511382,1.4434592908895953,2.889223651870423,6.2442886516281275,7600.590848385629,196284.14954609648,4.800829360738533,2.4004146803692663,14.493253302392873,0.1873954092305743,0.23278578772153125,fourier
