nameseq,average,median,maximum,minimum,peak,none_levated_peak,sample_standard_deviation,population_standard_deviation,percentile15,percentile25,percentile50,percentile75,amplitude,variance,interquartile_range,semi_interquartile_range,coefficient_of_variation,skewness,kurtosis,label
4_206973831_206983410,614.2660082246205,3.8949886779660243,5829130.374312938,0.00010091148094937287,5.1986163821157065,1353.9156962966028,59552.214733671746,59555.323130194134,0.8625229551983344,1.5882107660762945,3.8949886779660243,7.7534795445022935,5829130.374212027,3546836513.141836,6.1652687784259985,3.0826343892129993,96.94857592037734,0.03074802619565085,0.2459871896915741,fourier
