nameseq,average,median,maximum,minimum,peak,none_levated_peak,sample_standard_deviation,population_standard_deviation,percentile15,percentile25,percentile50,percentile75,amplitude,variance,interquartile_range,semi_interquartile_range,coefficient_of_variation,skewness,kurtosis,label
4_205571378_205571933,52.85913212205374,5.489173855452977,24728.263337730485,0.01311905522907697,3.5061743523407016,67.29125291648904,1047.489946591647,1048.4332065275732,0.9283868969605009,2.0363789655727524,5.489173855452977,10.847790851732896,24728.250218675257,1099212.1885496893,8.811411886160144,4.405705943080072,19.81663157414225,0.13566705366691445,0.24286048391037188,fourier
