nameseq,average,median,maximum,minimum,peak,none_levated_peak,sample_standard_deviation,population_standard_deviation,percentile15,percentile25,percentile50,percentile75,amplitude,variance,interquartile_range,semi_interquartile_range,coefficient_of_variation,skewness,kurtosis,label
4_200829277_200832584,223.33007138257838,3.9263531829173113,715260.9139184763,0.011688304042345042,4.937385547053042,440.7129486757546,12434.033260577871,12435.913075126457,0.8328703861123893,1.6922813299436008,3.9263531829173113,8.861462805374156,715260.9022301723,154651934.01210114,7.169181475430555,3.5845907377152777,55.67558897734642,0.052936254938760946,0.24746780548483124,fourier
