nameseq,average,median,maximum,minimum,peak,none_levated_peak,sample_standard_deviation,population_standard_deviation,percentile15,percentile25,percentile50,percentile75,amplitude,variance,interquartile_range,semi_interquartile_range,coefficient_of_variation,skewness,kurtosis,label
4_202048580_202048665,8.674756536675197,1.0692713241936087,633.1134052275476,0.044389323790390116,3.3046076331329335,21.529677026459893,67.73857252494126,68.13586961217646,0.278988186060373,0.5259471497475282,1.0692713241936087,1.7769935929164538,633.0690159037572,4642.496727807512,1.2510464431689257,0.6255232215844628,7.808700133376153,0.3368310666576827,0.20939648786570858,fourier
