nameseq,average,median,maximum,minimum,peak,none_levated_peak,sample_standard_deviation,population_standard_deviation,percentile15,percentile25,percentile50,percentile75,amplitude,variance,interquartile_range,semi_interquartile_range,coefficient_of_variation,skewness,kurtosis,label
4_216162947_216182611,1261.86517552169,8.633475238768856,24552667.24532629,2.7452872576466127e-05,5.194691261124614,1910.0544030523947,175081.56782804432,175086.01960138572,2.0822262403727665,3.7201119781649448,8.633475238768856,17.402928918171156,24552667.24529884,30655114259.856827,13.682816940006212,6.841408470003106,138.74823651873962,0.02147396295046508,0.24101033627822577,fourier
