nameseq,average,median,maximum,minimum,peak,none_levated_peak,sample_standard_deviation,population_standard_deviation,percentile15,percentile25,percentile50,percentile75,amplitude,variance,interquartile_range,semi_interquartile_range,coefficient_of_variation,skewness,kurtosis,label
4_223022601_223022804,17.347082156693507,1.2031041120548092,3221.184297760291,0.02785705614496466,3.919967599494055,49.00261072323806,224.87109835942957,225.42428762918797,0.22607178803352296,0.46278204139037543,1.2031041120548092,2.0948873907034735,3221.156440704146,50816.109453126875,1.6321053493130981,0.8160526746565491,12.96305028870007,0.21537642892864528,0.26579308338952096,fourier
