nameseq,average,median,maximum,minimum,peak,none_levated_peak,sample_standard_deviation,population_standard_deviation,percentile15,percentile25,percentile50,percentile75,amplitude,variance,interquartile_range,semi_interquartile_range,coefficient_of_variation,skewness,kurtosis,label
4_238809688_238809770,8.893907301772499,1.0738373261613468,612.8123013312681,0.1054900269086151,3.110743762885057,19.531020961802316,66.70466457672836,67.11016779241945,0.36760481577581366,0.6142935538141111,1.0738373261613468,2.226801089713309,612.7068113043596,4503.774621126693,1.6125075358991978,0.8062537679495989,7.5000404561709955,0.35170268939510047,0.27184208011822186,fourier
