nameseq,average,median,maximum,minimum,peak,none_levated_peak,sample_standard_deviation,population_standard_deviation,percentile15,percentile25,percentile50,percentile75,amplitude,variance,interquartile_range,semi_interquartile_range,coefficient_of_variation,skewness,kurtosis,label
4_236773147_236782061,618.8290301796743,16.744871876940024,5297841.880614222,0.0013284170471978582,4.8020802543860235,644.1728489295818,56106.35254484207,56109.499548380736,4.260402342690053,7.043664043807105,16.744871876940024,32.1277398038784,5297841.879285805,3148275939.5697384,25.084075760071293,12.542037880035647,90.66535312435461,0.03219336836171244,0.24410441314610312,fourier
