nameseq,average,median,maximum,minimum,peak,none_levated_peak,sample_standard_deviation,population_standard_deviation,percentile15,percentile25,percentile50,percentile75,amplitude,variance,interquartile_range,semi_interquartile_range,coefficient_of_variation,skewness,kurtosis,label
4_235901295_235901385,9.05785610114801,0.8885760053467618,712.3044025692196,0.048726019359015146,3.3488424848666813,23.675154211330167,74.13685107736111,74.5475846972687,0.2180053033571835,0.3314023663667092,0.8885760053467618,1.816808884726921,712.2556765498606,5557.34238419645,1.4854065183602119,0.7427032591801059,8.184812195014322,0.33057568444375984,0.25644138011716466,fourier
