nameseq,average,median,maximum,minimum,peak,none_levated_peak,sample_standard_deviation,population_standard_deviation,percentile15,percentile25,percentile50,percentile75,amplitude,variance,interquartile_range,semi_interquartile_range,coefficient_of_variation,skewness,kurtosis,label
4_233000434_233000570,12.34761762017779,0.909070214307476,1502.5131685948033,0.005469665879355829,3.698419247453917,34.96045039552295,127.78844030739565,128.25739028813035,0.1982378813918246,0.37199460713951227,0.909070214307476,1.974941525415484,1502.507698928924,16449.958163521795,1.602946918275972,0.801473459137986,10.349238552590979,0.26853479184083096,0.21195638735129488,fourier
