nameseq,average,median,maximum,minimum,peak,none_levated_peak,sample_standard_deviation,population_standard_deviation,percentile15,percentile25,percentile50,percentile75,amplitude,variance,interquartile_range,semi_interquartile_range,coefficient_of_variation,skewness,kurtosis,label
4_239643403_239643447,5.332668306627002,0.8707529338308344,198.8987592861187,0.03411318387324169,2.812850741411993,12.947263802453563,29.19143962617906,29.521296871610936,0.12041558826476789,0.2965118340474293,0.8707529338308344,1.5741939676948191,198.86464610224544,871.5069689817857,1.2776821336473898,0.6388410668236949,5.474077506358747,0.45855039319075186,0.29249533383980336,fourier
