nameseq,average,median,maximum,minimum,peak,none_levated_peak,sample_standard_deviation,population_standard_deviation,percentile15,percentile25,percentile50,percentile75,amplitude,variance,interquartile_range,semi_interquartile_range,coefficient_of_variation,skewness,kurtosis,label
4_239534315_239534391,8.777116830952197,1.2578223576251988,518.4876487152533,0.09684313879983326,2.9242708238944775,16.5148836666139,58.50698639841787,58.890642879039426,0.38110633778826164,0.697541841547593,1.2578223576251988,2.443407099174812,518.3908055764534,3468.1078187065573,1.745865257627219,0.8729326288136094,6.66585480463186,0.38555879918968106,0.1453093456195279,fourier
