nameseq,average,median,maximum,minimum,peak,none_levated_peak,sample_standard_deviation,population_standard_deviation,percentile15,percentile25,percentile50,percentile75,amplitude,variance,interquartile_range,semi_interquartile_range,coefficient_of_variation,skewness,kurtosis,label
4_232045367_232045968,49.978063200699914,2.9013913211574662,27566.151288459652,0.02130702719906998,4.015094899953154,95.36393398273246,1122.4154890440404,1123.34889085944,0.7999152097529056,1.2609826263805581,2.9013913211574662,5.91511285511794,27566.129981432452,1261912.7305951337,4.654130228737381,2.3270651143686907,22.45816298516189,0.12582685914189648,0.26884742333350503,fourier
