nameseq,average,median,maximum,minimum,peak,none_levated_peak,sample_standard_deviation,population_standard_deviation,percentile15,percentile25,percentile50,percentile75,amplitude,variance,interquartile_range,semi_interquartile_range,coefficient_of_variation,skewness,kurtosis,label
4_235977059_235977124,9.088533338065181,1.5889219189483776,473.2438263324924,0.002707863574820054,2.420632590723762,14.056614786152657,57.599011116759435,58.040389304145,0.30554898428176325,0.7584445503649364,1.5889219189483776,2.571655137422175,473.2411184689176,3368.68679057671,1.8132105870572388,0.9066052935286194,6.33754743194037,0.39061146747368347,0.2172613648773891,fourier
