nameseq,average,median,maximum,minimum,peak,none_levated_peak,sample_standard_deviation,population_standard_deviation,percentile15,percentile25,percentile50,percentile75,amplitude,variance,interquartile_range,semi_interquartile_range,coefficient_of_variation,skewness,kurtosis,label
4_233322891_233322994,11.176630941329737,1.0988688256140284,976.692190953417,0.02727090033376607,3.1017098845479283,23.7726300255295,95.15254343656235,95.61333326682515,0.2105730686041063,0.478910436182171,1.0988688256140284,2.953551996630628,976.6649200530833,9141.909498392974,2.4746415604484566,1.2373207802242283,8.5135264764537,0.31773492599599806,0.26114076051894947,fourier
