nameseq,average,median,maximum,minimum,peak,none_levated_peak,sample_standard_deviation,population_standard_deviation,percentile15,percentile25,percentile50,percentile75,amplitude,variance,interquartile_range,semi_interquartile_range,coefficient_of_variation,skewness,kurtosis,label
4_237871678_237871839,17.437364953091276,1.8890254418341157,2408.5651125269346,0.039163012915036384,3.0967981770907964,30.885137421820463,188.46093837239027,189.04531477759085,0.5971606687015951,1.004550927844071,1.8890254418341157,3.4658876447211027,2408.5259495140194,35738.131039358406,2.4613367168770317,1.2306683584385159,10.807879451934058,0.2475049680671919,0.20030977561846747,fourier
