nameseq,average,median,maximum,minimum,peak,none_levated_peak,sample_standard_deviation,population_standard_deviation,percentile15,percentile25,percentile50,percentile75,amplitude,variance,interquartile_range,semi_interquartile_range,coefficient_of_variation,skewness,kurtosis,label
4_239002335_239004951,171.59947356410046,2.129044485746254,441197.00585185917,0.00010604165967404982,5.083543178863401,488.2427191877098,8622.729603669155,8624.377521429768,0.4865994255851203,0.849835124532232,2.129044485746254,4.140163724410212,441197.0057458175,74379887.63214305,3.29032859987798,1.64516429993899,50.24916116918133,0.05896175696135976,0.25253858476358854,fourier
