nameseq,average,median,maximum,minimum,peak,none_levated_peak,sample_standard_deviation,population_standard_deviation,percentile15,percentile25,percentile50,percentile75,amplitude,variance,interquartile_range,semi_interquartile_range,coefficient_of_variation,skewness,kurtosis,label
4_230461533_230461714,18.286181139472323,1.639414030633978,2966.367136940527,0.006360847007757949,3.3176236308691243,38.98695756788363,219.1385548914466,219.7430761913893,0.3598335495253366,0.6665605517075758,1.639414030633978,2.722317944329381,2966.3607760935192,48287.019534054714,2.055757392621805,1.0278786963109026,11.983833760588581,0.22789372391021592,0.24542008883216762,fourier
