nameseq,average,median,maximum,minimum,peak,none_levated_peak,sample_standard_deviation,population_standard_deviation,percentile15,percentile25,percentile50,percentile75,amplitude,variance,interquartile_range,semi_interquartile_range,coefficient_of_variation,skewness,kurtosis,label
4_233640849_233640921,9.125753324018435,1.1018890345985335,562.5437933877232,0.01686843737380842,2.6664465353550004,17.73153956920656,65.23634052007601,65.68780847109575,0.14840257054994818,0.47769177883787656,1.1018890345985335,1.911411481161032,562.5269249503494,4314.888181735358,1.4337197023231556,0.7168598511615778,7.148597842150508,0.3689905453978039,0.24370272251474245,fourier
