nameseq,average,median,maximum,minimum,peak,none_levated_peak,sample_standard_deviation,population_standard_deviation,percentile15,percentile25,percentile50,percentile75,amplitude,variance,interquartile_range,semi_interquartile_range,coefficient_of_variation,skewness,kurtosis,label
4_239806976_239807173,18.40927289781873,1.681778968861372,3133.483602469955,0.004822925133428991,3.5851497430851915,38.886593461761784,221.95596912521899,222.51859605859994,0.453417167964468,0.7861664471453509,1.681778968861372,3.3554346713396757,3133.4787795448215,49514.525591890364,2.5692682241943245,1.2846341120971623,12.056748267962174,0.22609205773853758,0.18661502093678412,fourier
