nameseq,average,median,maximum,minimum,peak,none_levated_peak,sample_standard_deviation,population_standard_deviation,percentile15,percentile25,percentile50,percentile75,amplitude,variance,interquartile_range,semi_interquartile_range,coefficient_of_variation,skewness,kurtosis,label
4_236276477_236285312,653.1022492221817,24.403533720684564,5445078.325551386,0.003603587527325667,4.509758367607991,527.5214456301993,57922.71700107079,57925.99493418234,5.60096558192201,10.269767572155423,24.403533720684564,50.36160339692885,5445078.321947798,3355420889.114918,40.091835824773426,20.045917912386713,88.68858906864031,0.03256228720192156,0.25596762717299315,fourier
