nameseq,average,median,maximum,minimum,peak,none_levated_peak,sample_standard_deviation,population_standard_deviation,percentile15,percentile25,percentile50,percentile75,amplitude,variance,interquartile_range,semi_interquartile_range,coefficient_of_variation,skewness,kurtosis,label
4_233616082_233626445,679.401579591622,8.042028839418158,6919425.433884593,0.006438659557608299,5.084866992424737,1056.4959776374737,67964.89480921865,67968.17393955174,1.8357878407314632,3.3073462626701997,8.042028839418158,15.972910789439052,6919425.427445933,4619672668.677159,12.665564526768852,6.332782263384426,100.03640976235486,0.029634102398160778,0.2532685565597451,fourier
