nameseq,average,median,maximum,minimum,peak,none_levated_peak,sample_standard_deviation,population_standard_deviation,percentile15,percentile25,percentile50,percentile75,amplitude,variance,interquartile_range,semi_interquartile_range,coefficient_of_variation,skewness,kurtosis,label
4_232202466_232225741,1508.5996769293686,14.35879190163325,34610674.52334029,0.001947562668714942,5.14295925242328,1787.0410574877783,226853.92131804393,226858.79460450367,3.414470441791441,5.957748624140237,14.35879190163325,29.213003227325938,34610674.52139273,51464912689.40839,23.2552546031857,11.62762730159285,150.37383660308515,0.019760393071621335,0.24430016204880625,fourier
