nameseq,average,median,maximum,minimum,peak,none_levated_peak,sample_standard_deviation,population_standard_deviation,percentile15,percentile25,percentile50,percentile75,amplitude,variance,interquartile_range,semi_interquartile_range,coefficient_of_variation,skewness,kurtosis,label
4_242886838_242887247,51.067834922774416,5.234357590707783,17264.416925757767,0.02163987047466249,2.6761789857223466,47.09748386742481,851.21211940997,852.2520857347837,1.2654671772602033,2.473258458607491,5.234357590707783,10.707709435176785,17264.39528588729,726333.6176392891,8.234450976569294,4.117225488284647,16.66826331480836,0.1615348617116851,0.18919352466187664,fourier
