nameseq,average,median,maximum,minimum,peak,none_levated_peak,sample_standard_deviation,population_standard_deviation,percentile15,percentile25,percentile50,percentile75,amplitude,variance,interquartile_range,semi_interquartile_range,coefficient_of_variation,skewness,kurtosis,label
4_240239209_240239594,32.36464617904899,2.377596338871026,11070.413836298665,0.0011438476342853453,3.975531385538769,65.81077805681504,562.5687046179377,563.2988395191284,0.5989967063208946,0.9824829585458076,2.377596338871026,4.930642111186929,11070.412692451031,317305.58260359673,3.948159152641121,1.9740795763205605,17.38219851085881,0.1599114006557297,0.24299855449435862,fourier
