nameseq,average,median,maximum,minimum,peak,none_levated_peak,sample_standard_deviation,population_standard_deviation,percentile15,percentile25,percentile50,percentile75,amplitude,variance,interquartile_range,semi_interquartile_range,coefficient_of_variation,skewness,kurtosis,label
4_25607099_25610886,253.79878960357485,4.706291433214249,934843.1051300416,0.001708355578985335,4.975069694536012,488.0913179002439,15187.04252475623,15189.04754721196,1.126814945872361,1.983971218887044,4.706291433214249,9.613024747071297,934843.103421686,230707165.39146563,7.629053528184253,3.8145267640921263,59.83890840645016,0.049204938571348104,0.2520378452743132,fourier
