nameseq,average,median,maximum,minimum,peak,none_levated_peak,sample_standard_deviation,population_standard_deviation,percentile15,percentile25,percentile50,percentile75,amplitude,variance,interquartile_range,semi_interquartile_range,coefficient_of_variation,skewness,kurtosis,label
4_2774308_2791601,1145.55433988696,16.284116689913123,19386796.89437804,0.0011263523828948653,5.032207086078088,1255.6276825850744,147416.20867471205,147420.47092179416,3.7727978993917852,6.59229585767152,16.284116689913123,32.905988863765835,19386796.893251687,21732795246.803555,26.313693006094315,13.156846503047158,128.68547876066592,0.022981263051383094,0.24766656078254187,fourier
