nameseq,average,median,maximum,minimum,peak,none_levated_peak,sample_standard_deviation,population_standard_deviation,percentile15,percentile25,percentile50,percentile75,amplitude,variance,interquartile_range,semi_interquartile_range,coefficient_of_variation,skewness,kurtosis,label
4_29237209_29237453,26.28800059317538,2.596363302716693,5327.687648546435,0.004698886100033448,3.1066138475311864,38.01017436631445,339.4361657761501,340.1310204762917,0.7264068541843007,1.2874125624725716,2.596363302716693,5.778493273663442,5327.682949660335,115689.11109024358,4.491080711190871,2.2455403555954354,12.912209301466277,0.20939109923321556,0.2240913712214049,fourier
