nameseq,average,median,maximum,minimum,peak,none_levated_peak,sample_standard_deviation,population_standard_deviation,percentile15,percentile25,percentile50,percentile75,amplitude,variance,interquartile_range,semi_interquartile_range,coefficient_of_variation,skewness,kurtosis,label
4_3239221_3239264,8.332545028726251,1.6052741130054795,281.53967171567183,0.06375475439906347,1.7601665056838793,9.100703915369403,41.698808626307866,42.18089179357404,0.20980138309671786,0.7734320286261872,1.6052741130054795,2.98292882826474,281.4759169612728,1779.227632501202,2.209496799638553,1.1047483998192764,5.004330427564713,0.48399015252511474,0.26927696400027934,fourier
