nameseq,average,median,maximum,minimum,peak,none_levated_peak,sample_standard_deviation,population_standard_deviation,percentile15,percentile25,percentile50,percentile75,amplitude,variance,interquartile_range,semi_interquartile_range,coefficient_of_variation,skewness,kurtosis,label
4_35827160_35828207,72.57810828083423,1.7798446161362018,73235.71455670435,0.00013686005875410156,4.813205270956092,205.64983108529162,2261.0979425611026,2262.1774832970223,0.39804177051147327,0.7363189896517254,1.7798446161362018,3.651225956432642,73235.71441984428,5117446.96593605,2.914906966780917,1.4574534833904584,31.153993898711093,0.0939343612658895,0.24668965929289038,fourier
