nameseq,average,median,maximum,minimum,peak,none_levated_peak,sample_standard_deviation,population_standard_deviation,percentile15,percentile25,percentile50,percentile75,amplitude,variance,interquartile_range,semi_interquartile_range,coefficient_of_variation,skewness,kurtosis,label
4_49669440_49669490,5.702544080483584,0.7985602863634196,242.0390480441173,0.013840604875537213,2.9811255748431456,14.174692072227383,33.43027575427699,33.76292350711265,0.24079261202817265,0.5672771980849057,0.7985602863634196,1.4133781222899888,242.02520743924177,1139.93500374714,0.8461009242050831,0.42305046210254155,5.862344119125521,0.44007867271266166,0.24752520852877496,fourier
