nameseq,average,median,maximum,minimum,peak,none_levated_peak,sample_standard_deviation,population_standard_deviation,percentile15,percentile25,percentile50,percentile75,amplitude,variance,interquartile_range,semi_interquartile_range,coefficient_of_variation,skewness,kurtosis,label
4_56522242_56522433,16.47782770995672,0.9414357586648886,2891.174330929232,0.0035484723367685033,3.884007111042193,46.99690174893402,208.00965263884135,208.55346965220446,0.3815392745937011,0.5205400656139497,0.9414357586648886,2.0296208020502315,2891.1707824568953,43494.54970397296,1.5090807364362817,0.7545403682181409,12.623608906479317,0.22407217772148824,0.26878622895818627,fourier
