nameseq,average,median,maximum,minimum,peak,none_levated_peak,sample_standard_deviation,population_standard_deviation,percentile15,percentile25,percentile50,percentile75,amplitude,variance,interquartile_range,semi_interquartile_range,coefficient_of_variation,skewness,kurtosis,label
4_61188234_61205845,1136.4150630780587,10.536274679537968,19738987.50240536,0.001009199299291854,5.165952878841258,1575.3087431487022,148733.17987467322,148737.40254994907,2.46858660339263,4.317976192009487,10.536274679537968,20.965033382067226,19738987.50139616,22122814917.3056,16.647057190057737,8.323528595028868,130.8792752815324,0.022709366988869963,0.24672668206795295,fourier
