nameseq,average,median,maximum,minimum,peak,none_levated_peak,sample_standard_deviation,population_standard_deviation,percentile15,percentile25,percentile50,percentile75,amplitude,variance,interquartile_range,semi_interquartile_range,coefficient_of_variation,skewness,kurtosis,label
4_6179151_6179536,31.118575259466407,1.9286888573312917,10754.45541832346,0.008413778041873817,4.134722287053476,71.01282237075633,546.527930678343,547.2372469154321,0.49145282323560485,0.8024560939904846,1.9286888573312917,4.432195387185409,10754.447004545418,299468.6044115816,3.6297392931949246,1.8148696465974623,17.562755560670688,0.160229064775729,0.2627453372517355,fourier
