nameseq,average,median,maximum,minimum,peak,none_levated_peak,sample_standard_deviation,population_standard_deviation,percentile15,percentile25,percentile50,percentile75,amplitude,variance,interquartile_range,semi_interquartile_range,coefficient_of_variation,skewness,kurtosis,label
4_63282206_63282446,18.953808896472804,0.9793765340809202,4238.458542172928,0.0016714076681086756,4.2383741321926545,61.593061046744566,272.3716194616812,272.9384704795441,0.2512162227182688,0.4117300520303137,0.9793765340809202,1.799284833862516,4238.45687076526,74495.40866771295,1.3875547818322023,0.6937773909161011,14.37028414443748,0.19797693017264562,0.24041741455229293,fourier
