nameseq,average,median,maximum,minimum,peak,none_levated_peak,sample_standard_deviation,population_standard_deviation,percentile15,percentile25,percentile50,percentile75,amplitude,variance,interquartile_range,semi_interquartile_range,coefficient_of_variation,skewness,kurtosis,label
4_66636718_66636866,13.305147202498292,0.9627860735837298,1783.7896971710782,0.003524190099656026,3.7328911819435424,37.955126503900594,145.53760546819473,146.0284588194446,0.16707378723670296,0.4753570424991302,0.9627860735837298,2.15318924147018,1783.7861729809786,21324.310785182228,1.6778321989710498,0.8389160994855249,10.938443840806759,0.25441591723065315,0.3033999694323622,fourier
