nameseq,average,median,maximum,minimum,peak,none_levated_peak,sample_standard_deviation,population_standard_deviation,percentile15,percentile25,percentile50,percentile75,amplitude,variance,interquartile_range,semi_interquartile_range,coefficient_of_variation,skewness,kurtosis,label
4_68142130_68145762,245.62866383276875,3.9160311034047317,870883.6790290278,0.004682773953509499,4.930206357448919,505.9650761572184,14446.570669507217,14448.55932264755,0.908235603461752,1.6688238077333901,3.9160311034047317,8.006223009243806,870883.6743462539,208760866.50006545,6.337399201510416,3.168699600755208,58.81467758723334,0.05019446585470011,0.25211556777439115,fourier
