nameseq,average,median,maximum,minimum,peak,none_levated_peak,sample_standard_deviation,population_standard_deviation,percentile15,percentile25,percentile50,percentile75,amplitude,variance,interquartile_range,semi_interquartile_range,coefficient_of_variation,skewness,kurtosis,label
5_104745265_104745309,7.194196461750825,1.5684754945443247,246.08459193397638,0.02539426258312838,2.0850139525310523,10.038650525650857,36.048127550062034,36.455463954463845,0.21055321673579996,0.3870606111705147,1.5684754945443247,2.6539281344106858,246.05919767139326,1329.0008521352127,2.266867523240171,1.1334337616200856,5.0107232602998915,0.4681841762288831,0.25322095249336984,fourier
