nameseq,average,median,maximum,minimum,peak,none_levated_peak,sample_standard_deviation,population_standard_deviation,percentile15,percentile25,percentile50,percentile75,amplitude,variance,interquartile_range,semi_interquartile_range,coefficient_of_variation,skewness,kurtosis,label
5_11051058_11060989,708.2791427466019,20.190536778182462,6727805.356091221,0.007122426109722096,4.674239952666671,647.0201704414154,67504.2761876639,67507.67476670632,4.9815996015851916,8.408968076009236,20.190536778182462,40.5405308706971,6727805.348968795,4557286152.407396,32.13156279468786,16.06578139734393,95.3074460528264,0.030579778563457786,0.24389804493224812,fourier
