nameseq,average,median,maximum,minimum,peak,none_levated_peak,sample_standard_deviation,population_standard_deviation,percentile15,percentile25,percentile50,percentile75,amplitude,variance,interquartile_range,semi_interquartile_range,coefficient_of_variation,skewness,kurtosis,label
5_13443271_13443391,11.13855573259791,1.0029402611291467,1186.73797610027,0.0055112248942770815,3.621055934145437,31.099048426413184,107.32524486716758,107.77150560644093,0.1560824149020662,0.33191272891832246,1.0029402611291467,2.0339595296985165,1186.7324648753759,11614.69742067913,1.7020468007801939,0.8510234003900969,9.635472268013288,0.28331495029002446,0.28843570213242903,fourier
