nameseq,average,median,maximum,minimum,peak,none_levated_peak,sample_standard_deviation,population_standard_deviation,percentile15,percentile25,percentile50,percentile75,amplitude,variance,interquartile_range,semi_interquartile_range,coefficient_of_variation,skewness,kurtosis,label
5_133560320_133560641,24.994848571401622,1.2654480159235768,7493.83426839346,0.010656312455906942,4.294218187668518,75.109528015207,416.8731263468061,417.5219565080726,0.21953057976230023,0.486201821008967,1.2654480159235768,2.5142869786207056,7493.823612081004,174324.58416632886,2.0280851576117387,1.0140425788058693,16.678361749459853,0.17076706836509073,0.26838628778987045,fourier
