nameseq,average,median,maximum,minimum,peak,none_levated_peak,sample_standard_deviation,population_standard_deviation,percentile15,percentile25,percentile50,percentile75,amplitude,variance,interquartile_range,semi_interquartile_range,coefficient_of_variation,skewness,kurtosis,label
5_131724771_131725193,42.40911868619308,3.296222709985972,15924.392791246139,0.01041260013552475,3.324756664794938,63.309898380294506,773.1374774093482,774.0529750390307,0.7645631033419762,1.2193758072700078,3.296222709985972,6.8043972402991395,15924.382378646003,599158.0081667742,5.585021433029132,2.792510716514566,18.230453764677137,0.15176949941917608,0.2675249466800757,fourier
