nameseq,average,median,maximum,minimum,peak,none_levated_peak,sample_standard_deviation,population_standard_deviation,percentile15,percentile25,percentile50,percentile75,amplitude,variance,interquartile_range,semi_interquartile_range,coefficient_of_variation,skewness,kurtosis,label
5_13416284_13416787,36.54228276950438,1.2468685435001075,17542.82179658983,0.00010744610149538526,4.597413934419033,117.24483617863659,780.5684552266924,781.3439829442891,0.3238599395765803,0.4969373387664552,1.2468685435001075,2.4169241826432346,17542.82168914373,610498.4196832456,1.9199868438767793,0.9599934219383897,21.360692219209138,0.13565273099239114,0.28786627054181285,fourier
