nameseq,average,median,maximum,minimum,peak,none_levated_peak,sample_standard_deviation,population_standard_deviation,percentile15,percentile25,percentile50,percentile75,amplitude,variance,interquartile_range,semi_interquartile_range,coefficient_of_variation,skewness,kurtosis,label
5_133238812_133247660,604.9262053382646,12.731533473960935,5185886.086353388,0.001985098716584189,4.87607685141903,722.0611445324536,55125.15009299077,55128.265124219375,2.9257000298051636,5.358629522466288,12.731533473960935,25.344577640723774,5185886.0843682885,3039125615.6062226,19.985948118257486,9.992974059128743,91.1270657586502,0.032228193711871744,0.24200604801497916,fourier
