nameseq,average,median,maximum,minimum,peak,none_levated_peak,sample_standard_deviation,population_standard_deviation,percentile15,percentile25,percentile50,percentile75,amplitude,variance,interquartile_range,semi_interquartile_range,coefficient_of_variation,skewness,kurtosis,label
5_1577299_1577535,20.12917016559388,1.0737019817935405,4400.19676212496,0.006446274093874672,3.924652598696397,56.65990127707692,285.1222331214635,285.72566709408056,0.3172076119867782,0.49358116866482854,1.0737019817935405,2.265292509665032,4400.190315850866,81639.15683635735,1.7717113410002034,0.8858556705001017,14.164629280585718,0.20049788445311395,0.2674400124564652,fourier
