nameseq,average,median,maximum,minimum,peak,none_levated_peak,sample_standard_deviation,population_standard_deviation,percentile15,percentile25,percentile50,percentile75,amplitude,variance,interquartile_range,semi_interquartile_range,coefficient_of_variation,skewness,kurtosis,label
5_158302644_158302980,27.793778560652843,1.4565349132155403,8385.864814953273,0.0005338921983077627,4.041671883086873,66.05085428254233,455.99139950072,456.669454000911,0.3088185968437198,0.6857611023358373,1.4565349132155403,3.8349562380218565,8385.864281061075,208546.99021749015,3.149195135686019,1.5745975678430095,16.40623992544356,0.17327460787379861,0.23119295825124975,fourier
