nameseq,average,median,maximum,minimum,peak,none_levated_peak,sample_standard_deviation,population_standard_deviation,percentile15,percentile25,percentile50,percentile75,amplitude,variance,interquartile_range,semi_interquartile_range,coefficient_of_variation,skewness,kurtosis,label
5_166788869_166788984,14.909656986913392,2.7190680893801256,1303.5069855102754,0.015975075206546237,2.5933974671989732,19.614538549972302,120.24132596231246,120.76298275419352,0.517930103386745,0.9445013712800093,2.7190680893801256,4.947060490895091,1303.4910104350688,14583.698003689642,4.002559119615082,2.001279559807541,8.064660781120017,0.30415305553152816,0.21367873404866947,fourier
