nameseq,average,median,maximum,minimum,peak,none_levated_peak,sample_standard_deviation,population_standard_deviation,percentile15,percentile25,percentile50,percentile75,amplitude,variance,interquartile_range,semi_interquartile_range,coefficient_of_variation,skewness,kurtosis,label
5_171914897_171915256,29.87529292877955,1.4624571866384888,9964.055833975068,0.03221112760983464,4.016697017367193,75.26201830747088,524.3100943495397,525.0398234352464,0.3423113252278239,0.660408590090183,1.4624571866384888,3.2585649821436067,9964.023622847459,275666.8161929147,2.598156392053424,1.299078196026712,17.549956601244226,0.16257269914318603,0.25271079752653813,fourier
