nameseq,average,median,maximum,minimum,peak,none_levated_peak,sample_standard_deviation,population_standard_deviation,percentile15,percentile25,percentile50,percentile75,amplitude,variance,interquartile_range,semi_interquartile_range,coefficient_of_variation,skewness,kurtosis,label
5_179684814_179685143,24.699331024848394,0.8706738221865372,7751.946688974821,0.004922016295107017,4.4535619158808855,87.70635928293487,426.01836574085513,426.6653188329901,0.23291893698729435,0.41397915753166054,0.8706738221865372,1.7667898196316612,7751.9417669585255,182043.2942948571,1.3528106621000007,0.6764053310500003,17.248174264811695,0.16780021087511082,0.2619180130751587,fourier
