nameseq,average,median,maximum,minimum,peak,none_levated_peak,sample_standard_deviation,population_standard_deviation,percentile15,percentile25,percentile50,percentile75,amplitude,variance,interquartile_range,semi_interquartile_range,coefficient_of_variation,skewness,kurtosis,label
5_179975906_179976087,20.415701139885837,1.8004238948818467,3274.30494967548,0.007082911716510049,2.971569100222727,36.367522493795185,241.87165169087254,242.53888510113154,0.305107026817133,0.5009824609093256,1.8004238948818467,3.027029478466614,3274.2978667637635,58825.11078609989,2.526047017557288,1.263023508778644,11.84733505029282,0.23089035587513382,0.18792539259118587,fourier
