nameseq,average,median,maximum,minimum,peak,none_levated_peak,sample_standard_deviation,population_standard_deviation,percentile15,percentile25,percentile50,percentile75,amplitude,variance,interquartile_range,semi_interquartile_range,coefficient_of_variation,skewness,kurtosis,label
5_179772279_179772442,13.85426860776435,1.078310552484575,2043.0744543901378,0.00685097977503743,3.9458356275862743,40.77846843263367,158.94567708449054,159.4324949995604,0.30515911485749647,0.5146477447604378,1.078310552484575,1.7845852669510673,2043.0676034103628,25418.720461784847,1.2699375221906295,0.6349687610953147,11.47268625897816,0.24113819808679307,0.20245951004726376,fourier
