nameseq,average,median,maximum,minimum,peak,none_levated_peak,sample_standard_deviation,population_standard_deviation,percentile15,percentile25,percentile50,percentile75,amplitude,variance,interquartile_range,semi_interquartile_range,coefficient_of_variation,skewness,kurtosis,label
5_186523966_186524272,23.42968543819114,1.0627992991243524,6725.31658145173,0.0010163374923707442,4.367678499282227,76.11106725588802,383.1246964316772,383.7502065566304,0.23749026089024775,0.3589158265147841,1.0627992991243524,2.1438137628734406,6725.315565114237,147264.2210322565,1.7848979363586566,0.8924489681793283,16.352105854872967,0.17514051963279387,0.2623052869934374,fourier
