nameseq,average,median,maximum,minimum,peak,none_levated_peak,sample_standard_deviation,population_standard_deviation,percentile15,percentile25,percentile50,percentile75,amplitude,variance,interquartile_range,semi_interquartile_range,coefficient_of_variation,skewness,kurtosis,label
5_18190353_18190421,6.936856077309363,0.5897064026695411,422.7553843529124,0.011904387862377453,3.315623063772881,20.94322957906686,50.43141599819964,50.800881860580276,0.15239427143267886,0.3221418147511558,0.5897064026695411,1.0808646868923728,422.74347996505,2580.7295978126344,0.758722872141217,0.3793614360706085,7.270068087928495,0.37757117556642134,0.16677932289500055,fourier
