nameseq,average,median,maximum,minimum,peak,none_levated_peak,sample_standard_deviation,population_standard_deviation,percentile15,percentile25,percentile50,percentile75,amplitude,variance,interquartile_range,semi_interquartile_range,coefficient_of_variation,skewness,kurtosis,label
5_181103258_181114663,802.7132854267021,23.165150275968337,8763029.912063722,0.0031389811652869216,4.736435871967601,703.2188518595669,82047.80316071819,82051.40009209632,5.428522940820725,9.390935686509517,23.165150275968337,46.22908993514034,8763029.90892474,6732432257.073262,36.83815424863082,18.41907712431541,102.21308735048984,0.028503437208077107,0.24150083372607675,fourier
