nameseq,average,median,maximum,minimum,peak,none_levated_peak,sample_standard_deviation,population_standard_deviation,percentile15,percentile25,percentile50,percentile75,amplitude,variance,interquartile_range,semi_interquartile_range,coefficient_of_variation,skewness,kurtosis,label
5_18029975_18032881,197.08299416033282,3.405908550854212,555152.2096945874,0.003936590109077273,4.916710364221938,417.28287848213193,10294.619939255439,10296.39105667745,0.7086967666052477,1.3526092843478261,3.405908550854212,7.004652034700692,555152.2057579972,106015668.7920274,5.652042750352866,2.826021375176433,52.23494793711355,0.05644028242488562,0.22746236717889792,fourier
