nameseq,average,median,maximum,minimum,peak,none_levated_peak,sample_standard_deviation,population_standard_deviation,percentile15,percentile25,percentile50,percentile75,amplitude,variance,interquartile_range,semi_interquartile_range,coefficient_of_variation,skewness,kurtosis,label
5_182748601_182748891,30.83778892498182,1.8487254824142023,8114.17563076791,0.02155132746648481,3.145491404587049,53.23004129152019,474.67981507576616,475.4975242349914,0.607394536668731,0.883234387831929,1.8487254824142023,4.1329944511749375,8114.154079440444,226097.8955536062,3.2497600633430084,1.6248800316715042,15.392796683008168,0.18321232031705742,0.22100748157719852,fourier
