nameseq,average,median,maximum,minimum,peak,none_levated_peak,sample_standard_deviation,population_standard_deviation,percentile15,percentile25,percentile50,percentile75,amplitude,variance,interquartile_range,semi_interquartile_range,coefficient_of_variation,skewness,kurtosis,label
5_180928138_180928293,12.998229485792821,0.6827634609953639,1884.4014711587452,0.012235133805305276,4.000544847806885,45.73371718912115,150.31715949579717,150.80127398422346,0.19064093034349067,0.31979747278315196,0.6827634609953639,1.2812510344559183,1884.38923602494,22741.024235264827,0.9614535616727663,0.48072678083638315,11.564433422266866,0.2457896237416952,0.24879642477222713,fourier
