nameseq,average,median,maximum,minimum,peak,none_levated_peak,sample_standard_deviation,population_standard_deviation,percentile15,percentile25,percentile50,percentile75,amplitude,variance,interquartile_range,semi_interquartile_range,coefficient_of_variation,skewness,kurtosis,label
5_198591317_198593401,149.26211401079507,4.111067373857515,298213.40471469273,0.0006957060590207422,4.656238487616058,282.2577211441537,6529.21668008525,6530.783002928962,0.9871055672662021,1.6961051827073101,4.111067373857515,8.776222855506916,298213.4040189867,42651126.63134583,7.080117672799606,3.540058836399803,43.74329496373767,0.06669301406997066,0.24552935503151693,fourier
