nameseq,average,median,maximum,minimum,peak,none_levated_peak,sample_standard_deviation,population_standard_deviation,percentile15,percentile25,percentile50,percentile75,amplitude,variance,interquartile_range,semi_interquartile_range,coefficient_of_variation,skewness,kurtosis,label
5_196744762_196744950,16.590572934688844,1.1398797143977926,2801.9339883210623,0.06001856486367634,3.7973372136097097,43.2502471587354,203.1498376325836,203.68941318488623,0.2635020423978086,0.34105588833934486,1.1398797143977926,2.773096374217451,2801.8739697561987,41489.37704360331,2.4320404858781064,1.2160202429390532,12.244895847317142,0.2281669540130543,0.3348114303583614,fourier
