nameseq,average,median,maximum,minimum,peak,none_levated_peak,sample_standard_deviation,population_standard_deviation,percentile15,percentile25,percentile50,percentile75,amplitude,variance,interquartile_range,semi_interquartile_range,coefficient_of_variation,skewness,kurtosis,label
5_207413587_207413745,23.58178212667213,2.0566453922566614,3173.8938433170633,0.014822077079798861,2.2474976537101683,25.924471876127946,250.65225425682488,251.4442064806049,0.7706508929033374,1.3115557759192311,2.0566453922566614,5.265506688593956,3173.8790212399836,63224.18897266107,3.953950912674725,1.9769754563373625,10.629063270554312,0.2576294811100352,0.2686761022095137,fourier
