nameseq,average,median,maximum,minimum,peak,none_levated_peak,sample_standard_deviation,population_standard_deviation,percentile15,percentile25,percentile50,percentile75,amplitude,variance,interquartile_range,semi_interquartile_range,coefficient_of_variation,skewness,kurtosis,label
5_206058745_206058873,12.696842401489551,1.0406394615290846,1407.745445016118,0.03999348130627922,3.386668798453022,29.702601931765262,123.32253797639034,123.80332942151361,0.28565569985809924,0.6015479756965605,1.0406394615290846,2.44418775632705,1407.7054515348118,15327.264375851819,1.8426397806304897,0.9213198903152449,9.712850965364629,0.28355408016802264,0.1942872514692871,fourier
