nameseq,average,median,maximum,minimum,peak,none_levated_peak,sample_standard_deviation,population_standard_deviation,percentile15,percentile25,percentile50,percentile75,amplitude,variance,interquartile_range,semi_interquartile_range,coefficient_of_variation,skewness,kurtosis,label
5_2344002_2344141,18.76995313304987,1.7295404666657195,2145.491821773011,0.02813585837616925,2.4862431107777594,24.13718284681496,180.42572376082742,181.07357404547267,0.6074500865526739,0.9413652456853616,1.7295404666657195,5.106574562194657,2145.463685914635,32787.639217601274,4.165209316509296,2.082604658254648,9.612475986588178,0.2833367489600254,0.20825365287155687,fourier
