nameseq,average,median,maximum,minimum,peak,none_levated_peak,sample_standard_deviation,population_standard_deviation,percentile15,percentile25,percentile50,percentile75,amplitude,variance,interquartile_range,semi_interquartile_range,coefficient_of_variation,skewness,kurtosis,label
5_24671303_24671425,14.47787550755971,1.3843447988555835,1561.8849794880202,0.0884966902168456,2.831907207558982,27.0547060561425,140.1059915463775,140.6790245781828,0.3163656821807257,0.48891561537167255,1.3843447988555835,2.931212838441155,1561.7964827978035,19790.587956268962,2.4422972230694824,1.2211486115347412,9.677247982497178,0.28036339982726455,0.35609935005604365,fourier
