nameseq,average,median,maximum,minimum,peak,none_levated_peak,sample_standard_deviation,population_standard_deviation,percentile15,percentile25,percentile50,percentile75,amplitude,variance,interquartile_range,semi_interquartile_range,coefficient_of_variation,skewness,kurtosis,label
5_27235062_27235315,23.01031001134056,1.5571947677137528,5180.704155052469,0.024139851717840565,3.6795100381063515,50.53564886791616,324.2744606430645,324.91468724985026,0.26236763394354323,0.5753811850019882,1.5571947677137528,3.4025163988976157,5180.680015200751,105569.553990668,2.8271352138956276,1.4135676069478138,14.0925724374529,0.19847183032314733,0.22458024007681826,fourier
