nameseq,average,median,maximum,minimum,peak,none_levated_peak,sample_standard_deviation,population_standard_deviation,percentile15,percentile25,percentile50,percentile75,amplitude,variance,interquartile_range,semi_interquartile_range,coefficient_of_variation,skewness,kurtosis,label
5_37255767_37274732,1259.4573229466805,13.312274986673831,23513289.178460922,0.004352494814409527,5.019622249056265,1526.0505820036926,170731.5206856309,170736.0218527844,2.99115689491361,5.373099121047269,13.312274986673831,26.34113395633255,23513289.174108427,29150789158.114475,20.96803483528528,10.48401741764264,135.55959187738105,0.021896572635603857,0.24949367566843242,fourier
