nameseq,average,median,maximum,minimum,peak,none_levated_peak,sample_standard_deviation,population_standard_deviation,percentile15,percentile25,percentile50,percentile75,amplitude,variance,interquartile_range,semi_interquartile_range,coefficient_of_variation,skewness,kurtosis,label
5_37715047_37715591,44.06385595332858,1.5026567838840732,22708.098794472025,0.014380272398456483,4.122804569329652,112.13967993946889,971.7173386792292,972.610051167624,0.30820433376024553,0.6747665679316261,1.5026567838840732,3.0737403583167415,22708.084414199628,945970.3116322882,2.3989737903851154,1.1994868951925577,22.05248082937748,0.1313999374364182,0.23507615754405595,fourier
