nameseq,average,median,maximum,minimum,peak,none_levated_peak,sample_standard_deviation,population_standard_deviation,percentile15,percentile25,percentile50,percentile75,amplitude,variance,interquartile_range,semi_interquartile_range,coefficient_of_variation,skewness,kurtosis,label
5_38953054_38969874,1093.5589287244904,9.412404143252362,18155525.81115598,0.0019112534512534523,5.127295706450785,1573.9941601762982,139981.1893688049,139985.35046003124,2.1846826558254278,3.921364877177401,9.412404143252362,19.273440905256454,18155525.809244726,19595898343.417767,15.352076028079052,7.676038014039526,128.00516340905077,0.023234833111573257,0.24639333371185532,fourier
