nameseq,average,median,maximum,minimum,peak,none_levated_peak,sample_standard_deviation,population_standard_deviation,percentile15,percentile25,percentile50,percentile75,amplitude,variance,interquartile_range,semi_interquartile_range,coefficient_of_variation,skewness,kurtosis,label
5_42792724_42792898,17.09534608287201,1.494117046270747,2634.021383923803,0.10221726717170347,3.4122347129186266,37.5881742158866,198.39845515434723,198.96774887876248,0.2954011713552456,0.4513483088366387,1.494117046270747,3.0854151073563605,2633.919166656631,39588.165093882286,2.6340667985197217,1.3170333992598608,11.605407354293023,0.23590751789570194,0.2667146586688792,fourier
