nameseq,average,median,maximum,minimum,peak,none_levated_peak,sample_standard_deviation,population_standard_deviation,percentile15,percentile25,percentile50,percentile75,amplitude,variance,interquartile_range,semi_interquartile_range,coefficient_of_variation,skewness,kurtosis,label
5_43376022_43379706,270.408078627339,9.950003008867021,942793.3150103479,0.025806707406339696,4.5425171450818675,339.0646344648343,15528.600149325996,15530.707579633498,2.0635545453030972,3.826831278536778,9.950003008867021,20.12198564190078,942793.2892036404,241202877.92408535,16.295154363364,8.147577181682,57.426539281493234,0.05031839440397535,0.24751245496071453,fourier
