nameseq,average,median,maximum,minimum,peak,none_levated_peak,sample_standard_deviation,population_standard_deviation,percentile15,percentile25,percentile50,percentile75,amplitude,variance,interquartile_range,semi_interquartile_range,coefficient_of_variation,skewness,kurtosis,label
5_43801148_43801257,16.184080385884144,2.5886658223986285,1414.6738353661653,0.015911729428376847,2.265600873970421,19.030580708352037,133.99281801037182,134.6060606559677,0.3472350788588728,0.9059112478377911,2.5886658223986285,5.180274093232664,1414.657923636737,18118.791565318057,4.274362845394873,2.1371814226974366,8.279297607001581,0.30439126735359395,0.3092712359011699,fourier
