nameseq,average,median,maximum,minimum,peak,none_levated_peak,sample_standard_deviation,population_standard_deviation,percentile15,percentile25,percentile50,percentile75,amplitude,variance,interquartile_range,semi_interquartile_range,coefficient_of_variation,skewness,kurtosis,label
5_4376377_4376540,16.6515956816251,1.2120966428508682,2451.7789744681018,0.0358956086705074,3.282968654288843,37.72229014071815,190.7421759808191,191.32638003172585,0.2447770247510425,0.4364607673982635,1.2120966428508682,2.268261519737687,2451.743078859431,36605.78369604438,1.8318007523394235,0.9159003761697118,11.454888746266013,0.24283301203914362,0.24309661695397064,fourier
