nameseq,average,median,maximum,minimum,peak,none_levated_peak,sample_standard_deviation,population_standard_deviation,percentile15,percentile25,percentile50,percentile75,amplitude,variance,interquartile_range,semi_interquartile_range,coefficient_of_variation,skewness,kurtosis,label
5_43724203_43724477,24.979710490530223,2.1600323009895175,5918.826008140175,0.062350336563845095,3.6696448784471456,48.39607213137494,356.0905498499268,356.73975831935695,0.6459554288941542,0.8813513919821728,2.1600323009895175,4.579890436572331,5918.763657803611,127263.2551657532,3.698539044590158,1.849269522295079,14.255191227493219,0.1922517589907229,0.25328211684995583,fourier
