nameseq,average,median,maximum,minimum,peak,none_levated_peak,sample_standard_deviation,population_standard_deviation,percentile15,percentile25,percentile50,percentile75,amplitude,variance,interquartile_range,semi_interquartile_range,coefficient_of_variation,skewness,kurtosis,label
5_44644775_44657870,836.1669365024287,5.1989912815947035,10843809.744513309,0.0010002086373991322,5.220648105978601,1604.77190004706,94753.58553188178,94757.20339276899,1.2722914326982764,2.1871288607671673,5.1989912815947035,10.194945158084309,10843809.7435131,8978927594.81859,8.007816297317142,4.003908148658571,113.31898140845296,0.02630933512087217,0.24327311071825355,fourier
