nameseq,average,median,maximum,minimum,peak,none_levated_peak,sample_standard_deviation,population_standard_deviation,percentile15,percentile25,percentile50,percentile75,amplitude,variance,interquartile_range,semi_interquartile_range,coefficient_of_variation,skewness,kurtosis,label
5_44372829_44372955,10.45552066717287,0.7690544034885128,1209.829830266897,0.04808527721533422,4.048897676253181,37.10418508772628,106.8521030283571,107.27528133010114,0.16572602829306715,0.3037225943513068,0.7690544034885128,1.2616640940543493,1209.7817449896818,11507.985984452345,0.9579414997030425,0.47897074985152127,10.21968263750269,0.27195907209557774,0.2409161745432716,fourier
