nameseq,average,median,maximum,minimum,peak,none_levated_peak,sample_standard_deviation,population_standard_deviation,percentile15,percentile25,percentile50,percentile75,amplitude,variance,interquartile_range,semi_interquartile_range,coefficient_of_variation,skewness,kurtosis,label
5_44371358_44371622,23.632296986142276,1.3672691365752054,5676.925473451624,0.013336874160426136,3.7378225817461184,55.88084136598211,347.9442662580625,348.6026287507659,0.4123678733390281,0.6068895488651531,1.3672691365752054,2.909763004100661,5676.912136577464,121523.79277194431,2.302873455235508,1.151436727617754,14.723252101227962,0.19197064020351115,0.22797975490085787,fourier
