nameseq,average,median,maximum,minimum,peak,none_levated_peak,sample_standard_deviation,population_standard_deviation,percentile15,percentile25,percentile50,percentile75,amplitude,variance,interquartile_range,semi_interquartile_range,coefficient_of_variation,skewness,kurtosis,label
5_45284225_45286167,131.15376603265372,2.3627627470992767,248082.54051457462,0.001876782151684029,4.93822393560102,341.9036384421538,5626.547999346275,5627.996460690735,0.5485514562666872,1.009298788043496,2.3627627470992767,4.74961791897213,248082.53863779246,31674344.161547437,3.740319130928634,1.870159565464317,42.90039218504345,0.06866963720944963,0.24646420143807352,fourier
