nameseq,average,median,maximum,minimum,peak,none_levated_peak,sample_standard_deviation,population_standard_deviation,percentile15,percentile25,percentile50,percentile75,amplitude,variance,interquartile_range,semi_interquartile_range,coefficient_of_variation,skewness,kurtosis,label
5_46531399_46564030,2158.32803349504,31.08225030721523,68890759.78382315,0.0013818744915443221,5.039703494801654,1749.7453195229436,381357.40847058437,381363.2519091363,6.945549403044311,12.57333512762319,31.08225030721523,61.72139711084687,68890759.78244127,145437929906.71136,49.148061983223684,24.574030991611842,176.69112505249808,0.0167342687143725,0.24883601624032153,fourier
