nameseq,average,median,maximum,minimum,peak,none_levated_peak,sample_standard_deviation,population_standard_deviation,percentile15,percentile25,percentile50,percentile75,amplitude,variance,interquartile_range,semi_interquartile_range,coefficient_of_variation,skewness,kurtosis,label
5_46046373_46046819,43.657702183306775,4.436968751240732,16390.355109563177,0.028027108600488997,3.4129143896394196,57.80530855894409,774.0875286253302,774.9548538594339,1.011534655409047,1.7630380571111732,4.436968751240732,8.654242645778918,16390.327082454576,600555.0255202965,6.891204588667745,3.4456022943338724,17.730835337488628,0.15200115742098252,0.22922096178625392,fourier
