nameseq,average,median,maximum,minimum,peak,none_levated_peak,sample_standard_deviation,population_standard_deviation,percentile15,percentile25,percentile50,percentile75,amplitude,variance,interquartile_range,semi_interquartile_range,coefficient_of_variation,skewness,kurtosis,label
5_47646880_47649268,162.61024587829655,3.2087619326807264,376808.26078264305,0.0010068470475583125,4.897190389401036,364.2742720158085,7707.541907012964,7709.155545030646,0.624266453059101,1.2176746493243973,3.2087619326807264,6.78541289657201,376808.259775796,59431079.21747676,5.567738247247613,2.7838691236238065,47.398870012050594,0.06204370441395035,0.2559091355970262,fourier
