nameseq,average,median,maximum,minimum,peak,none_levated_peak,sample_standard_deviation,population_standard_deviation,percentile15,percentile25,percentile50,percentile75,amplitude,variance,interquartile_range,semi_interquartile_range,coefficient_of_variation,skewness,kurtosis,label
5_47518026_47518194,14.865641792732097,0.9069168334112029,2313.6579296933537,0.007290322903339538,3.789498907532875,44.91599453103926,177.36013276158556,177.88720712642112,0.24450494252543603,0.4021517504683102,0.9069168334112029,1.4914858457586333,2313.6506393704503,31643.858459238247,1.0893340952903232,0.5446670476451616,11.93087626047185,0.236108161546396,0.23734271566350293,fourier
