nameseq,average,median,maximum,minimum,peak,none_levated_peak,sample_standard_deviation,population_standard_deviation,percentile15,percentile25,percentile50,percentile75,amplitude,variance,interquartile_range,semi_interquartile_range,coefficient_of_variation,skewness,kurtosis,label
5_67650787_67653829,218.51758319038268,5.5762522645373656,639165.8711138517,0.0076661803971791315,4.641884275507473,361.8309238233039,11584.726555310865,11586.630528789956,1.3131968632257387,2.323627956368199,5.5762522645373656,11.305183648294424,639165.8634476713,134250007.0106874,8.981555691926225,4.4907778459631125,53.01507725910419,0.05514364018239823,0.24927490363413662,fourier
