nameseq,average,median,maximum,minimum,peak,none_levated_peak,sample_standard_deviation,population_standard_deviation,percentile15,percentile25,percentile50,percentile75,amplitude,variance,interquartile_range,semi_interquartile_range,coefficient_of_variation,skewness,kurtosis,label
5_67350959_67351670,54.08511017300479,2.362915654622249,36093.95561098053,0.018335721232363815,4.388145509441751,125.14298615438899,1351.6052409498764,1352.555402923781,0.5342761571197849,0.9807120818660391,2.362915654622249,4.580046388938871,36093.9372752593,1829406.1179783116,3.599334307072832,1.799667153536416,24.99033905314102,0.11480170308166326,0.23979669225913142,fourier
