nameseq,average,median,maximum,minimum,peak,none_levated_peak,sample_standard_deviation,population_standard_deviation,percentile15,percentile25,percentile50,percentile75,amplitude,variance,interquartile_range,semi_interquartile_range,coefficient_of_variation,skewness,kurtosis,label
5_82960197_82961251,76.88982316141312,2.6911052590665276,76646.13628294392,0.003248084907404269,4.573643847878549,170.91075692369006,2358.4955394963854,2359.6141051459417,0.6834226972248979,1.0836009129263071,2.6911052590665276,5.637311413647839,76646.13303485901,5567778.725203684,4.553710500721532,2.276855250360766,30.67370222123216,0.09438057014709098,0.2617874066355058,fourier
