nameseq,average,median,maximum,minimum,peak,none_levated_peak,sample_standard_deviation,population_standard_deviation,percentile15,percentile25,percentile50,percentile75,amplitude,variance,interquartile_range,semi_interquartile_range,coefficient_of_variation,skewness,kurtosis,label
5_83328188_83328564,37.19565514465571,2.9975412301713,12551.950761438122,0.005408341480648724,3.3785308036098005,61.223363894659116,645.4106026789383,646.2682915658968,0.6766133570297632,1.1868512041935257,2.9975412301713,4.78234652285027,12551.945353096642,417662.70468350296,3.595495318656744,1.797747659328372,17.351774022232036,0.15895980220592865,0.20497156183452636,fourier
