nameseq,average,median,maximum,minimum,peak,none_levated_peak,sample_standard_deviation,population_standard_deviation,percentile15,percentile25,percentile50,percentile75,amplitude,variance,interquartile_range,semi_interquartile_range,coefficient_of_variation,skewness,kurtosis,label
5_94025063_94026629,134.04801211530503,8.767149383261858,190772.08061709083,0.046753021615937265,3.8966137959885163,154.74119697898158,4817.42608095126,4818.96396641133,1.782450381669384,3.3144887334020603,8.767149383261858,17.320506705524746,190772.0338640692,23222413.709570818,14.006017972122686,7.003008986061343,35.93806431689133,0.07801730257621614,0.2467425080556701,fourier
