nameseq,average,median,maximum,minimum,peak,none_levated_peak,sample_standard_deviation,population_standard_deviation,percentile15,percentile25,percentile50,percentile75,amplitude,variance,interquartile_range,semi_interquartile_range,coefficient_of_variation,skewness,kurtosis,label
5_94727941_94728167,19.148589150323964,1.1797999643372787,3897.624217036278,0.010713996838507916,3.9515530921183566,50.49510919782721,258.0026217819706,258.5727940172125,0.3694953720653916,0.5739107116834239,1.1797999643372787,2.406952354635061,3897.6135030394394,66859.88980586782,1.833041642951637,0.9165208214758185,13.473714421284432,0.20893728593004193,0.19325408319329437,fourier
