nameseq,average,median,maximum,minimum,peak,none_levated_peak,sample_standard_deviation,population_standard_deviation,percentile15,percentile25,percentile50,percentile75,amplitude,variance,interquartile_range,semi_interquartile_range,coefficient_of_variation,skewness,kurtosis,label
5_9465495_9465704,19.09937799331037,1.3409780463768717,3595.589741999043,0.009863541431272584,3.665040820937612,46.050233463145084,247.39942405112222,247.99058241855695,0.34085319704514017,0.5683621469173871,1.3409780463768717,2.6212639666706634,3595.579878457612,61499.328968295085,2.0529018197532762,1.0264509098766381,12.953271260340248,0.21534084020256972,0.22079450639777276,fourier
