nameseq,average,median,maximum,minimum,peak,none_levated_peak,sample_standard_deviation,population_standard_deviation,percentile15,percentile25,percentile50,percentile75,amplitude,variance,interquartile_range,semi_interquartile_range,coefficient_of_variation,skewness,kurtosis,label
5_95081361_95081915,40.60738522578862,1.7312932082618793,21219.815004828815,0.010043344619636657,4.55582153274207,112.72517455778517,899.8212690165457,900.6330159285956,0.47379866178405167,0.7088183377337538,1.7312932082618793,3.5164751849250573,21219.804961484195,811139.8293806378,2.8076568471913035,1.4038284235956517,22.159054664891208,0.129612713178083,0.28410379536460395,fourier
