nameseq,average,median,maximum,minimum,peak,none_levated_peak,sample_standard_deviation,population_standard_deviation,percentile15,percentile25,percentile50,percentile75,amplitude,variance,interquartile_range,semi_interquartile_range,coefficient_of_variation,skewness,kurtosis,label
5_96817259_96817402,13.144168465696753,1.1797886283357175,1694.892618432418,0.06168280825248497,3.6518095553377092,35.517542072784416,140.639837765907,141.13072874451984,0.3847738401417195,0.4905065766220967,1.1797886283357175,1.7543507381293484,1694.8309356241655,19917.882595959243,1.2638441615072518,0.6319220807536259,10.699789654472593,0.2552131748888016,0.1980590251197436,fourier
