nameseq,average,median,maximum,minimum,peak,none_levated_peak,sample_standard_deviation,population_standard_deviation,percentile15,percentile25,percentile50,percentile75,amplitude,variance,interquartile_range,semi_interquartile_range,coefficient_of_variation,skewness,kurtosis,label
5_97608768_97614003,349.76591790731203,5.995598787234007,1782641.9048964903,0.0031484930442862978,4.990004011185122,599.799181063251,24633.18801240219,24635.540640076953,1.4950341738055521,2.575626808799539,5.995598787234007,12.063024133802173,1782641.9017479972,606909862.6288832,9.487397325002634,4.743698662501317,70.42763960475413,0.04186672698803723,0.24645782010093117,fourier
