nameseq,average,median,maximum,minimum,peak,none_levated_peak,sample_standard_deviation,population_standard_deviation,percentile15,percentile25,percentile50,percentile75,amplitude,variance,interquartile_range,semi_interquartile_range,coefficient_of_variation,skewness,kurtosis,label
6_108197480_108197649,14.395217982068454,0.9868426397661253,2197.351595155539,0.09933475643150684,3.9364924336160843,41.83750130381267,167.92658242917545,168.42267385688328,0.26782779055116734,0.39677217689421945,0.9868426397661253,2.2011666410278115,2197.252260399108,28366.197069102076,1.804394464133592,0.902197232066796,11.665442137684533,0.23953995516982723,0.2947624463525667,fourier
