nameseq,average,median,maximum,minimum,peak,none_levated_peak,sample_standard_deviation,population_standard_deviation,percentile15,percentile25,percentile50,percentile75,amplitude,variance,interquartile_range,semi_interquartile_range,coefficient_of_variation,skewness,kurtosis,label
6_119683478_119683596,11.157576328671336,1.0623391717166026,1171.3058427476271,0.0032890565484400896,3.555132897880004,30.1187045742136,106.80657555980696,107.258191001454,0.31705309636539536,0.4190115313052837,1.0623391717166026,2.0058158601216554,1171.3025536910786,11504.319536904388,1.5868043288163718,0.7934021644081859,9.57256060040108,0.28355661917000174,0.2817257144865522,fourier
