nameseq,average,median,maximum,minimum,peak,none_levated_peak,sample_standard_deviation,population_standard_deviation,percentile15,percentile25,percentile50,percentile75,amplitude,variance,interquartile_range,semi_interquartile_range,coefficient_of_variation,skewness,kurtosis,label
6_117819207_117819427,18.652338260493256,1.1032098795144647,3769.5912209703915,0.018245297773941797,3.9494601501355455,51.89094537965887,252.89223956692248,253.4663430062478,0.33649776580500385,0.6636924933216671,1.1032098795144647,2.1195513993102084,3769.5729756726178,64245.187036960866,1.4558589059885412,0.7279294529942706,13.558205734589484,0.2081811020895498,0.2255201816127702,fourier
