nameseq,average,median,maximum,minimum,peak,none_levated_peak,sample_standard_deviation,population_standard_deviation,percentile15,percentile25,percentile50,percentile75,amplitude,variance,interquartile_range,semi_interquartile_range,coefficient_of_variation,skewness,kurtosis,label
6_118904390_118904621,18.598461699688908,0.8971208190579589,3995.49063333023,0.011120318298119984,4.158049981877096,58.057887664322614,261.6633837245179,262.22914305254056,0.37417311062655806,0.508323579429416,0.8971208190579589,1.8425329604655343,3995.479513011932,68764.1234660698,1.3342093810361182,0.6671046905180591,14.06908743043489,0.20294785569921903,0.20209885542595282,fourier
