nameseq,average,median,maximum,minimum,peak,none_levated_peak,sample_standard_deviation,population_standard_deviation,percentile15,percentile25,percentile50,percentile75,amplitude,variance,interquartile_range,semi_interquartile_range,coefficient_of_variation,skewness,kurtosis,label
6_119327082_119328941,142.88359386182694,6.653766222986851,247085.09378821755,0.0004918881572244431,4.339196567238924,202.69112606783355,5727.385264238007,5728.925505025362,1.5948859612184854,2.905271507875465,6.653766222986851,13.618005691779207,247085.0932963294,32820587.4421301,10.712734183903741,5.356367091951871,40.08427496425219,0.07135707902668807,0.24328572084521613,fourier
