nameseq,average,median,maximum,minimum,peak,none_levated_peak,sample_standard_deviation,population_standard_deviation,percentile15,percentile25,percentile50,percentile75,amplitude,variance,interquartile_range,semi_interquartile_range,coefficient_of_variation,skewness,kurtosis,label
6_121300143_121303444,213.86395056197074,1.970261144108404,695931.3129148779,0.00010559702025366086,5.146574089623065,615.1448087165919,12109.05225375215,12110.886263948772,0.49561762108853236,0.8501234645575064,1.970261144108404,3.9887030438385853,695931.3128092809,146673566.09830305,3.138579579281079,1.5692897896405396,56.62035243402719,0.05249635189712001,0.22269061402640494,fourier
