nameseq,average,median,maximum,minimum,peak,none_levated_peak,sample_standard_deviation,population_standard_deviation,percentile15,percentile25,percentile50,percentile75,amplitude,variance,interquartile_range,semi_interquartile_range,coefficient_of_variation,skewness,kurtosis,label
6_120976948_120982684,423.420952538616,13.368164455099429,2309546.063757697,0.0055832039566370015,4.51638805748265,453.6343967772058,30488.988670023387,30491.646241496728,3.2658942202713925,5.743057784454014,13.368164455099429,26.789037399824508,2309546.0581744933,929740490.5165815,21.045979615370495,10.522989807685247,72.00632960468056,0.040347627714527476,0.24169319830893352,fourier
