nameseq,average,median,maximum,minimum,peak,none_levated_peak,sample_standard_deviation,population_standard_deviation,percentile15,percentile25,percentile50,percentile75,amplitude,variance,interquartile_range,semi_interquartile_range,coefficient_of_variation,skewness,kurtosis,label
6_120984569_120984643,9.088306153178369,0.9589086974985198,575.3403495345341,0.00867470956760085,2.7507876141757155,18.349546979025437,65.84050857661138,66.28388401434545,0.2264976714334715,0.4816439842733948,0.9589086974985198,1.867112322746757,575.3316748249665,4393.5532800272,1.3854683384733621,0.6927341692366811,7.244530220142902,0.37041318322536465,0.16290784970017377,fourier
