nameseq,average,median,maximum,minimum,peak,none_levated_peak,sample_standard_deviation,population_standard_deviation,percentile15,percentile25,percentile50,percentile75,amplitude,variance,interquartile_range,semi_interquartile_range,coefficient_of_variation,skewness,kurtosis,label
6_120096034_120096389,28.221035660080638,1.3505692119532513,9309.75792742518,0.02727959796896062,4.204901198382441,76.75035157920392,492.61754436436473,493.31088396767893,0.37697383061306305,0.6386019632753429,1.3505692119532513,2.6243585743784834,9309.730647827211,243355.62824097282,1.9857566111031404,0.9928783055515702,17.45568625821853,0.1636389127155364,0.19611402325585417,fourier
