nameseq,average,median,maximum,minimum,peak,none_levated_peak,sample_standard_deviation,population_standard_deviation,percentile15,percentile25,percentile50,percentile75,amplitude,variance,interquartile_range,semi_interquartile_range,coefficient_of_variation,skewness,kurtosis,label
6_132158623_132158822,18.407348819445016,1.3462748268867448,3230.01237663911,0.025338410674225046,3.6217419097443213,42.34512050506787,227.6830587167046,228.2544098251279,0.26963775916465504,0.5588066500307821,1.3462748268867448,2.8193005523211867,3229.9870382284357,52100.07560461744,2.2604939022904045,1.1302469511452022,12.369139138395992,0.22480030910582463,0.24550155146136973,fourier
