nameseq,average,median,maximum,minimum,peak,none_levated_peak,sample_standard_deviation,population_standard_deviation,percentile15,percentile25,percentile50,percentile75,amplitude,variance,interquartile_range,semi_interquartile_range,coefficient_of_variation,skewness,kurtosis,label
6_136092139_136092262,15.373453609113993,2.1911275739957157,1476.072657808751,0.03365248293111942,2.68861729994289,21.277254261119335,131.78094131993464,132.31555179630735,0.7828514712111022,1.2908594361289896,2.1911275739957157,3.91409576750511,1476.03900532582,17507.405247161292,2.6232363313761202,1.3116181656880601,8.571980289569396,0.30009633949528114,0.19520922169452026,fourier
