nameseq,average,median,maximum,minimum,peak,none_levated_peak,sample_standard_deviation,population_standard_deviation,percentile15,percentile25,percentile50,percentile75,amplitude,variance,interquartile_range,semi_interquartile_range,coefficient_of_variation,skewness,kurtosis,label
6_149828966_149829023,7.307642823111721,0.8751999934853985,353.6327428590544,0.044973604129226345,2.6456319501807375,14.98447865705872,45.88860326149016,46.2893846985378,0.12397396765439307,0.42911008944457696,0.8751999934853985,1.5779579583447734,353.5877692549252,2142.7071357692257,1.1488478689001964,0.5744239344500982,6.279535600229295,0.42052551433992624,0.18857567467207084,fourier
