nameseq,average,median,maximum,minimum,peak,none_levated_peak,sample_standard_deviation,population_standard_deviation,percentile15,percentile25,percentile50,percentile75,amplitude,variance,interquartile_range,semi_interquartile_range,coefficient_of_variation,skewness,kurtosis,label
6_159200724_159200899,14.59570569333752,0.8988530123415727,2328.453744973481,0.014956464555062847,4.019447082537856,45.07921465086224,174.91734422825033,175.41639615315492,0.20990874905706314,0.43233146754004376,0.8988530123415727,1.8624699070196171,2328.4387885089263,30770.91203936058,1.4301384394795733,0.7150692197397867,11.984164925173477,0.23491414315877454,0.2601624296603979,fourier
