nameseq,average,median,maximum,minimum,peak,none_levated_peak,sample_standard_deviation,population_standard_deviation,percentile15,percentile25,percentile50,percentile75,amplitude,variance,interquartile_range,semi_interquartile_range,coefficient_of_variation,skewness,kurtosis,label
6_162373841_162373974,12.484499426260703,0.9305241794411083,1498.2293694018374,0.017981244849420916,3.5777699322659196,34.24511094984002,128.83667850604354,129.32011989879445,0.26248120070317504,0.35642229164961037,0.9305241794411083,1.6677722696028747,1498.211388156988,16723.69341063857,1.3113499779532645,0.6556749889766322,10.319731220864181,0.2690377161410044,0.18450535921773742,fourier
