nameseq,average,median,maximum,minimum,peak,none_levated_peak,sample_standard_deviation,population_standard_deviation,percentile15,percentile25,percentile50,percentile75,amplitude,variance,interquartile_range,semi_interquartile_range,coefficient_of_variation,skewness,kurtosis,label
6_168464726_168464832,16.644705895844247,1.8878475760365498,1404.2503831740337,0.004802649418960482,2.142823483325813,18.315362822114317,134.8307701270478,135.4652713734051,0.2934243329003942,0.8570198508268779,1.8878475760365498,4.95608295275618,1404.2455805246148,18350.839748270286,4.0990631019293025,2.0495315509646512,8.100519827190912,0.32834177923709845,0.1993723446365718,fourier
