nameseq,average,median,maximum,minimum,peak,none_levated_peak,sample_standard_deviation,population_standard_deviation,percentile15,percentile25,percentile50,percentile75,amplitude,variance,interquartile_range,semi_interquartile_range,coefficient_of_variation,skewness,kurtosis,label
6_169787686_169787893,21.744770205758638,2.2320541205660978,3722.0032582831327,0.03433996340164966,3.1885061408913797,35.18959483937721,257.2264104620278,257.84698171486417,0.45962512579706594,0.7756435651219626,2.2320541205660978,4.936311975086746,3721.968918319731,66485.06597946551,4.160668409964783,2.0803342049823916,11.829346000350322,0.22757440867145767,0.2264619294235476,fourier
