nameseq,average,median,maximum,minimum,peak,none_levated_peak,sample_standard_deviation,population_standard_deviation,percentile15,percentile25,percentile50,percentile75,amplitude,variance,interquartile_range,semi_interquartile_range,coefficient_of_variation,skewness,kurtosis,label
6_164397112_164397843,54.42433867169928,2.389582675036861,37012.96166023138,0.03028075078449416,4.4832882852627165,123.58558582723046,1366.9696689933073,1367.9043492180688,0.5352611634638879,1.0250544874194254,2.389582675036861,5.153086521223552,37012.9313794806,1871162.3086097082,4.128032033804127,2.0640160169020634,25.116881570930932,0.11419731653954608,0.24819349288081352,fourier
