nameseq,average,median,maximum,minimum,peak,none_levated_peak,sample_standard_deviation,population_standard_deviation,percentile15,percentile25,percentile50,percentile75,amplitude,variance,interquartile_range,semi_interquartile_range,coefficient_of_variation,skewness,kurtosis,label
6_173223117_173223733,50.53515415805003,3.20833315127495,28127.423887849975,0.005849061264250547,4.069774201607038,91.69757063160715,1131.2629424407558,1132.1808029912984,0.8797687511409955,1.5218636422431777,3.20833315127495,6.7943048407665625,28127.41803878871,1281833.3706620212,5.272441198523385,2.6362205992616925,22.385663233611616,0.12550615572538368,0.23905422193763784,fourier
