nameseq,average,median,maximum,minimum,peak,none_levated_peak,sample_standard_deviation,population_standard_deviation,percentile15,percentile25,percentile50,percentile75,amplitude,variance,interquartile_range,semi_interquartile_range,coefficient_of_variation,skewness,kurtosis,label
6_1835185_1835542,26.02747151422442,0.8663402125645875,8895.595324945294,0.023166246582536933,4.584899200374335,97.5296770760468,469.4292779646248,470.0862821741231,0.21601899981455458,0.3502345875148158,0.8663402125645875,1.5316287718884662,8895.572158698711,220981.1126882893,1.1813941843736504,0.5906970921868252,18.035915540550082,0.1607982233921672,0.25135503996749464,fourier
