nameseq,average,median,maximum,minimum,peak,none_levated_peak,sample_standard_deviation,population_standard_deviation,percentile15,percentile25,percentile50,percentile75,amplitude,variance,interquartile_range,semi_interquartile_range,coefficient_of_variation,skewness,kurtosis,label
6_24510598_24510711,16.353700912481223,2.1673491556111832,1508.9485511979144,0.07202775027786033,2.3236330542769204,19.843507132905632,140.44290564980332,141.0629656433511,0.48023742416777104,0.9965417759745784,2.1673491556111832,4.316262125444473,1508.8765234476366,19898.760276097255,3.319720349469894,1.659860174734947,8.587836258067837,0.3030345682019127,0.2406876817323509,fourier
