nameseq,average,median,maximum,minimum,peak,none_levated_peak,sample_standard_deviation,population_standard_deviation,percentile15,percentile25,percentile50,percentile75,amplitude,variance,interquartile_range,semi_interquartile_range,coefficient_of_variation,skewness,kurtosis,label
6_26070839_26080589,700.5723034052099,19.99938126351642,6530826.510812303,0.0003394473407290807,4.639540155291217,637.9758070851148,66133.16996421498,66136.56132187287,4.603222031433393,8.25734006954891,19.99938126351642,40.65161713235048,6530826.5104728555,4374044743.481851,32.39427706280157,16.197138531400785,94.39877888801387,0.03087283987036862,0.2446533885012152,fourier
