nameseq,average,median,maximum,minimum,peak,none_levated_peak,sample_standard_deviation,population_standard_deviation,percentile15,percentile25,percentile50,percentile75,amplitude,variance,interquartile_range,semi_interquartile_range,coefficient_of_variation,skewness,kurtosis,label
6_28671047_28671249,18.75581308634521,1.3706455898278944,3333.965334512314,0.01477106911302039,3.6077703672537673,41.63637400923956,233.2703354272574,233.8470244047819,0.3841131493828793,0.6682502023172057,1.3706455898278944,2.89896529735093,3333.9505634432007,54684.43082297066,2.2307150950337244,1.1153575475168622,12.437228626312402,0.22358394775754084,0.19596206046097686,fourier
