nameseq,average,median,maximum,minimum,peak,none_levated_peak,sample_standard_deviation,population_standard_deviation,percentile15,percentile25,percentile50,percentile75,amplitude,variance,interquartile_range,semi_interquartile_range,coefficient_of_variation,skewness,kurtosis,label
6_41339805_41340037,19.385186511517475,1.2012908526747716,4027.80325348062,0.011139532528587523,4.006495713648252,50.33168449473081,263.17488601800534,263.74146339288126,0.3975894341122975,0.5907223844813011,1.2012908526747716,2.9983292619082436,4027.7921139480914,69559.55951261852,2.4076068774269426,1.2038034387134713,13.576082224519386,0.20728302689488357,0.25384338324159605,fourier
