nameseq,average,median,maximum,minimum,peak,none_levated_peak,sample_standard_deviation,population_standard_deviation,percentile15,percentile25,percentile50,percentile75,amplitude,variance,interquartile_range,semi_interquartile_range,coefficient_of_variation,skewness,kurtosis,label
6_57994701_58015216,1360.1473347690383,18.00915493155406,27353026.481955722,0.0003604731498289234,5.027886679517639,1420.4081241375593,190962.47494068593,190967.12909978634,4.229972027415403,7.386252079926703,18.00915493155406,36.58065520896924,27353026.481595248,36468444396.61446,29.194403129042538,14.597201564521269,140.3983745430877,0.021084846856761152,0.2483465454211212,fourier
