nameseq,average,median,maximum,minimum,peak,none_levated_peak,sample_standard_deviation,population_standard_deviation,percentile15,percentile25,percentile50,percentile75,amplitude,variance,interquartile_range,semi_interquartile_range,coefficient_of_variation,skewness,kurtosis,label
6_59350602_59353369,182.09449264524548,2.346721397986122,494016.93349562347,0.00534524676385296,5.066966349521596,482.5618035933991,9388.08875877504,9389.78504368522,0.4992734139158471,0.8989182760634955,2.346721397986122,4.8288014891889235,494016.9281503767,88168063.16661467,3.9298832131254278,1.9649416065627139,51.55613781831839,0.05743909411143431,0.24434716068101306,fourier
