nameseq,average,median,maximum,minimum,peak,none_levated_peak,sample_standard_deviation,population_standard_deviation,percentile15,percentile25,percentile50,percentile75,amplitude,variance,interquartile_range,semi_interquartile_range,coefficient_of_variation,skewness,kurtosis,label
6_78256840_78257082,25.743708536278724,1.6075155995802108,5567.977692337342,0.014087338678421405,3.1463998237026582,47.52623196963583,356.2964603018992,357.0318510952319,0.3347093194644975,0.5437683278300125,1.6075155995802108,2.9844023674384523,5567.963604998664,127471.74269648784,2.44063403960844,1.22031701980422,13.84013728246638,0.2032256473969511,0.22062953449813838,fourier
