nameseq,average,median,maximum,minimum,peak,none_levated_peak,sample_standard_deviation,population_standard_deviation,percentile15,percentile25,percentile50,percentile75,amplitude,variance,interquartile_range,semi_interquartile_range,coefficient_of_variation,skewness,kurtosis,label
6_86270364_86301041,2067.357380560453,44.69834487423866,61251795.63350524,0.0009654752299137962,4.946411344335526,1366.5266761020998,349701.83584879135,349707.5355421451,10.405417356074338,18.708622139106485,44.69834487423866,90.26860337871979,61251795.632539764,122295360414.96066,71.55998123961331,35.779990619806654,169.15403168173492,0.017351859455729004,0.24094186196064582,fourier
