nameseq,average,median,maximum,minimum,peak,none_levated_peak,sample_standard_deviation,population_standard_deviation,percentile15,percentile25,percentile50,percentile75,amplitude,variance,interquartile_range,semi_interquartile_range,coefficient_of_variation,skewness,kurtosis,label
6_91160882_91160932,10.067825952093358,1.4328019310686153,405.01479045619175,0.021469656370598618,1.6885472673934403,10.21439937480823,55.90216477065846,56.458418916639566,0.21181449788116133,0.8760231058180948,1.4328019310686153,2.8350252454007947,404.99332079982116,3187.5530665667648,1.9590021395827,0.97950106979135,5.552555739110187,0.4634001593561025,0.24807281182995541,fourier
