nameseq,average,median,maximum,minimum,peak,none_levated_peak,sample_standard_deviation,population_standard_deviation,percentile15,percentile25,percentile50,percentile75,amplitude,variance,interquartile_range,semi_interquartile_range,coefficient_of_variation,skewness,kurtosis,label
6_93707416_93707490,8.184580294808159,1.0572199329413607,505.94063100716187,0.10505423185072818,3.054524373822639,18.246227661977,57.88102859406121,58.27080423438039,0.266030230764597,0.4906099172584027,1.0572199329413607,1.9888651466992289,505.83557677531115,3395.486626121484,1.4982552294408262,0.7491276147204131,7.071960504899403,0.3694143246064267,0.23565592030788293,fourier
