nameseq,average,median,maximum,minimum,peak,none_levated_peak,sample_standard_deviation,population_standard_deviation,percentile15,percentile25,percentile50,percentile75,amplitude,variance,interquartile_range,semi_interquartile_range,coefficient_of_variation,skewness,kurtosis,label
6_96306206_96306528,28.748792674774645,2.201676665640395,8324.457740652388,0.0015673347533782045,3.7450848070269664,58.919387450839416,462.3096778456204,463.02699352579907,0.5254090677556328,1.008777038375475,2.201676665640395,4.390869747492088,8324.456173317634,214393.99673354038,3.382092709116613,1.6910463545583065,16.08101192545973,0.17226839896264834,0.2677849100964872,fourier
