nameseq,average,median,maximum,minimum,peak,none_levated_peak,sample_standard_deviation,population_standard_deviation,percentile15,percentile25,percentile50,percentile75,amplitude,variance,interquartile_range,semi_interquartile_range,coefficient_of_variation,skewness,kurtosis,label
7_107831551_107831693,14.423382691277705,1.1825311605631994,1719.626451146851,0.0004869703074407047,3.304818826965762,29.726210932116395,143.1216145666384,143.6246797893213,0.2554713553198667,0.5049479233514567,1.1825311605631994,3.6529181463902924,1719.6259641765434,20628.048644585077,3.147970223038836,1.573985111519418,9.92288824543141,0.2775440642730342,0.23748033811514044,fourier
