nameseq,average,median,maximum,minimum,peak,none_levated_peak,sample_standard_deviation,population_standard_deviation,percentile15,percentile25,percentile50,percentile75,amplitude,variance,interquartile_range,semi_interquartile_range,coefficient_of_variation,skewness,kurtosis,label
7_112573894_112574159,23.86761740107169,1.8237880727634546,5607.607128916179,0.04572607612523998,3.7149358135213535,51.04704341473963,343.02183018092023,343.6684317541673,0.4218230747664531,0.7635634992522135,1.8237880727634546,3.7136265644320163,5607.561402840054,118107.99098436872,2.950063065179803,1.4750315325899015,14.371850546151208,0.19279090182116085,0.24138528172010276,fourier
