nameseq,average,median,maximum,minimum,peak,none_levated_peak,sample_standard_deviation,population_standard_deviation,percentile15,percentile25,percentile50,percentile75,amplitude,variance,interquartile_range,semi_interquartile_range,coefficient_of_variation,skewness,kurtosis,label
7_111968024_111968212,18.326929871379527,1.4931683032246608,3074.6625318731503,0.03810068285943462,3.4375643079414364,39.82151053085594,222.91402284526126,223.50609300586,0.4348956659319262,0.6312278231895035,1.4931683032246608,2.67234248707513,3074.624431190291,49954.97361074414,2.0411146638856263,1.0205573319428132,12.163195058293843,0.22655050615420788,0.21706080430465868,fourier
