nameseq,average,median,maximum,minimum,peak,none_levated_peak,sample_standard_deviation,population_standard_deviation,percentile15,percentile25,percentile50,percentile75,amplitude,variance,interquartile_range,semi_interquartile_range,coefficient_of_variation,skewness,kurtosis,label
7_111913138_111925413,796.3619259814465,6.026126814809832,9658601.079981662,0.0005687695962138637,5.138367200261323,1393.4557273456735,87170.12639492631,87173.67704059265,1.4677927008759328,2.5948974130875815,6.026126814809832,12.221167043983606,9658601.079412892,7599249968.777551,9.626269630896024,4.813134815448012,109.46043946977593,0.027199770099655532,0.2365390937263307,fourier
