nameseq,average,median,maximum,minimum,peak,none_levated_peak,sample_standard_deviation,population_standard_deviation,percentile15,percentile25,percentile50,percentile75,amplitude,variance,interquartile_range,semi_interquartile_range,coefficient_of_variation,skewness,kurtosis,label
7_125597688_125597781,10.129626763242673,0.7152784036389139,842.2804282054901,0.014803505403738267,3.0932367071047917,24.944820081605318,86.29773893726184,86.76046471505826,0.21682713654937094,0.33394121506221386,0.7152784036389139,1.661491064387131,842.2656247000864,7527.378237572869,1.3275498493249172,0.6637749246624586,8.519340441092067,0.32727445036936453,0.2534686184474568,fourier
