nameseq,average,median,maximum,minimum,peak,none_levated_peak,sample_standard_deviation,population_standard_deviation,percentile15,percentile25,percentile50,percentile75,amplitude,variance,interquartile_range,semi_interquartile_range,coefficient_of_variation,skewness,kurtosis,label
7_127023044_127037103,1022.9380970954012,41.69141888086071,13503729.880653653,0.005821283480977034,4.581574075669194,656.1484016993384,113879.0534627338,113883.10343173995,9.521735893503923,16.86711349274731,41.69141888086071,82.47071845808024,13503729.87483237,12969361247.244377,65.60360496533293,32.80180248266647,111.32545926883513,0.025849705851365735,0.24836294057179956,fourier
