nameseq,average,median,maximum,minimum,peak,none_levated_peak,sample_standard_deviation,population_standard_deviation,percentile15,percentile25,percentile50,percentile75,amplitude,variance,interquartile_range,semi_interquartile_range,coefficient_of_variation,skewness,kurtosis,label
7_122835618_122835751,13.334699932365112,1.3761748056825558,1506.7825694189978,0.02400634099716237,3.3496566771821126,29.30782311310406,129.522260256938,130.00827419813035,0.2663810697355675,0.45849364842802787,1.3761748056825558,2.37966323682297,1506.7585630780006,16902.151359976247,1.921169588394942,0.960584794197471,9.713173968209817,0.2769838582872163,0.16594553564848608,fourier
