nameseq,average,median,maximum,minimum,peak,none_levated_peak,sample_standard_deviation,population_standard_deviation,percentile15,percentile25,percentile50,percentile75,amplitude,variance,interquartile_range,semi_interquartile_range,coefficient_of_variation,skewness,kurtosis,label
7_121222991_121223122,15.236574298859534,1.5608572683756494,1582.1093262140769,0.15329900595791554,2.8877882348720227,23.707041056557546,136.94190106035288,137.46358638210805,0.47857976260054513,0.5649183309210499,1.5608572683756494,4.837520370104257,1581.956027208119,18896.237581031284,4.272602039183207,2.1363010195916035,8.987709335070354,0.2995953084758931,0.22369020074215057,fourier
