nameseq,average,median,maximum,minimum,peak,none_levated_peak,sample_standard_deviation,population_standard_deviation,percentile15,percentile25,percentile50,percentile75,amplitude,variance,interquartile_range,semi_interquartile_range,coefficient_of_variation,skewness,kurtosis,label
7_139613405_139616272,200.83796169384246,5.296431528712142,552318.8241019158,0.0010820708498669484,4.760056275901301,349.98293793264395,10311.420742020875,10313.218879752221,1.2526292017764211,2.1284978651996567,5.296431528712142,10.65552854523978,552318.823019845,106362483.66167767,8.527030680040124,4.263515340020062,51.3419906030495,0.05689076269623946,0.2521094656188452,fourier
