nameseq,average,median,maximum,minimum,peak,none_levated_peak,sample_standard_deviation,population_standard_deviation,percentile15,percentile25,percentile50,percentile75,amplitude,variance,interquartile_range,semi_interquartile_range,coefficient_of_variation,skewness,kurtosis,label
7_137766573_137766785,20.695718892247815,2.1156983681940584,3733.406513100951,0.00023758295672289916,3.4306612091931306,38.583950515038154,255.01261282025786,255.61335007866916,0.46101060197592403,0.9348587740022841,2.1156983681940584,4.026261167274262,3733.4062755179943,65338.18473844028,3.0914023932719776,1.5457011966359888,12.321998290949935,0.21857766545629212,0.22413583713366772,fourier
