nameseq,average,median,maximum,minimum,peak,none_levated_peak,sample_standard_deviation,population_standard_deviation,percentile15,percentile25,percentile50,percentile75,amplitude,variance,interquartile_range,semi_interquartile_range,coefficient_of_variation,skewness,kurtosis,label
7_13644313_13644433,10.949104570956315,0.9311996387534872,1158.0411466381381,0.06697671260933735,3.683710669849831,30.529579390284386,104.72395398213227,105.15939849643583,0.27934231516070174,0.4389409645375019,0.9311996387534872,1.901008715986394,1157.9741699255287,11058.49909213219,1.462067751448892,0.731033875724446,9.56461355387215,0.2869803292734361,0.19612267689090207,fourier
