nameseq,average,median,maximum,minimum,peak,none_levated_peak,sample_standard_deviation,population_standard_deviation,percentile15,percentile25,percentile50,percentile75,amplitude,variance,interquartile_range,semi_interquartile_range,coefficient_of_variation,skewness,kurtosis,label
7_137122855_137123515,54.20121472353118,2.957173260346318,33125.07700094256,0.00780341049568907,4.065099545410682,106.7449025878092,1287.288959402295,1288.263809189416,0.6303876040939623,1.1175828352483248,2.957173260346318,5.494000840752199,33125.069197532066,1659623.6420672238,4.376418005503874,2.188209002751937,23.750186521989978,0.11942316701056337,0.2565396091265465,fourier
