nameseq,average,median,maximum,minimum,peak,none_levated_peak,sample_standard_deviation,population_standard_deviation,percentile15,percentile25,percentile50,percentile75,amplitude,variance,interquartile_range,semi_interquartile_range,coefficient_of_variation,skewness,kurtosis,label
7_149058660_149058749,11.966789119775903,1.818061918233598,881.8323113214199,0.028341496943702416,2.5069381351780518,18.00596875256568,92.22135384972191,92.73800413226509,0.47176027897882156,0.9269467703782142,1.818061918233598,3.0645768982091877,881.8039698244762,8600.337410436017,2.1376301278309735,1.0688150639154868,7.706440961453902,0.33014242725432213,0.2195164245346935,fourier
