nameseq,average,median,maximum,minimum,peak,none_levated_peak,sample_standard_deviation,population_standard_deviation,percentile15,percentile25,percentile50,percentile75,amplitude,variance,interquartile_range,semi_interquartile_range,coefficient_of_variation,skewness,kurtosis,label
7_143297171_143315133,1217.075959581251,21.64007403292756,21270558.02057022,0.0018177200446428871,4.919714845675526,1136.0936722448596,158699.9191542829,158704.33675005136,5.048048529879415,8.944382797530759,21.64007403292756,44.03413520812502,21270558.018752497,25187066503.2737,35.089752410594265,17.544876205297133,130.39442436188241,0.02259804337492119,0.24557698154920107,fourier
