nameseq,average,median,maximum,minimum,peak,none_levated_peak,sample_standard_deviation,population_standard_deviation,percentile15,percentile25,percentile50,percentile75,amplitude,variance,interquartile_range,semi_interquartile_range,coefficient_of_variation,skewness,kurtosis,label
7_145692177_145692311,12.681670068414121,0.9825012702627031,1543.0800718007824,0.023220755073514565,3.5484285395564923,35.280584857399234,132.21201702299766,132.70442847423055,0.1638428364807142,0.31987370813861116,0.9825012702627031,1.7624042386018304,1543.056851045709,17610.465336672176,1.4425305304632192,0.7212652652316096,10.42544209948297,0.26546381474801345,0.26087991521193926,fourier
