nameseq,average,median,maximum,minimum,peak,none_levated_peak,sample_standard_deviation,population_standard_deviation,percentile15,percentile25,percentile50,percentile75,amplitude,variance,interquartile_range,semi_interquartile_range,coefficient_of_variation,skewness,kurtosis,label
7_145885247_145885606,35.911008317481595,2.6403088773106917,11452.278698799248,0.026478222173077295,3.341593723548654,57.90345608527923,602.5468912023708,603.385509410853,0.6010161679227097,1.0179584087581544,2.6403088773106917,6.1194124921424295,11452.252220577075,364074.0729669946,5.101454083384275,2.5507270416921375,16.778890914879966,0.16565034153829847,0.24843150779081535,fourier
