nameseq,average,median,maximum,minimum,peak,none_levated_peak,sample_standard_deviation,population_standard_deviation,percentile15,percentile25,percentile50,percentile75,amplitude,variance,interquartile_range,semi_interquartile_range,coefficient_of_variation,skewness,kurtosis,label
7_161340080_161340354,22.580331673986688,1.25078842538155,5726.828938484217,0.06128674513466288,4.059580168712482,62.45340558272347,344.61100373329896,345.239283204284,0.46742894296674453,0.682271529861498,1.25078842538155,1.988276193209271,5726.767651739083,119190.16266740781,1.3060046633477729,0.6530023316738864,15.2615563273724,0.18568365215446642,0.1791955042807922,fourier
