nameseq,average,median,maximum,minimum,peak,none_levated_peak,sample_standard_deviation,population_standard_deviation,percentile15,percentile25,percentile50,percentile75,amplitude,variance,interquartile_range,semi_interquartile_range,coefficient_of_variation,skewness,kurtosis,label
7_162568141_162568215,8.313444830035362,0.6328262420742163,567.2939121389671,0.04478017434012604,3.0071769899378356,22.691810648204925,64.98299255415463,65.4205934079731,0.14815567483118047,0.2736287569214795,0.6328262420742163,1.085841979760965,567.249131964627,4279.854041851334,0.8122132228394856,0.4061066114197428,7.81661439784622,0.35458286635047054,0.27710141342067773,fourier
