nameseq,average,median,maximum,minimum,peak,none_levated_peak,sample_standard_deviation,population_standard_deviation,percentile15,percentile25,percentile50,percentile75,amplitude,variance,interquartile_range,semi_interquartile_range,coefficient_of_variation,skewness,kurtosis,label
7_178373411_178382903,610.198557259097,4.255418583607376,5730912.526702102,0.0010067463839965758,5.185743715204693,1276.4027163603992,58816.43234228924,58819.530471414735,1.061935924947269,1.7842784405654137,4.255418583607376,8.615435198486615,5730912.525695356,3459737164.8776865,6.831156757921201,3.4155783789606007,96.38900591060417,0.03090682898696395,0.25035077552506035,fourier
