nameseq,average,median,maximum,minimum,peak,none_levated_peak,sample_standard_deviation,population_standard_deviation,percentile15,percentile25,percentile50,percentile75,amplitude,variance,interquartile_range,semi_interquartile_range,coefficient_of_variation,skewness,kurtosis,label
7_171396243_171396546,24.29775518484229,1.1545566087609538,6904.320369368428,0.009759078886769879,4.170481287775435,71.6934177619681,395.2491423247354,395.90083137787735,0.2594274107210788,0.5656986490137659,1.1545566087609538,2.525478809357803,6904.310610289542,156737.4682856945,1.9597801603440372,0.9798900801720186,16.26689952705196,0.17566033241686552,0.3022808029175433,fourier
