nameseq,average,median,maximum,minimum,peak,none_levated_peak,sample_standard_deviation,population_standard_deviation,percentile15,percentile25,percentile50,percentile75,amplitude,variance,interquartile_range,semi_interquartile_range,coefficient_of_variation,skewness,kurtosis,label
7_175933021_175933266,19.150558224369707,1.022731894723459,4374.533150590099,0.0025288145653303627,4.281859517580659,62.36072325106145,278.25802274384637,278.82531797644776,0.260514238368327,0.48441053391040517,1.022731894723459,1.8148113965718395,4374.530621775533,77743.55794466722,1.3304008626614343,0.6652004313307172,14.53002150035261,0.1954426271439515,0.20575795998909688,fourier
