nameseq,average,median,maximum,minimum,peak,none_levated_peak,sample_standard_deviation,population_standard_deviation,percentile15,percentile25,percentile50,percentile75,amplitude,variance,interquartile_range,semi_interquartile_range,coefficient_of_variation,skewness,kurtosis,label
7_178683169_178684207,72.50218320568243,1.8278862755071303,72678.9755257857,0.0015379259351319674,4.7768676475688405,208.61017294556368,2253.6006483203823,2254.6859364393094,0.32806866924824174,0.6495175955833716,1.8278862755071303,3.5807684385253022,72678.97398785976,5083608.671977206,2.931250842941931,1.4656254214709654,31.083210859004232,0.09408183785736281,0.25454740661295594,fourier
