nameseq,average,median,maximum,minimum,peak,none_levated_peak,sample_standard_deviation,population_standard_deviation,percentile15,percentile25,percentile50,percentile75,amplitude,variance,interquartile_range,semi_interquartile_range,coefficient_of_variation,skewness,kurtosis,label
7_177409801_177409928,11.132778351295224,0.8840921868594673,1289.2058799524975,0.0027187393500867204,3.8325263757454295,35.18058547097861,113.41388218144476,113.85951801280427,0.23721286634764344,0.3755496929953303,0.8840921868594673,1.5726684340238668,1289.2031612131475,12963.9898421081,1.1971187410285364,0.5985593705142682,10.18738347272043,0.2710960766171315,0.2928270374091585,fourier
