nameseq,average,median,maximum,minimum,peak,none_levated_peak,sample_standard_deviation,population_standard_deviation,percentile15,percentile25,percentile50,percentile75,amplitude,variance,interquartile_range,semi_interquartile_range,coefficient_of_variation,skewness,kurtosis,label
7_179963465_179963834,32.45186413689829,2.093610971576116,10855.455574631314,0.001519516934077188,3.8005007297285385,66.87733610795465,563.4310519362385,564.1939920987777,0.5021556397352482,0.8881121425612386,2.093610971576116,4.172508666805992,10855.45405511438,318314.8607203556,3.2843965242447535,1.6421982621223767,17.362055059746428,0.16164313128108018,0.21849330928191268,fourier
