nameseq,average,median,maximum,minimum,peak,none_levated_peak,sample_standard_deviation,population_standard_deviation,percentile15,percentile25,percentile50,percentile75,amplitude,variance,interquartile_range,semi_interquartile_range,coefficient_of_variation,skewness,kurtosis,label
7_21893142_21893537,33.07503690306074,2.2001775913233486,11870.700027489427,0.010018354791483788,3.9909252523852756,71.3837623503911,595.6222928718591,596.3757685594142,0.5434104118480105,0.9344009243263747,2.2001775913233486,4.433569310132103,11870.690009134636,355664.05732483196,3.4991683858057288,1.7495841929028644,18.008212496256977,0.1555089173855674,0.2512733558426618,fourier
