nameseq,average,median,maximum,minimum,peak,none_levated_peak,sample_standard_deviation,population_standard_deviation,percentile15,percentile25,percentile50,percentile75,amplitude,variance,interquartile_range,semi_interquartile_range,coefficient_of_variation,skewness,kurtosis,label
7_28582779_28583069,22.893125753357786,1.3391018475289513,6073.601886047168,0.006166447562063612,4.237079769929311,64.04005996482205,355.3160653613722,355.92815206031787,0.39643740628877655,0.5450287651195685,1.3391018475289513,2.8450892661195146,6073.595719599605,126684.84942907275,2.300060500999946,1.150030250499973,15.520644458490215,0.18198465541298367,0.2320220499818475,fourier
