nameseq,average,median,maximum,minimum,peak,none_levated_peak,sample_standard_deviation,population_standard_deviation,percentile15,percentile25,percentile50,percentile75,amplitude,variance,interquartile_range,semi_interquartile_range,coefficient_of_variation,skewness,kurtosis,label
7_33793396_33794643,114.97300383051464,9.032183173355762,127050.75288635888,0.01145806591552485,3.6182406838151224,119.01328189693137,3594.630124029015,3596.0711463855678,2.05482432959658,3.941689645764994,9.032183173355762,17.177031067479152,127050.74142829297,12931727.689866811,13.235341421714159,6.617670710857079,31.26499268757015,0.08841590122080423,0.24383690076246173,fourier
