nameseq,average,median,maximum,minimum,peak,none_levated_peak,sample_standard_deviation,population_standard_deviation,percentile15,percentile25,percentile50,percentile75,amplitude,variance,interquartile_range,semi_interquartile_range,coefficient_of_variation,skewness,kurtosis,label
7_36995617_37004988,630.3467420715294,13.418302764125524,5709309.776757357,0.0003304922259109538,4.956002453083989,745.4910881627236,58971.60239906392,58974.74880975839,2.888258698893949,5.371003507834956,13.418302764125524,26.70573464842921,5709309.776426865,3478020997.1740985,21.334731140594254,10.667365570297127,93.55422732140026,0.031384348442795404,0.24414342872332803,fourier
