nameseq,average,median,maximum,minimum,peak,none_levated_peak,sample_standard_deviation,population_standard_deviation,percentile15,percentile25,percentile50,percentile75,amplitude,variance,interquartile_range,semi_interquartile_range,coefficient_of_variation,skewness,kurtosis,label
7_48055498_48072192,1116.0551110890979,18.630583618801836,18173289.675781053,0.00021523806690564913,4.986312902209119,1142.2511540298365,140645.7727200853,140649.9851217431,4.244062980762701,7.74868442960852,18.630583618801836,37.791881146156605,18173289.675565813,19782418314.74656,30.043196716548085,15.021598358274042,126.02045483474083,0.02340826545112881,0.2524041031409392,fourier
