nameseq,average,median,maximum,minimum,peak,none_levated_peak,sample_standard_deviation,population_standard_deviation,percentile15,percentile25,percentile50,percentile75,amplitude,variance,interquartile_range,semi_interquartile_range,coefficient_of_variation,skewness,kurtosis,label
7_65161911_65169122,466.1630173731011,3.9428363363473142,3319019.8946004305,0.006190746616479203,5.156994249665927,1013.8178307849512,39079.6912107561,39082.40084440198,0.8573071198064506,1.6021322545086298,3.9428363363473142,7.767124601457867,3319019.888409684,1527434055.7625127,6.164992346949237,3.0824961734746186,83.83267173568605,0.03548289405952634,0.24690967566925875,fourier
