nameseq,average,median,maximum,minimum,peak,none_levated_peak,sample_standard_deviation,population_standard_deviation,percentile15,percentile25,percentile50,percentile75,amplitude,variance,interquartile_range,semi_interquartile_range,coefficient_of_variation,skewness,kurtosis,label
7_84204976_84205031,6.236584609472141,0.7822562340138853,297.45593540304793,0.011556997366383008,2.9930912246930292,16.319914072542606,39.27839397443711,39.633861798816206,0.16371871120189319,0.20615849306627834,0.7822562340138853,1.3928049367605848,297.44437840568156,1570.8430010876627,1.1866464436943065,0.5933232218471532,6.298061588835175,0.41658997404588416,0.2545780803896294,fourier
