nameseq,average,median,maximum,minimum,peak,none_levated_peak,sample_standard_deviation,population_standard_deviation,percentile15,percentile25,percentile50,percentile75,amplitude,variance,interquartile_range,semi_interquartile_range,coefficient_of_variation,skewness,kurtosis,label
7_92400245_92422650,1518.041855779579,28.31719974238749,33048715.15005236,0.0012252330099738233,4.9199346106508965,1248.7275862472077,220781.24231510313,220786.16931306885,6.558777740163225,11.690787074967343,28.31719974238749,56.23457298104289,33048715.148827128,48746532559.93911,44.54378590607554,22.27189295303777,145.43817844977838,0.020242543801493273,0.24265957108436886,fourier
