nameseq,average,median,maximum,minimum,peak,none_levated_peak,sample_standard_deviation,population_standard_deviation,percentile15,percentile25,percentile50,percentile75,amplitude,variance,interquartile_range,semi_interquartile_range,coefficient_of_variation,skewness,kurtosis,label
7_9516978_9534759,1171.8769317579142,14.275087083647104,20460940.678708542,0.005818110665080707,5.0579827733632685,1376.5833729250162,153434.3635566573,153438.6780554576,3.2868667521927772,5.939033838675667,14.275087083647104,28.65888232128138,20460940.672890432,23543427923.406364,22.719848482605713,11.359924241302856,130.93044107156612,0.022633818484478086,0.24715816218075215,fourier
