nameseq,average,median,maximum,minimum,peak,none_levated_peak,sample_standard_deviation,population_standard_deviation,percentile15,percentile25,percentile50,percentile75,amplitude,variance,interquartile_range,semi_interquartile_range,coefficient_of_variation,skewness,kurtosis,label
7_9615625_9615750,17.4717023105375,2.2993105865980983,1806.1987410450304,0.09592456353050494,2.4038871114847833,21.777080131811985,160.01260559902738,160.6513810155226,0.6076486277752596,1.1422149434849236,2.2993105865980983,4.795784137208298,1806.1028164814998,25808.86622219461,3.6535691937233747,1.8267845968616874,9.158386673204756,0.2844599336497204,0.2836073368331107,fourier
