nameseq,average,median,maximum,minimum,peak,none_levated_peak,sample_standard_deviation,population_standard_deviation,percentile15,percentile25,percentile50,percentile75,amplitude,variance,interquartile_range,semi_interquartile_range,coefficient_of_variation,skewness,kurtosis,label
7_97827945_97850304,1452.025548629212,11.990033888777553,32067660.55569087,0.002758853685859561,5.133059359988307,1875.1636926381736,214447.71671878648,214452.51222214074,2.771785806032161,5.025756670313127,11.990033888777553,24.326948483343166,32067660.552932017,45989879998.38742,19.301191813030037,9.650595906515019,147.6886663056558,0.02014526715566025,0.2525820677556394,fourier
