nameseq,average,median,maximum,minimum,peak,none_levated_peak,sample_standard_deviation,population_standard_deviation,percentile15,percentile25,percentile50,percentile75,amplitude,variance,interquartile_range,semi_interquartile_range,coefficient_of_variation,skewness,kurtosis,label
8_108818776_108831612,850.0206001527613,12.493832894818045,10669156.567157755,4.01135679150399e-05,5.033995645789055,1056.138523747725,94163.07815518953,94166.7460129436,2.8548267988736815,5.0524136818070575,12.493832894818045,24.743445687828448,10669156.56711764,8867376054.66623,19.69103200602139,9.845516003010696,110.7774072043278,0.02668328554035652,0.24871232301208923,fourier
