nameseq,average,median,maximum,minimum,peak,none_levated_peak,sample_standard_deviation,population_standard_deviation,percentile15,percentile25,percentile50,percentile75,amplitude,variance,interquartile_range,semi_interquartile_range,coefficient_of_variation,skewness,kurtosis,label
8_119148602_119148753,18.509678165973824,2.7348803844338274,2228.0326571410965,0.030921162142474742,2.737306732853235,25.247784522392294,179.86181914464086,180.456405292504,0.4560030078537727,1.0372366570715026,2.7348803844338274,4.6638516200204245,2228.001735978954,32564.514211092468,3.626614962948922,1.813307481474461,9.717177010418217,0.2631152824411432,0.20499668449181513,fourier
