nameseq,average,median,maximum,minimum,peak,none_levated_peak,sample_standard_deviation,population_standard_deviation,percentile15,percentile25,percentile50,percentile75,amplitude,variance,interquartile_range,semi_interquartile_range,coefficient_of_variation,skewness,kurtosis,label
8_119430616_119430635,3.911467157025869,0.7063841290831148,60.49831491100635,0.1729309216388926,1.7043902962835427,5.3486850621065045,12.999890515515743,13.337606248396266,0.37187371948579406,0.4601115302102463,0.7063841290831148,1.625701703033909,60.32538398936745,177.8917404372591,1.1655901728236626,0.5827950864118313,3.323533087109024,0.7396407740782267,0.30455879195568936,fourier
