nameseq,average,median,maximum,minimum,peak,none_levated_peak,sample_standard_deviation,population_standard_deviation,percentile15,percentile25,percentile50,percentile75,amplitude,variance,interquartile_range,semi_interquartile_range,coefficient_of_variation,skewness,kurtosis,label
8_119183829_119184087,21.620046610871892,1.2470943030246195,5106.2022384795355,0.001081433085621363,3.993207548864377,58.20701055188985,316.55801388050656,317.17090509105805,0.2938145388558769,0.4802541970725276,1.2470943030246195,2.4939831263005834,5106.20115704645,100597.38303628097,2.013728929228056,1.006864464614028,14.641874718314515,0.1930731627176963,0.22574343661094706,fourier
