nameseq,average,median,maximum,minimum,peak,none_levated_peak,sample_standard_deviation,population_standard_deviation,percentile15,percentile25,percentile50,percentile75,amplitude,variance,interquartile_range,semi_interquartile_range,coefficient_of_variation,skewness,kurtosis,label
8_116185360_116185869,37.458168566576745,1.6412102156382655,17883.206029902467,0.0034775253581648966,4.538395936198759,104.04741662623555,791.0025448948437,791.7791798829963,0.432156073465469,0.7698736656341375,1.6412102156382655,3.335668749785431,17883.202552377108,626914.2696961904,2.5657950841512935,1.2828975420756468,21.116957266315502,0.13584137718178899,0.25494974140294385,fourier
