nameseq,average,median,maximum,minimum,peak,none_levated_peak,sample_standard_deviation,population_standard_deviation,percentile15,percentile25,percentile50,percentile75,amplitude,variance,interquartile_range,semi_interquartile_range,coefficient_of_variation,skewness,kurtosis,label
8_128206410_128207285,62.05501083490131,1.4138013532266556,52481.26489911113,0.00011002173226384629,4.7055023610723765,188.25440388224837,1772.094197370356,1773.1065334697032,0.35263302259999985,0.593609907011209,1.4138013532266556,2.811032103734853,52481.26478908939,3143906.7790329475,2.217422196723644,1.108711098361822,28.556826814276942,0.10266024724587659,0.22233065390237533,fourier
