nameseq,average,median,maximum,minimum,peak,none_levated_peak,sample_standard_deviation,population_standard_deviation,percentile15,percentile25,percentile50,percentile75,amplitude,variance,interquartile_range,semi_interquartile_range,coefficient_of_variation,skewness,kurtosis,label
8_1207907_1213519,391.0740389429458,12.500315360182459,2091574.6541634668,0.0001492627783208094,4.784260302875698,468.98526513412594,27914.741855401528,27917.228802874535,2.6917805625652553,4.886125698329079,12.500315360182459,24.554258485725434,2091574.654014204,779371664.0320476,19.668132787396356,9.834066393698178,71.37968536815619,0.040685354592613826,0.2585571419544152,fourier
