nameseq,average,median,maximum,minimum,peak,none_levated_peak,sample_standard_deviation,population_standard_deviation,percentile15,percentile25,percentile50,percentile75,amplitude,variance,interquartile_range,semi_interquartile_range,coefficient_of_variation,skewness,kurtosis,label
8_145774697_145783645,583.3267476962232,4.73620301374301,5157019.74389586,0.00019643384595171626,5.113772018480191,1153.518004294493,54511.31827021067,54514.36419082714,1.1164266582397626,1.9890832886510068,4.73620301374301,9.424648338645758,5157019.743699427,2971815903.1301365,7.435565049994751,3.7177825249973755,93.4490291856089,0.03184240794624122,0.24275290790401358,fourier
