nameseq,average,median,maximum,minimum,peak,none_levated_peak,sample_standard_deviation,population_standard_deviation,percentile15,percentile25,percentile50,percentile75,amplitude,variance,interquartile_range,semi_interquartile_range,coefficient_of_variation,skewness,kurtosis,label
8_143432512_143432740,25.733906063952112,2.826355985192601,4943.293439398449,0.04593891323846133,2.966255225445956,36.394835691164445,325.71877018393155,326.4322842266684,0.8440167657352287,1.406558673969968,2.826355985192601,5.460010057107848,4943.24750048521,106558.03618544042,4.05345138313788,2.02672569156894,12.65718345961464,0.21098768792928713,0.27035969051764974,fourier
