nameseq,average,median,maximum,minimum,peak,none_levated_peak,sample_standard_deviation,population_standard_deviation,percentile15,percentile25,percentile50,percentile75,amplitude,variance,interquartile_range,semi_interquartile_range,coefficient_of_variation,skewness,kurtosis,label
8_146413241_146413426,18.97211274567051,1.4871485101256745,3114.2683784149076,0.007981363062770823,3.267954435604362,38.201192401100094,227.58131037711092,228.19556604322906,0.32664877065337505,0.5975347465184243,1.4871485101256745,3.020057182986951,3114.260397051845,52073.21636178972,2.4225224364685265,1.2112612182342632,11.995570204960204,0.23048857843253803,0.22559512175820334,fourier
