nameseq,average,median,maximum,minimum,peak,none_levated_peak,sample_standard_deviation,population_standard_deviation,percentile15,percentile25,percentile50,percentile75,amplitude,variance,interquartile_range,semi_interquartile_range,coefficient_of_variation,skewness,kurtosis,label
8_145432411_145453897,1372.5800666447556,7.646808984013672,29253438.028810136,3.624119302625963e-05,5.218153394024957,2242.881484675744,199562.41530368893,199567.0592600641,1.7726563088920768,3.09977180194706,7.646808984013672,15.409191979483344,29253438.028773896,39827011141.70994,12.309420177536284,6.154710088768142,145.3921852380643,0.02051889263191601,0.25440786047502356,fourier
