nameseq,average,median,maximum,minimum,peak,none_levated_peak,sample_standard_deviation,population_standard_deviation,percentile15,percentile25,percentile50,percentile75,amplitude,variance,interquartile_range,semi_interquartile_range,coefficient_of_variation,skewness,kurtosis,label
8_146642721_146642880,19.50617533361948,2.4843770856785827,2538.816621687159,0.053851148074559485,2.7341768655904435,27.254504420980062,199.8478254622856,200.47529270626984,0.49568199917893097,0.9134540371706095,2.4843770856785827,4.802127400808497,2538.7627705390846,40190.34298566457,3.8886733636378876,1.9443366818189438,10.245361894078838,0.255521392968369,0.2732757830367764,fourier
