nameseq,average,median,maximum,minimum,peak,none_levated_peak,sample_standard_deviation,population_standard_deviation,percentile15,percentile25,percentile50,percentile75,amplitude,variance,interquartile_range,semi_interquartile_range,coefficient_of_variation,skewness,kurtosis,label
8_142399605_142400209,51.74896865563519,2.0588082359710804,29339.32725106515,0.0020777992490692717,3.897018083754723,109.917860823945,1191.7011710387753,1192.6872706456822,0.438896522566808,0.7567674485244414,2.0588082359710804,4.365403909404953,29339.3251732659,1422502.925560247,3.6086364608805113,1.8043182304402556,23.028500895717954,0.12509048818761453,0.2525606341155951,fourier
