nameseq,average,median,maximum,minimum,peak,none_levated_peak,sample_standard_deviation,population_standard_deviation,percentile15,percentile25,percentile50,percentile75,amplitude,variance,interquartile_range,semi_interquartile_range,coefficient_of_variation,skewness,kurtosis,label
8_14244013_14245302,89.38503203416549,2.166417975692685,111152.88690430361,0.0021832320881774495,4.810648832520884,233.50727632340232,3093.464636244106,3094.6643510986883,0.5132657240215216,0.9251681744626301,2.166417975692685,4.415994804395756,111152.88472107152,9576947.445961066,3.4908266299331254,1.7454133149665627,34.60830707161011,0.08458342762667068,0.24931845644061898,fourier
