nameseq,average,median,maximum,minimum,peak,none_levated_peak,sample_standard_deviation,population_standard_deviation,percentile15,percentile25,percentile50,percentile75,amplitude,variance,interquartile_range,semi_interquartile_range,coefficient_of_variation,skewness,kurtosis,label
8_145495696_145497605,141.2616445637186,4.884684597781227,255639.10171323465,0.005680607273006611,4.507003076687861,239.9916680283593,5847.694686048801,5849.226097541872,1.1125865208307737,1.9459163720260764,4.884684597781227,10.512463012038221,255639.09603262736,34213445.94016492,8.566546640012145,4.283273320006073,41.39619571971706,0.06996447349994185,0.2558661222283124,fourier
