nameseq,average,median,maximum,minimum,peak,none_levated_peak,sample_standard_deviation,population_standard_deviation,percentile15,percentile25,percentile50,percentile75,amplitude,variance,interquartile_range,semi_interquartile_range,coefficient_of_variation,skewness,kurtosis,label
8_149684412_149684553,14.611628615577688,1.3360915989075886,1823.1867494207754,0.02945707870303065,3.2394289903365405,32.18842725878406,152.31964840666942,152.85883468886811,0.1773934687680494,0.4860851900245101,1.3360915989075886,2.7895674035972,1823.1572923420724,23365.82334243871,2.30348221357269,1.151741106786345,10.424549679854238,0.26146732523751326,0.2801529958446171,fourier
