nameseq,average,median,maximum,minimum,peak,none_levated_peak,sample_standard_deviation,population_standard_deviation,percentile15,percentile25,percentile50,percentile75,amplitude,variance,interquartile_range,semi_interquartile_range,coefficient_of_variation,skewness,kurtosis,label
8_145921391_145921467,10.443843126512828,1.4887910642807907,622.1657965572649,0.06776912706887707,2.457588299225699,15.672651900124148,70.22102213887337,70.68149279165985,0.31813083636362044,0.4210967190202737,1.4887910642807907,3.4535576552900924,622.098027430196,4995.873423257463,3.0324609362698185,1.5162304681349092,6.723676455902491,0.3825799649222699,0.246242983972882,fourier
