nameseq,average,median,maximum,minimum,peak,none_levated_peak,sample_standard_deviation,population_standard_deviation,percentile15,percentile25,percentile50,percentile75,amplitude,variance,interquartile_range,semi_interquartile_range,coefficient_of_variation,skewness,kurtosis,label
8_151876000_151876077,8.953275210829963,1.1979050508652413,551.1241312942615,0.042230786858895884,2.9039652404016536,17.62836642677769,61.82060121920269,62.220738737707634,0.15041518178543895,0.44193299533748964,1.1979050508652413,2.8315845385002163,551.0819005074026,3871.420329066071,2.3896515431627265,1.1948257715813633,6.904802964665258,0.3763488225777276,0.22734518342208024,fourier
