nameseq,average,median,maximum,minimum,peak,none_levated_peak,sample_standard_deviation,population_standard_deviation,percentile15,percentile25,percentile50,percentile75,amplitude,variance,interquartile_range,semi_interquartile_range,coefficient_of_variation,skewness,kurtosis,label
8_168296589_168296791,18.869031926739623,1.5943659102007248,3312.177255183364,0.015247323903215315,3.5861228561903644,40.02851490718926,231.72995810478847,232.3028389743447,0.35079892942301233,0.8167883349236679,1.5943659102007248,3.9324103779505455,3312.162007859461,53964.60899554032,3.1156220430268777,1.5578110215134389,12.280966983600257,0.22363961256223003,0.2703058331534559,fourier
