nameseq,average,median,maximum,minimum,peak,none_levated_peak,sample_standard_deviation,population_standard_deviation,percentile15,percentile25,percentile50,percentile75,amplitude,variance,interquartile_range,semi_interquartile_range,coefficient_of_variation,skewness,kurtosis,label
8_167420889_167421553,49.010050387806544,2.457669656626403,30152.652803544177,0.009966628232176767,4.522881835718663,114.04723414000789,1168.256056945343,1169.1354368643244,0.6373404030923993,0.9848478889193188,2.457669656626403,5.0727356025561345,30152.642836915944,1366877.6697319348,4.087887713636816,2.043943856818408,23.837071125231883,0.11954326396449773,0.27901120358414505,fourier
