nameseq,average,median,maximum,minimum,peak,none_levated_peak,sample_standard_deviation,population_standard_deviation,percentile15,percentile25,percentile50,percentile75,amplitude,variance,interquartile_range,semi_interquartile_range,coefficient_of_variation,skewness,kurtosis,label
8_167078119_167078378,21.19486486560591,1.1644603108624754,5110.034560207451,0.010656915041239058,4.089040775499612,62.98511572492523,316.208123863164,316.81797616331176,0.19160302444789462,0.436446744100343,1.1644603108624754,2.4863308710032888,5110.02390329241,100373.63002021676,2.0498841269029455,1.0249420634514728,14.919091292546648,0.19003690648452218,0.29851871122645585,fourier
