nameseq,average,median,maximum,minimum,peak,none_levated_peak,sample_standard_deviation,population_standard_deviation,percentile15,percentile25,percentile50,percentile75,amplitude,variance,interquartile_range,semi_interquartile_range,coefficient_of_variation,skewness,kurtosis,label
8_169199044_169208409,622.4141312714349,10.565371831502965,5683804.557760986,0.0016382757752794542,5.015952953417915,843.5939264008599,58726.98844903828,58730.12381587265,2.3661596255836357,4.212424502879426,10.565371831502965,20.772952469656246,5683804.55612271,3449227443.4277315,16.56052796677682,8.28026398338841,94.35355898664105,0.03125558328114567,0.2537508163332475,fourier
