nameseq,average,median,maximum,minimum,peak,none_levated_peak,sample_standard_deviation,population_standard_deviation,percentile15,percentile25,percentile50,percentile75,amplitude,variance,interquartile_range,semi_interquartile_range,coefficient_of_variation,skewness,kurtosis,label
8_168789572_168795752,435.5258685689691,9.09896437628258,2611335.142470417,0.0030439865778742014,4.730679580763095,594.8262690953078,33212.07238207927,33214.759334260525,2.149040798939808,3.8546853850967384,9.09896437628258,17.583871826404422,2611335.1394264307,1103220237.6328468,13.729186441307684,6.864593220653842,76.2574046203179,0.03851854524044516,0.24632559289302797,fourier
