nameseq,average,median,maximum,minimum,peak,none_levated_peak,sample_standard_deviation,population_standard_deviation,percentile15,percentile25,percentile50,percentile75,amplitude,variance,interquartile_range,semi_interquartile_range,coefficient_of_variation,skewness,kurtosis,label
8_168739353_168739485,12.72345237311549,1.1790092442774134,1491.812121153668,0.01354109987928302,3.4843792418329134,31.907317826015134,128.7449301249301,129.23168017908787,0.226501790598452,0.537111803361863,1.1790092442774134,2.1785387415584427,1491.7985800537886,16700.827161910052,1.6414269381965796,0.8207134690982898,10.118710421470722,0.26900732598096966,0.2696304284765692,fourier
