nameseq,average,median,maximum,minimum,peak,none_levated_peak,sample_standard_deviation,population_standard_deviation,percentile15,percentile25,percentile50,percentile75,amplitude,variance,interquartile_range,semi_interquartile_range,coefficient_of_variation,skewness,kurtosis,label
8_167242353_167242636,27.576999629729162,1.995703061477336,6953.290671760235,0.04196815795520005,3.4328124138861007,50.9489871991934,411.70168802911974,412.4284347342644,0.5014108991066425,1.1321208900641124,1.995703061477336,4.381917458458951,6953.24870360228,170097.21377735538,3.2497965683948387,1.6248982841974193,14.929169001593925,0.18640654613815275,0.2293695959849016,fourier
