nameseq,average,median,maximum,minimum,peak,none_levated_peak,sample_standard_deviation,population_standard_deviation,percentile15,percentile25,percentile50,percentile75,amplitude,variance,interquartile_range,semi_interquartile_range,coefficient_of_variation,skewness,kurtosis,label
8_164687280_164687505,18.300846839360457,1.2938728518622633,3813.079200201108,0.0011947009174673594,4.116385104721522,56.0450666959948,252.98815402327784,253.54972664329267,0.2355554060070618,0.3889632839741766,1.2938728518622633,2.1553364215745234,3813.0780055001906,64287.463880888434,1.7663731376003469,0.8831865688001734,13.823849587067459,0.20167316592143703,0.302942193092783,fourier
