nameseq,average,median,maximum,minimum,peak,none_levated_peak,sample_standard_deviation,population_standard_deviation,percentile15,percentile25,percentile50,percentile75,amplitude,variance,interquartile_range,semi_interquartile_range,coefficient_of_variation,skewness,kurtosis,label
8_167197295_167197432,11.207730467100026,0.6286451921829335,1424.5660451477204,0.0013635297902707898,4.104309979173008,41.62151697715288,120.7542322768343,121.19413986224102,0.11738786203420476,0.29869188387767076,0.6286451921829335,1.3135445425800991,1424.56468161793,14688.019536948437,1.0148526587024285,0.5074263293512142,10.774191316547531,0.26282520476791443,0.2672118729564391,fourier
