nameseq,average,median,maximum,minimum,peak,none_levated_peak,sample_standard_deviation,population_standard_deviation,percentile15,percentile25,percentile50,percentile75,amplitude,variance,interquartile_range,semi_interquartile_range,coefficient_of_variation,skewness,kurtosis,label
8_164196612_164207894,739.0717881046407,8.179271575039781,8201323.083119691,0.00017488688660946344,5.088815539347177,1128.8099002381136,77206.12244987494,77209.54402458246,1.9723279026509086,3.4364283159354128,8.179271575039781,16.53073173276691,8201323.082944805,5961313688.483937,13.094303416831497,6.547151708415749,104.4636308576614,0.02840030660796843,0.24953092429887105,fourier
