nameseq,average,median,maximum,minimum,peak,none_levated_peak,sample_standard_deviation,population_standard_deviation,percentile15,percentile25,percentile50,percentile75,amplitude,variance,interquartile_range,semi_interquartile_range,coefficient_of_variation,skewness,kurtosis,label
8_166715482_166720736,393.5858350780396,17.800405671826486,1928658.6806758696,0.013399242856329195,4.450532795011154,367.54252906611225,26602.48317833943,26605.014698845545,3.85760141288395,7.313840317802403,17.800405671826486,35.80023822087271,1928658.6672766267,707826807.1257876,28.486397903070305,14.243198951535152,67.59004213925719,0.04237785926452791,0.2556782703868297,fourier
