nameseq,average,median,maximum,minimum,peak,none_levated_peak,sample_standard_deviation,population_standard_deviation,percentile15,percentile25,percentile50,percentile75,amplitude,variance,interquartile_range,semi_interquartile_range,coefficient_of_variation,skewness,kurtosis,label
8_176908421_176926878,1260.6984390542698,26.051336806555895,22549986.67742068,0.0041244806757298556,4.880363516022257,1069.68837545512,165974.5399084591,165979.03609667617,6.157395471218485,11.064612304052005,26.051336806555895,52.854431237422844,22549986.6732962,27549040423.58173,41.78981893337084,20.89490946668542,131.65284795067024,0.022316322182823933,0.25267619434494504,fourier
