nameseq,average,median,maximum,minimum,peak,none_levated_peak,sample_standard_deviation,population_standard_deviation,percentile15,percentile25,percentile50,percentile75,amplitude,variance,interquartile_range,semi_interquartile_range,coefficient_of_variation,skewness,kurtosis,label
8_172364839_172364962,11.2713581655917,0.9000965449716883,1234.7136573551893,0.017098019815198453,3.667112048618278,31.571455670548428,110.32074596713107,110.76829646999245,0.21097818207337357,0.48468866525336185,0.9000965449716883,2.089170761484443,1234.696559335374,12269.61550286414,1.6044820962310808,0.8022410481155404,9.78770653424087,0.2820302254947593,0.31878202788772547,fourier
