nameseq,average,median,maximum,minimum,peak,none_levated_peak,sample_standard_deviation,population_standard_deviation,percentile15,percentile25,percentile50,percentile75,amplitude,variance,interquartile_range,semi_interquartile_range,coefficient_of_variation,skewness,kurtosis,label
8_41287232_41307777,1383.4062833083096,26.834681382390873,27564494.503222704,0.00043405544770763207,4.950582304923907,1176.3528737928236,192298.21025593838,192302.89012623162,6.1628771501245545,10.991338278004594,26.834681382390873,53.693913565364305,27564494.502788648,36980401550.90151,42.70257528735971,21.351287643679854,139.00342406720318,0.021163560494719055,0.2510941543073278,fourier
