nameseq,average,median,maximum,minimum,peak,none_levated_peak,sample_standard_deviation,population_standard_deviation,percentile15,percentile25,percentile50,percentile75,amplitude,variance,interquartile_range,semi_interquartile_range,coefficient_of_variation,skewness,kurtosis,label
8_59919993_59920282,24.194405484309602,1.3616246358620412,6281.932683571506,0.008742428879697136,3.995414011282745,59.86501222465403,368.11772791025464,368.7540598076879,0.275594860597967,0.5402485762062482,1.3616246358620412,3.087875718535742,6281.923941142626,135979.55662465186,2.547627142329494,1.273813571164747,15.214993736836558,0.1860772718939585,0.1951770655424485,fourier
