nameseq,average,median,maximum,minimum,peak,none_levated_peak,sample_standard_deviation,population_standard_deviation,percentile15,percentile25,percentile50,percentile75,amplitude,variance,interquartile_range,semi_interquartile_range,coefficient_of_variation,skewness,kurtosis,label
8_6942520_6965651,1541.6962177266253,24.49587915660158,34790572.516172744,0.0015700634255942948,5.0014176450641905,1380.2965572515259,228741.59185817407,228746.5362859911,5.841329491465847,10.05209203039927,24.49587915660158,48.51739239496659,34790572.51460268,52324977862.83824,38.46530036456732,19.23265018228366,148.3700804529928,0.019898440763375408,0.24826940513639212,fourier
