nameseq,average,median,maximum,minimum,peak,none_levated_peak,sample_standard_deviation,population_standard_deviation,percentile15,percentile25,percentile50,percentile75,amplitude,variance,interquartile_range,semi_interquartile_range,coefficient_of_variation,skewness,kurtosis,label
8_7225855_7238356,808.218774566269,8.05342601171491,9948225.7970708,0.004371045884637015,5.156194664705401,1247.291727999106,88968.8504240421,88972.40882222066,1.9438308937558844,3.36668653372565,8.05342601171491,16.674592618115888,9948225.792699754,7916089531.628368,13.307906084390238,6.653953042195119,110.0801580262563,0.026981309011215177,0.2454831963126886,fourier
