nameseq,average,median,maximum,minimum,peak,none_levated_peak,sample_standard_deviation,population_standard_deviation,percentile15,percentile25,percentile50,percentile75,amplitude,variance,interquartile_range,semi_interquartile_range,coefficient_of_variation,skewness,kurtosis,label
8_7667906_7684088,1074.084285866344,13.568267758850489,17060253.97198683,0.0009353848473590322,5.022262595511604,1288.3139335694839,134104.1003527751,134108.24390822585,3.3133120479830764,5.634323270355092,13.568267758850489,27.293740649410694,17060253.971051447,17985021084.148193,21.6594173790556,10.8297086895278,124.85435465114199,0.023724465142774015,0.25351944382082175,fourier
