nameseq,average,median,maximum,minimum,peak,none_levated_peak,sample_standard_deviation,population_standard_deviation,percentile15,percentile25,percentile50,percentile75,amplitude,variance,interquartile_range,semi_interquartile_range,coefficient_of_variation,skewness,kurtosis,label
8_90897170_90897295,10.527182811692011,0.6618284247734751,1201.3393279824313,0.004343608959011987,3.989671382295434,36.0450399702196,106.51387062688897,106.93907738992802,0.2283541611263843,0.3216847621277184,0.6618284247734751,1.4931254680824222,1201.3349843734723,11435.966273009013,1.1714407059547038,0.5857203529773519,10.117984320419456,0.2778611178672556,0.2581558686483506,fourier
