nameseq,average,median,maximum,minimum,peak,none_levated_peak,sample_standard_deviation,population_standard_deviation,percentile15,percentile25,percentile50,percentile75,amplitude,variance,interquartile_range,semi_interquartile_range,coefficient_of_variation,skewness,kurtosis,label
9_101002495_101002666,17.05727390773412,1.4324546082816756,2587.150527655599,0.008041599082080497,3.3612248735325294,36.637037230537224,196.5478371381765,197.12170065761282,0.35439315730046517,0.633094067786145,1.4324546082816756,3.0923550649838387,2587.142486056517,38856.96487014952,2.4592609971976938,1.2296304985988469,11.522816494671968,0.2384888003901248,0.2912922828212303,fourier
