nameseq,average,median,maximum,minimum,peak,none_levated_peak,sample_standard_deviation,population_standard_deviation,percentile15,percentile25,percentile50,percentile75,amplitude,variance,interquartile_range,semi_interquartile_range,coefficient_of_variation,skewness,kurtosis,label
9_118714186_118714316,13.863839893037621,1.596192822667211,1550.815140223171,0.008579732270524196,3.149680536097069,28.037198118329457,134.81561049666985,135.33313873549974,0.3080629993733486,0.6368893586223189,1.596192822667211,2.6979039137758694,1550.8065604909004,18315.058440002023,2.0610145551535504,1.0305072775767752,9.724261931528353,0.2729872384624206,0.23423696654961262,fourier
