nameseq,average,median,maximum,minimum,peak,none_levated_peak,sample_standard_deviation,population_standard_deviation,percentile15,percentile25,percentile50,percentile75,amplitude,variance,interquartile_range,semi_interquartile_range,coefficient_of_variation,skewness,kurtosis,label
9_124414406_124414535,12.70544334383337,1.352076509786346,1405.2329703965022,0.0043832470857234854,3.4106116693964337,29.169753260914593,122.6196103844225,123.09396267941338,0.25783395610728405,0.5154293563432638,1.352076509786346,2.7716551468261548,1405.2285871494164,15152.123648120813,2.256225790482891,1.1281128952414454,9.650950940168203,0.2777704185762772,0.23509977986173536,fourier
