nameseq,average,median,maximum,minimum,peak,none_levated_peak,sample_standard_deviation,population_standard_deviation,percentile15,percentile25,percentile50,percentile75,amplitude,variance,interquartile_range,semi_interquartile_range,coefficient_of_variation,skewness,kurtosis,label
9_124523840_124524347,36.76097522227046,1.2702151733764897,17871.75007794915,0.0031513699379800424,4.606334089601305,120.38065248544154,792.0808064536308,792.8615664326934,0.33527863959666077,0.5800935697145819,1.2702151733764897,2.1754359000836185,17871.74692657921,628629.4635261043,1.5953423303690366,0.7976711651845183,21.546784372950313,0.13442098240378825,0.26619308219285587,fourier
