nameseq,average,median,maximum,minimum,peak,none_levated_peak,sample_standard_deviation,population_standard_deviation,percentile15,percentile25,percentile50,percentile75,amplitude,variance,interquartile_range,semi_interquartile_range,coefficient_of_variation,skewness,kurtosis,label
9_129386676_129387013,28.009783073395667,1.599756086752166,8582.354205856382,0.019940626245734065,4.022404113999728,66.25382421574386,465.99366385876664,466.6845369792082,0.5466119338908308,0.869291756403595,1.599756086752166,3.2362697857736342,8582.334265230136,217794.45705549791,2.3669780293700393,1.1834890146850197,16.636818023106294,0.17002394475462987,0.20701959386434024,fourier
