nameseq,average,median,maximum,minimum,peak,none_levated_peak,sample_standard_deviation,population_standard_deviation,percentile15,percentile25,percentile50,percentile75,amplitude,variance,interquartile_range,semi_interquartile_range,coefficient_of_variation,skewness,kurtosis,label
9_124389139_124389228,8.64021580890771,0.8346530131228698,686.6803951080215,0.042845948512507524,3.472135495628619,25.058108200191707,71.87734806536157,72.28002543493194,0.1857846367510388,0.3525490661902671,0.8346530131228698,1.3766851351588918,686.6375491595089,5224.4020768744085,1.0241360689686247,0.5120680344843124,8.318929718313164,0.3257867606086494,0.2148997253354165,fourier
