nameseq,average,median,maximum,minimum,peak,none_levated_peak,sample_standard_deviation,population_standard_deviation,percentile15,percentile25,percentile50,percentile75,amplitude,variance,interquartile_range,semi_interquartile_range,coefficient_of_variation,skewness,kurtosis,label
9_148437449_148437568,13.371737078853792,1.1330942272732059,1369.9103190336245,0.009793488295741856,2.9913839738336185,26.57396617150562,124.37296942030272,124.89445166309605,0.21972319881679442,0.4975643391059999,1.1330942272732059,2.7305311870356785,1369.9005255453287,15598.624056225437,2.2329668479296787,1.1164834239648393,9.301182687549806,0.2952082653157932,0.2000061037214882,fourier
