nameseq,average,median,maximum,minimum,peak,none_levated_peak,sample_standard_deviation,population_standard_deviation,percentile15,percentile25,percentile50,percentile75,amplitude,variance,interquartile_range,semi_interquartile_range,coefficient_of_variation,skewness,kurtosis,label
9_148010877_148011183,33.37738292585035,2.950051964154939,8782.336237325733,0.029668755240815223,3.0659483866866473,46.099437535298726,500.1721277205792,500.98873581977665,0.6457099919213994,1.3245992201865173,2.950051964154939,6.2389639561453984,8782.306568570493,250989.71341829794,4.914364735958881,2.4571823679794407,14.985360860428708,0.18250115875325393,0.23323310061642355,fourier
