nameseq,average,median,maximum,minimum,peak,none_levated_peak,sample_standard_deviation,population_standard_deviation,percentile15,percentile25,percentile50,percentile75,amplitude,variance,interquartile_range,semi_interquartile_range,coefficient_of_variation,skewness,kurtosis,label
9_146068027_146068129,14.690912584724458,1.7358733967246753,1259.2375149501556,0.018936000675120135,2.3370456488205487,19.83567669745636,123.25115769634988,123.85385643815519,0.39818009610320726,0.6687430580354293,1.7358733967246753,3.445009780360306,1259.2185789494806,15339.777754603158,2.7762667223248765,1.3881333611624382,8.389618887563586,0.31533267752137595,0.21342110309001505,fourier
