nameseq,average,median,maximum,minimum,peak,none_levated_peak,sample_standard_deviation,population_standard_deviation,percentile15,percentile25,percentile50,percentile75,amplitude,variance,interquartile_range,semi_interquartile_range,coefficient_of_variation,skewness,kurtosis,label
9_159346383_159346550,23.49048978108464,4.041814666191195,3027.5870590927384,0.0016560929664002741,2.3839434818891325,23.965743768382126,232.54425082303118,233.2394519280565,0.6086592341137069,1.2072102353687943,4.041814666191195,7.765032338393205,3027.585402999772,54400.64193570017,6.55782210302441,3.278911051512205,9.899506267863512,0.2509028932694721,0.2761877386534839,fourier
