nameseq,average,median,maximum,minimum,peak,none_levated_peak,sample_standard_deviation,population_standard_deviation,percentile15,percentile25,percentile50,percentile75,amplitude,variance,interquartile_range,semi_interquartile_range,coefficient_of_variation,skewness,kurtosis,label
9_158822535_158822604,10.249076603833865,1.1340005451490756,598.3308919061465,0.06644514915645558,2.276627859782514,15.521006032817603,70.81715379432862,71.32847562429112,0.23160896542306622,0.7031745054679556,1.1340005451490756,2.3156140869351187,598.26444675699,5087.751434885093,1.612439581467163,0.8062197907335815,6.909613083371637,0.3861384807340888,0.217210195042429,fourier
