nameseq,average,median,maximum,minimum,peak,none_levated_peak,sample_standard_deviation,population_standard_deviation,percentile15,percentile25,percentile50,percentile75,amplitude,variance,interquartile_range,semi_interquartile_range,coefficient_of_variation,skewness,kurtosis,label
9_153814292_153814551,20.495419478191685,1.4732012924375468,4840.731247093872,0.006816260550872219,4.228587112300143,58.66478963193513,299.5206870442953,300.0983552512476,0.26852090829427133,0.567415011610616,1.4732012924375468,2.6353428407555883,4840.724430833321,90059.02282450402,2.0679278291449723,1.0339639145724862,14.614030581955284,0.19052658806442635,0.26036504569330665,fourier
