nameseq,average,median,maximum,minimum,peak,none_levated_peak,sample_standard_deviation,population_standard_deviation,percentile15,percentile25,percentile50,percentile75,amplitude,variance,interquartile_range,semi_interquartile_range,coefficient_of_variation,skewness,kurtosis,label
9_1926315_1941986,1177.6282045226117,33.315651867513694,17350115.09446934,0.009523054965441903,4.436035057531346,729.5633518247076,138587.71135429508,138592.13307277288,7.04910149844727,12.81073294969012,33.315651867513694,81.56711754700322,17350115.084946282,19207779349.661186,68.7563845973131,34.37819229865655,117.68375691245943,0.0247708662219632,0.21427142681229702,fourier
