nameseq,average,median,maximum,minimum,peak,none_levated_peak,sample_standard_deviation,population_standard_deviation,percentile15,percentile25,percentile50,percentile75,amplitude,variance,interquartile_range,semi_interquartile_range,coefficient_of_variation,skewness,kurtosis,label
9_2244628_2259363,1075.9824723940974,33.50474560083049,15051005.642916165,0.0006646958428795384,4.565130126209802,741.4068543496497,123982.24395000933,123986.45094493598,7.342865774948251,13.41980294392604,33.50474560083049,70.25845306289322,15051005.64225147,15372640017.921017,56.83865011896718,28.41932505948359,115.22701078405548,0.02522484737121557,0.23717817032542562,fourier
