nameseq,average,median,maximum,minimum,peak,none_levated_peak,sample_standard_deviation,population_standard_deviation,percentile15,percentile25,percentile50,percentile75,amplitude,variance,interquartile_range,semi_interquartile_range,coefficient_of_variation,skewness,kurtosis,label
9_24105073_24111630,436.15873034270015,7.627798937803547,2785959.9768693056,0.0009764940943701705,5.011936820071006,677.8949613106499,34399.67273656681,34402.295762437905,1.7768688412550406,3.1519690166623877,7.627798937803547,15.775838432531705,2785959.9758928115,1183517953.7262533,12.623869415869317,6.311934707934658,78.86961865818479,0.03737223909249887,0.2536882458309264,fourier
