nameseq,average,median,maximum,minimum,peak,none_levated_peak,sample_standard_deviation,population_standard_deviation,percentile15,percentile25,percentile50,percentile75,amplitude,variance,interquartile_range,semi_interquartile_range,coefficient_of_variation,skewness,kurtosis,label
9_31552706_31553182,35.42952237380694,1.1071001702178265,16131.76100086348,0.016428090499092492,4.4877827683488265,115.58150173368257,737.7767598656387,738.5513288557257,0.22505418094650992,0.43841101612104205,1.1071001702178265,2.116395639065243,16131.744572772981,545458.0653545583,1.677984622944201,0.8389923114721005,20.823785093165053,0.13956425874612718,0.23817695807614014,fourier
