nameseq,average,median,maximum,minimum,peak,none_levated_peak,sample_standard_deviation,population_standard_deviation,percentile15,percentile25,percentile50,percentile75,amplitude,variance,interquartile_range,semi_interquartile_range,coefficient_of_variation,skewness,kurtosis,label
9_32220533_32220613,10.178704058094006,1.1079352564655913,713.1639121685866,0.0484826165112013,2.6525970148950213,19.44811456460836,78.60456663153906,79.09431944851485,0.2548004680986397,0.5116862259989945,1.1079352564655913,2.1633097130742915,713.1154295520754,6255.9113690237145,1.651623487075297,0.8258117435376485,7.722453289034715,0.34619243602529653,0.254041722911793,fourier
