nameseq,average,median,maximum,minimum,peak,none_levated_peak,sample_standard_deviation,population_standard_deviation,percentile15,percentile25,percentile50,percentile75,amplitude,variance,interquartile_range,semi_interquartile_range,coefficient_of_variation,skewness,kurtosis,label
9_38779013_38781943,190.12505165625498,1.7835536711402376,549924.0754768705,0.0006120390396654233,5.138723127167957,594.0304037567681,10155.908163241513,10157.641105522403,0.3604990248680444,0.6669768141701398,1.7835536711402376,3.413662597866999,549924.0748648315,103177672.8285984,2.7466857836968592,1.3733428918484296,53.4169909476387,0.0556350534953048,0.2666460604480974,fourier
