nameseq,average,median,maximum,minimum,peak,none_levated_peak,sample_standard_deviation,population_standard_deviation,percentile15,percentile25,percentile50,percentile75,amplitude,variance,interquartile_range,semi_interquartile_range,coefficient_of_variation,skewness,kurtosis,label
9_48875453_48886005,690.377989830698,8.464101242367091,7147716.634673928,0.0036606157086421444,5.095276382622377,1043.9801953867573,69575.76817800944,69579.06490468941,1.9558279635196205,3.3627135555774323,8.464101242367091,16.773437458935902,7147716.631013312,4841246273.010981,13.41072390335847,6.705361951679235,100.77923862415076,0.02940307695246666,0.2511111320675843,fourier
