nameseq,average,median,maximum,minimum,peak,none_levated_peak,sample_standard_deviation,population_standard_deviation,percentile15,percentile25,percentile50,percentile75,amplitude,variance,interquartile_range,semi_interquartile_range,coefficient_of_variation,skewness,kurtosis,label
9_48411949_48415789,262.95833715962675,6.315060336357066,974060.402523375,0.0010986839353999483,4.868958889697105,434.0084661650588,15714.592128618766,15716.63816627194,1.4536264837262303,2.632579885356361,6.315060336357066,12.922700030770656,974060.4014246911,247012715.2495158,10.290120145414296,5.145060072707148,59.76076780208474,0.04899457931635685,0.24986020619719077,fourier
