nameseq,average,median,maximum,minimum,peak,none_levated_peak,sample_standard_deviation,population_standard_deviation,percentile15,percentile25,percentile50,percentile75,amplitude,variance,interquartile_range,semi_interquartile_range,coefficient_of_variation,skewness,kurtosis,label
9_49008258_49008430,13.968181373057806,0.9062397136010234,2202.5876640629485,0.028114389471137355,4.128430547007046,44.9113313063416,166.8843454785198,167.36877130293914,0.332733236902904,0.48714817755170525,0.9062397136010234,1.6844678323742457,2202.5595496734772,28012.305607455542,1.1973196548225404,0.5986598274112702,11.947464098684364,0.23480827315474043,0.23344934433471307,fourier
