nameseq,average,median,maximum,minimum,peak,none_levated_peak,sample_standard_deviation,population_standard_deviation,percentile15,percentile25,percentile50,percentile75,amplitude,variance,interquartile_range,semi_interquartile_range,coefficient_of_variation,skewness,kurtosis,label
9_49100598_49100782,17.26989305015794,1.252330151593253,2834.40423041694,0.011564502193318286,3.5707613525784225,40.3357735852592,207.69084325958306,208.25445581076787,0.37541511758890345,0.6533216810458522,1.252330151593253,2.804269833231427,2834.392665914747,43369.91836503907,2.150948152185575,1.0754740760927874,12.026180049660681,0.23136642878201064,0.2433447312293243,fourier
