nameseq,average,median,maximum,minimum,peak,none_levated_peak,sample_standard_deviation,population_standard_deviation,percentile15,percentile25,percentile50,percentile75,amplitude,variance,interquartile_range,semi_interquartile_range,coefficient_of_variation,skewness,kurtosis,label
9_50577995_50597574,1288.1910255439877,18.74599662938699,24651094.366220415,0.0057667265744304926,5.066536357766142,1319.506291920327,176164.45037657462,176168.9491303677,4.512171433221113,7.800538583570046,18.74599662938699,38.24889020174501,24651094.360453688,31035498637.69808,30.448351618174968,15.224175809087484,136.75335946559827,0.021618068109672445,0.24661094237144318,fourier
