nameseq,average,median,maximum,minimum,peak,none_levated_peak,sample_standard_deviation,population_standard_deviation,percentile15,percentile25,percentile50,percentile75,amplitude,variance,interquartile_range,semi_interquartile_range,coefficient_of_variation,skewness,kurtosis,label
9_50368523_50370057,133.78260689663887,11.513297422831196,176602.47653259145,0.006330315282615648,3.8246127694460537,130.09104203971,4505.842211803718,4507.31063035722,2.4528004649939987,4.176189785945372,11.513297422831196,23.081882864177366,176602.47020227616,20315849.1185312,18.905693078231995,9.452846539115997,33.68032897792876,0.08140718453489462,0.25391928451820167,fourier
