nameseq,average,median,maximum,minimum,peak,none_levated_peak,sample_standard_deviation,population_standard_deviation,percentile15,percentile25,percentile50,percentile75,amplitude,variance,interquartile_range,semi_interquartile_range,coefficient_of_variation,skewness,kurtosis,label
9_52220967_52222755,131.78480982610276,4.457368379131402,224064.79075424236,0.0012727023500401057,4.525053639491742,238.11525659725496,5295.839288072922,5297.3200204625655,1.0383005745743246,1.6239248978376872,4.457368379131402,9.447029129139368,224064.78948154,28061599.399193514,7.823104231301681,3.9115521156508404,40.18550616767646,0.07212876062934906,0.2870636569160323,fourier
