nameseq,average,median,maximum,minimum,peak,none_levated_peak,sample_standard_deviation,population_standard_deviation,percentile15,percentile25,percentile50,percentile75,amplitude,variance,interquartile_range,semi_interquartile_range,coefficient_of_variation,skewness,kurtosis,label
9_74539296_74539503,23.545360945943596,3.1033176654076637,4087.2482972750904,0.011320671791714292,2.944670650516322,33.554488531545616,282.4710098269934,283.152484906257,0.6142607580840307,1.367675704947403,3.1033176654076637,5.271991199391838,4087.236976603299,80175.32970858808,3.904315494444435,1.9521577472222176,11.996885946046948,0.2171059248847114,0.23979344611452377,fourier
