nameseq,average,median,maximum,minimum,peak,none_levated_peak,sample_standard_deviation,population_standard_deviation,percentile15,percentile25,percentile50,percentile75,amplitude,variance,interquartile_range,semi_interquartile_range,coefficient_of_variation,skewness,kurtosis,label
9_74899697_74900768,99.20456390769884,7.66009788326803,94538.09549075145,0.08058240972115294,3.60198482063588,111.42805572321946,2885.764144444303,2887.111058937452,1.8225843342705446,3.2239713125705225,7.66009788326803,14.53088203109215,94538.01490834173,8335410.266638935,11.306910718521626,5.653455359260813,29.089026056596083,0.09516834513382494,0.25048130370324434,fourier
