nameseq,average,median,maximum,minimum,peak,none_levated_peak,sample_standard_deviation,population_standard_deviation,percentile15,percentile25,percentile50,percentile75,amplitude,variance,interquartile_range,semi_interquartile_range,coefficient_of_variation,skewness,kurtosis,label
9_76001193_76001320,19.139669573618704,4.429215037680359,1802.2457371872972,0.012726177050639073,2.229226920692328,18.480263393652837,158.32288092218215,158.94497715331292,0.9054341572559214,1.3938145061147065,4.429215037680359,6.895295635387011,1802.2330110102466,25263.50576226717,5.501481129272305,2.7507405646361525,8.271975663592833,0.27874280300335236,0.2790214167380492,fourier
