nameseq,average,median,maximum,minimum,peak,none_levated_peak,sample_standard_deviation,population_standard_deviation,percentile15,percentile25,percentile50,percentile75,amplitude,variance,interquartile_range,semi_interquartile_range,coefficient_of_variation,skewness,kurtosis,label
9_77684009_77690158,419.1063463031123,8.550587246280813,2500745.309322566,0.002551632126707179,4.891359956924558,607.2069506685295,31885.590295144204,31888.182935738412,1.8618151901207773,3.411318363729398,8.550587246280813,17.249926735739447,2500745.306770934,1016856210.9431186,13.838608372010048,6.919304186005024,76.07995101101007,0.038627708183218507,0.2536090614849922,fourier
