nameseq,average,median,maximum,minimum,peak,none_levated_peak,sample_standard_deviation,population_standard_deviation,percentile15,percentile25,percentile50,percentile75,amplitude,variance,interquartile_range,semi_interquartile_range,coefficient_of_variation,skewness,kurtosis,label
9_78790707_78795027,294.83054736624376,5.75312374764008,1236007.758219234,0.0009536259000889723,4.885292064204343,506.2003830429153,18800.77671003968,18802.952599950328,1.377614627803523,2.269714092545704,5.75312374764008,11.339853274249325,1236007.757265608,353551026.47597885,9.07013918170362,4.53506959085181,63.768075859130775,0.04612747038225851,0.23754816581005136,fourier
