nameseq,average,median,maximum,minimum,peak,none_levated_peak,sample_standard_deviation,population_standard_deviation,percentile15,percentile25,percentile50,percentile75,amplitude,variance,interquartile_range,semi_interquartile_range,coefficient_of_variation,skewness,kurtosis,label
9_95422617_95423018,31.123884092421907,1.5909236673777294,11545.428432411434,0.0049470280654447425,4.305375241794662,83.3194630280987,575.0066866724188,575.7232061861239,0.38265273081076073,0.6695161085153143,1.5909236673777294,3.080073729321919,11545.42348538337,331457.2101412301,2.4105576208066046,1.2052788104033023,18.474772781088152,0.15408321908021094,0.25628641879772335,fourier
