nameseq,average,median,maximum,minimum,peak,none_levated_peak,sample_standard_deviation,population_standard_deviation,percentile15,percentile25,percentile50,percentile75,amplitude,variance,interquartile_range,semi_interquartile_range,coefficient_of_variation,skewness,kurtosis,label
1_109848236_109848352,233.99999999999986,153.57705771468588,873.5440544751301,0.05615139401944747,0.16666666666666677,2.8362303600366108,214.625254804741,215.54837844037667,49.2281008078604,81.0329285808532,153.57705771468588,311.73565934188275,873.4879030811106,46461.10344827584,230.70273076102956,115.35136538051478,0.9172019436100048,1.1241399670110603,0.23452168464293166,complex_number
