nameseq,average,median,maximum,minimum,peak,none_levated_peak,sample_standard_deviation,population_standard_deviation,percentile15,percentile25,percentile50,percentile75,amplitude,variance,interquartile_range,semi_interquartile_range,coefficient_of_variation,skewness,kurtosis,label
1_104650512_104660855,20688.000000000062,13559.088368590033,981020.9395877576,0.019945819295547163,0.16666666666666616,27.5195689043167,30833.807679234164,30835.298207245054,3099.6679365539435,5567.295804567878,13559.088368590033,27312.36663455833,981020.9196419383,950815615.52973,21745.07082999045,10872.535414995225,1.4904199380913608,0.6936131637298089,0.24755869173645353,complex_number
