nameseq,average,median,maximum,minimum,peak,none_levated_peak,sample_standard_deviation,population_standard_deviation,percentile15,percentile25,percentile50,percentile75,amplitude,variance,interquartile_range,semi_interquartile_range,coefficient_of_variation,skewness,kurtosis,label
1_10087896_10088483,1175.9999999999993,748.3064124741225,9857.38099665112,0.6461678555246907,0.16666666666666677,6.526693098832107,1270.1621943673176,1271.2436438560048,169.38053364377313,306.2963120876604,748.3064124741225,1649.88299618409,9856.734828795596,1616060.4020442925,1343.5866840964295,671.7933420482148,1.0800698931694883,1.0101708020185154,0.25736112807858397,complex_number
