nameseq,average,median,maximum,minimum,peak,none_levated_peak,sample_standard_deviation,population_standard_deviation,percentile15,percentile25,percentile50,percentile75,amplitude,variance,interquartile_range,semi_interquartile_range,coefficient_of_variation,skewness,kurtosis,label
1_100951399_100956066,9335.999999999996,6508.95560023771,149775.8660296243,0.08224372222763417,0.16666666666666674,18.25594988933404,10062.726469501196,10063.804484017064,1432.422929037089,2606.1530965585903,6508.95560023771,12839.825197534778,149775.78378590208,101280160.69252196,10233.672100976188,5116.836050488094,1.0778413099294344,0.8428265664372434,0.2514303194621848,complex_number
