nameseq,average,median,maximum,minimum,peak,none_levated_peak,sample_standard_deviation,population_standard_deviation,percentile15,percentile25,percentile50,percentile75,amplitude,variance,interquartile_range,semi_interquartile_range,coefficient_of_variation,skewness,kurtosis,label
1_109940482_109940675,387.99999999999994,247.82983099362428,2928.7221804263686,0.5556820307451678,0.1666666666666667,3.68580157420337,405.5416131545566,406.5908816952494,78.4868296291463,127.69848016055296,247.82983099362428,542.0097058490982,2928.1664983956234,165316.14507772026,414.3112256885452,207.1556128442726,1.0452103431818471,1.0369108702511018,0.26449336541816476,complex_number
