nameseq,average,median,maximum,minimum,peak,none_levated_peak,sample_standard_deviation,population_standard_deviation,percentile15,percentile25,percentile50,percentile75,amplitude,variance,interquartile_range,semi_interquartile_range,coefficient_of_variation,skewness,kurtosis,label
1_105040543_105040597,110.0,81.45048382485436,395.4836088623187,3.5704090922287195,0.16666666666666666,1.9170474868957015,93.93614852653901,94.80193778297681,28.256819042082462,40.267508321886595,81.45048382485436,163.54973881078732,391.91319977009,8987.407407407405,123.28223048890072,61.64111524445036,0.8539649866049002,0.9117741132556583,0.27455814876427886,complex_number
