nameseq,average,median,maximum,minimum,peak,none_levated_peak,sample_standard_deviation,population_standard_deviation,percentile15,percentile25,percentile50,percentile75,amplitude,variance,interquartile_range,semi_interquartile_range,coefficient_of_variation,skewness,kurtosis,label
1_105629323_105637408,16172.000000000025,10760.069031692781,881479.9999999999,3.55477276245541,0.1666666666666664,24.175787512804735,20354.48373209205,20355.742473859562,2506.8545497490272,4331.595426666558,10760.069031692781,21701.58305982732,881476.4452272374,414356251.6620902,17369.987633160763,8684.993816580381,1.2586250143514728,0.7976519138789774,0.24390727810005472,complex_number
