nameseq,average,median,maximum,minimum,peak,none_levated_peak,sample_standard_deviation,population_standard_deviation,percentile15,percentile25,percentile50,percentile75,amplitude,variance,interquartile_range,semi_interquartile_range,coefficient_of_variation,skewness,kurtosis,label
1_102115078_102120574,10993.999999999955,7102.452292004505,2055753.9999999998,1.7486989951606018,0.16666666666666735,20.171964822095706,31547.267393547732,31550.13728369636,1721.2350872330258,2946.217250514891,7102.452292004505,14414.884898793916,2055752.2513010046,995411162.620087,11468.667648279024,5734.333824139512,2.869498580457328,0.3700682844680908,0.250585330538302,complex_number
