nameseq,average,median,maximum,minimum,peak,none_levated_peak,sample_standard_deviation,population_standard_deviation,percentile15,percentile25,percentile50,percentile75,amplitude,variance,interquartile_range,semi_interquartile_range,coefficient_of_variation,skewness,kurtosis,label
1_105048008_105048859,1704.000000000003,1083.2307748551561,58685.16897075216,2.2675919599759675,0.16666666666666638,7.96006024740993,2850.2154304543365,2851.889565946975,257.401610469618,444.45948754324445,1083.2307748551561,2288.4269383692317,58682.90137879218,8133274.0963572245,1843.9674508259873,921.9837254129936,1.67266163759057,0.6533918999721648,0.2624194060313634,complex_number
