nameseq,average,median,maximum,minimum,peak,none_levated_peak,sample_standard_deviation,population_standard_deviation,percentile15,percentile25,percentile50,percentile75,amplitude,variance,interquartile_range,semi_interquartile_range,coefficient_of_variation,skewness,kurtosis,label
1_102997995_102998496,1003.9999999999993,701.2082551403814,9571.999999999993,0.07707901541412499,0.1666666666666668,5.940340890330976,1072.4924242156674,1073.562242361174,183.50723388230335,302.9700191060585,701.2082551403814,1361.893935749126,9571.922920984578,1152535.888223552,1058.9239166430675,529.4619583215338,1.068219546031542,0.8469758984481075,0.25203141655014927,complex_number
