nameseq,average,median,maximum,minimum,peak,none_levated_peak,sample_standard_deviation,population_standard_deviation,percentile15,percentile25,percentile50,percentile75,amplitude,variance,interquartile_range,semi_interquartile_range,coefficient_of_variation,skewness,kurtosis,label
1_109307044_109307457,827.9999999999993,570.4724818559571,17827.999999999996,0.8690556748112046,0.1666666666666668,5.425724882599417,1095.6495790169408,1096.9752293251777,139.51028355852256,260.8399565272535,570.4724818559571,1091.6894499930936,17827.130944325185,1203354.6537530264,830.8494934658402,415.4247467329201,1.3232482838368862,0.7051365411241408,0.235293965313016,complex_number
