nameseq,average,median,maximum,minimum,peak,none_levated_peak,sample_standard_deviation,population_standard_deviation,percentile15,percentile25,percentile50,percentile75,amplitude,variance,interquartile_range,semi_interquartile_range,coefficient_of_variation,skewness,kurtosis,label
1_106513286_106520468,14366.000000000002,9815.043578571709,684714.1954498901,0.9113822145143937,0.16666666666666666,22.72960663983301,17876.444165437373,17877.68865318057,2220.239343623161,4090.741419239408,9815.043578571709,19325.6155819972,684713.2840676756,319611751.58006126,15234.874162757793,7617.437081378896,1.2443578007404545,0.7637351778650461,0.245283443323831,complex_number
