nameseq,average,median,maximum,minimum,peak,none_levated_peak,sample_standard_deviation,population_standard_deviation,percentile15,percentile25,percentile50,percentile75,amplitude,variance,interquartile_range,semi_interquartile_range,coefficient_of_variation,skewness,kurtosis,label
1_10762518_10762573,111.99999999999999,71.82638463481386,513.49041319866,0.48335646903110624,0.16666666666666669,1.9955199270920805,110.19981851164728,111.19712226492194,16.679952482619967,32.43293591911505,71.82638463481386,165.98577156059662,513.0070567296289,12364.800000000001,133.55283564148158,66.77641782074079,0.9839269509968508,1.0936573918478845,0.3077176321982916,complex_number
