nameseq,average,median,maximum,minimum,peak,none_levated_peak,sample_standard_deviation,population_standard_deviation,percentile15,percentile25,percentile50,percentile75,amplitude,variance,interquartile_range,semi_interquartile_range,coefficient_of_variation,skewness,kurtosis,label
1_111078802_111079074,546.0000000000001,361.89288339711584,6242.000000000001,5.556953920081554,0.16666666666666663,4.478540186861829,636.7417058745249,637.9111131147458,73.64586674480327,124.38842713069424,361.89288339711584,791.4454891668529,6236.443046079919,406930.58823529404,667.0570620361586,333.5285310180793,1.1661936005027926,0.8674182085341403,0.2886815623207691,complex_number
