nameseq,average,median,maximum,minimum,peak,none_levated_peak,sample_standard_deviation,population_standard_deviation,percentile15,percentile25,percentile50,percentile75,amplitude,variance,interquartile_range,semi_interquartile_range,coefficient_of_variation,skewness,kurtosis,label
1_123417660_123417713,107.99999999999997,72.90634166224628,466.8734078870537,2.2394504140430094,0.1666666666666667,2.005255387913592,113.56055653262712,114.6268762320468,9.041737629908269,20.88728364332864,72.90634166224628,146.27860260847845,464.6339574730107,13139.320754716975,125.39131896514981,62.695659482574904,1.0514866345613625,0.9270910448824085,0.2074822921441215,complex_number
