nameseq,average,median,maximum,minimum,peak,none_levated_peak,sample_standard_deviation,population_standard_deviation,percentile15,percentile25,percentile50,percentile75,amplitude,variance,interquartile_range,semi_interquartile_range,coefficient_of_variation,skewness,kurtosis,label
1_127120235_127120577,685.9999999999999,444.38459530836286,4761.999999999999,2.122655127028354,0.16666666666666669,4.97014632458753,716.9435124192141,717.9909103661556,92.29271563940331,194.69546514361411,444.38459530836286,930.2077339483819,4759.877344872971,515510.9473684209,735.5122688047678,367.7561344023839,1.0451071609609537,1.0110227675106935,0.23220841211545432,complex_number
