nameseq,average,median,maximum,minimum,peak,none_levated_peak,sample_standard_deviation,population_standard_deviation,percentile15,percentile25,percentile50,percentile75,amplitude,variance,interquartile_range,semi_interquartile_range,coefficient_of_variation,skewness,kurtosis,label
1_12778951_12787280,16660.000000000004,11033.34667835755,690869.5103377027,0.8081117291525408,0.16666666666666663,24.47825537201028,20674.556730435605,20675.7978119705,2679.812712151753,4691.662562920567,11033.34667835755,22599.929964743988,690868.7022259736,427488615.16148406,17908.26740182342,8954.13370091171,1.240969791742833,0.8164605502800402,0.24895432209567323,complex_number
