nameseq,average,median,maximum,minimum,peak,none_levated_peak,sample_standard_deviation,population_standard_deviation,percentile15,percentile25,percentile50,percentile75,amplitude,variance,interquartile_range,semi_interquartile_range,coefficient_of_variation,skewness,kurtosis,label
1_127304950_127332812,55726.0000000001,37471.82100877648,8810272.299176322,1.7032321575149283,0.16666666666666635,44.81362189071435,83742.82856460009,83744.33136549685,8640.634119645092,15587.286125024984,37471.82100877648,75304.82988973457,8810270.595944164,7013113035.854139,59717.54376470958,29858.77188235479,1.5027604451171792,0.6539370345178449,0.24973257839708102,complex_number
