nameseq,average,median,maximum,minimum,peak,none_levated_peak,sample_standard_deviation,population_standard_deviation,percentile15,percentile25,percentile50,percentile75,amplitude,variance,interquartile_range,semi_interquartile_range,coefficient_of_variation,skewness,kurtosis,label
1_126729262_126735199,11875.999999999993,7940.383106914012,666763.3684886673,1.9744597589143815,0.16666666666666677,20.75567773796652,16791.45592258158,16792.869999465012,1799.5975014840458,3147.9956361568975,7940.383106914012,16063.158510512938,666761.3940289083,282000482.81893206,12915.16287435604,6457.58143717802,1.4138982757310197,0.703146334284199,0.2490762269921309,complex_number
