nameseq,average,median,maximum,minimum,peak,none_levated_peak,sample_standard_deviation,population_standard_deviation,percentile15,percentile25,percentile50,percentile75,amplitude,variance,interquartile_range,semi_interquartile_range,coefficient_of_variation,skewness,kurtosis,label
1_129414116_129441811,55391.999999999716,36747.38768594802,5073267.999999998,2.0323151320744497,0.16666666666666752,44.784508692459134,70555.9124666388,70557.18625749594,8313.337448099315,14932.038521229937,36747.38768594802,74372.66606582512,5073265.967684866,4978316532.574973,59440.62754459518,29720.31377229759,1.273756363132567,0.7927590330378405,0.24623603714579065,complex_number
