nameseq,average,median,maximum,minimum,peak,none_levated_peak,sample_standard_deviation,population_standard_deviation,percentile15,percentile25,percentile50,percentile75,amplitude,variance,interquartile_range,semi_interquartile_range,coefficient_of_variation,skewness,kurtosis,label
1_13262207_13263620,2827.999999999994,1853.8809725198064,121443.99999999999,3.428428655858047,0.16666666666666702,10.15848771717456,4444.95219321873,4446.524792664082,481.660128498552,785.9607691171781,1853.8809725198064,3722.1805548287502,121440.57157134413,19771582.731776357,2936.219785711572,1468.109892855786,1.5717652734153957,0.6574552335791023,0.25189343731519603,complex_number
