nameseq,average,median,maximum,minimum,peak,none_levated_peak,sample_standard_deviation,population_standard_deviation,percentile15,percentile25,percentile50,percentile75,amplitude,variance,interquartile_range,semi_interquartile_range,coefficient_of_variation,skewness,kurtosis,label
1_15657646_15667340,19389.99999999993,12813.006067502787,1748502.7605370285,2.204302622285859,0.16666666666666724,26.56781436770495,33287.164012573965,33288.88086349254,3020.7460287935482,5354.125578998641,12813.006067502787,25775.89316048668,1748500.5562344063,1108149589.1437995,20421.767581488042,10210.883790744021,1.716718102762975,0.592750460508988,0.24823492211618495,complex_number
