nameseq,average,median,maximum,minimum,peak,none_levated_peak,sample_standard_deviation,population_standard_deviation,percentile15,percentile25,percentile50,percentile75,amplitude,variance,interquartile_range,semi_interquartile_range,coefficient_of_variation,skewness,kurtosis,label
1_16634660_16635089,859.9999999999994,569.0160445197589,6091.073351448629,2.3792531164126025,0.1666666666666668,5.558518886068975,896.6158597749651,897.6602583349334,128.23897516330885,241.92437613058053,569.0160445197589,1243.7493120828726,6088.6940983322165,805793.9393939393,1001.8249359522921,500.91246797614605,1.0425765811336811,0.9736074339124642,0.26429117356360704,complex_number
