nameseq,average,median,maximum,minimum,peak,none_levated_peak,sample_standard_deviation,population_standard_deviation,percentile15,percentile25,percentile50,percentile75,amplitude,variance,interquartile_range,semi_interquartile_range,coefficient_of_variation,skewness,kurtosis,label
1_168208398_168210991,5187.999999999995,3291.639607800361,454311.9999999999,0.972803184589702,0.1666666666666668,14.006661326821307,13394.490210530594,13397.072778801103,732.7520019608551,1342.6917248769485,3291.639607800361,6643.29142655201,454311.0271968153,179481559.04049352,5300.599701675062,2650.299850837531,2.581821551759947,0.42473293773630993,0.2499145120634538,complex_number
