nameseq,average,median,maximum,minimum,peak,none_levated_peak,sample_standard_deviation,population_standard_deviation,percentile15,percentile25,percentile50,percentile75,amplitude,variance,interquartile_range,semi_interquartile_range,coefficient_of_variation,skewness,kurtosis,label
1_180818215_180822774,9119.999999999985,6013.161352745812,356000.00000000006,1.1856670868279258,0.16666666666666693,18.157580495394154,11916.363203595296,11917.670037311305,1433.2076083815841,2593.080323053553,6013.161352745812,12230.034163794908,355998.81433291326,142030859.11822763,9636.953840741355,4818.476920370677,1.3066187723240477,0.7821611159812937,0.2507862593758939,complex_number
