nameseq,average,median,maximum,minimum,peak,none_levated_peak,sample_standard_deviation,population_standard_deviation,percentile15,percentile25,percentile50,percentile75,amplitude,variance,interquartile_range,semi_interquartile_range,coefficient_of_variation,skewness,kurtosis,label
1_185104678_185104857,360.00000000000006,259.2898724466226,1959.040868112866,0.15438294133105154,0.16666666666666663,3.54998452829994,350.4739647962456,351.45157887040824,66.29764085292089,98.9504998029964,259.2898724466226,531.2270474098609,1958.886485171535,123518.21229050276,432.2765476068645,216.13827380343224,0.973538791100682,0.8620622728303979,0.29652793221472135,complex_number
