nameseq,average,median,maximum,minimum,peak,none_levated_peak,sample_standard_deviation,population_standard_deviation,percentile15,percentile25,percentile50,percentile75,amplitude,variance,interquartile_range,semi_interquartile_range,coefficient_of_variation,skewness,kurtosis,label
1_18305327_18305389,126.0,86.55308139949155,1006.7918812364361,5.266161945860445,0.16666666666666666,2.1219457800627755,154.6867803013561,155.92926436006482,22.26374337336553,36.776421273001766,86.55308139949155,129.84083929748047,1001.5257192905757,24313.93548387098,93.0644180244787,46.53220901223935,1.2276728595345723,0.7650347080143338,0.18239461944622345,complex_number
