nameseq,average,median,maximum,minimum,peak,none_levated_peak,sample_standard_deviation,population_standard_deviation,percentile15,percentile25,percentile50,percentile75,amplitude,variance,interquartile_range,semi_interquartile_range,coefficient_of_variation,skewness,kurtosis,label
1_182108986_182109116,261.99999999999983,169.10832616168068,1179.3691169811118,2.513388172205431,0.16666666666666677,3.066210092325601,250.5194603219478,251.4811508458819,34.381503700664595,62.415836414414656,169.10832616168068,385.8450072920101,1176.8557288089064,63242.769230769205,323.4291708775954,161.7145854387977,0.9561811462669769,1.1123887188517265,0.2622040415347122,complex_number
