nameseq,average,median,maximum,minimum,peak,none_levated_peak,sample_standard_deviation,population_standard_deviation,percentile15,percentile25,percentile50,percentile75,amplitude,variance,interquartile_range,semi_interquartile_range,coefficient_of_variation,skewness,kurtosis,label
1_18840087_18840207,241.9999999999999,131.14775834991624,3386.396863756122,2.0730652399307465,0.16666666666666677,3.0711317416372137,396.54507940459933,398.19392260555657,36.1998969641974,58.56543967089957,131.14775834991624,286.30137468475414,3384.3237985161913,158558.4,227.73593501385457,113.86796750692729,1.6386160305975186,0.8386353588085746,0.24797193761106961,complex_number
