nameseq,average,median,maximum,minimum,peak,none_levated_peak,sample_standard_deviation,population_standard_deviation,percentile15,percentile25,percentile50,percentile75,amplitude,variance,interquartile_range,semi_interquartile_range,coefficient_of_variation,skewness,kurtosis,label
1_182388333_182389246,1828.000000000001,1207.5352316860858,63172.0,4.855071115661998,0.1666666666666666,8.162303966596454,2828.936195816371,2830.4850249473607,303.17711751549564,500.0671738485181,1207.5352316860858,2388.4369215005713,63167.144928884336,8011645.476451261,1888.3697476520533,944.1848738260267,1.5475580939914493,0.6579838413091486,0.2560562381695055,complex_number
