nameseq,average,median,maximum,minimum,peak,none_levated_peak,sample_standard_deviation,population_standard_deviation,percentile15,percentile25,percentile50,percentile75,amplitude,variance,interquartile_range,semi_interquartile_range,coefficient_of_variation,skewness,kurtosis,label
1_182822618_182822801,368.0,281.9017668479471,1982.8916589925082,1.3882156809895374,0.16666666666666669,3.583988199458276,347.7470344949041,348.69586854904003,57.26320403996398,111.40517376620014,281.9017668479471,512.5075425693522,1981.5034433115186,121588.80874316939,401.102368803152,200.551184401576,0.9449647676491959,0.7427660737102383,0.24567241067556678,complex_number
