nameseq,average,median,maximum,minimum,peak,none_levated_peak,sample_standard_deviation,population_standard_deviation,percentile15,percentile25,percentile50,percentile75,amplitude,variance,interquartile_range,semi_interquartile_range,coefficient_of_variation,skewness,kurtosis,label
1_181636363_181636403,82.0,62.050358168757256,279.4709285444609,0.1360997765951376,0.16666666666666666,1.6843265866917954,73.32121111929344,74.2320685418371,19.231777160336225,28.78210348808449,62.050358168757256,127.19318652378911,279.33482876786576,5510.4,98.41108303570462,49.20554151785231,0.8941611112108956,0.8162566408832796,0.2970049349047499,complex_number
