nameseq,average,median,maximum,minimum,peak,none_levated_peak,sample_standard_deviation,population_standard_deviation,percentile15,percentile25,percentile50,percentile75,amplitude,variance,interquartile_range,semi_interquartile_range,coefficient_of_variation,skewness,kurtosis,label
1_183776310_183778243,3867.9999999999995,2476.655139149051,187687.99999999994,3.0710925585549576,0.16666666666666669,11.848892959135684,5714.63664636694,5716.114633368599,598.2324868400889,1071.8829506446205,2476.655139149051,5225.926348938077,187684.92890744138,32673966.50181064,4154.043398293457,2077.0216991467287,1.4774138175715978,0.7304111951205985,0.2444774152674963,complex_number
