nameseq,average,median,maximum,minimum,peak,none_levated_peak,sample_standard_deviation,population_standard_deviation,percentile15,percentile25,percentile50,percentile75,amplitude,variance,interquartile_range,semi_interquartile_range,coefficient_of_variation,skewness,kurtosis,label
1_18531668_18533847,4360.0000000000055,2847.5184380263154,126634.73265087834,8.121283324597579,0.16666666666666646,12.646493182756322,5877.852669130113,5879.201264460268,636.4328299782577,1113.333367200124,2847.5184380263154,5824.990900555819,126626.61136755375,34565007.50803121,4711.657533355696,2355.828766677848,1.3481313461307582,0.7719561787846896,0.2489308134094844,complex_number
