nameseq,average,median,maximum,minimum,peak,none_levated_peak,sample_standard_deviation,population_standard_deviation,percentile15,percentile25,percentile50,percentile75,amplitude,variance,interquartile_range,semi_interquartile_range,coefficient_of_variation,skewness,kurtosis,label
1_18446082_18450615,9067.999999999975,5777.942661122679,920384.0,0.45787635488327677,0.16666666666666713,18.40449424864754,19008.237793125372,19010.334328486424,1312.3065291604578,2262.769664827137,5777.942661122679,11611.82611804444,920383.5421236451,361392811.28082937,9349.056453217303,4674.5282266086515,2.096188552395834,0.5192576042057717,0.24293197411124562,complex_number
