nameseq,average,median,maximum,minimum,peak,none_levated_peak,sample_standard_deviation,population_standard_deviation,percentile15,percentile25,percentile50,percentile75,amplitude,variance,interquartile_range,semi_interquartile_range,coefficient_of_variation,skewness,kurtosis,label
1_184705288_184705689,803.9999999999994,527.4521928912081,7880.000000000001,0.8973627519897845,0.1666666666666668,5.447615539407357,979.2650305203387,980.4852989445501,114.1430209293294,198.59958915283153,527.4521928912081,1015.3190320650406,7879.102637248011,961351.4214463838,816.719442912209,408.3597214561045,1.2179913314929594,0.8472103010617438,0.22829735045594823,complex_number
