nameseq,average,median,maximum,minimum,peak,none_levated_peak,sample_standard_deviation,population_standard_deviation,percentile15,percentile25,percentile50,percentile75,amplitude,variance,interquartile_range,semi_interquartile_range,coefficient_of_variation,skewness,kurtosis,label
1_19406454_19407087,1267.9999999999995,935.8146387384028,11268.000000000007,1.6791561898546123,0.16666666666666674,6.673625470856122,1264.0506318973148,1265.048698086681,219.49943239755547,388.530803743384,935.8146387384028,1761.5169596903397,11266.320843810152,1600348.2085308067,1372.9861559469557,686.4930779734779,0.9968853563858954,0.7883830430818894,0.25596056851970916,complex_number
