nameseq,average,median,maximum,minimum,peak,none_levated_peak,sample_standard_deviation,population_standard_deviation,percentile15,percentile25,percentile50,percentile75,amplitude,variance,interquartile_range,semi_interquartile_range,coefficient_of_variation,skewness,kurtosis,label
1_19438901_19439183,565.9999999999992,329.71767800723495,5458.07508701828,6.6138331461428335,0.16666666666666688,4.55107503646041,668.3053194461341,669.4892093368192,93.27378995567118,161.98494421725138,329.71767800723495,754.5205448321203,5451.461253872138,448215.8014184392,592.5356006148689,296.26780030743447,1.180751447784691,1.0606633605217417,0.25962660533941734,complex_number
