nameseq,average,median,maximum,minimum,peak,none_levated_peak,sample_standard_deviation,population_standard_deviation,percentile15,percentile25,percentile50,percentile75,amplitude,variance,interquartile_range,semi_interquartile_range,coefficient_of_variation,skewness,kurtosis,label
1_20266098_20266182,169.99999999999997,134.50435202901863,616.7775738515936,4.280689678859983,0.16666666666666669,2.416806014720826,145.9314907756376,146.79756063887373,25.147697282229302,55.17755094115126,134.50435202901863,241.94422117817632,612.4968841727336,21549.52380952381,186.76667023702507,93.38333511851253,0.8584205339743389,0.729705037253833,0.24770553085731017,complex_number
