nameseq,average,median,maximum,minimum,peak,none_levated_peak,sample_standard_deviation,population_standard_deviation,percentile15,percentile25,percentile50,percentile75,amplitude,variance,interquartile_range,semi_interquartile_range,coefficient_of_variation,skewness,kurtosis,label
1_21521168_21521731,1127.999999999999,772.6003534751414,7684.4511622868595,1.8156537416006893,0.1666666666666668,6.28212456678695,1093.6544243955675,1094.6252673957945,197.42506617429132,340.056321068534,772.6003534751414,1545.2706761241632,7682.635508545259,1198204.4760213145,1205.2143550556293,602.6071775278147,0.9695517946769223,0.9748956487455638,0.2546295170292756,complex_number
