nameseq,average,median,maximum,minimum,peak,none_levated_peak,sample_standard_deviation,population_standard_deviation,percentile15,percentile25,percentile50,percentile75,amplitude,variance,interquartile_range,semi_interquartile_range,coefficient_of_variation,skewness,kurtosis,label
1_35818061_35818168,215.99999999999997,138.50504232478116,1949.813030594121,0.8598739500955553,0.16666666666666669,2.8266973637801764,261.22786987609106,262.44572202523284,29.50759459334533,46.55059170502288,138.50504232478116,282.93645376868795,1948.9531566440255,68877.75700934578,236.38586206366506,118.19293103183253,1.2093882864633847,0.8899696389054186,0.2541795406899968,complex_number
