nameseq,average,median,maximum,minimum,peak,none_levated_peak,sample_standard_deviation,population_standard_deviation,percentile15,percentile25,percentile50,percentile75,amplitude,variance,interquartile_range,semi_interquartile_range,coefficient_of_variation,skewness,kurtosis,label
1_36655467_36660065,9197.999999999993,6191.428018473598,719601.9999999999,1.4335114615958093,0.1666666666666668,18.23869172539336,15218.001708502992,15219.656468656689,1470.5804478525968,2595.3993212593787,6191.428018473598,12451.641799244,719600.5664885383,231637943.0239234,9856.242477984622,4928.121238992311,1.6544902922921292,0.592700416082846,0.25576680850450556,complex_number
