nameseq,average,median,maximum,minimum,peak,none_levated_peak,sample_standard_deviation,population_standard_deviation,percentile15,percentile25,percentile50,percentile75,amplitude,variance,interquartile_range,semi_interquartile_range,coefficient_of_variation,skewness,kurtosis,label
1_36589780_36589842,126.00000000000001,82.96903926067453,605.9134237783688,1.1134528401317012,0.16666666666666666,2.095016278956772,118.8949115816148,119.84990613262909,31.572941971760233,42.83460639395268,82.96903926067453,181.9618371111958,604.7999709382372,14364.000000000004,139.1272307172431,69.56361535862155,0.9436104093778952,1.085772978008073,0.24800702539951616,complex_number
