nameseq,average,median,maximum,minimum,peak,none_levated_peak,sample_standard_deviation,population_standard_deviation,percentile15,percentile25,percentile50,percentile75,amplitude,variance,interquartile_range,semi_interquartile_range,coefficient_of_variation,skewness,kurtosis,label
1_3770584_3770899,632.0000000000002,381.4629642853641,6663.999999999999,0.004748212210259394,0.1666666666666666,4.830363430746212,715.2062639546721,716.3406124295013,84.5445544985148,171.08983514134366,381.4629642853641,826.591222147413,6663.995251787789,513143.87301587296,655.5013870060693,327.75069350303465,1.1316554809409365,1.0509011805740331,0.20651491378855827,complex_number
