nameseq,average,median,maximum,minimum,peak,none_levated_peak,sample_standard_deviation,population_standard_deviation,percentile15,percentile25,percentile50,percentile75,amplitude,variance,interquartile_range,semi_interquartile_range,coefficient_of_variation,skewness,kurtosis,label
1_39105755_39105901,293.9999999999999,187.7392309845017,1737.4922678357857,4.2005985934033125,0.16666666666666674,3.2406682153401936,311.13983994339264,312.2035689948958,50.1386846425696,87.8333068082199,187.7392309845017,391.93015480625587,1733.2916692423823,97471.06849315067,304.09684799803597,152.04842399901798,1.0582987753176625,1.0245628046363087,0.22762993300930673,complex_number
