nameseq,average,median,maximum,minimum,peak,none_levated_peak,sample_standard_deviation,population_standard_deviation,percentile15,percentile25,percentile50,percentile75,amplitude,variance,interquartile_range,semi_interquartile_range,coefficient_of_variation,skewness,kurtosis,label
1_39260363_39265969,11214.000000000033,7691.041011872821,740578.0,6.899006767733476,0.16666666666666619,20.030288457646982,14846.93827022932,14848.262411883701,1795.6682820436,3122.5539121790325,7691.041011872821,15210.755062169499,740571.1009932322,220470896.65215838,12088.201149990466,6044.100574995233,1.3239645327473941,0.7118556548169975,0.24704462282505144,complex_number
