nameseq,average,median,maximum,minimum,peak,none_levated_peak,sample_standard_deviation,population_standard_deviation,percentile15,percentile25,percentile50,percentile75,amplitude,variance,interquartile_range,semi_interquartile_range,coefficient_of_variation,skewness,kurtosis,label
1_40479586_40491124,23078.00000000011,15149.830819826513,4431889.999999998,0.26082042655791937,0.16666666666666588,29.029131376350207,48666.55730581318,48668.66622862767,3448.3626535292815,6144.018581358089,15149.830819826513,30748.269318401653,4431889.739179571,2368639072.4735637,24604.250737043563,12302.125368521782,2.108785739917365,0.4887238559132629,0.24452674126605117,complex_number
