nameseq,average,median,maximum,minimum,peak,none_levated_peak,sample_standard_deviation,population_standard_deviation,percentile15,percentile25,percentile50,percentile75,amplitude,variance,interquartile_range,semi_interquartile_range,coefficient_of_variation,skewness,kurtosis,label
1_42588353_42594333,11961.999999999985,8069.061637192661,645649.9999999998,0.3340026175445196,0.16666666666666688,20.731062981396647,15004.040522472598,15005.294988468891,1904.8611696820064,3245.7443225787356,8069.061637192661,16408.30102012062,645649.6659973823,225158877.69096965,13162.556697541884,6581.278348770942,1.2543086877171556,0.7783780023074316,0.2566459298112202,complex_number
