nameseq,average,median,maximum,minimum,peak,none_levated_peak,sample_standard_deviation,population_standard_deviation,percentile15,percentile25,percentile50,percentile75,amplitude,variance,interquartile_range,semi_interquartile_range,coefficient_of_variation,skewness,kurtosis,label
1_43365541_43365736,391.99999999999983,280.60338434441906,6152.000000000001,2.0828048991901627,0.16666666666666674,3.785813602269358,538.2341497898476,539.6124725326691,52.28739866411351,97.00028506380238,280.60338434441906,508.6239001934855,6149.917195100811,291181.6205128206,411.6236151296831,205.81180756484156,1.3730463004843056,0.6209004893079082,0.26049089481377297,complex_number
