nameseq,average,median,maximum,minimum,peak,none_levated_peak,sample_standard_deviation,population_standard_deviation,percentile15,percentile25,percentile50,percentile75,amplitude,variance,interquartile_range,semi_interquartile_range,coefficient_of_variation,skewness,kurtosis,label
1_43937552_43950080,25058.000000000025,16536.901209014577,3517329.9999999995,0.008043181435773055,0.1666666666666665,30.063631341908398,41718.59019669768,41720.25517744971,4052.8760302934456,7112.958841397707,16536.901209014577,33504.81959869711,3517329.991956818,1740579692.0715194,26391.860757299404,13195.930378649702,1.6648810837535972,0.6127555186411803,0.2431134456707148,complex_number
