nameseq,average,median,maximum,minimum,peak,none_levated_peak,sample_standard_deviation,population_standard_deviation,percentile15,percentile25,percentile50,percentile75,amplitude,variance,interquartile_range,semi_interquartile_range,coefficient_of_variation,skewness,kurtosis,label
1_44622834_44624002,2337.9999999999995,1555.6269797444766,76785.99999999996,1.3791639739009478,0.1666666666666667,9.202290843768997,3176.7606142106447,3178.1202379040565,354.6636733034128,671.9675059981626,1555.6269797444766,3151.6384235916057,76784.62083602605,10100448.246575335,2479.670917593443,1239.8354587967215,1.3587513319977098,0.7388403930302997,0.23824077428642057,complex_number
