nameseq,average,median,maximum,minimum,peak,none_levated_peak,sample_standard_deviation,population_standard_deviation,percentile15,percentile25,percentile50,percentile75,amplitude,variance,interquartile_range,semi_interquartile_range,coefficient_of_variation,skewness,kurtosis,label
1_44464603_44466003,2801.9999999999995,1808.3612457621662,144827.5998889208,0.32248271844224313,0.16666666666666669,10.148882445448015,5035.156402734676,5036.954351873476,470.7252837876795,787.8761359917859,1808.3612457621662,3581.697733713762,144827.27740620237,25370909.142857153,2793.821597721976,1396.910798860988,1.7969865819895348,0.5920205896870484,0.2420870763405055,complex_number
