nameseq,average,median,maximum,minimum,peak,none_levated_peak,sample_standard_deviation,population_standard_deviation,percentile15,percentile25,percentile50,percentile75,amplitude,variance,interquartile_range,semi_interquartile_range,coefficient_of_variation,skewness,kurtosis,label
1_52678059_52678430,743.9999999999999,444.6741987982257,12004.0,2.4775105817661776,0.16666666666666669,5.332492654787328,1143.265498473561,1144.8052506844163,105.70304969515047,182.80677649766318,444.6741987982257,880.5829185209726,12001.522489418234,1310579.061994609,697.7761420233094,348.8880710116547,1.5366471753676896,0.7854495782513017,0.2225708575367876,complex_number
