nameseq,average,median,maximum,minimum,peak,none_levated_peak,sample_standard_deviation,population_standard_deviation,percentile15,percentile25,percentile50,percentile75,amplitude,variance,interquartile_range,semi_interquartile_range,coefficient_of_variation,skewness,kurtosis,label
1_58573685_58576387,5405.999999999984,3703.5144995590776,69307.96793448261,0.2210541748994923,0.16666666666666718,13.874969422002472,5681.815906908635,5682.867218955177,863.7011121302799,1603.8529914263056,3703.5144995590776,7391.301216149199,69307.74688030772,32294979.82827535,5787.448224722893,2893.7241123614467,1.0510203305417412,0.8989127041431347,0.24328459637446406,complex_number
