nameseq,average,median,maximum,minimum,peak,none_levated_peak,sample_standard_deviation,population_standard_deviation,percentile15,percentile25,percentile50,percentile75,amplitude,variance,interquartile_range,semi_interquartile_range,coefficient_of_variation,skewness,kurtosis,label
1_59864738_59865364,1254.0000000000007,863.1094053156393,12514.0,2.9251138349633217,0.16666666666666657,6.66229668210395,1286.1508465184013,1287.1777136253074,204.46358884802535,334.44605454268446,863.1094053156393,1719.484107410355,12511.074886165037,1656826.466453674,1385.0380528676706,692.5190264338353,1.0256386335872414,0.9117684657499515,0.24635565203131887,complex_number
