nameseq,average,median,maximum,minimum,peak,none_levated_peak,sample_standard_deviation,population_standard_deviation,percentile15,percentile25,percentile50,percentile75,amplitude,variance,interquartile_range,semi_interquartile_range,coefficient_of_variation,skewness,kurtosis,label
1_60879109_60879486,756.0000000000001,510.89747636152754,10504.0,1.8181555654620096,0.16666666666666663,5.1947712008312115,858.5103377362442,859.6481915659448,131.38775480071803,206.2459471388749,510.89747636152754,1024.9715971017056,10502.181844434537,738995.0132625994,818.7256499628306,409.3628249814153,1.1355956848363016,0.8564923898928315,0.24240230584583963,complex_number
