nameseq,average,median,maximum,minimum,peak,none_levated_peak,sample_standard_deviation,population_standard_deviation,percentile15,percentile25,percentile50,percentile75,amplitude,variance,interquartile_range,semi_interquartile_range,coefficient_of_variation,skewness,kurtosis,label
1_72292818_72293423,1211.9999999999993,706.8282042560688,58180.0,1.6461709275204324,0.16666666666666677,6.846039485608066,2615.0151051188977,2617.175382319301,149.3431078613039,278.1089602985088,706.8282042560688,1605.9914640374911,58178.35382907248,6849606.981818181,1327.8825037389825,663.9412518694912,2.1576032220452963,0.5795436455663934,0.26397191989103447,complex_number
