nameseq,average,median,maximum,minimum,peak,none_levated_peak,sample_standard_deviation,population_standard_deviation,percentile15,percentile25,percentile50,percentile75,amplitude,variance,interquartile_range,semi_interquartile_range,coefficient_of_variation,skewness,kurtosis,label
1_73838768_73839001,468.00000000000006,311.5780801994826,8079.999999999999,3.156854496977563,0.16666666666666666,4.09145672996378,646.5044470071339,647.8903102202202,89.05405817892681,139.82729256216814,311.5780801994826,580.8441192385601,8076.843145503021,419761.85407725314,441.01682667639193,220.50841333819596,1.3814197585622516,0.7258507835080278,0.24686327224671611,complex_number
