nameseq,average,median,maximum,minimum,peak,none_levated_peak,sample_standard_deviation,population_standard_deviation,percentile15,percentile25,percentile50,percentile75,amplitude,variance,interquartile_range,semi_interquartile_range,coefficient_of_variation,skewness,kurtosis,label
1_81923871_81924220,699.9999999999999,440.3235078316501,4613.918969174809,0.6008698287522269,0.1666666666666667,5.017921418711654,736.1956261755431,737.2495932523234,122.56934060597013,197.67336457020292,440.3235078316501,938.1660835655093,4613.318099346056,543536.9627507163,740.4927189953064,370.2463594976532,1.0517080373936332,1.058182701453992,0.24226598703881455,complex_number
