nameseq,average,median,maximum,minimum,peak,none_levated_peak,sample_standard_deviation,population_standard_deviation,percentile15,percentile25,percentile50,percentile75,amplitude,variance,interquartile_range,semi_interquartile_range,coefficient_of_variation,skewness,kurtosis,label
1_82718874_82718997,248.0,174.9426452158807,1430.9508319851607,0.4914508746303483,0.16666666666666669,2.940555679993891,243.50770008359072,244.49556499211388,54.21621803354167,82.0479866121618,174.9426452158807,333.0893540811242,1430.4593811105303,59778.081300812984,251.04136746896242,125.52068373448121,0.9818858874338335,0.900062151123439,0.23002284343420162,complex_number
