nameseq,average,median,maximum,minimum,peak,none_levated_peak,sample_standard_deviation,population_standard_deviation,percentile15,percentile25,percentile50,percentile75,amplitude,variance,interquartile_range,semi_interquartile_range,coefficient_of_variation,skewness,kurtosis,label
1_8244597_8244785,378.0,262.24910930810483,2642.868862188304,2.115306988169071,0.16666666666666666,3.691517488919511,399.0989852154474,400.1590109475896,50.77666030920834,99.9564617634958,262.24910930810483,532.7641692817076,2640.753555200135,160127.23404255311,432.8077075182118,216.4038537591059,1.0558174212048872,0.8700915936637287,0.2653024854986576,complex_number
