nameseq,average,median,maximum,minimum,peak,none_levated_peak,sample_standard_deviation,population_standard_deviation,percentile15,percentile25,percentile50,percentile75,amplitude,variance,interquartile_range,semi_interquartile_range,coefficient_of_variation,skewness,kurtosis,label
1_87183243_87205493,44501.99999999997,29712.46582210587,6807578.0,0.34527756365592055,0.16666666666666677,40.12628991377492,68025.45694076591,68026.98558554405,6731.279536414595,12173.488133604937,29712.46582210587,59847.00946344574,6807577.654722436,4627670767.855818,47673.521329840805,23836.760664920403,1.5285932529047224,0.6522352738081107,0.24729443414225122,complex_number
