nameseq,average,median,maximum,minimum,peak,none_levated_peak,sample_standard_deviation,population_standard_deviation,percentile15,percentile25,percentile50,percentile75,amplitude,variance,interquartile_range,semi_interquartile_range,coefficient_of_variation,skewness,kurtosis,label
2_107744126_107754163,20076.0000000001,13382.186616812025,5152676.000000001,0.1689943483292139,0.16666666666666585,27.074715046806936,55472.62791683842,55475.39125480207,3063.330672868046,5445.936171707121,13382.186616812025,26586.297569164097,5152675.831005652,3077519034.8733697,21140.361397456974,10570.180698728487,2.7631314961565128,0.36200628857297396,0.2447839185973057,complex_number
