nameseq,average,median,maximum,minimum,peak,none_levated_peak,sample_standard_deviation,population_standard_deviation,percentile15,percentile25,percentile50,percentile75,amplitude,variance,interquartile_range,semi_interquartile_range,coefficient_of_variation,skewness,kurtosis,label
2_108665902_108667923,4043.9999999999927,2756.1129851116384,89981.43810282867,2.5177250565968134,0.16666666666666696,12.041452204985905,4731.0514687540635,4732.221796902764,654.4417958642861,1090.8717990356852,2756.1129851116384,5475.904203751713,89978.92037777208,22393923.135081626,4385.0324047160275,2192.5162023580137,1.1698940328274163,0.816660116716627,0.2555634956974529,complex_number
