nameseq,average,median,maximum,minimum,peak,none_levated_peak,sample_standard_deviation,population_standard_deviation,percentile15,percentile25,percentile50,percentile75,amplitude,variance,interquartile_range,semi_interquartile_range,coefficient_of_variation,skewness,kurtosis,label
2_10800215_10828926,57424.00000000004,38287.950289501896,7374549.130762081,0.41301317589192127,0.16666666666666655,45.576555944375144,82702.18579940918,82703.62603948591,8887.98905936352,15743.969572555443,38287.950289501896,76830.2390296683,7374548.717748905,6839889760.079133,61086.26945711286,30543.13472855643,1.4402024554090473,0.6941551613972522,0.24544759267817076,complex_number
