nameseq,average,median,maximum,minimum,peak,none_levated_peak,sample_standard_deviation,population_standard_deviation,percentile15,percentile25,percentile50,percentile75,amplitude,variance,interquartile_range,semi_interquartile_range,coefficient_of_variation,skewness,kurtosis,label
2_137106820_137107042,446.00000000000006,286.50591959992045,3297.9999999999986,2.6867100858862583,0.16666666666666663,4.021960012474017,540.0666625519484,541.2816622035499,76.45231418655538,143.83597482017535,286.50591959992045,510.80252092589325,3295.3132899141124,292985.83783783787,366.9665461057179,183.48327305285895,1.2109117994438303,0.8859688523251779,0.20802939103586887,complex_number
