nameseq,average,median,maximum,minimum,peak,none_levated_peak,sample_standard_deviation,population_standard_deviation,percentile15,percentile25,percentile50,percentile75,amplitude,variance,interquartile_range,semi_interquartile_range,coefficient_of_variation,skewness,kurtosis,label
2_137008582_137010151,3139.999999999996,2104.8222446349146,131092.0,2.9210639133857046,0.1666666666666669,10.636672007120094,4469.852793996689,4471.276994381403,511.5441062971399,858.628154062193,2104.8222446349146,4128.602248809263,131089.07893608662,19992317.960484393,3269.97409474707,1634.987047373535,1.4235199980881192,0.6947730516463949,0.23794895753628204,complex_number
