nameseq,average,median,maximum,minimum,peak,none_levated_peak,sample_standard_deviation,population_standard_deviation,percentile15,percentile25,percentile50,percentile75,amplitude,variance,interquartile_range,semi_interquartile_range,coefficient_of_variation,skewness,kurtosis,label
2_13476669_13488283,23230.000000000015,14862.059561423817,1130498.0000000002,2.402462902741515,0.16666666666666655,29.086786813928565,28161.879908841314,28163.092293623882,3419.804321176888,6160.270661182055,14862.059561423817,30995.104842484143,1130495.5975370975,793159767.539177,24834.83418130209,12417.417090651044,1.2123064962910588,0.8914114184489277,0.23963285130136844,complex_number
