nameseq,average,median,maximum,minimum,peak,none_levated_peak,sample_standard_deviation,population_standard_deviation,percentile15,percentile25,percentile50,percentile75,amplitude,variance,interquartile_range,semi_interquartile_range,coefficient_of_variation,skewness,kurtosis,label
2_138394321_138394353,65.99999999999999,42.800141353776176,290.00000000000006,2.9597067521438274,0.1666666666666667,1.5319374291702603,66.4529909033446,67.48333127521195,9.294504411401068,18.378129824890543,42.800141353776176,85.94053557148588,287.04029324785625,4554.0,67.56240574659535,33.78120287329767,1.0068634985355245,1.0473505404730918,0.23049809756552286,complex_number
