nameseq,average,median,maximum,minimum,peak,none_levated_peak,sample_standard_deviation,population_standard_deviation,percentile15,percentile25,percentile50,percentile75,amplitude,variance,interquartile_range,semi_interquartile_range,coefficient_of_variation,skewness,kurtosis,label
2_139075419_139085437,20038.000000000007,13715.447741258906,651250.0000000003,2.738553727123677,0.1666666666666666,26.756057720713603,22747.827500664775,22748.962820082575,3197.634438234714,5626.662074087263,13715.447741258906,27419.88303400893,651247.2614462732,517515309.3894994,21793.220959921666,10896.610479960833,1.135234429616966,0.8338227804685524,0.2521695357462444,complex_number
