nameseq,average,median,maximum,minimum,peak,none_levated_peak,sample_standard_deviation,population_standard_deviation,percentile15,percentile25,percentile50,percentile75,amplitude,variance,interquartile_range,semi_interquartile_range,coefficient_of_variation,skewness,kurtosis,label
2_137234575_137234824,500.0000000000002,314.85415355368923,10887.999999999998,2.0384934999638697,0.16666666666666657,4.339357472490604,814.3414517264855,815.9750370226877,73.42972246795503,128.00968803115796,314.85415355368923,652.3184354813109,10885.961506500034,665815.2610441766,524.3087474501529,262.1543737250764,1.6286829034529702,0.6820695890665393,0.26426633121629983,complex_number
