nameseq,average,median,maximum,minimum,peak,none_levated_peak,sample_standard_deviation,population_standard_deviation,percentile15,percentile25,percentile50,percentile75,amplitude,variance,interquartile_range,semi_interquartile_range,coefficient_of_variation,skewness,kurtosis,label
2_133757039_133765671,17266.000000000004,11868.843861978463,994010.0000000001,0.734816382519177,0.16666666666666663,24.875934750274876,21247.27935524923,21248.5100470951,2706.335076005359,4802.864858314987,11868.843861978463,23321.91271149214,994009.2651836176,451499179.22150147,18519.04785317715,9259.523926588576,1.2305849273282303,0.7620490201755855,0.24207946426966853,complex_number
