nameseq,average,median,maximum,minimum,peak,none_levated_peak,sample_standard_deviation,population_standard_deviation,percentile15,percentile25,percentile50,percentile75,amplitude,variance,interquartile_range,semi_interquartile_range,coefficient_of_variation,skewness,kurtosis,label
2_137006744_137007436,1385.999999999999,906.7739412653445,43290.00000000001,0.14957879437703303,0.16666666666666677,7.127812081305098,2097.972354441307,2099.487683172232,212.88442485046397,385.83859871890195,906.7739412653445,1819.422909374425,43289.85042120563,4407848.531791908,1433.584310655523,716.7921553277615,1.5136885674179712,0.6852703150069961,0.2522884685937965,complex_number
