nameseq,average,median,maximum,minimum,peak,none_levated_peak,sample_standard_deviation,population_standard_deviation,percentile15,percentile25,percentile50,percentile75,amplitude,variance,interquartile_range,semi_interquartile_range,coefficient_of_variation,skewness,kurtosis,label
2_140030552_140030950,797.9999999999995,518.6870324789007,5167.2896975215635,5.6199107769072105,0.16666666666666677,5.38485563482702,852.924381173384,853.9952219983318,100.29575175515076,220.13641285058077,518.6870324789007,1097.8442197836184,5161.669786744656,729307.8391959799,877.7078069330377,438.85390346651883,1.0688275453300558,0.9824304722190358,0.2455728902911676,complex_number
