nameseq,average,median,maximum,minimum,peak,none_levated_peak,sample_standard_deviation,population_standard_deviation,percentile15,percentile25,percentile50,percentile75,amplitude,variance,interquartile_range,semi_interquartile_range,coefficient_of_variation,skewness,kurtosis,label
2_145392975_145393181,413.99999999999966,104.52492523453375,9946.0,0.22312619374182502,0.1666666666666668,4.679729649994816,1063.0333955243361,1065.6104499618802,21.56541226832286,42.21819545766116,104.52492523453375,357.7052825139731,9945.776873806259,1135525.631067961,315.4870870563119,157.74354352815595,2.567713515759268,0.8733735254276339,0.17161948777041158,complex_number
