nameseq,average,median,maximum,minimum,peak,none_levated_peak,sample_standard_deviation,population_standard_deviation,percentile15,percentile25,percentile50,percentile75,amplitude,variance,interquartile_range,semi_interquartile_range,coefficient_of_variation,skewness,kurtosis,label
2_141835264_141835806,1085.999999999999,797.2717824526931,7450.89653438086,1.3414776959410164,0.1666666666666668,6.15851205775227,1038.009633866661,1038.9667660514503,186.81074085062937,313.35426398873994,797.2717824526931,1528.3396513407542,7449.55505668492,1079451.940959409,1214.9853873520142,607.4926936760071,0.9558099759361528,0.8344668723500355,0.25098204944586167,complex_number
