nameseq,average,median,maximum,minimum,peak,none_levated_peak,sample_standard_deviation,population_standard_deviation,percentile15,percentile25,percentile50,percentile75,amplitude,variance,interquartile_range,semi_interquartile_range,coefficient_of_variation,skewness,kurtosis,label
2_159055244_159055430,374.00000000000006,272.5239522049636,1667.8848028824323,0.02104858679138062,0.16666666666666666,3.611951701944718,338.19520990102745,339.10311813839576,59.99790121753344,127.83203017019434,272.5239522049636,544.0985134808357,1667.8637542956408,114990.92473118278,416.2664833106413,208.13324165532066,0.9042652671150465,0.9001551011742596,0.26969472685007956,complex_number
