nameseq,average,median,maximum,minimum,peak,none_levated_peak,sample_standard_deviation,population_standard_deviation,percentile15,percentile25,percentile50,percentile75,amplitude,variance,interquartile_range,semi_interquartile_range,coefficient_of_variation,skewness,kurtosis,label
2_159185698_159185753,112.00000000000003,87.0609591758637,580.0,0.7648173760663834,0.16666666666666663,2.0258120917949065,114.33284742365161,115.36755491589794,12.882691863598797,28.76883205120723,87.0609591758637,153.9975260633236,579.2351826239336,13309.672727272726,125.22869401211636,62.61434700605818,1.0208289948540321,0.6543799455565019,0.24892455239859484,complex_number
