nameseq,average,median,maximum,minimum,peak,none_levated_peak,sample_standard_deviation,population_standard_deviation,percentile15,percentile25,percentile50,percentile75,amplitude,variance,interquartile_range,semi_interquartile_range,coefficient_of_variation,skewness,kurtosis,label
2_159819848_159820388,1081.9999999999995,772.0582214889952,8449.999999999995,5.400840598895994,0.16666666666666674,6.169702659227433,1155.1554008011215,1156.224494413382,198.20020618846982,338.03356875711916,772.0582214889952,1341.312194042431,8444.5991594011,1336855.0814814807,1003.2786252853118,501.6393126426559,1.067611276156305,0.8049352796066764,0.22620053777484958,complex_number
