nameseq,average,median,maximum,minimum,peak,none_levated_peak,sample_standard_deviation,population_standard_deviation,percentile15,percentile25,percentile50,percentile75,amplitude,variance,interquartile_range,semi_interquartile_range,coefficient_of_variation,skewness,kurtosis,label
2_160227574_160230036,4926.000000000003,3397.1465883127203,139455.42515308774,1.4249543812791166,0.16666666666666657,13.316416521766433,6045.969897377924,6047.197630134488,748.9860383032089,1363.641945223449,3397.1465883127203,6814.553183436334,139454.00019870646,36568599.17790417,5450.911238212884,2725.455619106442,1.2273588910633213,0.7586144676391776,0.2603123365478213,complex_number
