nameseq,average,median,maximum,minimum,peak,none_levated_peak,sample_standard_deviation,population_standard_deviation,percentile15,percentile25,percentile50,percentile75,amplitude,variance,interquartile_range,semi_interquartile_range,coefficient_of_variation,skewness,kurtosis,label
2_160727855_160728900,2092.0000000000023,1379.4065783082542,18232.31765661457,1.164986535460315,0.1666666666666665,8.681445892541971,2264.3639283472085,2265.4470969948293,329.6855376556765,559.2558073797279,1379.4065783082542,2813.5631995941862,18231.15267007911,5132250.549282299,2254.3073922144586,1127.1536961072293,1.0823919351564082,0.9440974740467803,0.25349594923891716,complex_number
