nameseq,average,median,maximum,minimum,peak,none_levated_peak,sample_standard_deviation,population_standard_deviation,percentile15,percentile25,percentile50,percentile75,amplitude,variance,interquartile_range,semi_interquartile_range,coefficient_of_variation,skewness,kurtosis,label
2_17685920_17686278,717.9999999999999,481.5950308847865,7656.030715109079,0.010878074608334289,0.1666666666666667,5.099921749513029,811.0191119819558,812.1510303443478,107.54093961518274,176.19437773688344,481.5950308847865,992.7900826586249,7656.019837034471,659589.2960893856,816.5957049217415,408.29785246087073,1.1295530807548133,0.8744737292472329,0.26324471980537145,complex_number
