nameseq,average,median,maximum,minimum,peak,none_levated_peak,sample_standard_deviation,population_standard_deviation,percentile15,percentile25,percentile50,percentile75,amplitude,variance,interquartile_range,semi_interquartile_range,coefficient_of_variation,skewness,kurtosis,label
2_30076832_30077041,419.9999999999999,307.60083810329814,3200.4462300111913,3.1074264018338975,0.1666666666666667,3.8642677019684504,441.9773749865484,443.0334753572029,65.64868898399997,114.88885014092097,307.60083810329814,565.5301249223154,3197.3388036093575,196278.66028708132,450.64127478139443,225.32063739069721,1.052327083301306,0.7629292917999883,0.24869339344339586,complex_number
