nameseq,average,median,maximum,minimum,peak,none_levated_peak,sample_standard_deviation,population_standard_deviation,percentile15,percentile25,percentile50,percentile75,amplitude,variance,interquartile_range,semi_interquartile_range,coefficient_of_variation,skewness,kurtosis,label
2_4180510_4180615,211.99999999999994,137.91907870734607,1335.932937799032,0.0069516894227969256,0.1666666666666667,2.7961072212491183,244.68755587483398,245.84997360953594,31.202381601875047,49.947655643096724,137.91907870734607,311.9120643598272,1335.9259861096093,60442.20952380952,261.9644087167305,130.98220435836524,1.154186584315255,0.9082716245351127,0.31506633689647395,complex_number
