nameseq,average,median,maximum,minimum,peak,none_levated_peak,sample_standard_deviation,population_standard_deviation,percentile15,percentile25,percentile50,percentile75,amplitude,variance,interquartile_range,semi_interquartile_range,coefficient_of_variation,skewness,kurtosis,label
2_45405401_45405499,198.00000000000003,150.60530281465316,1425.3946971853468,0.06668656159723077,0.16666666666666663,2.668464734497809,215.05348172024557,216.14790854261565,33.70027323369948,54.6259995525091,150.60530281465316,241.96342791806376,1425.3280106237496,46719.91836734694,187.33742836555467,93.66871418277734,1.0861286955567957,0.6611568918516845,0.23712718995092819,complex_number
