nameseq,average,median,maximum,minimum,peak,none_levated_peak,sample_standard_deviation,population_standard_deviation,percentile15,percentile25,percentile50,percentile75,amplitude,variance,interquartile_range,semi_interquartile_range,coefficient_of_variation,skewness,kurtosis,label
2_47109942_47110075,267.99999999999994,218.7112402980061,1117.040913870071,1.1170073225365627,0.16666666666666669,3.1060968507312743,256.468321630567,257.43068269143333,26.81065381005636,60.038106334179844,218.7112402980061,362.3326403408513,1115.9239065475344,66270.55639097744,302.2945340066715,151.14726700333574,0.9569713493677875,0.5765479267220276,0.23991288951072173,complex_number
