nameseq,average,median,maximum,minimum,peak,none_levated_peak,sample_standard_deviation,population_standard_deviation,percentile15,percentile25,percentile50,percentile75,amplitude,variance,interquartile_range,semi_interquartile_range,coefficient_of_variation,skewness,kurtosis,label
2_52547205_52547333,257.9999999999999,171.2690738834489,2076.608909842574,3.7997089209726878,0.16666666666666674,3.0871361248690246,295.296461204668,296.44771883082524,33.678548336124706,62.77607137193026,171.2690738834489,352.4036510930848,2072.8092009216016,87881.25,289.6275797211546,144.8137898605773,1.1445599271498765,0.8811239297897142,0.24079894686714218,complex_number
