nameseq,average,median,maximum,minimum,peak,none_levated_peak,sample_standard_deviation,population_standard_deviation,percentile15,percentile25,percentile50,percentile75,amplitude,variance,interquartile_range,semi_interquartile_range,coefficient_of_variation,skewness,kurtosis,label
2_54488490_54488840,701.9999999999999,448.64848903839135,5390.3689233046325,2.170962137535285,0.16666666666666669,5.007053552006428,735.9510853310835,737.0016941248215,115.4027989470998,199.51016570371274,448.64848903839135,961.643923670558,5388.197961167098,543171.4971428569,762.1337579668452,381.0668789834226,1.048363369417498,1.032751426058294,0.2562303237454734,complex_number
