nameseq,average,median,maximum,minimum,peak,none_levated_peak,sample_standard_deviation,population_standard_deviation,percentile15,percentile25,percentile50,percentile75,amplitude,variance,interquartile_range,semi_interquartile_range,coefficient_of_variation,skewness,kurtosis,label
2_56411773_56412385,1226.0000000000025,805.8620344650155,16986.03008729268,0.7468675395576844,0.16666666666666632,6.629435692217467,1400.0057142740527,1401.1490429368591,204.25001271028674,334.3675403012491,805.8620344650155,1695.0751713256102,16985.28321975312,1963218.6405228765,1360.707631024361,680.3538155121805,1.1419296201256524,0.9002919657785292,0.269541278651308,complex_number
