nameseq,average,median,maximum,minimum,peak,none_levated_peak,sample_standard_deviation,population_standard_deviation,percentile15,percentile25,percentile50,percentile75,amplitude,variance,interquartile_range,semi_interquartile_range,coefficient_of_variation,skewness,kurtosis,label
2_58951032_58952209,2356.000000000003,1680.7880252445093,19118.050212991657,1.7146865616499556,0.16666666666666646,9.109550200095427,2359.0947416329004,2360.096693150419,377.37380678613476,698.5444423623012,1680.7880252445093,3302.8254118449927,19116.335526430008,5570056.4010195425,2604.2809694826915,1302.1404847413457,1.0013135575691414,0.8586496712143032,0.26239137353764586,complex_number
