nameseq,average,median,maximum,minimum,peak,none_levated_peak,sample_standard_deviation,population_standard_deviation,percentile15,percentile25,percentile50,percentile75,amplitude,variance,interquartile_range,semi_interquartile_range,coefficient_of_variation,skewness,kurtosis,label
2_59401477_59401832,712.0000000000002,444.73949991275356,17552.000000000004,1.7813366142542495,0.16666666666666663,5.194915447113099,1149.984347719568,1151.6029049564895,99.28802341683206,172.45856923148128,444.73949991275356,889.4504324337988,17550.21866338575,1326189.2507042256,716.9918632023175,358.49593160115876,1.6151465557859095,0.6972107940874863,0.24305213375571041,complex_number
