nameseq,average,median,maximum,minimum,peak,none_levated_peak,sample_standard_deviation,population_standard_deviation,percentile15,percentile25,percentile50,percentile75,amplitude,variance,interquartile_range,semi_interquartile_range,coefficient_of_variation,skewness,kurtosis,label
2_67266073_67266234,324.0,215.0490674341747,5072.000000000001,0.08152219145298063,0.16666666666666666,3.45560289437268,471.64393349220563,473.1063988113808,58.08638720370075,86.50674799666248,215.0490674341747,453.16753971446536,5071.918477808548,223829.66459627333,366.6607917178029,183.33039585890145,1.455691152753721,0.6930075306542186,0.2949278605019825,complex_number
