nameseq,average,median,maximum,minimum,peak,none_levated_peak,sample_standard_deviation,population_standard_deviation,percentile15,percentile25,percentile50,percentile75,amplitude,variance,interquartile_range,semi_interquartile_range,coefficient_of_variation,skewness,kurtosis,label
2_86186272_86186382,221.99999999999994,128.99066066265917,1266.71152703872,0.7888673989402558,0.1666666666666667,2.8218291167784,240.51611172642882,241.60689333934764,44.948898844813876,72.34621204622525,128.99066066265917,300.41236983950387,1265.9226596397798,58373.89090909091,228.06615779327862,114.03307889663931,1.0834059086776076,1.1601219394790412,0.23450714404508602,complex_number
