nameseq,average,median,maximum,minimum,peak,none_levated_peak,sample_standard_deviation,population_standard_deviation,percentile15,percentile25,percentile50,percentile75,amplitude,variance,interquartile_range,semi_interquartile_range,coefficient_of_variation,skewness,kurtosis,label
2_88806056_88812838,13565.999999999956,8895.081122579255,1015618.0,1.1610363689184284,0.1666666666666672,22.2273585495741,20372.62457318644,20374.126480709816,2042.0083366461618,3637.0877001546505,8895.081122579255,18180.998493913354,1015616.8389636311,415105029.851961,14543.910793758703,7271.955396879352,1.5017414546061112,0.6878228468758554,0.25174847193709393,complex_number
