nameseq,average,median,maximum,minimum,peak,none_levated_peak,sample_standard_deviation,population_standard_deviation,percentile15,percentile25,percentile50,percentile75,amplitude,variance,interquartile_range,semi_interquartile_range,coefficient_of_variation,skewness,kurtosis,label
2_88800877_88804092,6431.999999999988,4078.369187558604,284275.47255984915,0.05593090817018899,0.16666666666666696,15.435502260475122,10176.198111279084,10177.780600692473,984.1386890463914,1689.251869199542,4078.369187558604,8292.67230223192,284275.41662894096,103587217.95583202,6603.420433032378,3301.710216516189,1.582120353121751,0.6938634999153571,0.2507918983765194,complex_number
