nameseq,average,median,maximum,minimum,peak,none_levated_peak,sample_standard_deviation,population_standard_deviation,percentile15,percentile25,percentile50,percentile75,amplitude,variance,interquartile_range,semi_interquartile_range,coefficient_of_variation,skewness,kurtosis,label
2_90161104_90161448,690.0,509.32599160992567,3794.470295715475,0.8598059626569765,0.16666666666666666,4.90861644519636,651.9631891449087,652.9101223805438,116.4077382638586,190.4217718478291,509.32599160992567,1011.5447944328291,3793.610489752818,426291.62790697673,821.1230225850001,410.56151129250003,0.9448741871665344,0.8313690622335894,0.28684344203260725,complex_number
