nameseq,average,median,maximum,minimum,peak,none_levated_peak,sample_standard_deviation,population_standard_deviation,percentile15,percentile25,percentile50,percentile75,amplitude,variance,interquartile_range,semi_interquartile_range,coefficient_of_variation,skewness,kurtosis,label
2_9021541_9023447,3814.000000000008,2512.5311492337314,242601.99999999997,0.3056716052826592,0.1666666666666663,11.8473624128664,6696.5955529657,6698.352037075373,520.6378304912462,989.9689715663269,2512.5311492337314,5020.1457377560655,242601.6943283947,44867920.0125918,4030.1767661897384,2015.0883830948692,1.7557932755547159,0.5830435064231553,0.24024012084915433,complex_number
