nameseq,average,median,maximum,minimum,peak,none_levated_peak,sample_standard_deviation,population_standard_deviation,percentile15,percentile25,percentile50,percentile75,amplitude,variance,interquartile_range,semi_interquartile_range,coefficient_of_variation,skewness,kurtosis,label
2_91759042_91766938,15793.999999999978,10253.97961254296,2217130.0000000005,3.792348143389137,0.1666666666666669,24.05694823586202,30761.918795809866,30763.86667732493,2319.621655264099,4246.993705849376,10253.97961254296,20870.834339921315,2217126.2076518573,946415492.9402232,16623.840634071938,8311.920317035969,1.9476965173996397,0.5402803795397477,0.24461600527093827,complex_number
