nameseq,average,median,maximum,minimum,peak,none_levated_peak,sample_standard_deviation,population_standard_deviation,percentile15,percentile25,percentile50,percentile75,amplitude,variance,interquartile_range,semi_interquartile_range,coefficient_of_variation,skewness,kurtosis,label
2_92053997_92060052,12111.999999999993,8060.103685643846,642451.9999999999,3.5916791273801563,0.16666666666666677,20.909711623921346,15587.665380036864,15588.952499925112,1923.5283219052876,3376.3815032315806,8060.103685643846,16222.31299093389,642448.4083208725,243015440.0449214,12845.93148770231,6422.965743851155,1.2869604838207458,0.7798274242296888,0.24637175510687823,complex_number
