nameseq,average,median,maximum,minimum,peak,none_levated_peak,sample_standard_deviation,population_standard_deviation,percentile15,percentile25,percentile50,percentile75,amplitude,variance,interquartile_range,semi_interquartile_range,coefficient_of_variation,skewness,kurtosis,label
3_103882924_103883219,592.0000000000003,397.8713743743088,4057.274772807644,0.18096643022166378,0.16666666666666657,4.64306943318403,645.9225959819024,647.0164538289762,89.74249619482167,155.0414375000168,397.8713743743088,800.7773507560177,4057.093806377422,418630.2915254237,645.7359132560009,322.86795662800046,1.0910854661856453,0.9016341594177518,0.2713403313892483,complex_number
