nameseq,average,median,maximum,minimum,peak,none_levated_peak,sample_standard_deviation,population_standard_deviation,percentile15,percentile25,percentile50,percentile75,amplitude,variance,interquartile_range,semi_interquartile_range,coefficient_of_variation,skewness,kurtosis,label
3_114316495_114363766,94544.00000000032,62754.88876004741,45399028.00000001,0.9225374222914985,0.1666666666666661,58.536657466369526,233691.3592925507,233693.83110532587,14554.967878577605,25835.756002447088,62754.88876004741,127321.83927840897,45399027.077462584,54612806696.68458,101486.08327596188,50743.04163798094,2.471773558264405,0.4080909709651328,0.24794217513209826,complex_number
