nameseq,average,median,maximum,minimum,peak,none_levated_peak,sample_standard_deviation,population_standard_deviation,percentile15,percentile25,percentile50,percentile75,amplitude,variance,interquartile_range,semi_interquartile_range,coefficient_of_variation,skewness,kurtosis,label
3_110306042_110306134,185.99999999999991,139.2066489312165,754.9322008174645,0.9377606280095758,0.16666666666666674,2.5309156240022275,166.03614064413807,166.93607211718214,33.91406495334342,63.12666944627067,139.2066489312165,264.36614641029735,753.994440189455,27867.652173913033,201.23947696402666,100.61973848201333,0.8926674228179471,0.8454788979179176,0.2474263294186184,complex_number
