nameseq,average,median,maximum,minimum,peak,none_levated_peak,sample_standard_deviation,population_standard_deviation,percentile15,percentile25,percentile50,percentile75,amplitude,variance,interquartile_range,semi_interquartile_range,coefficient_of_variation,skewness,kurtosis,label
3_11695876_11696235,719.9999999999999,462.62194930875955,6344.0,1.9475604940264206,0.16666666666666669,5.096284683858093,797.3556295656286,798.4653804569743,110.46681052718654,183.7924084816889,462.62194930875955,919.9131775620011,6342.052439505974,637546.9637883008,736.1207690803122,368.0603845401561,1.1074383743967067,0.9683685967005119,0.2272123632672881,complex_number
