nameseq,average,median,maximum,minimum,peak,none_levated_peak,sample_standard_deviation,population_standard_deviation,percentile15,percentile25,percentile50,percentile75,amplitude,variance,interquartile_range,semi_interquartile_range,coefficient_of_variation,skewness,kurtosis,label
3_116840112_116844651,9080.000000000004,6063.130137021812,192994.98821255637,1.298703509961336,0.1666666666666666,18.163882224299858,10606.373178424376,10607.541474201276,1343.2286615083885,2437.597724710269,6063.130137021812,12059.737035666689,192993.6895090464,112519936.12690018,9622.13931095642,4811.06965547821,1.168102772954226,0.8533180415851712,0.23726357502270984,complex_number
