nameseq,average,median,maximum,minimum,peak,none_levated_peak,sample_standard_deviation,population_standard_deviation,percentile15,percentile25,percentile50,percentile75,amplitude,variance,interquartile_range,semi_interquartile_range,coefficient_of_variation,skewness,kurtosis,label
3_129827872_129828078,414.0000000000002,288.8617834932975,3119.3019077349736,1.165097568973371,0.16666666666666657,3.8180235871634713,410.29745307520494,411.29211502713633,74.30997063574327,114.31027419578945,288.8617834932975,628.9401864954502,3118.136810166,169161.20388349515,514.6299122996608,257.3149561498304,0.991056649940108,0.9149816717270656,0.2744126068559711,complex_number
