nameseq,average,median,maximum,minimum,peak,none_levated_peak,sample_standard_deviation,population_standard_deviation,percentile15,percentile25,percentile50,percentile75,amplitude,variance,interquartile_range,semi_interquartile_range,coefficient_of_variation,skewness,kurtosis,label
3_124467038_124467576,1078.0,705.5808134509604,11236.873007762708,0.4570670982772827,0.16666666666666666,6.205444439366679,1162.855107053325,1163.935325685745,187.31468433085547,318.8362246359982,705.5808134509604,1534.4143177190767,11236.41594066443,1354745.4423791815,1215.5780930830786,607.7890465415393,1.078715312665422,0.9607882812487702,0.26464621735627075,complex_number
