nameseq,average,median,maximum,minimum,peak,none_levated_peak,sample_standard_deviation,population_standard_deviation,percentile15,percentile25,percentile50,percentile75,amplitude,variance,interquartile_range,semi_interquartile_range,coefficient_of_variation,skewness,kurtosis,label
3_138844984_138850257,10547.999999999984,6973.927732543017,182673.44174550995,0.33269523826784964,0.16666666666666693,19.481472649839116,11795.155615760226,11796.274011023324,1589.099657319861,2947.608131360084,6973.927732543017,14208.943604858085,182673.10905027168,139152080.54314432,11261.335473498,5630.667736749,1.118236216890429,0.9090356373123466,0.23928677747992047,complex_number
