nameseq,average,median,maximum,minimum,peak,none_levated_peak,sample_standard_deviation,population_standard_deviation,percentile15,percentile25,percentile50,percentile75,amplitude,variance,interquartile_range,semi_interquartile_range,coefficient_of_variation,skewness,kurtosis,label
3_141840703_141843346,5288.000000000001,3694.0254322507735,110392.38218792867,1.4282835629375215,0.16666666666666666,13.759201387804508,6075.699795085335,6076.8490809738105,865.3935353372046,1503.89901395108,3694.0254322507735,7110.77123940743,110390.95390436573,36928094.75293225,5606.87222545635,2803.436112728175,1.1489598704775592,0.7870572715122964,0.2577191007490971,complex_number
