nameseq,average,median,maximum,minimum,peak,none_levated_peak,sample_standard_deviation,population_standard_deviation,percentile15,percentile25,percentile50,percentile75,amplitude,variance,interquartile_range,semi_interquartile_range,coefficient_of_variation,skewness,kurtosis,label
3_141520108_141530708,21202.000000000007,13896.236632287928,2817521.9999999986,4.911618524733268,0.1666666666666666,27.75054227601753,36826.299298191756,36828.03634681414,3230.394020149432,5704.129154684284,13896.236632287928,28699.125916927103,2817517.088381474,1356304261.162263,22994.99676224282,11497.49838112141,1.736925728619552,0.5951532062906039,0.25262356703106886,complex_number
