nameseq,average,median,maximum,minimum,peak,none_levated_peak,sample_standard_deviation,population_standard_deviation,percentile15,percentile25,percentile50,percentile75,amplitude,variance,interquartile_range,semi_interquartile_range,coefficient_of_variation,skewness,kurtosis,label
3_16795488_16795563,151.99999999999991,85.66697359844395,849.7837706388226,0.17722545961799432,0.16666666666666674,2.356425887935438,170.03529045465825,171.16510547811234,33.66617421130151,43.90215818789862,85.66697359844395,179.2861012532618,849.6065451792047,29297.49333333332,135.38394306536316,67.69197153268158,1.118653226675384,1.1703398669332892,0.18111159863224371,complex_number
