nameseq,average,median,maximum,minimum,peak,none_levated_peak,sample_standard_deviation,population_standard_deviation,percentile15,percentile25,percentile50,percentile75,amplitude,variance,interquartile_range,semi_interquartile_range,coefficient_of_variation,skewness,kurtosis,label
3_18849458_18851762,4610.000000000003,3062.243829559332,65229.23898581835,0.0077938633047617565,0.16666666666666657,12.876768520792194,5122.939781024172,5124.051409502271,713.8518816194705,1292.9898824252034,3062.243829559332,6274.28617637254,65229.23119195505,26255902.847222213,4981.296293947336,2490.648146973668,1.111266763779646,0.9063679664010682,0.2473008711057378,complex_number
