nameseq,average,median,maximum,minimum,peak,none_levated_peak,sample_standard_deviation,population_standard_deviation,percentile15,percentile25,percentile50,percentile75,amplitude,variance,interquartile_range,semi_interquartile_range,coefficient_of_variation,skewness,kurtosis,label
3_18204457_18205139,1365.9999999999995,904.0863421379203,31377.999999999996,0.6433610390627718,0.1666666666666667,7.083852118149687,1761.5742959069307,1762.8652995949883,179.98835298986882,333.51754972944843,904.0863421379203,1902.849282104009,31377.356638960933,3107694.0645161276,1569.3317323745605,784.6658661872802,1.2895858681602719,0.7866491789793071,0.2559217532509113,complex_number
