nameseq,average,median,maximum,minimum,peak,none_levated_peak,sample_standard_deviation,population_standard_deviation,percentile15,percentile25,percentile50,percentile75,amplitude,variance,interquartile_range,semi_interquartile_range,coefficient_of_variation,skewness,kurtosis,label
3_20515790_20529752,27925.99999999996,18704.223554408956,1822179.7554949797,0.5317141088136922,0.1666666666666669,31.726401827671623,35723.83193331867,35725.11123400247,4272.7318846849885,7752.975526237622,18704.223554408956,37976.174358144155,1822179.223780871,1276283572.6818495,30223.198831906535,15111.599415953267,1.2792319678191906,0.7744222229130547,0.2485868581511172,complex_number
