nameseq,average,median,maximum,minimum,peak,none_levated_peak,sample_standard_deviation,population_standard_deviation,percentile15,percentile25,percentile50,percentile75,amplitude,variance,interquartile_range,semi_interquartile_range,coefficient_of_variation,skewness,kurtosis,label
3_2359747_2359911,330.0000000000001,202.01424177109672,1925.7431381844062,0.4665733296548709,0.1666666666666666,3.469373839407511,350.9301924884777,351.99847560645526,41.189510324590415,79.82761185163027,202.01424177109672,443.74622181809065,1925.2765648547513,123902.92682926828,363.9186099664604,181.9593049832302,1.0634248257226593,1.0941129686335465,0.21154785607021892,complex_number
