nameseq,average,median,maximum,minimum,peak,none_levated_peak,sample_standard_deviation,population_standard_deviation,percentile15,percentile25,percentile50,percentile75,amplitude,variance,interquartile_range,semi_interquartile_range,coefficient_of_variation,skewness,kurtosis,label
3_2436109_2447748,23280.000000000055,15330.787082476432,1343700.0,1.297771971297014,0.16666666666666627,29.048473045334738,31665.692476243115,31667.052774049713,3564.796692983572,6384.4874926239745,15330.787082476432,31024.830854567106,1343698.7022280288,1002802231.3944497,24640.34336194313,12320.171680971565,1.36021015791422,0.7531064975276422,0.2424537978044723,complex_number
