nameseq,average,median,maximum,minimum,peak,none_levated_peak,sample_standard_deviation,population_standard_deviation,percentile15,percentile25,percentile50,percentile75,amplitude,variance,interquartile_range,semi_interquartile_range,coefficient_of_variation,skewness,kurtosis,label
3_28086576_28088614,4077.9999999999964,2765.009968432029,38507.68184377576,0.351232124855915,0.1666666666666668,12.080912717475474,4374.331491782489,4375.404552387808,667.8413406423203,1126.554753088296,2765.009968432029,5505.245862821739,38507.330611650905,19144164.99705595,4378.691109733443,2189.3455548667216,1.072665888127144,0.9004736157064351,0.25165401822020406,complex_number
