nameseq,average,median,maximum,minimum,peak,none_levated_peak,sample_standard_deviation,population_standard_deviation,percentile15,percentile25,percentile50,percentile75,amplitude,variance,interquartile_range,semi_interquartile_range,coefficient_of_variation,skewness,kurtosis,label
3_31524973_31525020,96.0,64.0,581.3901381726322,0.5331308744635692,0.16666666666666666,1.8649432328996451,112.85388783732705,114.04814213043653,17.382470017332853,28.592841470909402,64.0,110.3775144761932,580.8570072981686,13006.97872340425,81.78467300528379,40.892336502641896,1.1755613316388234,0.8506574460100033,0.19205167442463494,complex_number
