nameseq,average,median,maximum,minimum,peak,none_levated_peak,sample_standard_deviation,population_standard_deviation,percentile15,percentile25,percentile50,percentile75,amplitude,variance,interquartile_range,semi_interquartile_range,coefficient_of_variation,skewness,kurtosis,label
3_43739575_43740908,2667.9999999999945,1708.0830188508771,43136.00000000001,0.859916062975382,0.16666666666666702,9.82661456377805,3058.0228906926127,3059.1697209938293,398.78075121744615,704.5765342519987,1708.0830188508771,3607.249643831332,43135.14008393703,9358519.381845463,2902.673109579333,1451.3365547896665,1.1461854912641,0.9417035275347846,0.24845080300404673,complex_number
