nameseq,average,median,maximum,minimum,peak,none_levated_peak,sample_standard_deviation,population_standard_deviation,percentile15,percentile25,percentile50,percentile75,amplitude,variance,interquartile_range,semi_interquartile_range,coefficient_of_variation,skewness,kurtosis,label
3_48283715_48283873,317.9999999999999,199.20580743711704,3106.0,2.35772071678689,0.1666666666666667,3.392056887779979,396.17167995706103,397.4234103429333,65.62600668200427,94.87323027455915,199.20580743711704,371.97254270749204,3103.642279283213,157945.36708860757,277.0993124329329,138.54965621646645,1.2458228929467332,0.8995660106933312,0.19697576860224772,complex_number
