nameseq,average,median,maximum,minimum,peak,none_levated_peak,sample_standard_deviation,population_standard_deviation,percentile15,percentile25,percentile50,percentile75,amplitude,variance,interquartile_range,semi_interquartile_range,coefficient_of_variation,skewness,kurtosis,label
3_52985772_52990069,8596.000000000027,5794.440273542357,351705.34260737983,1.196424688844943,0.16666666666666616,17.553129121124552,10326.039318150977,10327.24078878372,1369.4784254054584,2472.901611554151,5794.440273542357,11609.424939636741,351704.146182691,106651902.3095182,9136.52332808259,4568.261664041295,1.2012609723302634,0.8139305807793482,0.24760384742356703,complex_number
