nameseq,average,median,maximum,minimum,peak,none_levated_peak,sample_standard_deviation,population_standard_deviation,percentile15,percentile25,percentile50,percentile75,amplitude,variance,interquartile_range,semi_interquartile_range,coefficient_of_variation,skewness,kurtosis,label
3_52728014_52728749,1472.0000000000014,1038.990341530141,9419.832610829375,3.4519421043072076,0.16666666666666652,7.18770452749479,1474.3893651271362,1475.3920101699987,246.1938317421689,447.83490376395747,1038.990341530141,1992.4844629177192,9416.380668725067,2176781.5836734693,1544.6495591537616,772.3247795768808,1.001623210004847,0.8810623612288239,0.23865084052509603,complex_number
