nameseq,average,median,maximum,minimum,peak,none_levated_peak,sample_standard_deviation,population_standard_deviation,percentile15,percentile25,percentile50,percentile75,amplitude,variance,interquartile_range,semi_interquartile_range,coefficient_of_variation,skewness,kurtosis,label
3_54852011_54858648,13275.999999999998,8991.005201333783,223119.99999999994,0.5822321678468605,0.16666666666666669,21.82772380169772,14487.642734413348,14488.73412337376,2029.839271381623,3656.6207582029565,8991.005201333783,18251.367359570613,223119.41776783208,209923416.4978152,14594.746601367657,7297.373300683828,1.0912656473646694,0.8873068332547605,0.2509071259836443,complex_number
