nameseq,average,median,maximum,minimum,peak,none_levated_peak,sample_standard_deviation,population_standard_deviation,percentile15,percentile25,percentile50,percentile75,amplitude,variance,interquartile_range,semi_interquartile_range,coefficient_of_variation,skewness,kurtosis,label
3_54805919_54806596,1355.999999999999,978.4252523246316,26896.0,0.5159920078586748,0.16666666666666677,6.960904364189471,1599.8649943042067,1601.0461424859923,211.39757815998107,364.9475757049092,978.4252523246316,1836.5618850052456,26895.48400799214,2563348.750369276,1471.6143093003363,735.8071546501682,1.179841441227292,0.7080123929574025,0.260864865500424,complex_number
