nameseq,average,median,maximum,minimum,peak,none_levated_peak,sample_standard_deviation,population_standard_deviation,percentile15,percentile25,percentile50,percentile75,amplitude,variance,interquartile_range,semi_interquartile_range,coefficient_of_variation,skewness,kurtosis,label
3_55713522_55717538,8033.99999999997,5226.280611805209,468290.00000000006,0.9991622119203628,0.1666666666666673,17.07882256210269,11568.011065001623,11569.451215777823,1269.5813930905078,2190.5869105302354,5226.280611805209,10610.393919506823,468289.00083778816,133852201.43426295,8419.807008976588,4209.903504488294,1.439881885113476,0.7281422983824835,0.24151277742437746,complex_number
