nameseq,average,median,maximum,minimum,peak,none_levated_peak,sample_standard_deviation,population_standard_deviation,percentile15,percentile25,percentile50,percentile75,amplitude,variance,interquartile_range,semi_interquartile_range,coefficient_of_variation,skewness,kurtosis,label
3_56767711_56767836,252.00000000000009,158.90046526827595,2246.66530357914,0.4016174461617475,0.1666666666666666,3.0770551897579783,313.3049632546538,314.55568664387545,27.640638800598055,51.375478425365145,158.90046526827595,307.6494611750812,2246.2636861329784,98945.27999999997,256.2739827497161,128.13699137485804,1.2432736637089432,0.8914592392465833,0.2394796359025553,complex_number
