nameseq,average,median,maximum,minimum,peak,none_levated_peak,sample_standard_deviation,population_standard_deviation,percentile15,percentile25,percentile50,percentile75,amplitude,variance,interquartile_range,semi_interquartile_range,coefficient_of_variation,skewness,kurtosis,label
3_60608428_60609619,2384.000000000003,1608.635305272384,31399.999999999996,2.6610102936247446,0.16666666666666644,9.217546768686066,2499.0174069021614,2500.0663124706575,383.6379795783348,653.6736494547204,1608.635305272384,3222.496464667736,31397.33898970637,6250331.566750632,2568.8228152130155,1284.4114076065077,1.0482455565864757,0.9308034741007813,0.2391507330500712,complex_number
