nameseq,average,median,maximum,minimum,peak,none_levated_peak,sample_standard_deviation,population_standard_deviation,percentile15,percentile25,percentile50,percentile75,amplitude,variance,interquartile_range,semi_interquartile_range,coefficient_of_variation,skewness,kurtosis,label
3_62556171_62580218,48096.00000000011,32116.5690805918,7655056.0,3.437881316789486,0.1666666666666663,41.66944828779987,73662.30601875018,73663.83763475672,7479.196441735239,13323.475709396032,32116.5690805918,64546.05098963671,7655052.562118683,5426360975.079802,51222.57528024068,25611.28764012034,1.5315682389127998,0.6507845782892352,0.24611116765946348,complex_number
