nameseq,average,median,maximum,minimum,peak,none_levated_peak,sample_standard_deviation,population_standard_deviation,percentile15,percentile25,percentile50,percentile75,amplitude,variance,interquartile_range,semi_interquartile_range,coefficient_of_variation,skewness,kurtosis,label
3_82416914_82418716,3606.0000000000014,2428.988134089362,197457.99999999994,1.8342859077150733,0.1666666666666666,11.483445080369318,5795.720490154781,5797.328402653508,561.4038661311332,936.8597651530923,2428.988134089362,4798.254988135819,197456.16571409223,33609016.608213075,3861.395222982727,1930.6976114913634,1.6072436190113086,0.609248773078361,0.247545746234416,complex_number
