nameseq,average,median,maximum,minimum,peak,none_levated_peak,sample_standard_deviation,population_standard_deviation,percentile15,percentile25,percentile50,percentile75,amplitude,variance,interquartile_range,semi_interquartile_range,coefficient_of_variation,skewness,kurtosis,label
3_94320414_94320509,191.9999999999999,132.567372905026,1188.9099071691546,2.888816201958607,0.16666666666666677,2.649566391472939,208.34586628968663,209.43955289245022,20.351561880207058,51.630305751569225,132.567372905026,257.0999715196007,1186.021090967196,43864.92631578945,205.46966576803146,102.73483288401573,1.085134720258785,0.8557783480907375,0.2585473576156159,complex_number
