nameseq,average,median,maximum,minimum,peak,none_levated_peak,sample_standard_deviation,population_standard_deviation,percentile15,percentile25,percentile50,percentile75,amplitude,variance,interquartile_range,semi_interquartile_range,coefficient_of_variation,skewness,kurtosis,label
4_107459441_107459518,156.0,119.66890110234354,536.7096824336824,1.0271536429100019,0.16666666666666666,2.3448001706286545,142.54823744964366,143.47088939536164,20.702641595908986,32.22978740346808,119.66890110234354,206.5193083388226,535.6825287907724,20583.896103896095,174.28952093535452,87.14476046767726,0.9137707528823312,0.7646064142425624,0.24465017458885807,complex_number
