nameseq,average,median,maximum,minimum,peak,none_levated_peak,sample_standard_deviation,population_standard_deviation,percentile15,percentile25,percentile50,percentile75,amplitude,variance,interquartile_range,semi_interquartile_range,coefficient_of_variation,skewness,kurtosis,label
4_107461234_107461311,155.99999999999994,94.61338911049674,969.1026105497481,1.1189350374687588,0.16666666666666674,2.3722373942242183,175.77258034175864,176.91027882304283,28.263904698330467,42.892289195864215,94.61338911049674,200.88422750141274,967.9836755122793,31297.246753246756,157.99193830554853,78.99596915277426,1.1267473098830687,1.0477164999822124,0.22014784595379022,complex_number
