nameseq,average,median,maximum,minimum,peak,none_levated_peak,sample_standard_deviation,population_standard_deviation,percentile15,percentile25,percentile50,percentile75,amplitude,variance,interquartile_range,semi_interquartile_range,coefficient_of_variation,skewness,kurtosis,label
4_128334843_128346470,23255.999999999913,14394.059125790656,4563976.0,1.576618142295643,0.1666666666666673,29.745805104103308,67992.38804454508,67995.3118824292,3412.7043852409956,6057.186134924748,14394.059125790656,29472.921710225542,4563974.423381858,4623362437.988818,23415.735575300794,11707.867787650397,2.9236492967210754,0.391011749803671,0.2463155398290203,complex_number
