nameseq,average,median,maximum,minimum,peak,none_levated_peak,sample_standard_deviation,population_standard_deviation,percentile15,percentile25,percentile50,percentile75,amplitude,variance,interquartile_range,semi_interquartile_range,coefficient_of_variation,skewness,kurtosis,label
4_120491872_120509911,36079.99999999988,23742.94812243175,4891824.012828004,1.7026252771716321,0.16666666666666718,36.32453496126891,62807.95274485549,62809.69361414764,5471.401517431192,9678.960967242903,23742.94812243175,48007.31895782719,4891822.310202726,3945057611.9030986,38328.35799058429,19164.178995292146,1.7407969164316988,0.5892749885202385,0.2481759044388558,complex_number
