nameseq,average,median,maximum,minimum,peak,none_levated_peak,sample_standard_deviation,population_standard_deviation,percentile15,percentile25,percentile50,percentile75,amplitude,variance,interquartile_range,semi_interquartile_range,coefficient_of_variation,skewness,kurtosis,label
4_128034110_128035572,2926.0000000000014,2034.0895261081698,19866.623350766076,0.005244977308627918,0.1666666666666666,10.162787566068912,2866.7179840367976,2867.6982261526523,484.8395936915979,846.4850530564065,2034.0895261081698,4025.0263353598884,19866.618105788766,8223693.116279069,3178.541282303482,1589.270641151741,0.9797395707576201,0.9333779731997345,0.24332336965387397,complex_number
