nameseq,average,median,maximum,minimum,peak,none_levated_peak,sample_standard_deviation,population_standard_deviation,percentile15,percentile25,percentile50,percentile75,amplitude,variance,interquartile_range,semi_interquartile_range,coefficient_of_variation,skewness,kurtosis,label
4_129334165_129334584,840.0000000000002,597.176498596366,7764.667236144252,0.3204716291893094,0.16666666666666663,5.464324132032335,870.3102894944997,871.3482270004898,140.28885296861768,246.87622166911643,597.176498596366,1194.235191170403,7764.346764515062,759247.7326968972,947.3589695012865,473.67948475064327,1.0360836779696423,0.8370238902196809,0.26188173580358576,complex_number
