nameseq,average,median,maximum,minimum,peak,none_levated_peak,sample_standard_deviation,population_standard_deviation,percentile15,percentile25,percentile50,percentile75,amplitude,variance,interquartile_range,semi_interquartile_range,coefficient_of_variation,skewness,kurtosis,label
4_127528616_127528747,264.0,174.22356799439262,1438.335394997893,1.4573109866312968,0.16666666666666666,3.102590268872684,284.3378272407665,285.42102288609277,36.19559128520913,64.5485760586873,174.22356799439262,343.00899535592856,1436.8780840112618,81465.1603053435,278.4604192972413,139.23020964862064,1.077037224396843,0.9472158475374586,0.22771835157449452,complex_number
