nameseq,average,median,maximum,minimum,peak,none_levated_peak,sample_standard_deviation,population_standard_deviation,percentile15,percentile25,percentile50,percentile75,amplitude,variance,interquartile_range,semi_interquartile_range,coefficient_of_variation,skewness,kurtosis,label
4_124626872_124630588,7434.000000000018,5150.907604555332,338050.0,0.49292542116789195,0.16666666666666627,16.307147694289167,9140.260827788232,9141.490597161814,1169.5094590953654,2066.89496311529,5150.907604555332,10133.002131482352,338049.50707457884,83566850.33799785,8066.107168367062,4033.053584183531,1.229521230533792,0.7493524873503475,0.246979449303643,complex_number
