nameseq,average,median,maximum,minimum,peak,none_levated_peak,sample_standard_deviation,population_standard_deviation,percentile15,percentile25,percentile50,percentile75,amplitude,variance,interquartile_range,semi_interquartile_range,coefficient_of_variation,skewness,kurtosis,label
4_127016013_127020414,8804.000000000011,5965.847229687801,199633.12158697523,1.9217445457987192,0.16666666666666646,17.770828304136053,9854.260398426663,9855.379882712969,1351.8907746607497,2470.696409708389,5965.847229687801,11928.792888283133,199631.19984242943,97128512.6325835,9458.096478574744,4729.048239287372,1.1192935482083883,0.8640382907169831,0.23876349179459452,complex_number
