nameseq,average,median,maximum,minimum,peak,none_levated_peak,sample_standard_deviation,population_standard_deviation,percentile15,percentile25,percentile50,percentile75,amplitude,variance,interquartile_range,semi_interquartile_range,coefficient_of_variation,skewness,kurtosis,label
4_132911424_132911497,147.99999999999997,97.82772833121109,555.5368590115368,1.1125524064115857,0.1666666666666667,2.31433724838637,141.92955999368135,142.8983736978117,20.166954688075407,32.80242472491861,97.82772833121109,239.1763694951755,554.4243066051251,20419.945205479446,206.37394477025688,103.18697238512844,0.9589835134708201,1.0605036400667176,0.2771137522757673,complex_number
