nameseq,average,median,maximum,minimum,peak,none_levated_peak,sample_standard_deviation,population_standard_deviation,percentile15,percentile25,percentile50,percentile75,amplitude,variance,interquartile_range,semi_interquartile_range,coefficient_of_variation,skewness,kurtosis,label
4_131510086_131510440,709.9999999999999,503.0830231984028,4709.375036346938,0.9155211705384682,0.16666666666666669,5.019875396488284,727.8736154031138,728.9009604668466,106.98699881739441,221.04375215507983,503.0830231984028,973.8298447461814,4708.4595151764,531296.6101694915,752.7860925911016,376.3930462955508,1.025174106201569,0.8528279048293357,0.27128662091917694,complex_number
