nameseq,average,median,maximum,minimum,peak,none_levated_peak,sample_standard_deviation,population_standard_deviation,percentile15,percentile25,percentile50,percentile75,amplitude,variance,interquartile_range,semi_interquartile_range,coefficient_of_variation,skewness,kurtosis,label
4_130557840_130566446,17213.999999999996,11034.452315155475,1480978.0,1.8848309246070452,0.1666666666666667,25.13565402629754,26428.897971727838,26430.433419686826,2595.587660108124,4525.163600180316,11034.452315155475,22337.258475517403,1480976.1151690753,698567810.7524981,17812.094875337087,8906.047437668543,1.5353141612482772,0.701453502691076,0.23791002372718575,complex_number
