nameseq,average,median,maximum,minimum,peak,none_levated_peak,sample_standard_deviation,population_standard_deviation,percentile15,percentile25,percentile50,percentile75,amplitude,variance,interquartile_range,semi_interquartile_range,coefficient_of_variation,skewness,kurtosis,label
4_131130035_131145575,31081.999999999956,21055.54776795717,4203418.0,6.4306455647798675,0.16666666666666688,33.429433530344795,47450.48804806964,47452.014744488944,4799.553607064995,8618.026944732348,21055.54776795717,42301.89015649998,4203411.569354435,2251693703.3111963,33683.86321176763,16841.931605883816,1.5266227413959752,0.6339103754982776,0.2499364691124094,complex_number
