nameseq,average,median,maximum,minimum,peak,none_levated_peak,sample_standard_deviation,population_standard_deviation,percentile15,percentile25,percentile50,percentile75,amplitude,variance,interquartile_range,semi_interquartile_range,coefficient_of_variation,skewness,kurtosis,label
4_145462481_145465615,6270.000000000016,4181.067549282308,169282.00000000003,2.7575238053909192,0.16666666666666624,15.005853888901871,7225.427876603571,7226.580533207634,1001.5365964128215,1714.9346286789337,4181.067549282308,8387.01873762067,169279.24247619463,52223466.20293554,6672.084108941737,3336.0420544708686,1.152380841563565,0.8673254316807232,0.24791397689175332,complex_number
