nameseq,average,median,maximum,minimum,peak,none_levated_peak,sample_standard_deviation,population_standard_deviation,percentile15,percentile25,percentile50,percentile75,amplitude,variance,interquartile_range,semi_interquartile_range,coefficient_of_variation,skewness,kurtosis,label
4_145984699_145984907,418.00000000000006,235.62218925357263,5018.000000000001,4.92545793218546,0.16666666666666666,4.003954873729259,548.6273780991977,549.9446125957385,48.84552750579531,73.45904730477824,235.62218925357263,593.1874133819497,5013.074542067816,302439.07692307694,519.7283660771715,259.86418303858574,1.3125056892325302,0.9972769389214744,0.26642660539157287,complex_number
