nameseq,average,median,maximum,minimum,peak,none_levated_peak,sample_standard_deviation,population_standard_deviation,percentile15,percentile25,percentile50,percentile75,amplitude,variance,interquartile_range,semi_interquartile_range,coefficient_of_variation,skewness,kurtosis,label
4_15343329_15343750,843.9999999999999,603.8802383183851,8776.0,0.03848354348419772,0.16666666666666669,5.476181663010491,866.8933037000573,867.9222575384509,121.67989363903021,228.44009891765666,603.8802383183851,1146.446881569906,8775.961516456517,753289.0451306412,918.0067826522494,459.0033913261247,1.0271247674171298,0.8309664891518032,0.2573763125024579,complex_number
