nameseq,average,median,maximum,minimum,peak,none_levated_peak,sample_standard_deviation,population_standard_deviation,percentile15,percentile25,percentile50,percentile75,amplitude,variance,interquartile_range,semi_interquartile_range,coefficient_of_variation,skewness,kurtosis,label
4_151409749_151409850,204.00000000000009,133.5204872788717,975.502729075394,9.636459744825183,0.1666666666666666,2.6574302543146686,206.64946164943183,207.66995902438106,38.11075775419271,79.25343273289218,133.5204872788717,261.5154826942719,965.8662693305688,43126.81188118811,182.26204996137972,91.13102498068986,1.0129875571050575,1.0231748801846756,0.21558806890725712,complex_number
