nameseq,average,median,maximum,minimum,peak,none_levated_peak,sample_standard_deviation,population_standard_deviation,percentile15,percentile25,percentile50,percentile75,amplitude,variance,interquartile_range,semi_interquartile_range,coefficient_of_variation,skewness,kurtosis,label
4_162067634_162067813,359.9999999999999,256.41881307418055,1831.9999999999998,1.7485672005154773,0.1666666666666667,3.546826767502731,349.99428566763766,350.9705617221061,61.87703067348991,124.47786325450681,256.41881307418055,451.16316605541897,1830.2514327994843,123180.33519553069,326.68530280091215,163.34265140045608,0.9722063490767716,0.8878532407598991,0.20471647860280992,complex_number
