nameseq,average,median,maximum,minimum,peak,none_levated_peak,sample_standard_deviation,population_standard_deviation,percentile15,percentile25,percentile50,percentile75,amplitude,variance,interquartile_range,semi_interquartile_range,coefficient_of_variation,skewness,kurtosis,label
4_16519489_16524805,10633.999999999985,7172.653022140591,303433.5395433539,0.41176321232909047,0.16666666666666688,19.53558126245834,12307.876502467838,12309.03407373797,1639.6500121991057,2949.344513437976,7172.653022140591,14635.230655649211,303433.12778014154,151512319.82844236,11685.886142211235,5842.9430711056175,1.1574079840575375,0.8436906993254354,0.2525783230401832,complex_number
