nameseq,average,median,maximum,minimum,peak,none_levated_peak,sample_standard_deviation,population_standard_deviation,percentile15,percentile25,percentile50,percentile75,amplitude,variance,interquartile_range,semi_interquartile_range,coefficient_of_variation,skewness,kurtosis,label
4_162055572_162055672,202.00000000000009,133.98666324832925,1166.085423193491,0.27229876012247556,0.16666666666666657,2.7334436877115413,206.49455198624497,207.52445639008437,22.356844886373565,35.49030223085851,133.98666324832925,334.41948623289244,1165.8131244333683,43066.40000000002,298.92918400203394,149.46459200101697,1.022250257357648,0.98811328576167,0.3494104076838329,complex_number
