nameseq,average,median,maximum,minimum,peak,none_levated_peak,sample_standard_deviation,population_standard_deviation,percentile15,percentile25,percentile50,percentile75,amplitude,variance,interquartile_range,semi_interquartile_range,coefficient_of_variation,skewness,kurtosis,label
4_165014141_165020094,11908.000000000022,8042.523329029065,961695.9999999994,5.126159648558802,0.16666666666666638,20.719580357044556,17408.834998356426,17410.29712702808,1768.1206382239702,3232.438845249433,8042.523329029065,16314.893622207725,961690.8738403509,303118446.0514022,13082.454776958291,6541.227388479146,1.4619444909603958,0.6661232652275522,0.250996242070776,complex_number
