nameseq,average,median,maximum,minimum,peak,none_levated_peak,sample_standard_deviation,population_standard_deviation,percentile15,percentile25,percentile50,percentile75,amplitude,variance,interquartile_range,semi_interquartile_range,coefficient_of_variation,skewness,kurtosis,label
4_16347734_16348483,1499.999999999999,1057.9915452880755,30852.0,3.171024941361183,0.16666666666666677,7.30744872342227,1838.3470836596662,1839.5738753101575,263.07596370970145,450.98003649137354,1057.9915452880755,1923.5182572844137,30848.828975058637,3384032.042723631,1472.5382207930402,736.2691103965201,1.225564722439778,0.7213139324571956,0.2492110425990903,complex_number
