nameseq,average,median,maximum,minimum,peak,none_levated_peak,sample_standard_deviation,population_standard_deviation,percentile15,percentile25,percentile50,percentile75,amplitude,variance,interquartile_range,semi_interquartile_range,coefficient_of_variation,skewness,kurtosis,label
4_164032634_164033034,801.9999999999997,558.8228275418112,15345.999999999996,0.9686392554121329,0.1666666666666667,5.379911683279694,1052.7981762902134,1054.1133525385205,138.85567113184703,222.87761802637152,558.8228275418112,1022.820821325557,15345.031360744584,1111154.9599999993,799.9432032991854,399.9716016495927,1.3127159305364262,0.6929452708070264,0.23736952400383374,complex_number
