nameseq,average,median,maximum,minimum,peak,none_levated_peak,sample_standard_deviation,population_standard_deviation,percentile15,percentile25,percentile50,percentile75,amplitude,variance,interquartile_range,semi_interquartile_range,coefficient_of_variation,skewness,kurtosis,label
4_162821728_162827163,10871.99999999994,7282.583152975368,491972.0,6.291554806623713,0.16666666666666757,19.761998668162366,13736.037856674679,13737.301463489981,1739.492924384807,3046.5780733525744,7282.583152975368,14820.292241739964,491965.70844519336,188713451.49880397,11773.714168387389,5886.857084193694,1.2634324739399148,0.7839415305514145,0.2517895382727557,complex_number
