nameseq,average,median,maximum,minimum,peak,none_levated_peak,sample_standard_deviation,population_standard_deviation,percentile15,percentile25,percentile50,percentile75,amplitude,variance,interquartile_range,semi_interquartile_range,coefficient_of_variation,skewness,kurtosis,label
4_17662026_17662161,272.0,154.73352251791994,1706.5285655466212,1.9721522630525295e-31,0.16666666666666669,3.1699546464891157,305.78423765786226,306.91468231777736,39.35366976341609,71.51792673792441,154.73352251791994,360.19923866618404,1706.5285655466212,94196.62222222221,288.6813119282596,144.3406559641298,1.124206756095082,1.1504825596663477,0.2483914695777348,complex_number
