nameseq,average,median,maximum,minimum,peak,none_levated_peak,sample_standard_deviation,population_standard_deviation,percentile15,percentile25,percentile50,percentile75,amplitude,variance,interquartile_range,semi_interquartile_range,coefficient_of_variation,skewness,kurtosis,label
4_178599981_178600144,328.0,199.85852341947952,3151.9999999999995,0.10404555109812605,0.16666666666666666,3.4938792485660257,404.4551891124651,405.6939521635562,46.50896222816949,92.3770811556126,199.85852341947952,420.9757151906145,3151.895954448901,164587.58282208585,328.5986340350019,164.29931701750095,1.2330950887575156,0.9504747128727434,0.23817503277621935,complex_number
