nameseq,average,median,maximum,minimum,peak,none_levated_peak,sample_standard_deviation,population_standard_deviation,percentile15,percentile25,percentile50,percentile75,amplitude,variance,interquartile_range,semi_interquartile_range,coefficient_of_variation,skewness,kurtosis,label
4_17530895_17531160,532.0000000000001,368.4516307309452,3711.5908966357483,0.10480719842516147,0.16666666666666663,4.391748071084774,567.1119818871755,568.1809969393722,66.06984950796303,142.39871964791973,368.4516307309452,704.1450055620527,3711.4860894373232,322829.64528301894,561.746285914133,280.8731429570665,1.0659999659533372,0.865164418100368,0.23659247430394914,complex_number
