nameseq,average,median,maximum,minimum,peak,none_levated_peak,sample_standard_deviation,population_standard_deviation,percentile15,percentile25,percentile50,percentile75,amplitude,variance,interquartile_range,semi_interquartile_range,coefficient_of_variation,skewness,kurtosis,label
4_181262572_181264208,3273.9999999999986,2051.0793486045386,192578.0,8.385283525607724,0.1666666666666667,10.968976037200616,5682.386822454099,5684.123227940756,460.722823731866,887.1874569965164,2051.0793486045386,4357.443532853539,192569.6147164744,32309256.870415643,3470.2560758570226,1735.1280379285113,1.735609903009805,0.64563748805153,0.2404266746039049,complex_number
