nameseq,average,median,maximum,minimum,peak,none_levated_peak,sample_standard_deviation,population_standard_deviation,percentile15,percentile25,percentile50,percentile75,amplitude,variance,interquartile_range,semi_interquartile_range,coefficient_of_variation,skewness,kurtosis,label
4_180622819_180622913,190.00000000000009,122.37868158424152,2050.0000000000005,0.15881506213479246,0.1666666666666666,2.6820647329266136,260.6913884270058,262.07437631978496,31.48037874938229,44.20726032171806,122.37868158424152,222.14719249872527,2049.841184937866,68682.97872340427,177.93993217700722,88.96996608850361,1.3720599390895036,0.7781766650265783,0.22565454747258273,complex_number
