nameseq,average,median,maximum,minimum,peak,none_levated_peak,sample_standard_deviation,population_standard_deviation,percentile15,percentile25,percentile50,percentile75,amplitude,variance,interquartile_range,semi_interquartile_range,coefficient_of_variation,skewness,kurtosis,label
4_182530166_182536622,12913.99999999996,8842.739562847199,1222233.9999999998,1.6780838303269097,0.16666666666666718,21.562286463916486,20897.974638706015,20899.59306849653,2046.4823003932042,3687.325129980455,8842.739562847199,17104.0515788229,1222232.3219161695,436792990.42874825,13416.726448842444,6708.363224421222,1.6182418025945546,0.5844480875594819,0.24574362650230733,complex_number
