nameseq,average,median,maximum,minimum,peak,none_levated_peak,sample_standard_deviation,population_standard_deviation,percentile15,percentile25,percentile50,percentile75,amplitude,variance,interquartile_range,semi_interquartile_range,coefficient_of_variation,skewness,kurtosis,label
4_19990115_19990263,298.0000000000001,197.1820622007829,1566.4992194935537,2.0044937046901987,0.1666666666666666,3.2655771528817463,294.835547381926,295.82993653677323,50.91031493517754,82.58864509606148,197.1820622007829,481.20224939494375,1564.4947257888634,87515.35135135127,398.61360429888225,199.30680214944113,0.9893810314829729,1.0258390349582136,0.27973556039031594,complex_number
