nameseq,average,median,maximum,minimum,peak,none_levated_peak,sample_standard_deviation,population_standard_deviation,percentile15,percentile25,percentile50,percentile75,amplitude,variance,interquartile_range,semi_interquartile_range,coefficient_of_variation,skewness,kurtosis,label
4_202599595_202599840,492.0,269.5673060288218,6212.000000000001,0.7032708464843308,0.16666666666666666,4.324103872235404,633.2140238497565,634.5049814056398,61.89294166052326,113.44706965739876,269.5673060288218,673.0699922520062,6211.296729153517,402596.57142857136,559.6229225946074,279.8114612973037,1.2870203736783667,1.0538270739118458,0.24869028911206034,complex_number
