nameseq,average,median,maximum,minimum,peak,none_levated_peak,sample_standard_deviation,population_standard_deviation,percentile15,percentile25,percentile50,percentile75,amplitude,variance,interquartile_range,semi_interquartile_range,coefficient_of_variation,skewness,kurtosis,label
4_208313571_208313692,244.00000000000006,168.32438294733515,1437.2681206385616,3.140755290998517,0.16666666666666663,3.0146475136497353,279.1128803907122,280.26386622385667,33.686184129324865,55.899695424755144,168.32438294733515,313.0680036062189,1434.1273653475632,78547.83471074382,257.1683081814638,128.5841540907319,1.1439052475029186,0.8133872246963108,0.22378565066291692,complex_number
