nameseq,average,median,maximum,minimum,peak,none_levated_peak,sample_standard_deviation,population_standard_deviation,percentile15,percentile25,percentile50,percentile75,amplitude,variance,interquartile_range,semi_interquartile_range,coefficient_of_variation,skewness,kurtosis,label
4_209087105_209089670,5132.000000000003,3488.184396311416,77078.8189597594,1.5399568654634024,0.16666666666666657,13.548806987899644,5469.970383832074,5471.036550957262,821.6148537282078,1395.170408456263,3488.184396311416,7167.511971618145,77077.27900289393,29932240.941910338,5772.341563161883,2886.1707815809414,1.065855491783334,0.9015490880246699,0.2605338389376865,complex_number
