nameseq,average,median,maximum,minimum,peak,none_levated_peak,sample_standard_deviation,population_standard_deviation,percentile15,percentile25,percentile50,percentile75,amplitude,variance,interquartile_range,semi_interquartile_range,coefficient_of_variation,skewness,kurtosis,label
4_201280024_201280135,224.00000000000009,155.14065228189514,1199.4975464036493,0.49586410253011565,0.1666666666666666,2.8286715987539193,235.62682360037027,236.68582589622937,44.26743201645131,65.40149210756381,155.14065228189514,272.05532655274004,1199.0016823011192,56020.18018018021,206.65383444517624,103.32691722258812,1.0519054625016526,0.8767170052959548,0.23104378454446003,complex_number
