nameseq,average,median,maximum,minimum,peak,none_levated_peak,sample_standard_deviation,population_standard_deviation,percentile15,percentile25,percentile50,percentile75,amplitude,variance,interquartile_range,semi_interquartile_range,coefficient_of_variation,skewness,kurtosis,label
4_206662977_206663146,340.00000000000006,258.97963828363487,2382.68492306803,0.3363037710478437,0.16666666666666663,3.461878336577757,355.617772334286,356.66834411299766,63.421634436958215,106.15514686698097,258.97963828363487,432.84476691529954,2382.348619296982,127212.30769230772,326.6896200483186,163.3448100241593,1.0459346245126055,0.6834897017481302,0.23932460662641572,complex_number
