nameseq,average,median,maximum,minimum,peak,none_levated_peak,sample_standard_deviation,population_standard_deviation,percentile15,percentile25,percentile50,percentile75,amplitude,variance,interquartile_range,semi_interquartile_range,coefficient_of_variation,skewness,kurtosis,label
4_204031177_204031359,365.99999999999994,206.40867054314145,9850.000000000002,6.569925741254878,0.16666666666666669,3.8092706095661772,797.2502743806365,799.4375220418115,61.48867352611816,87.86900537633122,206.40867054314145,378.98351319685196,9843.430074258747,639100.3516483518,291.11450782052077,145.55725391026039,2.1782794381984605,0.6005316068941122,0.20187411249348008,complex_number
