nameseq,average,median,maximum,minimum,peak,none_levated_peak,sample_standard_deviation,population_standard_deviation,percentile15,percentile25,percentile50,percentile75,amplitude,variance,interquartile_range,semi_interquartile_range,coefficient_of_variation,skewness,kurtosis,label
4_203858222_203858391,340.0000000000001,214.9579162247498,3176.0000000000005,7.949036409902811,0.1666666666666666,3.5253434380795916,401.0585992096418,402.24341301456946,51.12249429562646,86.83650286891059,214.9579162247498,457.4807676326351,3168.0509635900976,161799.76331360952,370.6442647637245,185.32213238186225,1.1795841153224755,0.9353402521851042,0.24368526533816082,complex_number
