nameseq,average,median,maximum,minimum,peak,none_levated_peak,sample_standard_deviation,population_standard_deviation,percentile15,percentile25,percentile50,percentile75,amplitude,variance,interquartile_range,semi_interquartile_range,coefficient_of_variation,skewness,kurtosis,label
4_207568881_207569078,396.0,247.85560582781568,2313.3809698921527,3.1157371370452487,0.16666666666666666,3.761735451940963,421.27425746181075,422.3421280152463,65.549725430562,125.96432685629784,247.85560582781568,502.17420872867507,2310.2652327551073,178372.8730964467,376.2098818723772,188.1049409361886,1.06382388247932,1.0549735110668177,0.20563412801650766,complex_number
