nameseq,average,median,maximum,minimum,peak,none_levated_peak,sample_standard_deviation,population_standard_deviation,percentile15,percentile25,percentile50,percentile75,amplitude,variance,interquartile_range,semi_interquartile_range,coefficient_of_variation,skewness,kurtosis,label
4_203867265_203870179,5829.999999999991,3825.94537883796,96172.94702367311,0.4009820919026966,0.1666666666666669,14.521943798523782,6635.4617020973,6636.6001531140155,890.7953193713597,1571.0008177713785,3825.94537883796,7796.067505403159,96172.54604158121,44044461.59231297,6225.066687631781,3112.5333438158905,1.138158096414633,0.9060656414588001,0.24245010442743958,complex_number
