nameseq,average,median,maximum,minimum,peak,none_levated_peak,sample_standard_deviation,population_standard_deviation,percentile15,percentile25,percentile50,percentile75,amplitude,variance,interquartile_range,semi_interquartile_range,coefficient_of_variation,skewness,kurtosis,label
4_207973877_207974071,389.99999999999983,294.8370726645459,2570.0,0.38730392597958785,0.16666666666666674,3.7214294074282668,382.75840944386835,383.74363220479887,68.76302799257243,114.32137287194116,294.8370726645459,548.4202901085787,2569.6126960740203,147259.17525773193,434.09891723663753,217.04945861831877,0.9814318190868423,0.7458720042785341,0.26418357970918993,complex_number
