nameseq,average,median,maximum,minimum,peak,none_levated_peak,sample_standard_deviation,population_standard_deviation,percentile15,percentile25,percentile50,percentile75,amplitude,variance,interquartile_range,semi_interquartile_range,coefficient_of_variation,skewness,kurtosis,label
4_200654095_200654181,174.00000000000003,97.01566440545253,1297.5486002770817,2.7095480702091836,0.16666666666666663,2.5307779628126683,197.96969465046914,199.1173546686289,20.520398948455423,47.361740367568146,97.01566440545253,245.71659566363235,1294.8390522068726,39647.72093023256,198.35485529606422,99.17742764803211,1.1377568658072936,1.1666078850674997,0.24616559562193244,complex_number
