nameseq,average,median,maximum,minimum,peak,none_levated_peak,sample_standard_deviation,population_standard_deviation,percentile15,percentile25,percentile50,percentile75,amplitude,variance,interquartile_range,semi_interquartile_range,coefficient_of_variation,skewness,kurtosis,label
4_205700489_205700651,325.99999999999983,181.56641778760857,2301.850366676987,5.544077701094435,0.16666666666666677,3.472120260266494,385.79787454054207,386.98677681814735,48.57199939979656,88.4677223986483,181.56641778760857,422.6019874565173,2296.3062889758926,149758.7654320986,334.134265057869,167.0671325289345,1.1834290630077984,1.1231289108401759,0.22987050413739343,complex_number
