nameseq,average,median,maximum,minimum,peak,none_levated_peak,sample_standard_deviation,population_standard_deviation,percentile15,percentile25,percentile50,percentile75,amplitude,variance,interquartile_range,semi_interquartile_range,coefficient_of_variation,skewness,kurtosis,label
4_207803856_207814953,22196.000000000036,14953.481837949465,3529384.0,6.508464398672284,0.1666666666666664,28.29807403183978,41744.2201987293,41746.10103498243,3504.1277209603036,6225.518523387572,14953.481837949465,29645.617666808655,3529377.491535601,1742736951.6229608,23420.099143421085,11710.049571710542,1.8807091457347824,0.5204925228621975,0.24833794798585895,complex_number
