nameseq,average,median,maximum,minimum,peak,none_levated_peak,sample_standard_deviation,population_standard_deviation,percentile15,percentile25,percentile50,percentile75,amplitude,variance,interquartile_range,semi_interquartile_range,coefficient_of_variation,skewness,kurtosis,label
4_207943867_207944090,447.99999999999994,287.9434922402744,3087.9999999999995,2.381405204474231,0.16666666666666669,4.02459640106019,481.8630510840191,482.94225299816304,69.2824671228125,125.27652888699251,287.9434922402744,627.6765446558206,3085.6185947955255,233233.21973094172,502.4000157688281,251.20000788441405,1.0755871675982571,0.9964854582623992,0.23955068576816332,complex_number
