nameseq,average,median,maximum,minimum,peak,none_levated_peak,sample_standard_deviation,population_standard_deviation,percentile15,percentile25,percentile50,percentile75,amplitude,variance,interquartile_range,semi_interquartile_range,coefficient_of_variation,skewness,kurtosis,label
4_201935939_201936092,307.9999999999999,190.77092636205168,1859.9146951647676,0.4816272661863353,0.16666666666666674,3.3867159085777456,345.9942196048945,347.123078133029,46.83562138036856,79.19225321283258,190.77092636205168,387.95954811968966,1859.4330678985814,120494.43137254899,308.76729490685705,154.38364745342852,1.1233578558600474,1.016454035895314,0.18624943194772084,complex_number
