nameseq,average,median,maximum,minimum,peak,none_levated_peak,sample_standard_deviation,population_standard_deviation,percentile15,percentile25,percentile50,percentile75,amplitude,variance,interquartile_range,semi_interquartile_range,coefficient_of_variation,skewness,kurtosis,label
4_201412381_201412500,240.0,143.52475426410268,2035.051664859994,2.356815492920979,0.16666666666666666,2.9344010663643347,292.05478938034895,293.279343134227,47.55087015044964,77.96031211327403,143.52475426410268,285.9447314685959,2032.694849367073,86012.77310924367,207.98441935532185,103.99220967766092,1.216894955751454,0.9909980857419423,0.2148264508770781,complex_number
