nameseq,average,median,maximum,minimum,peak,none_levated_peak,sample_standard_deviation,population_standard_deviation,percentile15,percentile25,percentile50,percentile75,amplitude,variance,interquartile_range,semi_interquartile_range,coefficient_of_variation,skewness,kurtosis,label
4_206000418_206000556,277.99999999999994,176.49878446117867,2420.706582438158,4.026116837172002,0.1666666666666667,3.177222907839946,337.29512300061504,338.51500084501646,49.138814991811266,74.74114191520273,176.49878446117867,369.4527108166475,2416.680465600986,114592.40579710148,294.71156890144476,147.35578445072238,1.2132918093547307,0.9027810538959633,0.26277647419052347,complex_number
