nameseq,average,median,maximum,minimum,peak,none_levated_peak,sample_standard_deviation,population_standard_deviation,percentile15,percentile25,percentile50,percentile75,amplitude,variance,interquartile_range,semi_interquartile_range,coefficient_of_variation,skewness,kurtosis,label
4_200703656_200705381,3452.0,2265.2146356685544,56497.95913867869,5.3208833617961355,0.16666666666666669,11.1622467072436,4090.5021696608337,4091.6876506796834,582.6517942992924,982.570957214551,2265.2146356685544,4483.041018543592,56492.638255316895,16741907.830724627,3500.470061329041,1750.2350306645205,1.1849658660662903,0.8703958451364288,0.23541298414062037,complex_number
