nameseq,average,median,maximum,minimum,peak,none_levated_peak,sample_standard_deviation,population_standard_deviation,percentile15,percentile25,percentile50,percentile75,amplitude,variance,interquartile_range,semi_interquartile_range,coefficient_of_variation,skewness,kurtosis,label
4_215043119_215043261,285.99999999999994,187.7043499014096,1794.0873834131814,0.6473939061651209,0.16666666666666669,3.2374595666128947,306.9201850644561,307.99899396213965,36.29993853262733,67.4821728787378,187.7043499014096,385.99833381964186,1793.4399895070162,94863.38028169014,318.51616094090406,159.25808047045203,1.0731475002253712,0.960793602525171,0.24269441558675345,complex_number
