nameseq,average,median,maximum,minimum,peak,none_levated_peak,sample_standard_deviation,population_standard_deviation,percentile15,percentile25,percentile50,percentile75,amplitude,variance,interquartile_range,semi_interquartile_range,coefficient_of_variation,skewness,kurtosis,label
4_214966955_214968839,3769.999999999995,2483.1744160016456,373553.99999999994,0.7931761661077668,0.1666666666666669,11.816060985454143,9235.631001723703,9238.081746360636,566.0119175004239,965.6242333779938,2483.1744160016456,5063.238335527283,373553.2068238338,85342154.3524416,4097.6141021492895,2048.8070510746447,2.449769496478439,0.41799815857460565,0.26064212669932274,complex_number
