nameseq,average,median,maximum,minimum,peak,none_levated_peak,sample_standard_deviation,population_standard_deviation,percentile15,percentile25,percentile50,percentile75,amplitude,variance,interquartile_range,semi_interquartile_range,coefficient_of_variation,skewness,kurtosis,label
4_214943885_214944200,631.9999999999998,416.4330511870928,6660.0,0.054396939687844675,0.1666666666666667,4.835437379477031,718.320262835457,719.459550248966,77.31408825345983,163.13942935556278,416.4330511870928,884.0253893652412,6659.945603060312,517622.0444444444,720.8859600096783,360.44298000483917,1.1365826943599007,0.9002959820261374,0.24886673882654345,complex_number
