nameseq,average,median,maximum,minimum,peak,none_levated_peak,sample_standard_deviation,population_standard_deviation,percentile15,percentile25,percentile50,percentile75,amplitude,variance,interquartile_range,semi_interquartile_range,coefficient_of_variation,skewness,kurtosis,label
4_223581604_223581793,380.00000000000006,233.65899741658808,2792.0,0.5479929289590288,0.16666666666666666,3.716606708418468,428.63504289780144,429.76750205210476,56.70347893811105,108.56158473489938,233.65899741658808,488.7726330096429,2791.452007071041,184700.10582010588,380.2110482747435,190.10552413737176,1.127986954994214,1.0242349873734222,0.24950180463939853,complex_number
