nameseq,average,median,maximum,minimum,peak,none_levated_peak,sample_standard_deviation,population_standard_deviation,percentile15,percentile25,percentile50,percentile75,amplitude,variance,interquartile_range,semi_interquartile_range,coefficient_of_variation,skewness,kurtosis,label
4_226679096_226679262,333.99999999999994,257.55854227547525,2290.0,1.667114107460757,0.16666666666666669,3.4390028885975896,351.1694747554234,352.22562593636627,51.74509367354309,108.42475322150631,257.55854227547525,410.45554290030435,2288.3328858925393,124062.89156626503,302.03078967879804,151.01539483939902,1.0514056130401899,0.6530304871552121,0.22201596844457425,complex_number
