nameseq,average,median,maximum,minimum,peak,none_levated_peak,sample_standard_deviation,population_standard_deviation,percentile15,percentile25,percentile50,percentile75,amplitude,variance,interquartile_range,semi_interquartile_range,coefficient_of_variation,skewness,kurtosis,label
4_239667368_239667432,129.99999999999997,89.27614640243931,906.2605265197348,0.31408230784140834,0.1666666666666667,2.201236895979894,149.4523335381552,150.61540425866136,17.685937316209042,30.50659719812033,89.27614640243931,190.3124609597702,905.9464442118933,22684.99999999999,159.80586376164987,79.90293188082494,1.1496333349088863,0.8174617143832792,0.2858168463361954,complex_number
