nameseq,average,median,maximum,minimum,peak,none_levated_peak,sample_standard_deviation,population_standard_deviation,percentile15,percentile25,percentile50,percentile75,amplitude,variance,interquartile_range,semi_interquartile_range,coefficient_of_variation,skewness,kurtosis,label
4_235978797_235978999,406.0,210.31829579906932,7359.590264461281,1.1672241916448312,0.16666666666666669,4.081696384504997,742.4338354358587,744.2692741711478,45.60932394431278,84.37619286791934,210.31829579906932,422.58389539099676,7358.423040269636,553936.7524752473,338.2077025230774,169.1038512615387,1.8286547670833957,0.7907036082995289,0.22881985622225368,complex_number
