nameseq,average,median,maximum,minimum,peak,none_levated_peak,sample_standard_deviation,population_standard_deviation,percentile15,percentile25,percentile50,percentile75,amplitude,variance,interquartile_range,semi_interquartile_range,coefficient_of_variation,skewness,kurtosis,label
4_235992946_235996374,6857.999999999993,4463.7258814109355,189767.4859053918,0.9804295648614826,0.16666666666666685,15.745517580731528,8381.590302561917,8382.812732423674,1085.9057042346724,1828.7794392500898,4463.7258814109355,9123.325372517207,189766.50547582694,70271549.30688447,7294.545933267117,3647.2729666335586,1.2221624821466792,0.8569760745251017,0.2411529069562392,complex_number
