nameseq,average,median,maximum,minimum,peak,none_levated_peak,sample_standard_deviation,population_standard_deviation,percentile15,percentile25,percentile50,percentile75,amplitude,variance,interquartile_range,semi_interquartile_range,coefficient_of_variation,skewness,kurtosis,label
4_239028567_239028622,111.99999999999997,66.45799718076194,632.4995667241112,0.021673952095450214,0.1666666666666667,2.014609851799393,122.89833196589771,124.01055673537708,20.458725639289735,36.51429910410635,66.45799718076194,139.34973541947286,632.4778927720158,15378.618181818178,102.83543631536651,51.417718157683254,1.0973065354098013,1.1116994532979145,0.18741516696189672,complex_number
