nameseq,average,median,maximum,minimum,peak,none_levated_peak,sample_standard_deviation,population_standard_deviation,percentile15,percentile25,percentile50,percentile75,amplitude,variance,interquartile_range,semi_interquartile_range,coefficient_of_variation,skewness,kurtosis,label
4_234796373_234796544,343.9999999999999,222.74081114924024,4580.0,0.16296569713049833,0.16666666666666674,3.5705893869943193,479.0490580305946,480.44774438821054,59.34080724684674,103.0380039662485,222.74081114924024,413.79890565024346,4579.837034302869,230830.0350877193,310.760901683995,155.3804508419975,1.3925844710191708,0.7593743489399496,0.2296011651985885,complex_number
