nameseq,average,median,maximum,minimum,peak,none_levated_peak,sample_standard_deviation,population_standard_deviation,percentile15,percentile25,percentile50,percentile75,amplitude,variance,interquartile_range,semi_interquartile_range,coefficient_of_variation,skewness,kurtosis,label
4_239849005_239849047,86.00000000000001,46.40779555596267,465.99999999999994,1.9882312061704879,0.16666666666666666,1.7868086212817065,98.67117106835207,99.8389178818036,13.227707637088596,18.630894688101147,46.40779555596267,121.17157183250924,464.01176879382945,9967.809523809521,102.5406771444081,51.27033857220405,1.1473391984692098,1.2037620720020885,0.279807943091156,complex_number
