nameseq,average,median,maximum,minimum,peak,none_levated_peak,sample_standard_deviation,population_standard_deviation,percentile15,percentile25,percentile50,percentile75,amplitude,variance,interquartile_range,semi_interquartile_range,coefficient_of_variation,skewness,kurtosis,label
4_237417527_237417668,284.00000000000006,157.78764723489812,2141.5121865964798,1.4931378394400663,0.16666666666666663,3.2800012434405073,358.4410690755176,359.70989098683236,36.238287477907114,70.44015143843313,157.78764723489812,348.67800998169497,2140.01904875704,129391.20567375884,278.23785854326184,139.11892927163092,1.2621164404067517,1.0563439598924231,0.23565423254145332,complex_number
