nameseq,average,median,maximum,minimum,peak,none_levated_peak,sample_standard_deviation,population_standard_deviation,percentile15,percentile25,percentile50,percentile75,amplitude,variance,interquartile_range,semi_interquartile_range,coefficient_of_variation,skewness,kurtosis,label
4_236676967_236677399,866.0000000000007,541.1079283543902,17482.000000000004,1.6831678552550497,0.16666666666666655,5.651725753380487,1225.2542593274266,1226.6715579612628,133.35616811455535,248.2433676986105,541.1079283543902,1062.127489544322,17480.31683214475,1504723.111111112,813.8841218457115,406.9420609228558,1.4148432555743944,0.7954889424109052,0.21888284861323187,complex_number
