nameseq,average,median,maximum,minimum,peak,none_levated_peak,sample_standard_deviation,population_standard_deviation,percentile15,percentile25,percentile50,percentile75,amplitude,variance,interquartile_range,semi_interquartile_range,coefficient_of_variation,skewness,kurtosis,label
4_239647721_239647965,490.00000000000017,366.11418702021837,3033.9999999999995,1.731868272046953,0.16666666666666663,4.12828551984377,472.11862916008727,473.0850961473224,93.3466466440563,151.5409147359319,366.11418702021837,679.0290170197511,3032.2681317279526,223809.50819672132,527.4881022838192,263.7440511419096,0.9635074064491573,0.7872119759403157,0.2647419055948909,complex_number
