nameseq,average,median,maximum,minimum,peak,none_levated_peak,sample_standard_deviation,population_standard_deviation,percentile15,percentile25,percentile50,percentile75,amplitude,variance,interquartile_range,semi_interquartile_range,coefficient_of_variation,skewness,kurtosis,label
4_23625761_23626441,1361.9999999999995,944.7824300264003,23929.99999999999,1.0384026751686615,0.1666666666666667,6.9213931498497265,1483.8544403006647,1484.9451089082677,217.47415882307314,422.2720576326649,944.7824300264003,1914.674649089091,23928.961597324822,2205061.976470587,1492.402591456426,746.201295728213,1.0894672836275074,0.8435144822339734,0.2540598680674745,complex_number
