nameseq,average,median,maximum,minimum,peak,none_levated_peak,sample_standard_deviation,population_standard_deviation,percentile15,percentile25,percentile50,percentile75,amplitude,variance,interquartile_range,semi_interquartile_range,coefficient_of_variation,skewness,kurtosis,label
4_235875497_235881356,11719.999999999982,7918.703348320916,2383936.0,0.3913954799779535,0.1666666666666669,20.68557637269069,32993.035386275085,32995.85085202978,1758.7128090819347,3116.661016777114,7918.703348320916,15560.15766077242,2383935.60860452,1088726173.449394,12443.496643995306,6221.748321997653,2.8151054083852505,0.3456453709555063,0.24864743624466035,complex_number
