nameseq,average,median,maximum,minimum,peak,none_levated_peak,sample_standard_deviation,population_standard_deviation,percentile15,percentile25,percentile50,percentile75,amplitude,variance,interquartile_range,semi_interquartile_range,coefficient_of_variation,skewness,kurtosis,label
4_240966252_240966343,183.99999999999997,141.74158187682855,968.1647019786787,0.5492853842545342,0.16666666666666669,2.518177953451555,167.28418933061187,168.20082188716106,35.32618188616434,71.30490895098788,141.74158187682855,246.47744851111565,967.6154165944242,28291.51648351648,175.17253956012777,87.58626978006389,0.9091532028837603,0.757843612578127,0.23151012622590952,complex_number
