nameseq,average,median,maximum,minimum,peak,none_levated_peak,sample_standard_deviation,population_standard_deviation,percentile15,percentile25,percentile50,percentile75,amplitude,variance,interquartile_range,semi_interquartile_range,coefficient_of_variation,skewness,kurtosis,label
4_240318945_240320495,3101.9999999999945,2020.2274120131171,148882.0,1.9238654678027811,0.16666666666666696,10.65225208273231,4827.3081525835905,4828.865097682156,434.45970583649233,816.355875204941,2020.2274120131171,4081.608546889627,148880.0761345322,23317938.1316129,3265.252671684686,1632.626335842343,1.5561921832958088,0.6722831154302275,0.23891176496754502,complex_number
