nameseq,average,median,maximum,minimum,peak,none_levated_peak,sample_standard_deviation,population_standard_deviation,percentile15,percentile25,percentile50,percentile75,amplitude,variance,interquartile_range,semi_interquartile_range,coefficient_of_variation,skewness,kurtosis,label
4_240543175_240543302,256.00000000000006,166.07913965177215,1853.0861015215344,0.6305314303451849,0.16666666666666663,3.0876924185174923,284.59093450073215,285.70917430748455,27.143608198868225,63.41335298607651,166.07913965177215,354.9838689204887,1852.4555700911892,81629.73228346457,291.5705159344122,145.7852579672061,1.1116833378934847,0.9478959037045143,0.23962536824669822,complex_number
