nameseq,average,median,maximum,minimum,peak,none_levated_peak,sample_standard_deviation,population_standard_deviation,percentile15,percentile25,percentile50,percentile75,amplitude,variance,interquartile_range,semi_interquartile_range,coefficient_of_variation,skewness,kurtosis,label
4_244359184_244374590,30813.99999999988,20644.24643613296,2252762.712131152,2.0777778032365934,0.16666666666666732,33.42425362682848,46060.074077230915,46061.568927505614,4832.8163432435595,8646.91399819815,20644.24643613296,41273.9198141675,2252760.6343533485,2121668132.063351,32627.00581596935,16313.502907984675,1.4947775062384336,0.6623797573674017,0.24645699287835932,complex_number
