nameseq,average,median,maximum,minimum,peak,none_levated_peak,sample_standard_deviation,population_standard_deviation,percentile15,percentile25,percentile50,percentile75,amplitude,variance,interquartile_range,semi_interquartile_range,coefficient_of_variation,skewness,kurtosis,label
4_25575428_25576053,1251.9999999999995,787.4759553154074,20729.469303490132,0.18682133767706235,0.1666666666666667,6.755309672343497,1582.6003917603466,1583.8659660463704,207.62010903098385,336.1801416941646,787.4759553154074,1609.74344567558,20729.282482152455,2508631.398400002,1273.5633039814154,636.7816519907077,1.264057820894846,0.8805584412270291,0.252359964249886,complex_number
