nameseq,average,median,maximum,minimum,peak,none_levated_peak,sample_standard_deviation,population_standard_deviation,percentile15,percentile25,percentile50,percentile75,amplitude,variance,interquartile_range,semi_interquartile_range,coefficient_of_variation,skewness,kurtosis,label
4_26523420_26523784,729.9999999999999,516.7243183275438,5465.950195694324,0.9515932899651448,0.1666666666666667,5.095896483595119,751.2443011431102,752.275522357641,118.94288427281332,219.06915682574706,516.7243183275438,995.9099992245332,5464.998602404359,565918.4615384615,776.8408423987861,388.42042119939305,1.0291017823878224,0.8516897153746035,0.26517161677120804,complex_number
