nameseq,average,median,maximum,minimum,peak,none_levated_peak,sample_standard_deviation,population_standard_deviation,percentile15,percentile25,percentile50,percentile75,amplitude,variance,interquartile_range,semi_interquartile_range,coefficient_of_variation,skewness,kurtosis,label
4_2657969_2667773,19610.000000000004,12897.850943286221,832954.0,1.992651425940282,0.16666666666666663,26.662332141219046,23325.163407787735,23326.352951272598,2903.4011409957902,5297.932735974082,12897.850943286221,26423.077789796924,832952.0073485741,544118742.0073439,21125.145053822842,10562.572526911421,1.1894524940228317,0.8632928660820551,0.2481777628869615,complex_number
