nameseq,average,median,maximum,minimum,peak,none_levated_peak,sample_standard_deviation,population_standard_deviation,percentile15,percentile25,percentile50,percentile75,amplitude,variance,interquartile_range,semi_interquartile_range,coefficient_of_variation,skewness,kurtosis,label
4_26985280_26986142,1726.0000000000016,1117.7401470590703,34334.150579566325,0.31899735933068424,0.16666666666666652,7.939756117081374,2213.672062433819,2214.955722769262,271.6278669323078,473.88064577742966,1117.7401470590703,2233.7448792112555,34333.83158220699,4906028.853828305,1759.8642334338258,879.9321167169129,1.2825446479917828,0.8243224413360226,0.23414323477236912,complex_number
