nameseq,average,median,maximum,minimum,peak,none_levated_peak,sample_standard_deviation,population_standard_deviation,percentile15,percentile25,percentile50,percentile75,amplitude,variance,interquartile_range,semi_interquartile_range,coefficient_of_variation,skewness,kurtosis,label
4_26772298_26773618,2641.9999999999977,1694.670588416369,79310.05735330153,5.381699742568813,0.1666666666666668,9.894150361378813,3752.426415001365,3753.847519545779,368.51168622597606,644.8529480171901,1694.670588416369,3535.613777577713,79304.67565355895,14091371.2,2890.760829560523,1445.3804147802614,1.4202976589709948,0.7573734753036729,0.2546403522588093,complex_number
