nameseq,average,median,maximum,minimum,peak,none_levated_peak,sample_standard_deviation,population_standard_deviation,percentile15,percentile25,percentile50,percentile75,amplitude,variance,interquartile_range,semi_interquartile_range,coefficient_of_variation,skewness,kurtosis,label
4_26771701_26771834,267.9999999999999,183.81520935015195,1525.6211537591746,0.6059339948248497,0.16666666666666674,3.063085905279055,284.33782724076656,285.4047646750981,57.31920285395077,96.0433920910005,183.81520935015195,310.5058041228224,1525.0152197643497,81455.87969924812,214.46241203182188,107.23120601591094,1.0609620419431594,0.8882193917015843,0.2125038934537557,complex_number
