nameseq,average,median,maximum,minimum,peak,none_levated_peak,sample_standard_deviation,population_standard_deviation,percentile15,percentile25,percentile50,percentile75,amplitude,variance,interquartile_range,semi_interquartile_range,coefficient_of_variation,skewness,kurtosis,label
4_27997012_27997112,202.00000000000009,96.9307698625447,1674.1540528353853,1.9480088177819326,0.16666666666666657,2.785970993778754,255.8437022871582,257.1197386433022,22.12161782347804,42.55885155490801,96.9307698625447,271.58652593250326,1672.2060440176033,66110.56000000003,229.02767437759525,114.51383718879762,1.2665529816195946,1.2320322431019934,0.2621014797010713,complex_number
