nameseq,average,median,maximum,minimum,peak,none_levated_peak,sample_standard_deviation,population_standard_deviation,percentile15,percentile25,percentile50,percentile75,amplitude,variance,interquartile_range,semi_interquartile_range,coefficient_of_variation,skewness,kurtosis,label
4_45080397_45084413,8034.000000000014,5549.821759827944,333650.0,0.48303517168171245,0.16666666666666638,16.894461173334008,10291.57014259729,10292.8513838276,1423.640172997651,2422.3128258598636,5549.821759827944,10793.880597711746,333649.5169648283,105942789.60956174,8371.567771851882,4185.783885925941,1.2810020092851968,0.7241397199121073,0.2552815855789053,complex_number
