nameseq,average,median,maximum,minimum,peak,none_levated_peak,sample_standard_deviation,population_standard_deviation,percentile15,percentile25,percentile50,percentile75,amplitude,variance,interquartile_range,semi_interquartile_range,coefficient_of_variation,skewness,kurtosis,label
4_52252327_52252476,300.0,213.81434299735992,5200.0,3.438316477637151,0.16666666666666666,3.4001278739097307,506.9595644624924,508.65792621961594,39.9656461354582,79.31737090782754,213.81434299735992,358.98094730945223,5196.561683522363,258732.88590604023,279.6635764016247,139.83178820081235,1.6898652148749747,0.510014977786359,0.25539608762688487,complex_number
