nameseq,average,median,maximum,minimum,peak,none_levated_peak,sample_standard_deviation,population_standard_deviation,percentile15,percentile25,percentile50,percentile75,amplitude,variance,interquartile_range,semi_interquartile_range,coefficient_of_variation,skewness,kurtosis,label
4_62643975_62655756,23563.999999999953,15637.688457734586,1894016.0,0.889111876412102,0.16666666666666702,29.219651115765846,32678.939272871132,32680.326177456285,3648.0879718059487,6536.409326500015,15637.688457734586,31342.683627784998,1894015.1108881235,1068003719.0649345,24806.274301284982,12403.137150642491,1.386816299137294,0.7276531967038633,0.24686027672020058,complex_number
