nameseq,average,median,maximum,minimum,peak,none_levated_peak,sample_standard_deviation,population_standard_deviation,percentile15,percentile25,percentile50,percentile75,amplitude,variance,interquartile_range,semi_interquartile_range,coefficient_of_variation,skewness,kurtosis,label
4_62883087_62886694,7215.999999999984,4891.297104075005,255018.42643327327,0.2321978273322463,0.16666666666666705,16.075574869049987,8696.468248662786,8697.673663908532,1155.743947580454,2069.663692321579,4891.297104075005,9817.155242609368,255018.19423544593,75649527.16384806,7747.491550287788,3873.745775143894,1.2051646686062647,0.801947237471638,0.2506312089509841,complex_number
