nameseq,average,median,maximum,minimum,peak,none_levated_peak,sample_standard_deviation,population_standard_deviation,percentile15,percentile25,percentile50,percentile75,amplitude,variance,interquartile_range,semi_interquartile_range,coefficient_of_variation,skewness,kurtosis,label
4_6257020_6257534,1030.0000000000005,652.4775574907341,18386.0,2.099313111348539,0.16666666666666657,6.164951544710797,1323.4288798420564,1324.715636470608,151.15867371124446,258.48992868182467,652.4775574907341,1404.618515106422,18383.90068688865,1754871.5175097277,1146.1285864245972,573.0642932122986,1.2848824076136465,0.8557825394160693,0.254905346701824,complex_number
