nameseq,average,median,maximum,minimum,peak,none_levated_peak,sample_standard_deviation,population_standard_deviation,percentile15,percentile25,percentile50,percentile75,amplitude,variance,interquartile_range,semi_interquartile_range,coefficient_of_variation,skewness,kurtosis,label
4_62899121_62899745,1249.999999999999,779.1008714285265,40658.0,0.08758264151302506,0.1666666666666668,6.924057614742297,2171.2005895356606,2172.9396371428884,151.9790791418143,311.47901149107963,779.1008714285265,1562.7599179657796,40657.912417358486,4721666.666666667,1251.2809064746998,625.6404532373499,1.7369604716285296,0.6506526354695498,0.2348962672117869,complex_number
