nameseq,average,median,maximum,minimum,peak,none_levated_peak,sample_standard_deviation,population_standard_deviation,percentile15,percentile25,percentile50,percentile75,amplitude,variance,interquartile_range,semi_interquartile_range,coefficient_of_variation,skewness,kurtosis,label
4_63962036_63964830,5590.000000000001,3561.3764540720617,289458.0,0.9729174968241701,0.16666666666666663,14.335442486004009,8251.510891951848,8252.987408183037,802.5085935569033,1452.5326516240098,3561.3764540720617,7387.983225487942,289457.0270825032,68111801.15962777,5935.450573863933,2967.7252869319664,1.4761200164493464,0.7375462163807723,0.24484009968953718,complex_number
