nameseq,average,median,maximum,minimum,peak,none_levated_peak,sample_standard_deviation,population_standard_deviation,percentile15,percentile25,percentile50,percentile75,amplitude,variance,interquartile_range,semi_interquartile_range,coefficient_of_variation,skewness,kurtosis,label
4_71547203_71547477,550.0000000000006,414.64733044037376,2993.7676516302986,0.833749343865586,0.1666666666666665,4.358364490121808,518.8679986277821,519.8139757096434,102.40191322253256,182.18436139417608,414.64733044037376,756.9336152669224,2992.933902286433,270206.56934306567,574.7492538727463,287.37462693637315,0.943396361141421,0.782584414056671,0.25845006271332505,complex_number
