nameseq,average,median,maximum,minimum,peak,none_levated_peak,sample_standard_deviation,population_standard_deviation,percentile15,percentile25,percentile50,percentile75,amplitude,variance,interquartile_range,semi_interquartile_range,coefficient_of_variation,skewness,kurtosis,label
4_79652129_79652248,240.00000000000006,160.37488292414838,1167.9999999999998,0.7193103006781845,0.16666666666666663,2.921218263982456,228.4556849806981,229.4135746534936,31.628193001325705,68.7702471583834,160.37488292414838,357.30970149792444,1167.2806896993216,52630.58823529409,288.53945433954107,144.26972716977053,0.9518986874195752,1.0456091353022678,0.28521859397696425,complex_number
