nameseq,average,median,maximum,minimum,peak,none_levated_peak,sample_standard_deviation,population_standard_deviation,percentile15,percentile25,percentile50,percentile75,amplitude,variance,interquartile_range,semi_interquartile_range,coefficient_of_variation,skewness,kurtosis,label
4_79517356_79517501,291.99999999999994,190.2381531055873,1860.4363250763408,0.36189501891994685,0.16666666666666669,3.1805491306723024,298.66369046136157,299.69179570651096,66.09091084112434,104.91763701420956,190.2381531055873,393.6974993354858,1860.0744300574208,89815.1724137931,288.77986232127625,144.38993116063813,1.0228208577443891,1.0221715944500895,0.2481597226151714,complex_number
