nameseq,average,median,maximum,minimum,peak,none_levated_peak,sample_standard_deviation,population_standard_deviation,percentile15,percentile25,percentile50,percentile75,amplitude,variance,interquartile_range,semi_interquartile_range,coefficient_of_variation,skewness,kurtosis,label
4_8098426_8098589,328.00000000000006,213.0515283098341,2420.0000000000005,0.384718763220931,0.16666666666666663,3.421255606393738,342.43831561319195,343.4871337371238,59.66069318853822,108.70312446969791,213.0515283098341,440.871495339915,2419.6152812367795,117983.4110429448,332.1683708702171,166.08418543510854,1.0440192549182679,1.0070292935911556,0.22976818232610186,complex_number
