nameseq,average,median,maximum,minimum,peak,none_levated_peak,sample_standard_deviation,population_standard_deviation,percentile15,percentile25,percentile50,percentile75,amplitude,variance,interquartile_range,semi_interquartile_range,coefficient_of_variation,skewness,kurtosis,label
4_89906040_89906799,1520.000000000001,990.972861694464,31748.0,3.529999752264099,0.16666666666666657,7.504667101568426,1976.2307557570296,1977.5321920230485,199.8753557559711,355.73459860919917,990.972861694464,2053.166879674005,31744.470000247737,3910633.5704874834,1697.432281064806,848.716140532403,1.300151812998045,0.8030850700472232,0.253556246506138,complex_number
