nameseq,average,median,maximum,minimum,peak,none_levated_peak,sample_standard_deviation,population_standard_deviation,percentile15,percentile25,percentile50,percentile75,amplitude,variance,interquartile_range,semi_interquartile_range,coefficient_of_variation,skewness,kurtosis,label
4_96046885_96052811,11853.999999999989,7822.8860179751955,496884.29295894137,1.7486909515471982,0.16666666666666682,20.737221473980753,15419.667181881716,15420.968145156072,1837.6320842319296,3240.914833785166,7822.8860179751955,15934.332170395148,496882.5442679898,237806258.53391832,12693.417336609982,6346.708668304991,1.300798648716191,0.7842803481701729,0.24875912676671547,complex_number
