nameseq,average,median,maximum,minimum,peak,none_levated_peak,sample_standard_deviation,population_standard_deviation,percentile15,percentile25,percentile50,percentile75,amplitude,variance,interquartile_range,semi_interquartile_range,coefficient_of_variation,skewness,kurtosis,label
4_99991904_99991940,73.99999999999999,46.628769359230056,371.0495158966836,1.0123030661103771,0.1666666666666667,1.6810829284095559,80.69696400732806,81.81007816209987,5.42551940202706,13.228710649927208,46.628769359230056,106.97649397542904,370.0372128305732,6692.8888888888905,93.74778332550183,46.873891662750914,1.0904995136125415,1.0175561488887372,0.2964616640443814,complex_number
