nameseq,average,median,maximum,minimum,peak,none_levated_peak,sample_standard_deviation,population_standard_deviation,percentile15,percentile25,percentile50,percentile75,amplitude,variance,interquartile_range,semi_interquartile_range,coefficient_of_variation,skewness,kurtosis,label
5_102224829_102225747,1837.999999999998,1165.8304773881282,38506.00000000001,0.11621748052193107,0.16666666666666685,8.216602113938254,2342.502934896774,2343.7784606841333,293.7609507339299,466.7821962158241,1165.8304773881282,2505.792858407729,38505.883782519486,5493297.472766885,2039.0106621919049,1019.5053310959524,1.2744847306293672,0.8608350229983681,0.24773807596537162,complex_number
