nameseq,average,median,maximum,minimum,peak,none_levated_peak,sample_standard_deviation,population_standard_deviation,percentile15,percentile25,percentile50,percentile75,amplitude,variance,interquartile_range,semi_interquartile_range,coefficient_of_variation,skewness,kurtosis,label
5_133462071_133474223,24305.999999999927,16107.051683066114,3624929.999999999,2.9602481812673003,0.16666666666666716,29.806120479055753,47284.109804457556,47286.055292322955,3687.5255815229575,6533.297236224164,16107.051683066114,32212.196406203297,3624927.039751818,2235971025.1086235,25678.899169979133,12839.449584989567,1.945367802372159,0.5201926197304163,0.2496176777909129,complex_number
