nameseq,average,median,maximum,minimum,peak,none_levated_peak,sample_standard_deviation,population_standard_deviation,percentile15,percentile25,percentile50,percentile75,amplitude,variance,interquartile_range,semi_interquartile_range,coefficient_of_variation,skewness,kurtosis,label
5_133838753_133839323,1141.9999999999984,737.5832839168287,25249.99999999999,0.03807335222729694,0.1666666666666669,6.429214574001782,1521.2862978414018,1522.6201747288214,182.14877841830756,310.3801687595143,737.5832839168287,1491.3715989137231,25249.96192664776,2318372.1964912266,1180.991430154209,590.4957150771045,1.3321246040642767,0.7975159902320987,0.24170432504784822,complex_number
