nameseq,average,median,maximum,minimum,peak,none_levated_peak,sample_standard_deviation,population_standard_deviation,percentile15,percentile25,percentile50,percentile75,amplitude,variance,interquartile_range,semi_interquartile_range,coefficient_of_variation,skewness,kurtosis,label
5_133757132_133758419,2575.9999999999986,1793.6733645318022,47632.00000000001,4.076925954315619,0.16666666666666674,9.626034064639393,2940.98214887476,2942.124499723384,411.94613848284297,687.0938615727214,1793.6733645318022,3463.225267481963,47627.92307404569,8656096.571872571,2776.1314059092415,1388.0657029546207,1.1416856167992087,0.7980258932556119,0.23740655703677785,complex_number
