nameseq,average,median,maximum,minimum,peak,none_levated_peak,sample_standard_deviation,population_standard_deviation,percentile15,percentile25,percentile50,percentile75,amplitude,variance,interquartile_range,semi_interquartile_range,coefficient_of_variation,skewness,kurtosis,label
5_133439060_133439392,666.0000000000006,457.8642333523484,5795.855666267999,0.9252976470235299,0.16666666666666652,4.85094118714045,666.0810761461399,667.0834560603324,107.27491309147996,184.73174833299936,457.8642333523484,990.8009435627049,5794.930368620976,445000.3373493975,806.0691952297055,403.03459761485277,1.0001217359551642,0.9374343789433225,0.283334052384708,complex_number
