nameseq,average,median,maximum,minimum,peak,none_levated_peak,sample_standard_deviation,population_standard_deviation,percentile15,percentile25,percentile50,percentile75,amplitude,variance,interquartile_range,semi_interquartile_range,coefficient_of_variation,skewness,kurtosis,label
5_156660055_156663701,7293.999999999978,4885.436682293388,220991.72916504755,1.5699564511315847,0.16666666666666718,16.18479777738513,8709.850515364771,8711.044872657374,1173.9003168890017,2008.8939043276368,4885.436682293388,9870.751140753999,220990.15920859642,75882302.77345031,7861.857236426362,3930.928618213181,1.1941116692301614,0.8295997664223008,0.2452156723043118,complex_number
