nameseq,average,median,maximum,minimum,peak,none_levated_peak,sample_standard_deviation,population_standard_deviation,percentile15,percentile25,percentile50,percentile75,amplitude,variance,interquartile_range,semi_interquartile_range,coefficient_of_variation,skewness,kurtosis,label
5_155327206_155327309,208.00000000000006,162.48337204691785,1939.9999999999998,1.0903691302168914,0.1666666666666666,2.6881480070812147,237.2172000509238,238.36595834365147,50.19883734925592,69.31997470048417,162.48337204691785,254.77614646319273,1938.9096308697829,56818.33009708738,185.45617176270855,92.72808588135427,1.1404673079371332,0.5756323058780444,0.2390342204305703,complex_number
