nameseq,average,median,maximum,minimum,peak,none_levated_peak,sample_standard_deviation,population_standard_deviation,percentile15,percentile25,percentile50,percentile75,amplitude,variance,interquartile_range,semi_interquartile_range,coefficient_of_variation,skewness,kurtosis,label
5_156878819_156879053,470.0,236.6352187855936,8018.94176299883,2.4769085743929926,0.16666666666666666,4.445595844031832,797.9624051294649,799.6656352533404,31.48956586613408,75.83985178547357,236.6352187855936,545.6474102474942,8016.464854424437,639465.1282051284,469.80755846202067,234.90377923101033,1.697792351339287,0.877352540850133,0.21030464699446075,complex_number
