nameseq,average,median,maximum,minimum,peak,none_levated_peak,sample_standard_deviation,population_standard_deviation,percentile15,percentile25,percentile50,percentile75,amplitude,variance,interquartile_range,semi_interquartile_range,coefficient_of_variation,skewness,kurtosis,label
5_157098511_157099346,1672.000000000002,1018.267054440176,68228.0,1.2006610698566176,0.16666666666666646,7.965799477144482,3078.2306606230795,3080.073360974059,238.4921667855769,438.31088108355607,1018.267054440176,2014.916763687489,68226.79933893014,9486851.908982037,1576.605882603933,788.3029413019665,1.8410470458271984,0.6371188688902547,0.2342583284502719,complex_number
