nameseq,average,median,maximum,minimum,peak,none_levated_peak,sample_standard_deviation,population_standard_deviation,percentile15,percentile25,percentile50,percentile75,amplitude,variance,interquartile_range,semi_interquartile_range,coefficient_of_variation,skewness,kurtosis,label
5_159270073_159270163,182.00000000000003,121.2876836359588,1099.9325090603315,5.095238180037513,0.16666666666666663,2.5811917859386986,210.1618423977103,211.3261828443309,32.854383611492224,46.39604379745168,121.2876836359588,229.02870629197542,1094.837270880294,44658.75555555558,182.63266249452374,91.31633124726187,1.1547353977896169,0.8666508963480045,0.24652988619934163,complex_number
