nameseq,average,median,maximum,minimum,peak,none_levated_peak,sample_standard_deviation,population_standard_deviation,percentile15,percentile25,percentile50,percentile75,amplitude,variance,interquartile_range,semi_interquartile_range,coefficient_of_variation,skewness,kurtosis,label
5_15620545_15621549,2010.0000000000014,1366.571277308856,28346.0,2.010419675218226,0.16666666666666655,8.502383150783709,2232.9782802347177,2234.090044446111,313.99335042353806,562.0426900903778,1366.571277308856,2730.31123522007,28343.989580324782,4991158.326693226,2168.268545129692,1084.134272564846,1.1109344677784658,0.8644446679842025,0.2388339926883269,complex_number
