nameseq,average,median,maximum,minimum,peak,none_levated_peak,sample_standard_deviation,population_standard_deviation,percentile15,percentile25,percentile50,percentile75,amplitude,variance,interquartile_range,semi_interquartile_range,coefficient_of_variation,skewness,kurtosis,label
5_163577989_163578109,241.99999999999997,164.28298466002707,1344.2471939904326,0.4682887388703256,0.16666666666666669,2.964156112068851,244.88364584022344,245.90187744979363,36.297176478904994,55.17258131541249,164.28298466002707,341.1445964756493,1343.7789052515623,60467.73333333332,285.97201516023677,142.98600758011838,1.01191589190175,0.9520890838583815,0.26800194578464037,complex_number
