nameseq,average,median,maximum,minimum,peak,none_levated_peak,sample_standard_deviation,population_standard_deviation,percentile15,percentile25,percentile50,percentile75,amplitude,variance,interquartile_range,semi_interquartile_range,coefficient_of_variation,skewness,kurtosis,label
5_169953551_169953634,168.0,89.89831722211713,1444.0,0.07695154586736311,0.16666666666666666,2.5146461292893063,211.31966306995668,212.5888616470429,28.154957696367724,42.0107462335196,89.89831722211713,203.33745824659587,1443.9230484541326,45194.02409638555,161.32671201307627,80.66335600653814,1.2578551373211706,1.1087706885851067,0.18699209243701087,complex_number
