nameseq,average,median,maximum,minimum,peak,none_levated_peak,sample_standard_deviation,population_standard_deviation,percentile15,percentile25,percentile50,percentile75,amplitude,variance,interquartile_range,semi_interquartile_range,coefficient_of_variation,skewness,kurtosis,label
5_179106628_179107859,2464.000000000001,1689.3287269021023,31010.316669994692,1.8635676921184254,0.1666666666666666,9.383741547979932,2629.9262347069734,2630.994225100115,381.3963422175169,692.0472666039605,1689.3287269021023,3321.7843532412444,31008.453102302574,6922130.612510153,2629.737086637284,1314.868543318642,1.0673401926570505,0.883680229743264,0.24348265432522231,complex_number
