nameseq,average,median,maximum,minimum,peak,none_levated_peak,sample_standard_deviation,population_standard_deviation,percentile15,percentile25,percentile50,percentile75,amplitude,variance,interquartile_range,semi_interquartile_range,coefficient_of_variation,skewness,kurtosis,label
5_178085982_178090685,9408.000000000005,6043.929158626391,475790.944445231,2.201353190126832,0.16666666666666657,18.546124900465717,14122.852403108942,14124.353796022673,1570.3684792027716,2563.4423561003614,6043.929158626391,12229.275575895577,475788.7430920409,199497370.1552201,9665.833219795215,4832.9166098976075,1.501153529242021,0.7146015716980226,0.2492780220695444,complex_number
