nameseq,average,median,maximum,minimum,peak,none_levated_peak,sample_standard_deviation,population_standard_deviation,percentile15,percentile25,percentile50,percentile75,amplitude,variance,interquartile_range,semi_interquartile_range,coefficient_of_variation,skewness,kurtosis,label
5_181257849_181258388,1080.0000000000005,667.5865813001392,26687.793808954277,1.5271981964470143,0.1666666666666666,6.40593303805006,1721.1995816871438,1722.7955019017527,137.48936735748703,252.21102236311256,667.5865813001392,1342.5585653786745,26686.26661075783,2968024.341372912,1090.347543015562,545.173771507781,1.5937033163769843,0.7188243997170994,0.24136375897270132,complex_number
