nameseq,average,median,maximum,minimum,peak,none_levated_peak,sample_standard_deviation,population_standard_deviation,percentile15,percentile25,percentile50,percentile75,amplitude,variance,interquartile_range,semi_interquartile_range,coefficient_of_variation,skewness,kurtosis,label
5_183174284_183174613,660.0000000000003,447.7401934830667,5563.738322169074,2.455950917251446,0.16666666666666657,4.902675834750834,754.9410573018267,756.0875136301863,99.18384659192644,162.16345442041938,447.7401934830667,845.3317069046224,5561.282371251823,571668.3282674772,683.168252484203,341.5841262421015,1.143850086820949,0.8434823002297189,0.24944837407692372,complex_number
