nameseq,average,median,maximum,minimum,peak,none_levated_peak,sample_standard_deviation,population_standard_deviation,percentile15,percentile25,percentile50,percentile75,amplitude,variance,interquartile_range,semi_interquartile_range,coefficient_of_variation,skewness,kurtosis,label
5_183408204_183408753,1100.0000000000007,633.5880008205135,39220.0,3.7595059037986016,0.16666666666666657,6.447134181131988,2022.4737328331362,2024.3148563212117,162.92319958319632,288.1865397172428,633.5880008205135,1374.6812251448298,39216.2404940962,4097850.637522768,1086.494685427587,543.2473427137935,1.838612484393759,0.6918438419362677,0.23929526066739842,complex_number
