nameseq,average,median,maximum,minimum,peak,none_levated_peak,sample_standard_deviation,population_standard_deviation,percentile15,percentile25,percentile50,percentile75,amplitude,variance,interquartile_range,semi_interquartile_range,coefficient_of_variation,skewness,kurtosis,label
5_183611081_183611319,477.99999999999994,294.04662007856314,3184.07569352311,1.2535882184553522,0.16666666666666669,4.188915532114529,525.3494075374978,526.4519258698754,62.032729708101115,124.36804010783109,294.04662007856314,652.6826759210699,3182.822105304655,277151.6302521007,528.3146358132387,264.15731790661937,1.099057337944556,1.050463047728707,0.24114758649779988,complex_number
