nameseq,average,median,maximum,minimum,peak,none_levated_peak,sample_standard_deviation,population_standard_deviation,percentile15,percentile25,percentile50,percentile75,amplitude,variance,interquartile_range,semi_interquartile_range,coefficient_of_variation,skewness,kurtosis,label
5_191622395_191627411,10034.000000000027,6594.206260430156,544850.0000000002,0.26735191152095156,0.1666666666666662,19.05503542133483,13097.246122754208,13098.551604553886,1558.9481908416465,2765.2221463301653,6594.206260430156,13558.948962888846,544849.7326480887,171572054.1371612,10793.726816558681,5396.863408279341,1.3052866377072128,0.7879046573601045,0.2442011899111062,complex_number
