nameseq,average,median,maximum,minimum,peak,none_levated_peak,sample_standard_deviation,population_standard_deviation,percentile15,percentile25,percentile50,percentile75,amplitude,variance,interquartile_range,semi_interquartile_range,coefficient_of_variation,skewness,kurtosis,label
5_209492630_209495954,6650.000000000008,4488.072393886723,203570.0,1.1269339477391795,0.16666666666666646,15.578169344569845,7941.966507106412,7943.161057238324,940.1190500206599,1714.558277667842,4488.072393886723,8738.04721062385,203568.87306605227,63093807.58122745,7023.488932956008,3511.744466478004,1.1942806777603612,0.816646961748885,0.23771278439109958,complex_number
