nameseq,average,median,maximum,minimum,peak,none_levated_peak,sample_standard_deviation,population_standard_deviation,percentile15,percentile25,percentile50,percentile75,amplitude,variance,interquartile_range,semi_interquartile_range,coefficient_of_variation,skewness,kurtosis,label
5_202049419_202054219,9602.000000000005,6236.075367339026,1269850.0,3.8371080634666646,0.16666666666666657,18.70921478507109,20524.508666469945,20526.646524781718,1443.7427000935006,2612.7729279361797,6236.075367339026,13231.285850280534,1269846.1628919365,421343217.55333334,10618.512922344355,5309.256461172177,2.1375243351874538,0.49198614505589894,0.2547091705505409,complex_number
