nameseq,average,median,maximum,minimum,peak,none_levated_peak,sample_standard_deviation,population_standard_deviation,percentile15,percentile25,percentile50,percentile75,amplitude,variance,interquartile_range,semi_interquartile_range,coefficient_of_variation,skewness,kurtosis,label
5_20265055_20265117,125.99999999999999,63.92532571978849,962.0000000000001,2.223435437694951,0.16666666666666669,2.2074190056479135,166.73332000533068,168.07256497350838,14.18508904550479,27.29228715398248,63.92532571978849,166.88666448324514,959.7765645623051,28248.387096774193,139.59437732926267,69.79718866463134,1.3232803175026246,1.1168974673729322,0.2684509565473153,complex_number
