nameseq,average,median,maximum,minimum,peak,none_levated_peak,sample_standard_deviation,population_standard_deviation,percentile15,percentile25,percentile50,percentile75,amplitude,variance,interquartile_range,semi_interquartile_range,coefficient_of_variation,skewness,kurtosis,label
5_204748225_204748508,567.9999999999999,342.96076302819756,4108.874686167698,2.064077633284336,0.1666666666666667,4.539915146952753,634.7030801878938,635.8234748466572,104.06475341715813,157.05214302949162,342.96076302819756,781.7377522131303,4106.810608534414,404271.49116607767,624.6856091836387,312.34280459181934,1.1174350003307991,1.0636748615046094,0.2649451567226869,complex_number
