nameseq,average,median,maximum,minimum,peak,none_levated_peak,sample_standard_deviation,population_standard_deviation,percentile15,percentile25,percentile50,percentile75,amplitude,variance,interquartile_range,semi_interquartile_range,coefficient_of_variation,skewness,kurtosis,label
5_218442198_218442299,203.99999999999997,127.73120063897737,1251.9999999999998,0.6595288942888361,0.16666666666666669,2.6949496699749624,218.13757127097566,219.2148003964862,35.80742048468544,61.435330528834534,127.73120063897737,254.12836870753515,1251.340471105711,48055.12871287128,192.69303817870062,96.34651908935031,1.0693018199557631,1.0489087081603152,0.19684916367584554,complex_number
