nameseq,average,median,maximum,minimum,peak,none_levated_peak,sample_standard_deviation,population_standard_deviation,percentile15,percentile25,percentile50,percentile75,amplitude,variance,interquartile_range,semi_interquartile_range,coefficient_of_variation,skewness,kurtosis,label
5_216598861_216599191,661.9999999999997,422.93344230289125,3985.2727970319115,1.9568094119422377,0.16666666666666674,4.86728249083127,673.3379537795264,674.3573910836083,108.08044648440114,178.75664182182166,422.93344230289125,910.5785488256827,3983.3159876199693,454757.8909090905,731.821907003861,365.9109535019305,1.0171268183980766,1.065140720295949,0.2268205910525421,complex_number
