nameseq,average,median,maximum,minimum,peak,none_levated_peak,sample_standard_deviation,population_standard_deviation,percentile15,percentile25,percentile50,percentile75,amplitude,variance,interquartile_range,semi_interquartile_range,coefficient_of_variation,skewness,kurtosis,label
5_221108625_221108695,141.99999999999997,110.50279494436813,693.239515253106,2.6793787744757442,0.1666666666666667,2.218935506483133,130.4453908729626,131.37383953544827,28.650096513139992,41.2261565612467,110.50279494436813,213.269839566465,690.5601364786303,17259.085714285713,172.04368300521833,86.02184150260916,0.9186295131898777,0.7243768026953015,0.29846349879516765,complex_number
