nameseq,average,median,maximum,minimum,peak,none_levated_peak,sample_standard_deviation,population_standard_deviation,percentile15,percentile25,percentile50,percentile75,amplitude,variance,interquartile_range,semi_interquartile_range,coefficient_of_variation,skewness,kurtosis,label
5_22934781_22935032,503.99999999999994,318.4349185329296,6663.999999999999,3.7630496135718445,0.16666666666666669,4.250815336342081,600.5597389102935,601.7548838514264,90.75436078925753,146.4002576844552,318.4349185329296,652.8745883172705,6660.236950386427,362108.9402390437,506.47433063281534,253.23716531640767,1.1915867835521698,0.9269606474308886,0.24148966077070433,complex_number
