nameseq,average,median,maximum,minimum,peak,none_levated_peak,sample_standard_deviation,population_standard_deviation,percentile15,percentile25,percentile50,percentile75,amplitude,variance,interquartile_range,semi_interquartile_range,coefficient_of_variation,skewness,kurtosis,label
5_221232909_221233095,374.00000000000017,249.04597113765215,4122.0,3.1923349623739266,0.1666666666666666,3.747270592390307,480.3415451530296,481.63105497702236,54.81776195415114,90.77704125744808,249.04597113765215,450.9282941093397,4118.807665037626,231968.47311827954,360.1512528518916,180.0756264259458,1.2843356822273513,0.7804073796440378,0.2247556049258929,complex_number
