nameseq,average,median,maximum,minimum,peak,none_levated_peak,sample_standard_deviation,population_standard_deviation,percentile15,percentile25,percentile50,percentile75,amplitude,variance,interquartile_range,semi_interquartile_range,coefficient_of_variation,skewness,kurtosis,label
5_37525754_37558852,66197.99999999993,43746.34975735878,6288946.0,0.39423531008454793,0.16666666666666685,48.99700117497657,97221.82080171096,97223.28948692555,10228.355704374642,18129.21343577322,43746.34975735878,88859.72391927891,6288945.60576469,9452368018.65853,70730.5104835057,35365.25524175285,1.4686519351296272,0.6927966394015334,0.2501847292354513,complex_number
