nameseq,average,median,maximum,minimum,peak,none_levated_peak,sample_standard_deviation,population_standard_deviation,percentile15,percentile25,percentile50,percentile75,amplitude,variance,interquartile_range,semi_interquartile_range,coefficient_of_variation,skewness,kurtosis,label
5_40032016_40032150,270.00000000000006,181.74976875628278,1443.6238008449893,1.3915254285067413,0.16666666666666663,3.129337737649525,281.86521601645,282.9149969909479,40.08742107474048,66.62004852765527,181.74976875628278,400.3694506135005,1442.2322754164825,80040.89552238806,333.7494020858452,166.8747010429226,1.04394524450537,0.9392811836551718,0.30764337563281846,complex_number
