nameseq,average,median,maximum,minimum,peak,none_levated_peak,sample_standard_deviation,population_standard_deviation,percentile15,percentile25,percentile50,percentile75,amplitude,variance,interquartile_range,semi_interquartile_range,coefficient_of_variation,skewness,kurtosis,label
5_41781979_41783713,3470.0000000000005,2164.978337426088,119034.5923588207,2.42415250224243,0.16666666666666666,11.27817254128443,4584.166663636914,4585.488320479609,520.0870483357701,906.8199877039095,2164.978337426088,4659.024286748503,119032.16820631846,21026703.1372549,3752.2042990445934,1876.1021495222967,1.3210854938434908,0.854040717755158,0.2428418753674159,complex_number
