nameseq,average,median,maximum,minimum,peak,none_levated_peak,sample_standard_deviation,population_standard_deviation,percentile15,percentile25,percentile50,percentile75,amplitude,variance,interquartile_range,semi_interquartile_range,coefficient_of_variation,skewness,kurtosis,label
5_429551_437022,14944.000000000038,10304.424152440388,784339.9999999999,1.9796908448294706,0.16666666666666624,23.112506013795237,17590.074928777314,17591.25211297999,2400.624297624241,4234.753199270493,10304.424152440388,20292.458849538532,784338.0203091551,309452150.9024229,16057.705650268039,8028.852825134019,1.1770660418079009,0.7912830160778879,0.24574869490687773,complex_number
