nameseq,average,median,maximum,minimum,peak,none_levated_peak,sample_standard_deviation,population_standard_deviation,percentile15,percentile25,percentile50,percentile75,amplitude,variance,interquartile_range,semi_interquartile_range,coefficient_of_variation,skewness,kurtosis,label
5_42599665_42606079,12830.000000000015,8558.897371432275,380290.00000000006,1.4939125064311967,0.1666666666666665,21.512622243420278,15398.053643236863,15399.25394363571,2020.6997576366064,3542.8521883368285,8558.897371432275,17372.379045581245,380288.5060874936,237137022.02057993,13829.526857244417,6914.763428622208,1.2001600657238383,0.8321381508714957,0.24935828609491437,complex_number
