nameseq,average,median,maximum,minimum,peak,none_levated_peak,sample_standard_deviation,population_standard_deviation,percentile15,percentile25,percentile50,percentile75,amplitude,variance,interquartile_range,semi_interquartile_range,coefficient_of_variation,skewness,kurtosis,label
5_44592991_44593383,785.9999999999997,519.3015470913657,16641.999999999996,1.9949943657832054,0.16666666666666674,5.3747586854699625,1229.1265191183534,1230.693283959766,130.26433577150075,236.90283409634944,519.3015470913657,927.0913031974688,16640.00500563421,1514605.9591836731,690.1884691011194,345.0942345505597,1.5637741973515953,0.6509462990838457,0.2284930976990727,complex_number
