nameseq,average,median,maximum,minimum,peak,none_levated_peak,sample_standard_deviation,population_standard_deviation,percentile15,percentile25,percentile50,percentile75,amplitude,variance,interquartile_range,semi_interquartile_range,coefficient_of_variation,skewness,kurtosis,label
5_44211746_44225774,28057.999999999967,18428.84137168586,1197249.9999999998,2.5504635382530045,0.16666666666666685,31.84992487210213,33520.01026252826,33521.20499495295,4313.904792145079,7618.66423529242,18428.84137168586,37473.21640190731,1197247.4495364616,1123671184.3136582,29854.55216661489,14927.276083307444,1.1946685530874723,0.8617979427421415,0.24438153861930198,complex_number
