nameseq,average,median,maximum,minimum,peak,none_levated_peak,sample_standard_deviation,population_standard_deviation,percentile15,percentile25,percentile50,percentile75,amplitude,variance,interquartile_range,semi_interquartile_range,coefficient_of_variation,skewness,kurtosis,label
5_45200432_45206015,11167.999999999978,7188.950356115734,472806.3132587988,2.859882702057164,0.166666666666667,20.18703383863149,14748.047192764207,14749.367933123527,1705.6653480876673,2971.5505031002904,7188.950356115734,14712.47051018859,472803.45337609673,217543854.42665258,11740.9200070883,5870.46000354415,1.3205629649681443,0.8094053928380037,0.24712515899258924,complex_number
