nameseq,average,median,maximum,minimum,peak,none_levated_peak,sample_standard_deviation,population_standard_deviation,percentile15,percentile25,percentile50,percentile75,amplitude,variance,interquartile_range,semi_interquartile_range,coefficient_of_variation,skewness,kurtosis,label
5_45256182_45260538,8713.99999999996,5679.149743147103,1151305.9999999993,4.943009836214376,0.16666666666666743,17.87901199510526,20025.65514533793,20027.95364234927,1416.9738234008623,2400.9838129607506,5679.149743147103,11295.190445472517,1151301.0569901632,401118927.1000913,8894.206632511767,4447.103316255883,2.298101347869867,0.45464434019668787,0.2471791455708749,complex_number
