nameseq,average,median,maximum,minimum,peak,none_levated_peak,sample_standard_deviation,population_standard_deviation,percentile15,percentile25,percentile50,percentile75,amplitude,variance,interquartile_range,semi_interquartile_range,coefficient_of_variation,skewness,kurtosis,label
5_46351228_46351392,330.00000000000006,217.02130674598553,1359.4843130522968,0.8615612366938912,0.16666666666666663,3.4533927925604435,323.55525030510626,324.54020007298726,43.81816802926397,91.77646887152524,217.02130674598553,469.987855138029,1358.622751815603,105326.34146341462,378.2113862665037,189.10569313325186,0.9804704554700188,1.0475369490757251,0.2281259589419318,complex_number
