nameseq,average,median,maximum,minimum,peak,none_levated_peak,sample_standard_deviation,population_standard_deviation,percentile15,percentile25,percentile50,percentile75,amplitude,variance,interquartile_range,semi_interquartile_range,coefficient_of_variation,skewness,kurtosis,label
5_46269856_46272819,5928.000000000013,3915.93135367775,228744.0,1.6374913276342749,0.1666666666666663,14.630662965750297,7802.481656498782,7803.798197747754,920.2402606746541,1670.2828921801204,3915.93135367775,8055.612582631139,228742.36250867238,60899266.311171085,6385.329690451019,3192.6648452255095,1.3162081066968228,0.7736264184535645,0.2557478891170498,complex_number
