nameseq,average,median,maximum,minimum,peak,none_levated_peak,sample_standard_deviation,population_standard_deviation,percentile15,percentile25,percentile50,percentile75,amplitude,variance,interquartile_range,semi_interquartile_range,coefficient_of_variation,skewness,kurtosis,label
5_47991064_47996454,10782.00000000001,7331.273966488368,348009.99999999994,2.935922066211453,0.16666666666666652,19.549749244601067,11736.074641889423,11737.16328106823,1705.7409821039155,3151.02989102809,7331.273966488368,14601.075587007526,348007.0640779337,137761001.8864563,11450.045695979436,5725.022847989718,1.0884877241596562,0.8820818217690115,0.2437667736305144,complex_number
