nameseq,average,median,maximum,minimum,peak,none_levated_peak,sample_standard_deviation,population_standard_deviation,percentile15,percentile25,percentile50,percentile75,amplitude,variance,interquartile_range,semi_interquartile_range,coefficient_of_variation,skewness,kurtosis,label
5_50461214_50461367,307.99999999999994,223.97469653980926,1788.489292701312,0.47958077552927997,0.1666666666666667,3.3732389969404517,339.222640753827,340.3294059806813,38.5251599837541,70.21545006238182,223.97469653980926,395.7996337651237,1788.0097119257828,115824.1045751634,325.5841837027419,162.79209185137094,1.1013722102396983,0.743098720711578,0.2492668501093244,complex_number
