nameseq,average,median,maximum,minimum,peak,none_levated_peak,sample_standard_deviation,population_standard_deviation,percentile15,percentile25,percentile50,percentile75,amplitude,variance,interquartile_range,semi_interquartile_range,coefficient_of_variation,skewness,kurtosis,label
5_56693681_56693987,614.0000000000003,397.4092623250764,13689.999999999998,4.577586391196623,0.16666666666666657,4.7512117724837735,939.7744410229509,941.3087676625727,108.581378858751,153.1125577208308,397.4092623250764,783.5655923709332,13685.422413608801,886062.1960784312,630.4530346501024,315.2265173250512,1.5305772655096912,0.6914129440650572,0.24320152334309036,complex_number
