nameseq,average,median,maximum,minimum,peak,none_levated_peak,sample_standard_deviation,population_standard_deviation,percentile15,percentile25,percentile50,percentile75,amplitude,variance,interquartile_range,semi_interquartile_range,coefficient_of_variation,skewness,kurtosis,label
5_62776561_62776788,456.0000000000001,287.0314290764851,3700.0,0.1795345920668745,0.16666666666666663,4.164192163843347,553.230512535236,554.4477428572249,50.09465358816335,97.26669086343117,287.0314290764851,582.626507667934,3699.820465407933,307412.2995594713,485.3598168045028,242.6799084022514,1.2132248081913068,0.9162649226406497,0.2270558641300325,complex_number
