nameseq,average,median,maximum,minimum,peak,none_levated_peak,sample_standard_deviation,population_standard_deviation,percentile15,percentile25,percentile50,percentile75,amplitude,variance,interquartile_range,semi_interquartile_range,coefficient_of_variation,skewness,kurtosis,label
5_68372005_68382944,21880.000000000015,14524.352710137953,910179.9999999999,0.37192426412514773,0.16666666666666655,28.11661944510242,28604.010068520118,28605.31747122521,3351.5140474255522,6026.383719735897,14524.352710137953,29574.593994518127,910179.6280757358,818264187.6295824,23548.21027478223,11774.105137391114,1.3073130744296206,0.7714632254961955,0.2521127903059445,complex_number
