nameseq,average,median,maximum,minimum,peak,none_levated_peak,sample_standard_deviation,population_standard_deviation,percentile15,percentile25,percentile50,percentile75,amplitude,variance,interquartile_range,semi_interquartile_range,coefficient_of_variation,skewness,kurtosis,label
5_69075457_69075978,1044.0000000000002,681.5752353759833,11722.718732467256,0.8144284811557929,0.16666666666666663,6.144216113630214,1141.4446986166258,1142.5396098502558,157.57733099758883,272.5832232537083,681.5752353759833,1415.1015749567189,11721.9043039861,1305396.760076775,1142.5183517030105,571.2591758515052,1.0933378339239708,0.9525422433428208,0.2492281240700412,complex_number
