nameseq,average,median,maximum,minimum,peak,none_levated_peak,sample_standard_deviation,population_standard_deviation,percentile15,percentile25,percentile50,percentile75,amplitude,variance,interquartile_range,semi_interquartile_range,coefficient_of_variation,skewness,kurtosis,label
5_89054478_89054783,611.9999999999997,399.1110292282224,7731.999999999999,0.3232290539622499,0.16666666666666677,4.742006123031402,743.6773493928666,744.8954949257349,93.86594867038983,149.96743153273746,399.1110292282224,824.6095328402059,7731.676770946036,554869.2983606555,674.6421013074685,337.32105065373423,1.2151590676354036,0.8587957033204459,0.27438706651224987,complex_number
