nameseq,average,median,maximum,minimum,peak,none_levated_peak,sample_standard_deviation,population_standard_deviation,percentile15,percentile25,percentile50,percentile75,amplitude,variance,interquartile_range,semi_interquartile_range,coefficient_of_variation,skewness,kurtosis,label
5_94374122_94393784,39325.99999999995,25929.041846390417,10271978.0,0.6200620728944525,0.16666666666666688,37.83160563737069,86362.3743536501,86364.57050043817,6073.685547697446,10759.354889002778,25929.041846390417,52539.05084800647,10271977.379937926,7458839037.725155,41779.695959003686,20889.847979501843,2.196063020740737,0.4653748204773614,0.24652507530911583,complex_number
