nameseq,average,median,maximum,minimum,peak,none_levated_peak,sample_standard_deviation,population_standard_deviation,percentile15,percentile25,percentile50,percentile75,amplitude,variance,interquartile_range,semi_interquartile_range,coefficient_of_variation,skewness,kurtosis,label
5_94985561_94986635,2150.0000000000005,1417.1458397274391,52758.97061663396,1.1648463350890172,0.16666666666666663,8.819914388536409,2998.475612707231,2999.8712262865015,368.1549854754559,633.06884957243,1417.1458397274391,2796.423870001787,52757.80577029887,8999227.37430168,2163.355020429357,1081.6775102146785,1.3946398198638281,0.7332267341112939,0.24219542114611609,complex_number
