nameseq,average,median,maximum,minimum,peak,none_levated_peak,sample_standard_deviation,population_standard_deviation,percentile15,percentile25,percentile50,percentile75,amplitude,variance,interquartile_range,semi_interquartile_range,coefficient_of_variation,skewness,kurtosis,label
5_95654017_95654077,122.0,94.10214005712633,394.0,1.9325841123008793,0.16666666666666666,2.0450056303104414,102.52804494381039,103.37891467799419,20.030224283709465,41.49884895788968,94.10214005712633,193.16017086128997,392.0674158876991,10687.200000000003,151.66132190340028,75.83066095170014,0.8403938110148392,0.8162993830077278,0.29952298611188616,complex_number
