nameseq,average,median,maximum,minimum,peak,none_levated_peak,sample_standard_deviation,population_standard_deviation,percentile15,percentile25,percentile50,percentile75,amplitude,variance,interquartile_range,semi_interquartile_range,coefficient_of_variation,skewness,kurtosis,label
6_100963811_100993037,58453.99999999972,39005.89760591129,11478457.999999994,0.33954771268140904,0.16666666666666746,45.92362869279061,94821.34211241682,94822.9643072266,9111.921668818635,16279.659210867783,39005.89760591129,78523.07803925898,11478457.660452282,8991394560.009571,62243.41882839119,31121.709414195597,1.6221531822016846,0.6153077554322566,0.24386662466403525,complex_number
