nameseq,average,median,maximum,minimum,peak,none_levated_peak,sample_standard_deviation,population_standard_deviation,percentile15,percentile25,percentile50,percentile75,amplitude,variance,interquartile_range,semi_interquartile_range,coefficient_of_variation,skewness,kurtosis,label
6_107343058_107343473,832.0000000000002,525.2712657708305,6842.965409743266,2.125623376579188,0.1666666666666666,5.4802281329182065,902.1662817906686,903.252575118295,127.88621507912833,229.7030312281667,525.2712657708305,1125.6132426737263,6840.839786366687,815865.2144578312,895.9102114455595,447.95510572277976,1.0843344733060918,1.0199740571783216,0.2414214774425417,complex_number
