nameseq,average,median,maximum,minimum,peak,none_levated_peak,sample_standard_deviation,population_standard_deviation,percentile15,percentile25,percentile50,percentile75,amplitude,variance,interquartile_range,semi_interquartile_range,coefficient_of_variation,skewness,kurtosis,label
6_107825161_107825329,337.99999999999966,209.35116626303648,9034.0,0.1352499812439077,0.16666666666666685,3.6121724313985215,723.3256528010049,725.4752137146284,48.96390868703161,88.03895113685897,209.35116626303648,394.57129232071236,9033.864750018756,526314.2857142857,306.5323411838534,153.2661705919267,2.1400167242633303,0.5335722571380553,0.2620478473287686,complex_number
