nameseq,average,median,maximum,minimum,peak,none_levated_peak,sample_standard_deviation,population_standard_deviation,percentile15,percentile25,percentile50,percentile75,amplitude,variance,interquartile_range,semi_interquartile_range,coefficient_of_variation,skewness,kurtosis,label
6_103295445_103310564,30240.00000000006,20284.573238779456,1833204.2532210795,0.025658295640938786,0.16666666666666635,32.99604039786028,40079.50558577288,40080.8310319953,4749.518305546156,8433.788354727156,20284.573238779456,40796.028301426864,1833204.2275627838,1606473016.2153578,32362.23994669971,16181.119973349854,1.32538047572,0.745175865998295,0.24699309436482395,complex_number
