nameseq,average,median,maximum,minimum,peak,none_levated_peak,sample_standard_deviation,population_standard_deviation,percentile15,percentile25,percentile50,percentile75,amplitude,variance,interquartile_range,semi_interquartile_range,coefficient_of_variation,skewness,kurtosis,label
6_119565014_119565551,1075.9999999999993,769.1802718631469,6712.122165317998,9.640957868830487,0.16666666666666677,6.138073441611744,1054.3320160177243,1055.3132465846961,205.82553830040465,310.62992995482773,769.1802718631469,1513.7906699332243,6702.481207449167,1113686.0484171314,1203.1607399783966,601.5803699891983,0.97986246841796,0.8730259258247579,0.2640630650945904,complex_number
