nameseq,average,median,maximum,minimum,peak,none_levated_peak,sample_standard_deviation,population_standard_deviation,percentile15,percentile25,percentile50,percentile75,amplitude,variance,interquartile_range,semi_interquartile_range,coefficient_of_variation,skewness,kurtosis,label
6_119960873_119963515,5285.999999999995,3618.1699241254682,210850.00000000003,0.48273410496616004,0.1666666666666668,13.731509609352795,6576.582091025702,6577.826595169877,923.9734410391518,1588.5214472971022,3618.1699241254682,7072.712375861109,210849.51726589506,43267802.71612414,5484.190928564007,2742.0954642820034,1.2441509820328618,0.760804040513881,0.24040252807717688,complex_number
