nameseq,average,median,maximum,minimum,peak,none_levated_peak,sample_standard_deviation,population_standard_deviation,percentile15,percentile25,percentile50,percentile75,amplitude,variance,interquartile_range,semi_interquartile_range,coefficient_of_variation,skewness,kurtosis,label
6_1190142_1190940,1597.9999999999989,987.881038241819,162938.0,2.851141813474626,0.16666666666666677,7.950840609071101,5875.0938715904795,5878.77385558526,208.26801915271085,391.64620332116016,987.881038241819,1964.0051389031264,162935.14885818653,34559982.04511278,1572.3589355819663,786.1794677909832,3.6765293314083127,0.31154513021917607,0.24290922008562627,complex_number
