nameseq,average,median,maximum,minimum,peak,none_levated_peak,sample_standard_deviation,population_standard_deviation,percentile15,percentile25,percentile50,percentile75,amplitude,variance,interquartile_range,semi_interquartile_range,coefficient_of_variation,skewness,kurtosis,label
6_118969195_118970765,3142.0000000000036,2193.972147354115,104850.00000000004,2.365863892167869,0.16666666666666646,10.587383067850828,3977.940170490251,3979.206828752091,521.2664744719198,902.4022141619142,2193.972147354115,4230.332404005375,104847.63413610788,15834086.985987272,3327.9301898434605,1663.9650949217303,1.2660535233896393,0.7149638848356923,0.2547035917997804,complex_number
