nameseq,average,median,maximum,minimum,peak,none_levated_peak,sample_standard_deviation,population_standard_deviation,percentile15,percentile25,percentile50,percentile75,amplitude,variance,interquartile_range,semi_interquartile_range,coefficient_of_variation,skewness,kurtosis,label
6_113557872_113557923,103.99999999999997,63.57030404916692,621.0294049925318,6.050384254042686,0.1666666666666667,1.9533651565347456,118.59173664298874,119.74875659430602,15.663766562819209,21.30467767433857,63.57030404916692,148.3856332055278,614.9790207384891,14339.764705882348,127.08095553118923,63.540477765594616,1.1403051600287382,1.022744849564271,0.29839710639922934,complex_number
