nameseq,average,median,maximum,minimum,peak,none_levated_peak,sample_standard_deviation,population_standard_deviation,percentile15,percentile25,percentile50,percentile75,amplitude,variance,interquartile_range,semi_interquartile_range,coefficient_of_variation,skewness,kurtosis,label
6_121223041_121238551,31021.99999999996,20666.737723659095,4646434.0,0.9799533439345405,0.16666666666666688,33.491671234484365,50686.88721947719,50688.521199820265,4919.0172674465975,8604.804635446257,20666.737723659095,41221.21802196979,4646433.020046656,2569326181.4246287,32616.413386523534,16308.206693261767,1.6339013351646334,0.6128959289708583,0.24411763940051923,complex_number
