nameseq,average,median,maximum,minimum,peak,none_levated_peak,sample_standard_deviation,population_standard_deviation,percentile15,percentile25,percentile50,percentile75,amplitude,variance,interquartile_range,semi_interquartile_range,coefficient_of_variation,skewness,kurtosis,label
6_131883720_131883762,85.99999999999999,58.37601173445558,422.8370981150819,0.7638210855170972,0.1666666666666667,1.7790121815365674,90.02221947941517,91.08760827331223,6.434049756518957,26.51232604064456,58.37601173445558,113.03626278084498,422.0732770295648,8296.952380952378,86.52393674020041,43.261968370100206,1.0467699939466881,0.9205723350953711,0.23548393913933227,complex_number
