nameseq,average,median,maximum,minimum,peak,none_levated_peak,sample_standard_deviation,population_standard_deviation,percentile15,percentile25,percentile50,percentile75,amplitude,variance,interquartile_range,semi_interquartile_range,coefficient_of_variation,skewness,kurtosis,label
6_138464822_138465269,896.0000000000001,598.8346314902083,25220.0,0.006284256438601259,0.16666666666666666,5.740540043323256,1413.9024011578733,1415.4830639221932,141.60287121779953,258.47861752950223,598.8346314902083,1214.4450523848177,25219.99371574356,2003592.3042505595,955.9664348553155,477.98321742765773,1.5780160727208405,0.630521671650965,0.24673585104058887,complex_number
