nameseq,average,median,maximum,minimum,peak,none_levated_peak,sample_standard_deviation,population_standard_deviation,percentile15,percentile25,percentile50,percentile75,amplitude,variance,interquartile_range,semi_interquartile_range,coefficient_of_variation,skewness,kurtosis,label
6_135966828_135970683,7712.0000000000155,5071.593638031312,247172.0,0.8042219476074521,0.16666666666666632,16.686260625111647,9275.498045927237,9276.701015654873,1205.213078794469,2043.9830072886616,5071.593638031312,10513.698908916922,247171.19577805238,86057181.73385216,8469.71590162826,4234.85795081413,1.2027357424698157,0.8539939361406285,0.24418462434479346,complex_number
