nameseq,average,median,maximum,minimum,peak,none_levated_peak,sample_standard_deviation,population_standard_deviation,percentile15,percentile25,percentile50,percentile75,amplitude,variance,interquartile_range,semi_interquartile_range,coefficient_of_variation,skewness,kurtosis,label
6_141021833_141021994,323.9999999999999,244.526619828884,2048.0000000000005,1.5099060518732015,0.1666666666666667,3.3630993265605533,332.52969792185473,333.56080023500385,58.57225571385504,92.57962561608915,244.526619828884,444.0009101273278,2046.4900939481272,111262.80745341613,351.4212845112387,175.71064225561935,1.026326228153873,0.7169890148259087,0.27473345829503976,complex_number
