nameseq,average,median,maximum,minimum,peak,none_levated_peak,sample_standard_deviation,population_standard_deviation,percentile15,percentile25,percentile50,percentile75,amplitude,variance,interquartile_range,semi_interquartile_range,coefficient_of_variation,skewness,kurtosis,label
6_158636849_158636925,153.99999999999997,80.55036608128533,3393.9999999999995,0.27603236481364457,0.1666666666666667,2.6082739040131355,388.98843170459446,391.53920285000964,16.38086045911317,25.91404261552087,80.55036608128533,169.73667166788343,3393.723967635186,153302.947368421,143.82262905236257,71.91131452618129,2.525898907172692,0.5664664648008896,0.2587935298601399,complex_number
