nameseq,average,median,maximum,minimum,peak,none_levated_peak,sample_standard_deviation,population_standard_deviation,percentile15,percentile25,percentile50,percentile75,amplitude,variance,interquartile_range,semi_interquartile_range,coefficient_of_variation,skewness,kurtosis,label
6_157210560_157210755,392.00000000000006,282.4738670868969,2516.0000000000005,0.07883974494201697,0.16666666666666663,3.710493627292442,396.3231005127004,397.33801408359795,67.35900814518996,122.96987495864825,282.4738670868969,555.5702753434274,2515.9211602550586,157877.49743589747,432.60040038477916,216.30020019238958,1.0110283176344397,0.8290669867949823,0.26354832642944975,complex_number
