nameseq,average,median,maximum,minimum,peak,none_levated_peak,sample_standard_deviation,population_standard_deviation,percentile15,percentile25,percentile50,percentile75,amplitude,variance,interquartile_range,semi_interquartile_range,coefficient_of_variation,skewness,kurtosis,label
6_162360957_162361139,365.99999999999983,250.21621980894872,2146.0,0.07174162490174724,0.16666666666666674,3.633618231756912,379.67354398219527,380.7151743180773,51.11618596809479,98.566164612569,250.21621980894872,498.2306375314463,2145.9282583750983,144944.04395604396,399.6644729188773,199.83223645943866,1.0373594097874193,0.9148684338918339,0.2516507636712815,complex_number
