nameseq,average,median,maximum,minimum,peak,none_levated_peak,sample_standard_deviation,population_standard_deviation,percentile15,percentile25,percentile50,percentile75,amplitude,variance,interquartile_range,semi_interquartile_range,coefficient_of_variation,skewness,kurtosis,label
6_163936023_163936154,264.00000000000006,197.21094205925422,1014.6532731586202,2.5049301734831424,0.16666666666666663,3.055524185692214,243.70473938764508,244.63314175679778,36.79757358898096,63.88831337920747,197.21094205925422,382.87138083899436,1012.1483429851371,59845.37404580152,318.98306745978687,159.49153372989343,0.9231240128319887,0.822171839274437,0.2693489760196405,complex_number
