nameseq,average,median,maximum,minimum,peak,none_levated_peak,sample_standard_deviation,population_standard_deviation,percentile15,percentile25,percentile50,percentile75,amplitude,variance,interquartile_range,semi_interquartile_range,coefficient_of_variation,skewness,kurtosis,label
6_167157286_167157423,275.9999999999999,203.7971368769802,1743.8873614984236,2.2307901331012627,0.16666666666666674,3.1182157858767274,277.8776709273346,278.88997909203596,53.251296899930026,77.79841935176077,203.7971368769802,400.2215496112992,1741.6565713653224,77779.62043795626,322.4231302595384,161.2115651297692,1.0068031555338213,0.7795105977612088,0.28763875565077834,complex_number
