nameseq,average,median,maximum,minimum,peak,none_levated_peak,sample_standard_deviation,population_standard_deviation,percentile15,percentile25,percentile50,percentile75,amplitude,variance,interquartile_range,semi_interquartile_range,coefficient_of_variation,skewness,kurtosis,label
6_165674733_165675022,580.0000000000003,366.5192533119719,9512.000000000002,0.9735799226571659,0.16666666666666657,4.650159219480666,830.1228824698185,831.5578409867677,81.80881843951303,169.15730350214656,366.5192533119719,694.5041520191498,9511.026420077345,691488.4429065745,525.3468485170033,262.67342425850165,1.431246349085893,0.771502934792754,0.20559896342208314,complex_number
