nameseq,average,median,maximum,minimum,peak,none_levated_peak,sample_standard_deviation,population_standard_deviation,percentile15,percentile25,percentile50,percentile75,amplitude,variance,interquartile_range,semi_interquartile_range,coefficient_of_variation,skewness,kurtosis,label
6_161933366_161933654,577.9999999999997,383.016783822597,3274.0,1.2222395727404083,0.16666666666666677,4.5284236576133665,599.6265504461923,600.6666666666667,100.32568595690938,164.7478554142095,383.016783822597,795.0859309213286,3272.7777604272596,360800.4444444445,630.338075507119,315.1690377535595,1.0374161772425479,0.9755232620986128,0.2550694083741756,complex_number
