nameseq,average,median,maximum,minimum,peak,none_levated_peak,sample_standard_deviation,population_standard_deviation,percentile15,percentile25,percentile50,percentile75,amplitude,variance,interquartile_range,semi_interquartile_range,coefficient_of_variation,skewness,kurtosis,label
6_161659686_161668652,17934.000000000036,11701.546963134124,1786245.699881362,2.11027816961758,0.16666666666666632,25.572549520022037,31969.519858765474,31971.302628590296,2813.4610173894353,4981.847000406198,11701.546963134124,23537.272077873928,1786243.5896031924,1022164191.7689048,18555.425077467728,9277.712538733864,1.7826207125440732,0.5848495439780981,0.24270765598343721,complex_number
