nameseq,average,median,maximum,minimum,peak,none_levated_peak,sample_standard_deviation,population_standard_deviation,percentile15,percentile25,percentile50,percentile75,amplitude,variance,interquartile_range,semi_interquartile_range,coefficient_of_variation,skewness,kurtosis,label
6_172155628_172155709,163.99999999999997,101.33550636083895,740.0000000000001,1.2552195796532195,0.16666666666666669,2.401065618799323,163.65818036383027,164.6653171334713,34.88434890456857,50.2341053142292,101.33550636083895,205.8063448135785,738.7447804203468,27114.66666666667,155.5722394993493,77.78611974967465,0.9979157339257945,1.1486959008071134,0.20355206052507333,complex_number
