nameseq,average,median,maximum,minimum,peak,none_levated_peak,sample_standard_deviation,population_standard_deviation,percentile15,percentile25,percentile50,percentile75,amplitude,variance,interquartile_range,semi_interquartile_range,coefficient_of_variation,skewness,kurtosis,label
6_18687600_18688486,1774.0000000000014,1223.5034073895213,14643.244545105537,0.716491490363761,0.16666666666666655,7.959793388833226,1806.120704714942,1807.1396727535277,261.61842167048343,485.1668189346258,1223.5034073895213,2486.2522367843467,14642.528053615173,3265753.7968397276,2001.085417849721,1000.5427089248604,1.0181063724435966,0.9143850538450548,0.24513774445274664,complex_number
