nameseq,average,median,maximum,minimum,peak,none_levated_peak,sample_standard_deviation,population_standard_deviation,percentile15,percentile25,percentile50,percentile75,amplitude,variance,interquartile_range,semi_interquartile_range,coefficient_of_variation,skewness,kurtosis,label
6_2032307_2032448,284.00000000000006,180.44439548404648,3716.0000000000005,1.0013265719661948,0.16666666666666663,3.2126975809194995,374.8066168039193,376.13337003879036,56.65702542190944,86.42475027033421,180.44439548404648,370.21535272365605,3714.998673428034,141476.3120567376,283.79060245332187,141.89530122666093,1.3197416084645044,0.8288722760473212,0.22462221464016435,complex_number
