nameseq,average,median,maximum,minimum,peak,none_levated_peak,sample_standard_deviation,population_standard_deviation,percentile15,percentile25,percentile50,percentile75,amplitude,variance,interquartile_range,semi_interquartile_range,coefficient_of_variation,skewness,kurtosis,label
6_25042855_25057118,28527.999999999898,18988.8524855517,3422547.9999999995,3.8686826946229984,0.16666666666666727,32.13809628569746,45040.38028258643,45041.95917871096,4462.216654654599,7868.794607715757,18988.8524855517,38469.50187086327,3422544.131317305,2028778086.6566646,30600.707263147513,15300.353631573757,1.5788131058113641,0.6353730222479651,0.24901942186080925,complex_number
