nameseq,average,median,maximum,minimum,peak,none_levated_peak,sample_standard_deviation,population_standard_deviation,percentile15,percentile25,percentile50,percentile75,amplitude,variance,interquartile_range,semi_interquartile_range,coefficient_of_variation,skewness,kurtosis,label
6_28671047_28671249,405.99999999999994,238.23594695907755,3414.7682940911927,1.0814735397393767,0.1666666666666667,3.900253293103147,501.3661336787716,502.60560685253387,64.13228721778444,100.61673433519616,238.23594695907755,487.23834261703644,3413.6868205514534,252612.39603960383,386.6216082818403,193.31080414092014,1.2348919548738218,1.003841554733391,0.1943084790081087,complex_number
