nameseq,average,median,maximum,minimum,peak,none_levated_peak,sample_standard_deviation,population_standard_deviation,percentile15,percentile25,percentile50,percentile75,amplitude,variance,interquartile_range,semi_interquartile_range,coefficient_of_variation,skewness,kurtosis,label
6_30281045_30281234,380.00000000000017,262.9788931394227,1825.4822712580153,0.3378070767650954,0.1666666666666666,3.7273333511314,390.2614508249566,391.2925264681672,36.73644962532187,97.44537998873226,262.9788931394227,530.5969530788736,1825.1444641812502,153109.8412698413,433.15157309014137,216.57578654507068,1.0270038179604117,0.8995593078425628,0.23732745470901265,complex_number
