nameseq,average,median,maximum,minimum,peak,none_levated_peak,sample_standard_deviation,population_standard_deviation,percentile15,percentile25,percentile50,percentile75,amplitude,variance,interquartile_range,semi_interquartile_range,coefficient_of_variation,skewness,kurtosis,label
6_33990768_33991114,693.9999999999999,522.9944731305394,3404.938843525821,1.2969883531828443,0.1666666666666667,4.8530315691578805,619.3222101620446,620.2165387292526,149.4058187289329,246.0772752253338,522.9944731305394,919.9972716599211,3403.6418551726383,384668.55491329456,673.9199964345873,336.9599982172937,0.892395115507269,0.8283516595895237,0.230354249654259,complex_number
