nameseq,average,median,maximum,minimum,peak,none_levated_peak,sample_standard_deviation,population_standard_deviation,percentile15,percentile25,percentile50,percentile75,amplitude,variance,interquartile_range,semi_interquartile_range,coefficient_of_variation,skewness,kurtosis,label
6_35742618_35742950,665.9999999999994,438.0938256243591,7394.0,2.198638933214321,0.1666666666666668,4.951820178484435,760.2631123499285,761.407226033101,78.3685324798938,161.10006079210174,438.0938256243591,897.6507403178421,7391.801361066786,579740.9638554218,736.5506795257403,368.27533976287015,1.1415362047296234,0.8993182912867983,0.24622809290765257,complex_number
