nameseq,average,median,maximum,minimum,peak,none_levated_peak,sample_standard_deviation,population_standard_deviation,percentile15,percentile25,percentile50,percentile75,amplitude,variance,interquartile_range,semi_interquartile_range,coefficient_of_variation,skewness,kurtosis,label
6_38815206_38819803,9196.000000000015,6209.585199741816,374944.00000000006,8.580360771229525,0.1666666666666664,18.144196400203025,10850.257139810097,10851.437221073014,1394.0298214151917,2542.792081943402,6209.585199741816,12697.593655621611,374935.41963922884,117753689.76288883,10154.801573678209,5077.4007868391045,1.1798887711842192,0.8257172420276302,0.2529269266473079,complex_number
