nameseq,average,median,maximum,minimum,peak,none_levated_peak,sample_standard_deviation,population_standard_deviation,percentile15,percentile25,percentile50,percentile75,amplitude,variance,interquartile_range,semi_interquartile_range,coefficient_of_variation,skewness,kurtosis,label
6_58302051_58310744,17388.00000000003,11527.45338873627,1753504.0,2.1709533113677635,0.16666666666666638,25.09676027243311,26561.662297378905,26563.190014994256,2674.702854776583,4690.559481266033,11527.45338873627,23769.915673007374,1753501.8290466887,705603063.7726905,19079.35619174134,9539.67809587067,1.5275858234057316,0.6619179039681649,0.25380140064989415,complex_number
