nameseq,average,median,maximum,minimum,peak,none_levated_peak,sample_standard_deviation,population_standard_deviation,percentile15,percentile25,percentile50,percentile75,amplitude,variance,interquartile_range,semi_interquartile_range,coefficient_of_variation,skewness,kurtosis,label
6_65956301_65975216,37831.99999999983,25256.97425902477,3586719.9999999986,0.7960529356221131,0.1666666666666674,36.96826939261341,52954.58522167839,52955.98500717503,5909.62859736057,10524.879337637047,25256.97425902477,50822.94766675208,3586719.203947063,2804336348.0801473,40298.068329115034,20149.034164557517,1.3997299963437995,0.7124043567710056,0.24728353575929896,complex_number
