nameseq,average,median,maximum,minimum,peak,none_levated_peak,sample_standard_deviation,population_standard_deviation,percentile15,percentile25,percentile50,percentile75,amplitude,variance,interquartile_range,semi_interquartile_range,coefficient_of_variation,skewness,kurtosis,label
6_84208311_84214786,12951.999999999947,8595.007364145058,619065.4261123292,0.18586813739017868,0.16666666666666732,21.695865322717296,18392.061330911223,18393.481512476286,1954.6030866816611,3504.4624848385747,8595.007364145058,17278.45324404788,619065.2402441918,338320162.1498069,13773.990759209304,6886.995379604652,1.4200170885509031,0.7106858590992462,0.2442984839560195,complex_number
