nameseq,average,median,maximum,minimum,peak,none_levated_peak,sample_standard_deviation,population_standard_deviation,percentile15,percentile25,percentile50,percentile75,amplitude,variance,interquartile_range,semi_interquartile_range,coefficient_of_variation,skewness,kurtosis,label
6_86932988_86939569,13164.00000000002,8619.621627656434,469799.99999999994,1.128108670380633,0.1666666666666664,21.810110338802104,15834.62282468389,15835.825834966701,2024.3883150125143,3561.6519160775288,8619.621627656434,17623.909520872414,469798.8718913296,250773379.87539884,14062.257604794886,7031.128802397443,1.2028732015104728,0.8609699939160326,0.24168207132158037,complex_number
