nameseq,average,median,maximum,minimum,peak,none_levated_peak,sample_standard_deviation,population_standard_deviation,percentile15,percentile25,percentile50,percentile75,amplitude,variance,interquartile_range,semi_interquartile_range,coefficient_of_variation,skewness,kurtosis,label
7_100243876_100244065,379.99999999999983,248.44208709196715,2439.9999999999995,1.4017838353384755,0.16666666666666674,3.6043552805413452,350.3369806343601,351.2625753270576,77.93632776016548,120.68944008698143,248.44208709196715,516.5351761897108,2438.598216164661,123385.39682539683,395.84573610272935,197.92286805136467,0.9219394227220007,1.1265546046822026,0.2398448001320045,complex_number
