nameseq,average,median,maximum,minimum,peak,none_levated_peak,sample_standard_deviation,population_standard_deviation,percentile15,percentile25,percentile50,percentile75,amplitude,variance,interquartile_range,semi_interquartile_range,coefficient_of_variation,skewness,kurtosis,label
7_10012340_10012929,1179.999999999998,765.5937162168188,15877.394906080028,0.9234594319143677,0.16666666666666693,6.532732000322948,1356.4424057069286,1357.593396500113,185.45913080234158,323.7220868294553,765.5937162168188,1618.532390086217,15876.471446648113,1843059.8302207128,1294.8103032567617,647.4051516283808,1.1495274624635008,0.9165290366321279,0.2558642562383095,complex_number
