nameseq,average,median,maximum,minimum,peak,none_levated_peak,sample_standard_deviation,population_standard_deviation,percentile15,percentile25,percentile50,percentile75,amplitude,variance,interquartile_range,semi_interquartile_range,coefficient_of_variation,skewness,kurtosis,label
7_112436850_112441645,9592.000000000007,6479.113092320729,729936.0,1.911231233380586,0.16666666666666655,18.62789741032309,15369.010898558176,15370.613423029301,1465.2265217498866,2700.9282058267904,6479.113092320729,12885.083061481942,729934.0887687666,236255757.00020853,10184.154855655152,5092.077427827576,1.6022738634860472,0.6076292602482264,0.2525615129489778,complex_number
