nameseq,average,median,maximum,minimum,peak,none_levated_peak,sample_standard_deviation,population_standard_deviation,percentile15,percentile25,percentile50,percentile75,amplitude,variance,interquartile_range,semi_interquartile_range,coefficient_of_variation,skewness,kurtosis,label
7_118673503_118673728,451.99999999999994,325.7155631987002,2458.977545474092,0.05504806122062453,0.16666666666666669,3.966112465438748,427.0831300812525,428.0311515143106,89.06483678934515,140.9035061691768,325.7155631987002,609.2054406438949,2458.9224974128715,183210.6666666667,468.3019344747181,234.15096723735905,0.9448741815956915,0.8870715879876185,0.22377481082026063,complex_number
