nameseq,average,median,maximum,minimum,peak,none_levated_peak,sample_standard_deviation,population_standard_deviation,percentile15,percentile25,percentile50,percentile75,amplitude,variance,interquartile_range,semi_interquartile_range,coefficient_of_variation,skewness,kurtosis,label
7_113039685_113045239,11109.99999999997,7308.570528157622,311543.6178262688,4.370748348525093,0.1666666666666671,20.08345974451702,13290.838047316654,13292.034503910636,1669.4113378841248,3010.5630347949395,7308.570528157622,14879.413224308259,311539.24707792024,176678181.25315085,11868.85018951332,5934.42509475666,1.1962950537638783,0.8580563825190474,0.24297633766754043,complex_number
