nameseq,average,median,maximum,minimum,peak,none_levated_peak,sample_standard_deviation,population_standard_deviation,percentile15,percentile25,percentile50,percentile75,amplitude,variance,interquartile_range,semi_interquartile_range,coefficient_of_variation,skewness,kurtosis,label
7_127584352_127584665,628.0000000000002,402.1421957625415,5800.000000000001,0.6161123727372805,0.1666666666666666,4.781423080713173,686.1953074744831,687.2905919823698,92.37832124193167,147.82339408365465,402.1421957625415,870.5768500917236,5799.383887627264,472368.3578274764,722.753456008069,361.3767280040345,1.0926676870612784,0.987435217542015,0.24658630749902516,complex_number
