nameseq,average,median,maximum,minimum,peak,none_levated_peak,sample_standard_deviation,population_standard_deviation,percentile15,percentile25,percentile50,percentile75,amplitude,variance,interquartile_range,semi_interquartile_range,coefficient_of_variation,skewness,kurtosis,label
7_131986140_131986466,653.9999999999998,436.9825831980139,22050.0,0.5774932871347442,0.1666666666666667,4.9675529979539474,1314.0076103280376,1316.0214162764069,89.56300956972044,163.73064524732175,436.9825831980139,808.2279960070014,22049.422506712865,1731912.3680981596,644.4973507596796,322.2486753798398,2.0091859485138195,0.4954706847119588,0.25322374986473095,complex_number
