nameseq,average,median,maximum,minimum,peak,none_levated_peak,sample_standard_deviation,population_standard_deviation,percentile15,percentile25,percentile50,percentile75,amplitude,variance,interquartile_range,semi_interquartile_range,coefficient_of_variation,skewness,kurtosis,label
7_130353412_130353842,862.0000000000005,566.1232280761532,9961.999999999993,0.6938877018880579,0.16666666666666657,5.547044037646375,929.5977624757921,930.6780623899721,142.3971764631931,238.23044571276472,566.1232280761532,1222.065003468496,9961.306112298105,866161.6558139528,983.8345577557311,491.91727887786556,1.078419678046162,0.9548541870491614,0.2796307531679662,complex_number
