nameseq,average,median,maximum,minimum,peak,none_levated_peak,sample_standard_deviation,population_standard_deviation,percentile15,percentile25,percentile50,percentile75,amplitude,variance,interquartile_range,semi_interquartile_range,coefficient_of_variation,skewness,kurtosis,label
7_13642856_13643214,718.0000000000001,438.59643555215115,14914.000000000005,1.1559174451752627,0.16666666666666666,5.176186993104275,1027.2409649152435,1028.674658515814,101.38525581592259,199.26267598901904,438.59643555215115,973.9351394056571,14912.84408255483,1058171.5530726262,774.672463416638,387.336231708319,1.43069772272318,0.815982541557527,0.23151870835820043,complex_number
