nameseq,average,median,maximum,minimum,peak,none_levated_peak,sample_standard_deviation,population_standard_deviation,percentile15,percentile25,percentile50,percentile75,amplitude,variance,interquartile_range,semi_interquartile_range,coefficient_of_variation,skewness,kurtosis,label
7_138124325_138131170,13692.000000000064,9185.359316886512,595248.9952018068,3.1465766213933613,0.16666666666666588,22.258706867237915,17297.141035442823,17298.404476592415,2079.690513595433,3722.7884468855827,9185.359316886512,18602.035158535724,595245.8486251854,299234797.4357925,14879.246711650141,7439.623355825071,1.2633027341106298,0.7816275546136537,0.24931867079811032,complex_number
