nameseq,average,median,maximum,minimum,peak,none_levated_peak,sample_standard_deviation,population_standard_deviation,percentile15,percentile25,percentile50,percentile75,amplitude,variance,interquartile_range,semi_interquartile_range,coefficient_of_variation,skewness,kurtosis,label
7_132511094_132511480,774.0000000000006,555.5308503329727,7679.341761082996,2.4010754145963795,0.16666666666666655,5.267863004050186,824.5095511878561,825.5768779145586,112.92257201558326,208.86703765335687,555.5308503329727,1062.9542341449776,7676.940685668399,681577.1813471501,854.0871964916207,427.04359824581036,1.0652578180721648,0.7949058298437536,0.25378330672849714,complex_number
