nameseq,average,median,maximum,minimum,peak,none_levated_peak,sample_standard_deviation,population_standard_deviation,percentile15,percentile25,percentile50,percentile75,amplitude,variance,interquartile_range,semi_interquartile_range,coefficient_of_variation,skewness,kurtosis,label
7_148989676_148990308,1266.0000000000016,837.3185568465783,51354.0,3.5166559264459023,0.16666666666666646,6.885969328916149,2342.2792318594297,2344.1315684335177,188.50352923324488,316.7749583262112,837.3185568465783,1585.4965755154205,51350.48334407355,5494952.810126583,1268.7216171892094,634.3608085946047,1.8501415733486783,0.5490567956064475,0.23762015794138985,complex_number
