nameseq,average,median,maximum,minimum,peak,none_levated_peak,sample_standard_deviation,population_standard_deviation,percentile15,percentile25,percentile50,percentile75,amplitude,variance,interquartile_range,semi_interquartile_range,coefficient_of_variation,skewness,kurtosis,label
7_148175926_148178207,4563.999999999996,2906.101947929932,111045.89152348232,0.847634480445219,0.1666666666666668,12.85561606837752,5465.572248173103,5466.770181830923,723.8712952295996,1267.0821195504716,2906.101947929932,6060.193850913983,111045.04388900187,29885576.220955707,4793.111731363511,2396.5558656817557,1.197539931676842,0.9100042832427432,0.24239951635300827,complex_number
