nameseq,average,median,maximum,minimum,peak,none_levated_peak,sample_standard_deviation,population_standard_deviation,percentile15,percentile25,percentile50,percentile75,amplitude,variance,interquartile_range,semi_interquartile_range,coefficient_of_variation,skewness,kurtosis,label
7_147162081_147162200,239.99999999999986,179.84226122127274,1133.9549699852753,1.5045859943215092,0.16666666666666677,2.8945718468441615,222.60278524762438,223.53613435269142,39.16853910540297,70.84508659208751,179.84226122127274,326.83777924094113,1132.4503839909537,49968.40336134451,255.99269264885362,127.99634632442681,0.9275116051984355,0.8107410522084084,0.23561397073428095,complex_number
