nameseq,average,median,maximum,minimum,peak,none_levated_peak,sample_standard_deviation,population_standard_deviation,percentile15,percentile25,percentile50,percentile75,amplitude,variance,interquartile_range,semi_interquartile_range,coefficient_of_variation,skewness,kurtosis,label
7_15563481_15563785,610.0000000000003,389.4871165671686,6290.000000000001,0.24356987140780878,0.16666666666666657,4.728542620842747,726.5259802649869,727.7199432401683,96.41880043146728,162.2486946618113,389.4871165671686,817.0651115993702,6289.756430128593,529576.3157894737,654.8164169375589,327.40820846877943,1.1910261971557154,0.9105505766734058,0.23975654417228723,complex_number
