nameseq,average,median,maximum,minimum,peak,none_levated_peak,sample_standard_deviation,population_standard_deviation,percentile15,percentile25,percentile50,percentile75,amplitude,variance,interquartile_range,semi_interquartile_range,coefficient_of_variation,skewness,kurtosis,label
7_154479558_154479961,808.0000000000007,541.6273922491182,8250.798194092467,3.1874855341508694,0.16666666666666652,5.416121704813019,894.963686414147,896.0733752302463,118.24346262782089,211.21985841500776,541.6273922491182,1063.4647784409772,8247.610708558317,802947.4937965258,852.2449200259693,426.1224600129847,1.107628324769983,0.8929053048559709,0.23531140323916916,complex_number
