nameseq,average,median,maximum,minimum,peak,none_levated_peak,sample_standard_deviation,population_standard_deviation,percentile15,percentile25,percentile50,percentile75,amplitude,variance,interquartile_range,semi_interquartile_range,coefficient_of_variation,skewness,kurtosis,label
7_167931273_167931712,879.9999999999997,591.9519033673041,8356.714953787865,1.9290753505268183,0.1666666666666667,5.599667497511927,885.1124222379889,886.1199495103772,142.46900817162862,244.26912920330398,591.9519033673041,1273.7616071880943,8354.785878437338,785208.5649202734,1029.4924779847904,514.7462389923952,1.0058095707249877,0.9763102044293032,0.2682145385406837,complex_number
