nameseq,average,median,maximum,minimum,peak,none_levated_peak,sample_standard_deviation,population_standard_deviation,percentile15,percentile25,percentile50,percentile75,amplitude,variance,interquartile_range,semi_interquartile_range,coefficient_of_variation,skewness,kurtosis,label
7_166382459_166382999,1082.0,717.7504429735501,22481.999999999996,1.8268492948300348,0.16666666666666669,6.303048421158207,1396.1260688061086,1397.4181802060432,142.94672067207375,254.7046266720166,717.7504429735501,1494.1420995150852,22480.173150705166,1952777.5703703696,1239.4374728430687,619.7187364215343,1.2903198417801374,0.7827005708831216,0.2609506647842628,complex_number
