nameseq,average,median,maximum,minimum,peak,none_levated_peak,sample_standard_deviation,population_standard_deviation,percentile15,percentile25,percentile50,percentile75,amplitude,variance,interquartile_range,semi_interquartile_range,coefficient_of_variation,skewness,kurtosis,label
7_163454639_163468255,27233.99999999992,18392.14709856493,2164153.9999999995,3.2439444377010127,0.16666666666666716,31.238974854211627,36220.1835445377,36221.513579736704,4420.1242052555945,7726.980612090092,18392.14709856493,37031.253548653025,2164150.756055562,1311998046.0070503,29304.272936562935,14652.136468281467,1.3299619425915328,0.7323419184689705,0.2519672519728924,complex_number
