nameseq,average,median,maximum,minimum,peak,none_levated_peak,sample_standard_deviation,population_standard_deviation,percentile15,percentile25,percentile50,percentile75,amplitude,variance,interquartile_range,semi_interquartile_range,coefficient_of_variation,skewness,kurtosis,label
7_178330708_178330806,197.99999999999997,126.84518152515955,933.1281292110203,5.1412677180639355,0.16666666666666669,2.633442274529787,181.3945974939717,182.31773117840407,35.043983219498415,53.78708945508505,126.84518152515955,311.9147844361826,927.9868614929565,33239.755102040814,258.12769498109753,129.06384749054877,0.916134330777635,1.1767961029358405,0.2993203511418544,complex_number
