nameseq,average,median,maximum,minimum,peak,none_levated_peak,sample_standard_deviation,population_standard_deviation,percentile15,percentile25,percentile50,percentile75,amplitude,variance,interquartile_range,semi_interquartile_range,coefficient_of_variation,skewness,kurtosis,label
7_172611429_172640343,57830.0,38064.48666322488,10954689.999999993,2.811423913848238,0.16666666666666669,45.92204966059036,111235.75874690655,111237.68229254156,8853.662222509935,15816.441127441696,38064.48666322488,76793.17283336175,10954687.188576078,12373821961.816414,60976.73170592006,30488.36585296003,1.9234957417760081,0.5330708459070441,0.24825832793315822,complex_number
