nameseq,average,median,maximum,minimum,peak,none_levated_peak,sample_standard_deviation,population_standard_deviation,percentile15,percentile25,percentile50,percentile75,amplitude,variance,interquartile_range,semi_interquartile_range,coefficient_of_variation,skewness,kurtosis,label
7_178762454_178782632,40358.00000000013,26616.192795758237,6194962.000000001,4.1391761281765325,0.16666666666666613,38.28939074009628,63900.02923317015,63901.61262194874,6073.447859545258,10953.95112565348,26616.192795758237,54245.09935806506,6194957.8608238725,4083416095.6855984,43291.14823241158,21645.57411620579,1.5833299279738824,0.6451549726572863,0.24864772316591827,complex_number
