nameseq,average,median,maximum,minimum,peak,none_levated_peak,sample_standard_deviation,population_standard_deviation,percentile15,percentile25,percentile50,percentile75,amplitude,variance,interquartile_range,semi_interquartile_range,coefficient_of_variation,skewness,kurtosis,label
7_176879690_176879800,222.00000000000003,170.77309299369932,1406.0787616765708,0.18006790724025445,0.16666666666666666,2.8501855461326486,238.51205420271742,239.59374707275572,26.036645463276344,55.585067281127685,170.77309299369932,289.34080730999904,1405.8986937693305,57405.163636363635,233.75574002887134,116.87787001443567,1.0743786225347631,0.64433104453616,0.2689034697346397,complex_number
