nameseq,average,median,maximum,minimum,peak,none_levated_peak,sample_standard_deviation,population_standard_deviation,percentile15,percentile25,percentile50,percentile75,amplitude,variance,interquartile_range,semi_interquartile_range,coefficient_of_variation,skewness,kurtosis,label
7_22917734_22918014,561.9999999999997,375.7491143208897,9160.284077669872,0.48961305446746595,0.16666666666666677,4.57625387264131,769.4985380103069,770.8714178493989,74.66371714434273,134.38839019661117,375.7491143208897,721.7811222237611,9159.794464615405,594242.7428571426,587.39273202715,293.696366013575,1.3692144804453867,0.7261256902217087,0.2733819351835747,complex_number
