nameseq,average,median,maximum,minimum,peak,none_levated_peak,sample_standard_deviation,population_standard_deviation,percentile15,percentile25,percentile50,percentile75,amplitude,variance,interquartile_range,semi_interquartile_range,coefficient_of_variation,skewness,kurtosis,label
7_29078058_29120917,85720.00000000029,57496.435910130815,10574068.0,0.04325784554103298,0.1666666666666661,55.557688442158124,116137.5242029896,116138.87907415754,13364.064243033186,23677.360828872053,57496.435910130815,116057.39470591192,10574067.956742154,13488239232.601786,92380.03387703987,46190.01693851993,1.3548474592042605,0.7290554267509419,0.24648393521171327,complex_number
