nameseq,average,median,maximum,minimum,peak,none_levated_peak,sample_standard_deviation,population_standard_deviation,percentile15,percentile25,percentile50,percentile75,amplitude,variance,interquartile_range,semi_interquartile_range,coefficient_of_variation,skewness,kurtosis,label
7_30100503_30106881,12757.999999999995,8555.86390227415,318442.00000000006,2.8174240954241556,0.16666666666666674,21.374201490629897,14309.548420547733,14310.670166202306,2068.8780621226897,3553.9622509807296,8555.86390227415,17484.221942231452,318439.18257590465,204795280.60583273,13930.259691250722,6965.129845625361,1.1216137655234157,0.8809787648557391,0.25057980854695366,complex_number
