nameseq,average,median,maximum,minimum,peak,none_levated_peak,sample_standard_deviation,population_standard_deviation,percentile15,percentile25,percentile50,percentile75,amplitude,variance,interquartile_range,semi_interquartile_range,coefficient_of_variation,skewness,kurtosis,label
7_36091183_36091692,1020.0000000000001,718.555233891243,18895.999999999996,1.470287475993959,0.16666666666666666,6.062992230028409,1281.4679082989162,1282.7260999699834,159.729700997843,298.4753227986416,718.555233891243,1347.5534335455707,18894.529712524003,1645386.247544204,1049.078110746929,524.5390553734645,1.2563410865675648,0.7057018692935739,0.2498451624668507,complex_number
