nameseq,average,median,maximum,minimum,peak,none_levated_peak,sample_standard_deviation,population_standard_deviation,percentile15,percentile25,percentile50,percentile75,amplitude,variance,interquartile_range,semi_interquartile_range,coefficient_of_variation,skewness,kurtosis,label
7_41825926_41826093,336.0000000000001,221.88536017573736,1653.6931366301062,0.18406944278873594,0.1666666666666666,3.42180684902419,323.6788531863026,324.64650513044677,68.22625814017587,108.85276275921754,221.88536017573736,483.1077904545571,1653.5090671873174,105395.3532934132,374.25502769533955,187.12751384766977,0.9633299201973289,1.0576653868572081,0.25430943439130926,complex_number
