nameseq,average,median,maximum,minimum,peak,none_levated_peak,sample_standard_deviation,population_standard_deviation,percentile15,percentile25,percentile50,percentile75,amplitude,variance,interquartile_range,semi_interquartile_range,coefficient_of_variation,skewness,kurtosis,label
7_4202431_4202880,900.0000000000007,623.3360149720143,7397.147394171968,4.218886847970281,0.16666666666666655,5.6652433941234825,923.4890362099596,924.516848477106,126.25568704770639,249.09551036689234,623.3360149720143,1232.3274375311341,7392.928507323997,854731.4031180402,983.2319271642418,491.6159635821209,1.0260989291221767,0.8987566961165921,0.2510040810394762,complex_number
