nameseq,average,median,maximum,minimum,peak,none_levated_peak,sample_standard_deviation,population_standard_deviation,percentile15,percentile25,percentile50,percentile75,amplitude,variance,interquartile_range,semi_interquartile_range,coefficient_of_variation,skewness,kurtosis,label
7_57971104_57973707,5208.000000000018,3561.7116680400377,80697.10010818092,1.3670622764386338,0.16666666666666607,13.623271594868708,5492.770521330742,5493.825504634686,810.1603182894748,1441.7729390545253,3561.7116680400377,7096.0643703333835,80695.73304590449,30182118.675374564,5654.291431278858,2827.145715639429,1.0546794395796317,0.8991573517772585,0.24199364747618685,complex_number
