nameseq,average,median,maximum,minimum,peak,none_levated_peak,sample_standard_deviation,population_standard_deviation,percentile15,percentile25,percentile50,percentile75,amplitude,variance,interquartile_range,semi_interquartile_range,coefficient_of_variation,skewness,kurtosis,label
7_65176102_65177229,2255.9999999999977,1459.3091371477767,128648.0,0.5454547638477918,0.16666666666666682,9.182290075091863,4415.913042622103,4417.871753316171,321.4186578901453,620.7186590772911,1459.3091371477767,2821.283053958748,128647.45454523615,19517590.828748893,2200.564394881457,1100.2821974407284,1.957408263573629,0.5412408635513968,0.23728701078518663,complex_number
