nameseq,average,median,maximum,minimum,peak,none_levated_peak,sample_standard_deviation,population_standard_deviation,percentile15,percentile25,percentile50,percentile75,amplitude,variance,interquartile_range,semi_interquartile_range,coefficient_of_variation,skewness,kurtosis,label
7_6584057_6584145,177.99999999999997,132.83109363990525,995.1273351649933,5.774161039152779,0.1666666666666667,2.4743140474646577,173.43586710943032,174.41851444677016,30.747785838719373,62.09421725155758,132.83109363990525,221.12130351026278,989.3531741258405,30421.81818181817,159.0270862587052,79.5135431293526,0.9743588039855637,0.7813073578072837,0.2069432517786376,complex_number
