nameseq,average,median,maximum,minimum,peak,none_levated_peak,sample_standard_deviation,population_standard_deviation,percentile15,percentile25,percentile50,percentile75,amplitude,variance,interquartile_range,semi_interquartile_range,coefficient_of_variation,skewness,kurtosis,label
7_65999388_66005393,12011.999999999982,8113.719415706108,594172.1435340223,0.3411978007403496,0.1666666666666669,20.792673658275646,15642.755256028267,15644.057679348123,1898.967200689858,3377.956570156706,8113.719415706108,16109.938430041564,594171.8023362216,244736540.67477098,12731.981859884858,6365.990929942429,1.3022606773250325,0.7476203240074838,0.2520429815280727,complex_number
