nameseq,average,median,maximum,minimum,peak,none_levated_peak,sample_standard_deviation,population_standard_deviation,percentile15,percentile25,percentile50,percentile75,amplitude,variance,interquartile_range,semi_interquartile_range,coefficient_of_variation,skewness,kurtosis,label
7_7082681_7082852,344.00000000000006,222.32308958731252,2792.0,1.0955640203516872,0.16666666666666666,3.57494613320763,406.5464303127012,407.7334297155463,39.417996779893826,87.64296854324961,222.32308958731252,464.3509929446411,2790.9044359796485,166246.54970760233,376.7080244013915,188.35401220069576,1.1818210183508755,0.89788202286586,0.2653457331206662,complex_number
