nameseq,average,median,maximum,minimum,peak,none_levated_peak,sample_standard_deviation,population_standard_deviation,percentile15,percentile25,percentile50,percentile75,amplitude,variance,interquartile_range,semi_interquartile_range,coefficient_of_variation,skewness,kurtosis,label
7_7328847_7332824,7956.000000000007,5232.158004334822,380020.0,4.575869217775407,0.16666666666666652,17.05252711165848,11270.215614618915,11271.632449826551,1173.5610620020461,2145.0597290185606,5232.158004334822,10457.606852849836,380015.42413078225,127049698.08398291,8312.547123831275,4156.273561915637,1.41656807624672,0.7250549826567682,0.24821587258706096,complex_number
