nameseq,average,median,maximum,minimum,peak,none_levated_peak,sample_standard_deviation,population_standard_deviation,percentile15,percentile25,percentile50,percentile75,amplitude,variance,interquartile_range,semi_interquartile_range,coefficient_of_variation,skewness,kurtosis,label
7_75826268_75826386,238.00000000000009,173.0312945609677,1905.4250925700815,0.24187471596355614,0.1666666666666666,2.891666031503004,252.01587251599847,253.08148349520866,49.52023986512768,73.43692648805526,173.0312945609677,316.4569927845347,1905.1832178541179,64050.23728813557,243.02006629647943,121.51003314823971,1.0588902206554553,0.7733882567445197,0.2544565059162433,complex_number
