nameseq,average,median,maximum,minimum,peak,none_levated_peak,sample_standard_deviation,population_standard_deviation,percentile15,percentile25,percentile50,percentile75,amplitude,variance,interquartile_range,semi_interquartile_range,coefficient_of_variation,skewness,kurtosis,label
7_87555859_87556260,803.9999999999999,542.6855713688175,5866.888915110816,0.17459493632704684,0.16666666666666669,5.406261854305261,841.1230587732093,842.1711876019818,111.83186455924701,192.73941931299294,542.6855713688175,1152.1835925402916,5866.714320174489,709252.3092269325,959.4441732272986,479.7220866136493,1.046172958673146,0.9320197297134385,0.25295565357616084,complex_number
