nameseq,average,median,maximum,minimum,peak,none_levated_peak,sample_standard_deviation,population_standard_deviation,percentile15,percentile25,percentile50,percentile75,amplitude,variance,interquartile_range,semi_interquartile_range,coefficient_of_variation,skewness,kurtosis,label
7_96368470_96368568,197.99999999999997,149.63904009368974,769.9127389018469,3.156284910123761,0.16666666666666669,2.572740293960733,166.78129391511507,167.6300591621141,44.9802878961955,85.29375043135101,149.63904009368974,251.24152217383116,766.7564539917231,28099.836734693876,165.94777174248014,82.97388587124007,0.8423297672480561,0.8698989935452354,0.2135870635638543,complex_number
