nameseq,average,median,maximum,minimum,peak,none_levated_peak,sample_standard_deviation,population_standard_deviation,percentile15,percentile25,percentile50,percentile75,amplitude,variance,interquartile_range,semi_interquartile_range,coefficient_of_variation,skewness,kurtosis,label
8_119988614_119988704,182.00000000000009,102.37671792061934,881.9999999999999,0.1897833118970996,0.16666666666666657,2.5706152703174077,192.93522228976235,194.00412366751385,30.096754708107646,51.20897905885907,102.37671792061934,235.65842297441435,881.8102166881027,37637.600000000006,184.44944391555526,92.22472195777763,1.0600836389547377,1.2380831421200653,0.21901959245463376,complex_number
