nameseq,average,median,maximum,minimum,peak,none_levated_peak,sample_standard_deviation,population_standard_deviation,percentile15,percentile25,percentile50,percentile75,amplitude,variance,interquartile_range,semi_interquartile_range,coefficient_of_variation,skewness,kurtosis,label
8_120694066_120707801,27472.0000000001,18416.04972180489,5395072.0,1.3696609321041469,0.16666666666666607,31.600859981015056,55845.850982861746,55847.88392186909,4153.090244327751,7347.881498963634,18416.04972180489,36825.20366751622,5395070.630339068,3118986138.5505643,29477.32216855259,14738.661084276295,2.032828006073877,0.48647930609783396,0.2491452780843116,complex_number
