nameseq,average,median,maximum,minimum,peak,none_levated_peak,sample_standard_deviation,population_standard_deviation,percentile15,percentile25,percentile50,percentile75,amplitude,variance,interquartile_range,semi_interquartile_range,coefficient_of_variation,skewness,kurtosis,label
8_120218143_120224805,13325.999999999993,8828.841428661637,727733.3628935692,0.9705621178811977,0.16666666666666677,21.962404735878447,17563.0273016926,17564.345401983523,2051.764791967559,3600.676354078907,8828.841428661637,18099.61018162942,727732.3923314513,308506229.40017974,14498.933827550514,7249.466913775257,1.3179519211835968,0.7681748415157821,0.25276701526908196,complex_number
