nameseq,average,median,maximum,minimum,peak,none_levated_peak,sample_standard_deviation,population_standard_deviation,percentile15,percentile25,percentile50,percentile75,amplitude,variance,interquartile_range,semi_interquartile_range,coefficient_of_variation,skewness,kurtosis,label
8_124473614_124476605,5983.999999999993,4091.462415223893,142173.80264714037,2.358741100628071,0.16666666666666688,14.630245126014998,6693.1881790369525,6694.306973558604,919.7373212605804,1647.3415794726193,4091.462415223893,8194.100073696174,142171.44390603976,44813745.85623536,6546.758494223555,3273.3792471117777,1.1185140673524332,0.8482673133426261,0.25222977963659204,complex_number
