nameseq,average,median,maximum,minimum,peak,none_levated_peak,sample_standard_deviation,population_standard_deviation,percentile15,percentile25,percentile50,percentile75,amplitude,variance,interquartile_range,semi_interquartile_range,coefficient_of_variation,skewness,kurtosis,label
8_120084136_120084228,185.99999999999991,128.8976028356244,1322.0,7.125454104521175,0.16666666666666674,2.5369079265355663,203.21417273408858,204.31561263206828,43.4169105900557,63.853893740850886,128.8976028356244,214.1999396729113,1314.8745458954788,41744.86956521738,150.34604593206043,75.17302296603022,1.0925493157746702,0.842988405721518,0.20891093087823678,complex_number
