nameseq,average,median,maximum,minimum,peak,none_levated_peak,sample_standard_deviation,population_standard_deviation,percentile15,percentile25,percentile50,percentile75,amplitude,variance,interquartile_range,semi_interquartile_range,coefficient_of_variation,skewness,kurtosis,label
8_124134584_124134675,183.99999999999991,124.97592806079871,821.4482071355101,0.0821407125435991,0.16666666666666674,2.5649111657217136,187.14700104463336,188.17247174036675,24.85223379325862,56.723473441173674,124.97592806079871,227.19372434488008,821.3660664229665,35408.87912087912,170.47025090370641,85.23512545185321,1.0171032665469208,0.9461664618145446,0.21394775161624097,complex_number
