nameseq,average,median,maximum,minimum,peak,none_levated_peak,sample_standard_deviation,population_standard_deviation,percentile15,percentile25,percentile50,percentile75,amplitude,variance,interquartile_range,semi_interquartile_range,coefficient_of_variation,skewness,kurtosis,label
8_148205471_148207476,4011.999999999996,2682.0373008134384,262439.99999999994,0.4603408698745048,0.16666666666666682,12.064350180939895,6940.903687561152,6942.63437046738,612.4059585327318,1103.6978610603612,2682.0373008134384,5394.156183744407,262439.5396591301,48200172.001995,4290.458322684046,2145.229161342023,1.730035814446949,0.5748369775984621,0.2498605584655788,complex_number
