nameseq,average,median,maximum,minimum,peak,none_levated_peak,sample_standard_deviation,population_standard_deviation,percentile15,percentile25,percentile50,percentile75,amplitude,variance,interquartile_range,semi_interquartile_range,coefficient_of_variation,skewness,kurtosis,label
8_15717255_15717471,433.9999999999997,275.2547325452991,4338.0,0.16812168197641206,0.16666666666666677,3.9736234060654176,489.9632639290419,491.09612847935114,65.3710936726263,118.2885241013936,275.2547325452991,595.3699568552987,4337.831878318024,241175.40740740736,477.0814327539051,238.54071637695256,1.1289476127397287,0.9719826718132729,0.232598071965818,complex_number
