nameseq,average,median,maximum,minimum,peak,none_levated_peak,sample_standard_deviation,population_standard_deviation,percentile15,percentile25,percentile50,percentile75,amplitude,variance,interquartile_range,semi_interquartile_range,coefficient_of_variation,skewness,kurtosis,label
8_167678298_167678425,256.0000000000002,185.1590012224052,1604.0000000000002,2.075511837366685,0.16666666666666652,3.0368565242493837,271.4995395944531,272.5663395374031,34.02662089584637,68.58940444351799,185.1590012224052,344.4320171290886,1601.9244881626335,74292.40944881891,275.8426126855706,137.9213063427853,1.0605450765408315,0.7827747945732687,0.25569662167256973,complex_number
