nameseq,average,median,maximum,minimum,peak,none_levated_peak,sample_standard_deviation,population_standard_deviation,percentile15,percentile25,percentile50,percentile75,amplitude,variance,interquartile_range,semi_interquartile_range,coefficient_of_variation,skewness,kurtosis,label
8_16608375_16608482,216.0,132.87903945691397,1678.1287522306254,3.7333952718280052,0.16666666666666666,2.8464928965924234,281.9077863415624,283.22204888031337,29.061148855032926,54.33253290713946,132.87903945691397,262.2427192697361,1674.3953569587975,80214.72897196261,207.91018636259662,103.95509318129831,1.3051286404701965,0.884554786036053,0.2572201595556471,complex_number
