nameseq,average,median,maximum,minimum,peak,none_levated_peak,sample_standard_deviation,population_standard_deviation,percentile15,percentile25,percentile50,percentile75,amplitude,variance,interquartile_range,semi_interquartile_range,coefficient_of_variation,skewness,kurtosis,label
8_168867228_168867441,427.99999999999943,290.72394425290906,2806.777684642942,0.39004384523091634,0.16666666666666688,3.88971831516756,453.8898544801369,454.95407599845225,81.79515462074309,141.84981288141188,290.72394425290906,548.0044358190315,2806.387640797711,206983.21126760545,406.15462293761965,203.07731146880982,1.0604903142059288,0.9073306291742494,0.20785183672590307,complex_number
