nameseq,average,median,maximum,minimum,peak,none_levated_peak,sample_standard_deviation,population_standard_deviation,percentile15,percentile25,percentile50,percentile75,amplitude,variance,interquartile_range,semi_interquartile_range,coefficient_of_variation,skewness,kurtosis,label
8_168495383_168495546,328.0,220.35128709414332,2900.0,6.734391107665303,0.16666666666666666,3.4024579978792233,354.28801842568714,355.3731297519457,55.51782939868102,110.74036027054618,220.35128709414332,392.20013683822197,2893.2656088923345,126290.06134969325,281.4597765676758,140.7298882838379,1.08014639763929,0.9115355922918654,0.20427438628692499,complex_number
