nameseq,average,median,maximum,minimum,peak,none_levated_peak,sample_standard_deviation,population_standard_deviation,percentile15,percentile25,percentile50,percentile75,amplitude,variance,interquartile_range,semi_interquartile_range,coefficient_of_variation,skewness,kurtosis,label
8_164774989_164775033,89.99999999999999,69.01055081962427,610.1957699768915,0.11009526170356411,0.16666666666666669,1.8261104245765825,101.42977866484769,102.57591423827611,9.902582132332807,20.699614424832966,69.01055081962427,122.00000000000001,610.0856747151879,10521.818181818177,101.30038557516704,50.65019278758352,1.1269975407205302,0.6208073050143602,0.2979567411165839,complex_number
