nameseq,average,median,maximum,minimum,peak,none_levated_peak,sample_standard_deviation,population_standard_deviation,percentile15,percentile25,percentile50,percentile75,amplitude,variance,interquartile_range,semi_interquartile_range,coefficient_of_variation,skewness,kurtosis,label
8_160936165_160936298,268.0,182.90371930240417,1051.7653675471252,0.24218167542785152,0.16666666666666666,3.061555438593452,243.70473938764508,244.6192069134749,48.870101470357405,74.8335617817688,182.90371930240417,381.57274299042314,1051.5231858716973,59838.55639097745,306.7391812086544,153.3695906043272,0.909346042491213,1.0475333501279036,0.2691812587054525,complex_number
