nameseq,average,median,maximum,minimum,peak,none_levated_peak,sample_standard_deviation,population_standard_deviation,percentile15,percentile25,percentile50,percentile75,amplitude,variance,interquartile_range,semi_interquartile_range,coefficient_of_variation,skewness,kurtosis,label
8_164904738_164904852,230.00000000000003,149.69599983766528,2223.930789104006,3.1520274462585576,0.16666666666666666,2.8921424930280333,286.45418481844524,287.7078196255434,40.61897973252956,63.77652235160066,149.69599983766528,279.15091121534266,2220.7787616577475,82775.7894736842,215.374388863742,107.687194431871,1.2454529774715009,0.841014072249265,0.22483176548104014,complex_number
