nameseq,average,median,maximum,minimum,peak,none_levated_peak,sample_standard_deviation,population_standard_deviation,percentile15,percentile25,percentile50,percentile75,amplitude,variance,interquartile_range,semi_interquartile_range,coefficient_of_variation,skewness,kurtosis,label
8_163445398_163445579,364.00000000000006,234.1232398671118,2006.5792448979594,0.3652657312959492,0.16666666666666663,3.653812537095968,379.07255242235635,380.1182717950905,45.96157560420973,94.77084782533979,234.1232398671118,527.2726803531889,2006.2139791666634,144489.90055248627,432.5018325278491,216.25091626392455,1.0414081110504294,1.0278514704080848,0.25998086858281927,complex_number
