nameseq,average,median,maximum,minimum,peak,none_levated_peak,sample_standard_deviation,population_standard_deviation,percentile15,percentile25,percentile50,percentile75,amplitude,variance,interquartile_range,semi_interquartile_range,coefficient_of_variation,skewness,kurtosis,label
8_166010268_166012935,5335.999999999997,3444.695173629433,660104.0000000001,1.8509553529835125,0.16666666666666677,14.064801643145824,13718.286773500547,13720.858389752118,797.2620594020946,1421.504520060219,3444.695173629433,6942.532651389612,660102.1490446471,188261954.9516311,5521.028131329393,2760.5140656646963,2.570893323369669,0.41360226483032314,0.24082567282457082,complex_number
