nameseq,average,median,maximum,minimum,peak,none_levated_peak,sample_standard_deviation,population_standard_deviation,percentile15,percentile25,percentile50,percentile75,amplitude,variance,interquartile_range,semi_interquartile_range,coefficient_of_variation,skewness,kurtosis,label
8_170350350_170350696,694.0000000000006,392.7071868510991,16249.999999999996,2.4865505653071627,0.16666666666666655,5.1623692917899575,1112.6940280238766,1114.300807240729,95.07500847482333,158.48355198591656,392.7071868510991,911.4901336994427,16247.51344943469,1241666.2890173404,753.0065817135262,376.5032908567631,1.603305515884547,0.8123333249590413,0.23566551456465787,complex_number
