nameseq,average,median,maximum,minimum,peak,none_levated_peak,sample_standard_deviation,population_standard_deviation,percentile15,percentile25,percentile50,percentile75,amplitude,variance,interquartile_range,semi_interquartile_range,coefficient_of_variation,skewness,kurtosis,label
8_177270191_177270647,913.9999999999997,560.2116433279618,19489.999999999996,0.7779272824701916,0.16666666666666674,5.850024922179692,1300.6951987302787,1302.120618553887,130.24031057585555,225.7083305305579,560.2116433279618,1157.2907037302923,19489.222072717526,1695518.105263157,931.5823731997344,465.7911865998672,1.423080086138161,0.8159982992573539,0.2294556474592184,complex_number
