nameseq,average,median,maximum,minimum,peak,none_levated_peak,sample_standard_deviation,population_standard_deviation,percentile15,percentile25,percentile50,percentile75,amplitude,variance,interquartile_range,semi_interquartile_range,coefficient_of_variation,skewness,kurtosis,label
8_181046134_181048295,4323.999999999991,2636.198911210634,70864.10693674727,2.6003000193342127,0.16666666666666702,12.71337610219713,5716.251918871315,5717.574360050112,596.9303801310787,1103.9970704667392,2636.198911210634,5366.0187335253695,70861.50663672794,32690656.562702443,4262.02166305863,2131.010831529315,1.3219824049193634,0.8857907835818142,0.22163589183034862,complex_number
