nameseq,average,median,maximum,minimum,peak,none_levated_peak,sample_standard_deviation,population_standard_deviation,percentile15,percentile25,percentile50,percentile75,amplitude,variance,interquartile_range,semi_interquartile_range,coefficient_of_variation,skewness,kurtosis,label
8_22011392_22050735,78687.99999999943,52909.56340172187,27492551.999999978,0.33603615055388086,0.16666666666666785,53.27403659040467,161665.11252586302,161667.16707286323,12254.873981098168,21945.415864542112,52909.56340172187,105693.39771824889,27492551.66396383,26136272909.36507,83747.98185370678,41873.99092685339,2.0545078350684243,0.4783673396600065,0.24427002309086052,complex_number
