nameseq,average,median,maximum,minimum,peak,none_levated_peak,sample_standard_deviation,population_standard_deviation,percentile15,percentile25,percentile50,percentile75,amplitude,variance,interquartile_range,semi_interquartile_range,coefficient_of_variation,skewness,kurtosis,label
8_4259511_4279247,39474.00000000019,26204.438644722846,6695450.000000001,1.5290235966237293,0.16666666666666588,37.74569564283813,65697.920088843,65699.5844860841,6247.130006358502,10874.06571980168,26204.438644722846,53220.81949469156,6695448.470976404,4316435401.644103,42346.75377488988,21173.37688744494,1.6643339942453943,0.605935226138041,0.24924416686286194,complex_number
