nameseq,average,median,maximum,minimum,peak,none_levated_peak,sample_standard_deviation,population_standard_deviation,percentile15,percentile25,percentile50,percentile75,amplitude,variance,interquartile_range,semi_interquartile_range,coefficient_of_variation,skewness,kurtosis,label
8_5096090_5096208,237.9999999999999,132.82326184270792,8082.0,0.4810036457728557,0.16666666666666674,3.193038160744425,739.3781170686622,742.504465546122,36.66636893287254,62.844396795257936,132.82326184270792,228.50614397360673,8081.518996354227,551312.8813559322,165.66174717834878,82.83087358917439,3.106630743985977,0.4267508155675836,0.23800737990822324,complex_number
