nameseq,average,median,maximum,minimum,peak,none_levated_peak,sample_standard_deviation,population_standard_deviation,percentile15,percentile25,percentile50,percentile75,amplitude,variance,interquartile_range,semi_interquartile_range,coefficient_of_variation,skewness,kurtosis,label
8_5179786_5179940,310.0,208.22066877827842,2969.984048820191,0.7253136502845072,0.16666666666666666,3.314140614600162,356.66230526928405,357.8184259845012,63.33798716554962,99.22981878897858,208.22066877827842,416.1115547706065,2969.2587351699067,128034.02597402595,316.8817359816279,158.44086799081396,1.1505235653847872,0.8560983012618368,0.2668361943417016,complex_number
