nameseq,average,median,maximum,minimum,peak,none_levated_peak,sample_standard_deviation,population_standard_deviation,percentile15,percentile25,percentile50,percentile75,amplitude,variance,interquartile_range,semi_interquartile_range,coefficient_of_variation,skewness,kurtosis,label
8_62879165_62879477,626.0000000000006,384.68098561916435,7354.000000000003,5.791424598097968,0.16666666666666652,4.761411889620537,717.1052921294058,718.2535799619836,95.90639745876393,169.24346101979629,384.68098561916435,856.0969051418265,7348.208575401904,515888.2051282056,686.8534441220302,343.4267220610151,1.1455356104303598,1.009554734971704,0.24026331659400327,complex_number
