nameseq,average,median,maximum,minimum,peak,none_levated_peak,sample_standard_deviation,population_standard_deviation,percentile15,percentile25,percentile50,percentile75,amplitude,variance,interquartile_range,semi_interquartile_range,coefficient_of_variation,skewness,kurtosis,label
8_6803255_6803596,684.0,447.00809391140047,6843.013693966435,4.551862540041866,0.16666666666666666,4.94108354729769,757.7334623731485,758.8436951478802,104.17966215249157,197.07033813588163,447.00809391140047,913.7976496999498,6838.4618314263935,575843.7536656889,716.7273115640683,358.36365578203413,1.1077974596098663,0.9382926234234013,0.24158247372555802,complex_number
