nameseq,average,median,maximum,minimum,peak,none_levated_peak,sample_standard_deviation,population_standard_deviation,percentile15,percentile25,percentile50,percentile75,amplitude,variance,interquartile_range,semi_interquartile_range,coefficient_of_variation,skewness,kurtosis,label
8_75757883_75771457,27150.00000000007,17716.23252649326,5444817.999999998,0.27200171373081816,0.16666666666666624,31.421666872270666,55111.592029263666,55113.622034311746,4252.428965381399,7434.4430941250985,17716.23252649326,36211.63496727683,5444817.727998285,3037511333.740973,28777.19187315173,14388.595936575864,2.0298928924222293,0.5135272159347664,0.2437515093519001,complex_number
