nameseq,average,median,maximum,minimum,peak,none_levated_peak,sample_standard_deviation,population_standard_deviation,percentile15,percentile25,percentile50,percentile75,amplitude,variance,interquartile_range,semi_interquartile_range,coefficient_of_variation,skewness,kurtosis,label
8_94984893_94985040,296.0,176.40500573518662,1885.9280583746186,1.116512499304822,0.16666666666666669,3.2915050328480735,332.9144034132498,334.0448460666224,46.50618165898672,68.53037448543186,176.40500573518662,388.88101840736454,1884.8115458753136,111585.95918367346,320.35064392193266,160.17532196096633,1.12471082234206,1.0777094025249396,0.24778715851022645,complex_number
