nameseq,average,median,maximum,minimum,peak,none_levated_peak,sample_standard_deviation,population_standard_deviation,percentile15,percentile25,percentile50,percentile75,amplitude,variance,interquartile_range,semi_interquartile_range,coefficient_of_variation,skewness,kurtosis,label
8_99414849_99415186,676.0000000000002,431.8003771787312,6151.762701026448,3.443299670701319,0.16666666666666663,4.940553062037578,760.0,761.1267611820892,110.1214871645441,190.52545524922544,431.8003771787312,907.3390862072727,6148.319401355747,579313.9465875371,716.8136309580473,358.40681547902363,1.1242603550295853,0.9639458795576409,0.23895255619141292,complex_number
