nameseq,average,median,maximum,minimum,peak,none_levated_peak,sample_standard_deviation,population_standard_deviation,percentile15,percentile25,percentile50,percentile75,amplitude,variance,interquartile_range,semi_interquartile_range,coefficient_of_variation,skewness,kurtosis,label
9_117399175_117399429,510.00000000000017,342.16167751764357,2365.079808254821,0.6637658698026279,0.1666666666666666,4.23773686829496,483.57832871211264,484.52931946098255,87.15839434589063,151.28968160515734,342.16167751764357,771.7573791005108,2364.416042385018,234768.66141732287,620.4676974953534,310.2338487476767,0.948192801396299,1.0412273204799176,0.2725679352120592,complex_number
