nameseq,average,median,maximum,minimum,peak,none_levated_peak,sample_standard_deviation,population_standard_deviation,percentile15,percentile25,percentile50,percentile75,amplitude,variance,interquartile_range,semi_interquartile_range,coefficient_of_variation,skewness,kurtosis,label
9_116762332_116764230,3798.0000000000027,2509.5628343088933,189585.99999999997,0.6094900916803331,0.16666666666666655,11.746294140104403,5693.601320781074,5695.1010182444015,573.5145337933593,982.9555472223974,2509.5628343088933,5164.127326998786,189585.3905099083,32434175.60800842,4181.171779776389,2090.5858898881943,1.499105139752783,0.6788869257433479,0.25628413317958015,complex_number
