nameseq,average,median,maximum,minimum,peak,none_levated_peak,sample_standard_deviation,population_standard_deviation,percentile15,percentile25,percentile50,percentile75,amplitude,variance,interquartile_range,semi_interquartile_range,coefficient_of_variation,skewness,kurtosis,label
9_12443919_12445347,2857.9999999999973,1894.188537231351,26622.64501143936,3.507078676222426,0.16666666666666682,10.149377044000193,3067.6818609497304,3068.755791268275,447.01662642402755,759.2583087174772,1894.188537231351,3829.4211363474233,26619.137932763137,9417262.106442576,3070.162827629946,1535.081413814973,1.0733666413400047,0.942547017379036,0.2387974428590406,complex_number
