nameseq,average,median,maximum,minimum,peak,none_levated_peak,sample_standard_deviation,population_standard_deviation,percentile15,percentile25,percentile50,percentile75,amplitude,variance,interquartile_range,semi_interquartile_range,coefficient_of_variation,skewness,kurtosis,label
9_128898537_128898742,412.0000000000003,276.9889027147068,5800.000000000001,1.400416109224592,0.16666666666666657,3.8607617935115104,545.1898751811153,546.5179889034962,75.4954059602809,127.83054851468538,276.9889027147068,484.8652338316273,5798.599583890777,298681.91219512204,357.03468531694193,178.51734265847097,1.3232763960706673,0.7429215220134563,0.22629171076395546,complex_number
