nameseq,average,median,maximum,minimum,peak,none_levated_peak,sample_standard_deviation,population_standard_deviation,percentile15,percentile25,percentile50,percentile75,amplitude,variance,interquartile_range,semi_interquartile_range,coefficient_of_variation,skewness,kurtosis,label
9_127014607_127014869,525.9999999999999,380.32275715894735,2944.147642616679,1.5878078396241566,0.1666666666666667,4.30791618808654,525.1666402200351,526.1679121304577,92.63240200316125,159.54601403997717,380.32275715894735,643.6901318697219,2942.559834777055,276852.67175572505,484.1441178297447,242.07205891487234,0.9984156658175575,0.8321772463308967,0.2009078230393971,complex_number
