nameseq,average,median,maximum,minimum,peak,none_levated_peak,sample_standard_deviation,population_standard_deviation,percentile15,percentile25,percentile50,percentile75,amplitude,variance,interquartile_range,semi_interquartile_range,coefficient_of_variation,skewness,kurtosis,label
9_126318791_126320894,4207.999999999999,2780.0677772508207,217940.0,5.04956716859724,0.1666666666666667,12.337278584390862,6257.875677895814,6259.363345972909,641.4214170378948,1198.5771452026768,2780.0677772508207,5742.491703016274,217934.9504328314,39179629.49690917,4543.914557813598,2271.957278906799,1.4871377561539485,0.684544866140253,0.2460212060536364,complex_number
