nameseq,average,median,maximum,minimum,peak,none_levated_peak,sample_standard_deviation,population_standard_deviation,percentile15,percentile25,percentile50,percentile75,amplitude,variance,interquartile_range,semi_interquartile_range,coefficient_of_variation,skewness,kurtosis,label
9_133884195_133884359,330.0,236.77402822727845,2378.0000000000005,2.171202507738029,0.16666666666666666,3.387750669170036,326.16560211033897,327.15849817302507,61.66910040273177,99.06709710487587,236.77402822727845,449.2185903554889,2375.8287974922623,107032.68292682925,350.15149325061304,175.07574662530652,0.9883806124555726,0.8574721353466086,0.25876608034883336,complex_number
