nameseq,average,median,maximum,minimum,peak,none_levated_peak,sample_standard_deviation,population_standard_deviation,percentile15,percentile25,percentile50,percentile75,amplitude,variance,interquartile_range,semi_interquartile_range,coefficient_of_variation,skewness,kurtosis,label
9_135973191_135973528,675.9999999999994,410.2822407823569,4018.8715122207623,0.8749254288717239,0.16666666666666682,4.964660450137367,718.6765614655873,719.7420573233987,98.04361874014253,159.6476433971087,410.2822407823569,955.0567792031585,4017.9965867918904,518028.62908011867,795.4091358060498,397.7045679030249,1.0631310080851892,1.1091961535900152,0.24725010317533563,complex_number
