nameseq,average,median,maximum,minimum,peak,none_levated_peak,sample_standard_deviation,population_standard_deviation,percentile15,percentile25,percentile50,percentile75,amplitude,variance,interquartile_range,semi_interquartile_range,coefficient_of_variation,skewness,kurtosis,label
9_145949119_145949793,1350.0,847.68781341632,23633.999999999996,0.6206398845557495,0.16666666666666666,7.014853225217908,1692.2056612598835,1693.460541418443,226.16349217102902,379.53482523238563,847.68781341632,1761.2709321281077,23633.37936011544,2867808.605341246,1381.736106895722,690.868053447861,1.253485675007321,0.8905162027581762,0.2471155730332288,complex_number
