nameseq,average,median,maximum,minimum,peak,none_levated_peak,sample_standard_deviation,population_standard_deviation,percentile15,percentile25,percentile50,percentile75,amplitude,variance,interquartile_range,semi_interquartile_range,coefficient_of_variation,skewness,kurtosis,label
9_148928209_148928299,182.00000000000003,109.38088234562335,1529.9999999999998,0.9920673562519606,0.16666666666666663,2.5767125801763364,211.90563937753046,213.07964082317514,28.91110292809219,49.07251607501432,109.38088234562335,253.59314713606548,1529.0079326437478,45402.93333333333,204.52063106105118,102.26031553052559,1.1643166998765409,1.0280866219657139,0.27435199357541484,complex_number
