nameseq,average,median,maximum,minimum,peak,none_levated_peak,sample_standard_deviation,population_standard_deviation,percentile15,percentile25,percentile50,percentile75,amplitude,variance,interquartile_range,semi_interquartile_range,coefficient_of_variation,skewness,kurtosis,label
9_148854951_148855109,317.99999999999994,182.35002153206054,3206.0047846798675,2.59952861238385,0.16666666666666669,3.444253730907134,380.26306683663086,381.4645329167808,36.911269833196954,70.64636955195664,182.35002153206054,433.1702557577443,3203.4052560674836,145515.18987341772,362.5238862057877,181.26194310289384,1.1957958076623614,1.0701800171896594,0.25048229647379794,complex_number
