nameseq,average,median,maximum,minimum,peak,none_levated_peak,sample_standard_deviation,population_standard_deviation,percentile15,percentile25,percentile50,percentile75,amplitude,variance,interquartile_range,semi_interquartile_range,coefficient_of_variation,skewness,kurtosis,label
9_145332726_145333269,1087.9999999999995,679.2730262124576,9754.71654308293,4.925213638939087,0.16666666666666674,6.29280966646943,1241.1027354735788,1242.2450299956135,167.28150550883444,284.1043800376449,679.2730262124576,1417.0306615747793,9749.791329443991,1543172.714548803,1132.9262815371344,566.4631407685672,1.1407194259867457,0.9879769710560995,0.23856047816105777,complex_number
