nameseq,average,median,maximum,minimum,peak,none_levated_peak,sample_standard_deviation,population_standard_deviation,percentile15,percentile25,percentile50,percentile75,amplitude,variance,interquartile_range,semi_interquartile_range,coefficient_of_variation,skewness,kurtosis,label
9_153511801_153511956,311.9999999999999,192.91098481962848,2356.3827466133976,3.999999999999986,0.16666666666666674,3.3881304764917473,349.8342464653796,350.9609297251595,45.392796967164074,75.34594555437691,192.91098481962848,418.41935911252455,2352.3827466133976,123173.57419354832,343.07341355814765,171.53670677907382,1.1212636104659606,1.0212466307996813,0.2297461825624924,complex_number
