nameseq,average,median,maximum,minimum,peak,none_levated_peak,sample_standard_deviation,population_standard_deviation,percentile15,percentile25,percentile50,percentile75,amplitude,variance,interquartile_range,semi_interquartile_range,coefficient_of_variation,skewness,kurtosis,label
9_156982388_156983257,1739.9999999999986,1172.1086825619454,31399.999999999996,2.6603429053802006,0.1666666666666668,7.946970390311779,2009.3023664944008,2010.4581344165454,272.3726711597862,460.44426021310926,1172.1086825619454,2304.2034998451322,31397.339657094617,4041941.910241656,1843.7592396320229,921.8796198160114,1.154771474996783,0.8478932691880186,0.22957942614442856,complex_number
