nameseq,average,median,maximum,minimum,peak,none_levated_peak,sample_standard_deviation,population_standard_deviation,percentile15,percentile25,percentile50,percentile75,amplitude,variance,interquartile_range,semi_interquartile_range,coefficient_of_variation,skewness,kurtosis,label
9_18010990_18011501,1024.0000000000002,678.0398754624405,5675.20356626782,0.7756382105896245,0.16666666666666663,6.056668306204376,1054.1423053838605,1055.1732516501938,167.1969697484599,282.7896173447684,678.0398754624405,1459.462022313396,5674.42792805723,1113390.5909980433,1176.6724049686275,588.3362024843137,1.029435845101426,0.9845733050574613,0.24736871931855733,complex_number
