nameseq,average,median,maximum,minimum,peak,none_levated_peak,sample_standard_deviation,population_standard_deviation,percentile15,percentile25,percentile50,percentile75,amplitude,variance,interquartile_range,semi_interquartile_range,coefficient_of_variation,skewness,kurtosis,label
9_23969412_23969523,224.00000000000014,148.13601957966944,2430.1995153363337,1.4895601463731594,0.16666666666666657,2.8275944333493475,276.3765547219952,277.61870279962073,45.88715259105939,61.45573139894127,148.13601957966944,296.7757655824294,2428.7099551899605,77072.14414414416,235.32003418348813,117.66001709174407,1.2338239050089064,0.8234849786369357,0.23946601610152798,complex_number
