nameseq,average,median,maximum,minimum,peak,none_levated_peak,sample_standard_deviation,population_standard_deviation,percentile15,percentile25,percentile50,percentile75,amplitude,variance,interquartile_range,semi_interquartile_range,coefficient_of_variation,skewness,kurtosis,label
9_2465601_2465835,470.0000000000001,292.7741111356097,4335.3060047254085,2.745982106218182,0.16666666666666663,4.163031731132911,594.7032873626982,595.9726661545972,81.80798685271525,128.157039917683,292.7741111356097,539.7905124077477,4332.56002261919,355183.41880341887,411.63347249006466,205.81673624503233,1.2653261433248895,0.8940217380518886,0.19958203382184705,complex_number
