nameseq,average,median,maximum,minimum,peak,none_levated_peak,sample_standard_deviation,population_standard_deviation,percentile15,percentile25,percentile50,percentile75,amplitude,variance,interquartile_range,semi_interquartile_range,coefficient_of_variation,skewness,kurtosis,label
9_24912931_24913005,150.0,110.23490258016683,743.8287709040328,0.5822388162572258,0.16666666666666666,2.316651047543723,158.71987903221196,159.78871184295977,26.993846773596147,38.394687175123366,110.23490258016683,197.3317846690598,743.2465320877756,25532.432432432433,158.93709749393645,79.46854874696822,1.058132526881413,0.7516090170109612,0.2292639776908022,complex_number
