nameseq,average,median,maximum,minimum,peak,none_levated_peak,sample_standard_deviation,population_standard_deviation,percentile15,percentile25,percentile50,percentile75,amplitude,variance,interquartile_range,semi_interquartile_range,coefficient_of_variation,skewness,kurtosis,label
9_24080995_24081429,870.0,619.0988636733204,9185.566919670746,2.6830401207873122,0.16666666666666666,5.580791037008671,949.0921978395986,950.1849929026068,125.37787729922408,227.4307073771834,619.0988636733204,1183.945435517664,9182.883879549958,902851.520737327,956.5147281404807,478.2573640702403,1.0909105722294237,0.7930772275795798,0.25701082732265923,complex_number
