nameseq,average,median,maximum,minimum,peak,none_levated_peak,sample_standard_deviation,population_standard_deviation,percentile15,percentile25,percentile50,percentile75,amplitude,variance,interquartile_range,semi_interquartile_range,coefficient_of_variation,skewness,kurtosis,label
9_25331604_25340791,18376.00000000004,12159.204991511622,916808.0,3.6851488262460266,0.1666666666666663,25.82061633415273,22661.76339122797,22662.996718034574,2737.161171961336,5012.5146201333855,12159.204991511622,24690.919247256126,916804.3148511738,513611420.24164593,19678.40462712274,9839.20231356137,1.2332261314338224,0.8229891338766928,0.24669023102972984,complex_number
