nameseq,average,median,maximum,minimum,peak,none_levated_peak,sample_standard_deviation,population_standard_deviation,percentile15,percentile25,percentile50,percentile75,amplitude,variance,interquartile_range,semi_interquartile_range,coefficient_of_variation,skewness,kurtosis,label
9_46869380_46869850,941.9999999999999,643.6455066832842,8246.78863574897,0.49970136794343395,0.16666666666666669,5.7938756045213795,978.4027800451104,979.4430810088817,147.88672141004503,267.03919146280197,643.6455066832842,1316.5698426851927,8246.288934381026,959308.7489361708,1049.5306512223908,524.7653256111954,1.0386441401752766,0.9148210718584416,0.26007690612927786,complex_number
