nameseq,average,median,maximum,minimum,peak,none_levated_peak,sample_standard_deviation,population_standard_deviation,percentile15,percentile25,percentile50,percentile75,amplitude,variance,interquartile_range,semi_interquartile_range,coefficient_of_variation,skewness,kurtosis,label
9_50504203_50511334,14264.000000000016,9467.623279422482,1250660.0,1.7422640708751271,0.1666666666666665,22.68738812503024,21115.73858523542,21117.219092762938,2251.8592948055675,3922.450647801362,9467.623279422482,19304.635703576794,1250658.2577359292,445936942.2117515,15382.185055775433,7691.092527887717,1.4803518357568282,0.6814410068418727,0.24431317216462115,complex_number
