nameseq,average,median,maximum,minimum,peak,none_levated_peak,sample_standard_deviation,population_standard_deviation,percentile15,percentile25,percentile50,percentile75,amplitude,variance,interquartile_range,semi_interquartile_range,coefficient_of_variation,skewness,kurtosis,label
9_50348375_50370155,43562.00000000025,27813.787171564938,12888089.999999998,0.2583695363180578,0.1666666666666657,40.080733195889536,104797.11774662505,104799.52352979468,6439.360342273086,11505.718833990704,27813.787171564938,57240.325922407355,12888089.741630461,10982940132.071987,45734.607088416655,22867.303544208327,2.405700329338057,0.4508200177750349,0.24391496627191595,complex_number
