nameseq,average,median,maximum,minimum,peak,none_levated_peak,sample_standard_deviation,population_standard_deviation,percentile15,percentile25,percentile50,percentile75,amplitude,variance,interquartile_range,semi_interquartile_range,coefficient_of_variation,skewness,kurtosis,label
9_7572041_7572598,1116.000000000001,714.9950067549993,31640.488936969297,4.85693150439099,0.16666666666666652,6.467483131597631,1885.3583213808456,1887.0499846385194,155.14230527756973,277.31694551642966,714.9950067549993,1445.2627963780517,31635.632005464908,3560957.644524236,1167.9458508616221,583.9729254308111,1.6893891768645557,0.6380829395092976,0.2558128113764035,complex_number
