nameseq,average,median,maximum,minimum,peak,none_levated_peak,sample_standard_deviation,population_standard_deviation,percentile15,percentile25,percentile50,percentile75,amplitude,variance,interquartile_range,semi_interquartile_range,coefficient_of_variation,skewness,kurtosis,label
9_76969892_76970241,699.9999999999997,470.6920581073396,4071.9999999999995,0.24718656052306467,0.16666666666666677,5.020168823919242,683.8596347204593,684.8386755005284,99.82994211103679,164.4735355144393,470.6920581073396,1054.0608411871617,4071.7528134394765,469004.01146131806,889.5873056727224,444.7936528363612,0.9769423353149423,1.0059430192267191,0.273407776773234,complex_number
