nameseq,average,median,maximum,minimum,peak,none_levated_peak,sample_standard_deviation,population_standard_deviation,percentile15,percentile25,percentile50,percentile75,amplitude,variance,interquartile_range,semi_interquartile_range,coefficient_of_variation,skewness,kurtosis,label
9_77567943_77569459,3033.999999999998,2111.8705106716347,29825.999999999996,1.0630680663387495,0.16666666666666677,10.422724576884619,3158.2248178367545,3159.2662769970775,461.4098480738294,878.0697571341709,2111.8705106716347,4164.402738054663,29824.93693193366,9980963.408970976,3286.3329809204924,1643.1664904602462,1.0409442379158722,0.8759314575584727,0.2455735083839418,complex_number
