nameseq,average,median,maximum,minimum,peak,none_levated_peak,sample_standard_deviation,population_standard_deviation,percentile15,percentile25,percentile50,percentile75,amplitude,variance,interquartile_range,semi_interquartile_range,coefficient_of_variation,skewness,kurtosis,label
9_77022846_77022981,271.9999999999999,190.0144048111862,2756.0000000000005,0.5781090586328379,0.16666666666666674,3.160154973006801,324.9861535511936,326.1875852032703,35.61859882037386,70.97630276854811,190.0144048111862,347.33430296699385,2755.4218909413676,106398.34074074074,276.3580001984457,138.17900009922286,1.1948020351146829,0.7568223534412724,0.22518249160400003,complex_number
