nameseq,average,median,maximum,minimum,peak,none_levated_peak,sample_standard_deviation,population_standard_deviation,percentile15,percentile25,percentile50,percentile75,amplitude,variance,interquartile_range,semi_interquartile_range,coefficient_of_variation,skewness,kurtosis,label
9_78122846_78125399,5107.999999999998,3135.7729621344433,59863.74007173421,1.7606653969546924,0.16666666666666674,13.769143239425416,6133.877077346759,6135.078267425315,658.5254054964437,1226.6033782358172,3135.7729621344433,6600.361621260476,59861.979406337254,37639185.34743441,5373.758243024658,2686.879121512329,1.200837329159507,0.9645907537742763,0.23833060648978288,complex_number
