nameseq,average,median,maximum,minimum,peak,none_levated_peak,sample_standard_deviation,population_standard_deviation,percentile15,percentile25,percentile50,percentile75,amplitude,variance,interquartile_range,semi_interquartile_range,coefficient_of_variation,skewness,kurtosis,label
9_79263847_79264125,558.0,386.4861203664375,3675.182470314814,0.5040467431416654,0.16666666666666666,4.447554565147999,560.5069134274795,561.5141144436393,84.45212165187672,166.446153751309,386.4861203664375,778.0834867481744,3674.6784235716723,315298.10071942443,611.6373329968654,305.8186664984327,1.0044926763933324,0.9179933852274613,0.24268483339038321,complex_number
