nameseq,average,median,maximum,minimum,peak,none_levated_peak,sample_standard_deviation,population_standard_deviation,percentile15,percentile25,percentile50,percentile75,amplitude,variance,interquartile_range,semi_interquartile_range,coefficient_of_variation,skewness,kurtosis,label
9_79489172_79489728,1113.9999999999995,700.6222156523141,9522.593379549875,1.786941563044627,0.1666666666666667,6.337188305237192,1186.8277044289118,1187.894516064017,189.32126437890128,298.4860862160742,700.6222156523141,1501.4124546196078,9520.80643798683,1411093.3812949648,1202.9263684035336,601.4631842017668,1.065374959092381,1.0449143952531799,0.2429845831243837,complex_number
