nameseq,average,median,maximum,minimum,peak,none_levated_peak,sample_standard_deviation,population_standard_deviation,percentile15,percentile25,percentile50,percentile75,amplitude,variance,interquartile_range,semi_interquartile_range,coefficient_of_variation,skewness,kurtosis,label
9_99680412_99681980,3137.9999999999995,2176.5779732530623,30308.641377939577,0.1285272482060282,0.16666666666666669,10.628242633761948,3344.148322069463,3345.2145259295107,469.49667125462213,801.1755797404126,2176.5779732530623,4116.221773200621,30308.51285069137,11190460.224489802,3315.0461934602085,1657.5230967301043,1.0656941752930094,0.8624815057413298,0.23436725977064418,complex_number
