nameseq,average,median,maximum,minimum,peak,none_levated_peak,sample_standard_deviation,population_standard_deviation,percentile15,percentile25,percentile50,percentile75,amplitude,variance,interquartile_range,semi_interquartile_range,coefficient_of_variation,skewness,kurtosis,label
1_103988606_103994421,84.9691009699999,1.8252691636466731,477762.5548936897,0.00011603242009581555,22.816137213822625,1237.30760354689,6264.124472593071,6264.663067192114,0.4189191255681115,0.72104314386533,1.8252691636466731,3.670680690807239,477762.55477765726,39246003.3454409,2.9496375469419087,1.4748187734709544,73.72238144316427,0.03981905157063491,0.2503001101966154,eiip
