nameseq,average,median,maximum,minimum,peak,none_levated_peak,sample_standard_deviation,population_standard_deviation,percentile15,percentile25,percentile50,percentile75,amplitude,variance,interquartile_range,semi_interquartile_range,coefficient_of_variation,skewness,kurtosis,label
1_105451693_105452145,7.0137460599999955,0.10268666740109376,3106.234168959996,0.0018715411410693864,21.529151284955432,320.28459439424915,145.775157973387,145.93632458753245,0.026728695531120682,0.044483396504946704,0.10268666740109376,0.2070243888243352,3106.232297418855,21297.41083411763,0.16254099231938848,0.08127049615969424,20.784208143028646,0.142227101421367,0.200168803361676,eiip
