nameseq,average,median,maximum,minimum,peak,none_levated_peak,sample_standard_deviation,population_standard_deviation,percentile15,percentile25,percentile50,percentile75,amplitude,variance,interquartile_range,semi_interquartile_range,coefficient_of_variation,skewness,kurtosis,label
1_109204375_109216876,187.9631194000018,3.6101358409489244,2282214.49,0.00014934466177087105,22.171016030356927,1934.0720646874431,20410.250569281263,20411.06689767152,0.8237219031410897,1.466912604594195,3.6101358409489244,7.233364040674696,2282214.4898506557,416611651.9012221,5.7664514360805015,2.8832257180402507,108.58646437893213,0.027097117147084314,0.24798872079017778,eiip
