nameseq,average,median,maximum,minimum,peak,none_levated_peak,sample_standard_deviation,population_standard_deviation,percentile15,percentile25,percentile50,percentile75,amplitude,variance,interquartile_range,semi_interquartile_range,coefficient_of_variation,skewness,kurtosis,label
1_101899435_101900217,10.968960610000009,0.26916747533566915,8268.46494721,0.0015783729617067825,23.79441492041239,386.0405488579366,295.2878985846771,295.4766412684325,0.062304280336075296,0.12341278960948704,0.26916747533566915,0.5054453912128143,8268.46336883704,87306.44553527395,0.38203260160332725,0.19101630080166362,26.920317164369585,0.10870536705989718,0.2312334394451997,eiip
