nameseq,average,median,maximum,minimum,peak,none_levated_peak,sample_standard_deviation,population_standard_deviation,percentile15,percentile25,percentile50,percentile75,amplitude,variance,interquartile_range,semi_interquartile_range,coefficient_of_variation,skewness,kurtosis,label
1_101383552_101383828,3.7201663899999966,0.12415701014058253,984.3216012099999,0.0009905517379730688,24.81967838361483,196.1211565203084,59.02558585049191,59.132419577456396,0.021894805549118133,0.04266033446680797,0.12415701014058253,0.22365991451068953,984.3206106582619,3496.643045084348,0.18099958004388156,0.09049979002194078,15.866383291122622,0.1827686753826322,0.2629014972738666,eiip
