nameseq,average,median,maximum,minimum,peak,none_levated_peak,sample_standard_deviation,population_standard_deviation,percentile15,percentile25,percentile50,percentile75,amplitude,variance,interquartile_range,semi_interquartile_range,coefficient_of_variation,skewness,kurtosis,label
1_105666340_105670371,59.42695376999997,1.264881544698863,232052.90592969002,0.005290612187535496,22.616000227803713,1010.0387806754064,3654.0075183236836,3654.460728560257,0.31192809906710406,0.5145833437160182,1.264881544698863,2.5828648199207827,232052.90063907782,13355083.216589164,2.0682814762047643,1.0341407381023822,61.48737713303937,0.04775201359080695,0.2432578695520398,eiip
