nameseq,average,median,maximum,minimum,peak,none_levated_peak,sample_standard_deviation,population_standard_deviation,percentile15,percentile25,percentile50,percentile75,amplitude,variance,interquartile_range,semi_interquartile_range,coefficient_of_variation,skewness,kurtosis,label
1_10834052_10834106,0.7776607599999995,0.014005764287685622,41.134264959999996,0.0006478049807137433,23.574975460165103,70.70630655678784,5.491960898207727,5.542579119382735,0.0017180901844612035,0.005785019159640898,0.014005764287685622,0.03953037981553879,41.13361715501928,30.72018329461749,0.03374536065589789,0.016872680327948943,7.062155094732734,0.41714881616957367,0.1530449822714385,eiip
