nameseq,average,median,maximum,minimum,peak,none_levated_peak,sample_standard_deviation,population_standard_deviation,percentile15,percentile25,percentile50,percentile75,amplitude,variance,interquartile_range,semi_interquartile_range,coefficient_of_variation,skewness,kurtosis,label
1_106890140_106890357,3.268553480000001,0.06349037466937116,693.1530528399998,0.0002741844091044258,22.232056813911043,188.01055298599215,46.832478666131195,46.94026356972513,0.014890843932054983,0.024087379500543567,0.06349037466937116,0.1336822535341791,693.1527786555906,2203.388343995264,0.10959487403363552,0.05479743701681776,14.328197152867507,0.20531028016984934,0.2689422628292937,eiip
