nameseq,average,median,maximum,minimum,peak,none_levated_peak,sample_standard_deviation,population_standard_deviation,percentile15,percentile25,percentile50,percentile75,amplitude,variance,interquartile_range,semi_interquartile_range,coefficient_of_variation,skewness,kurtosis,label
1_109968717_109977453,129.1248419899996,2.671672423141434,1094122.06680841,0.0010845065868139397,22.554399977959985,1568.4415173333066,11704.644719227968,11705.314608753153,0.588108084210396,1.0263012074620925,2.671672423141434,5.370270596987999,1094122.0657239035,137014390.08989,4.343969389525906,2.171984694762953,90.64595579628639,0.03241102295718352,0.2523073021495763,eiip
