nameseq,average,median,maximum,minimum,peak,none_levated_peak,sample_standard_deviation,population_standard_deviation,percentile15,percentile25,percentile50,percentile75,amplitude,variance,interquartile_range,semi_interquartile_range,coefficient_of_variation,skewness,kurtosis,label
1_100456068_100456331,3.9472962999999974,0.0908011582679785,1012.130596,0.0005491254239033838,22.293740654837606,208.69974502871614,62.16732918775022,62.28540589278616,0.016862692485023215,0.039178159824084235,0.0908011582679785,0.15851873110021186,1012.130046874576,3879.4717872291203,0.11934057127612763,0.059670285638063814,15.749344478586586,0.18610233986818545,0.2495686527654659,eiip
