nameseq,average,median,maximum,minimum,peak,none_levated_peak,sample_standard_deviation,population_standard_deviation,percentile15,percentile25,percentile50,percentile75,amplitude,variance,interquartile_range,semi_interquartile_range,coefficient_of_variation,skewness,kurtosis,label
1_110009832_110010166,4.8754950500000005,0.11574431565672798,1580.9768822499998,0.0007228312709027013,22.903657068971214,235.40381377229332,86.24056006361322,86.36956620912137,0.03361486706279608,0.052121059158551815,0.11574431565672798,0.21176474954029123,1580.976159418729,7459.701967151801,0.15964369038173942,0.07982184519086971,17.68857504298219,0.16557466918694733,0.24313159742784826,eiip
