nameseq,average,median,maximum,minimum,peak,none_levated_peak,sample_standard_deviation,population_standard_deviation,percentile15,percentile25,percentile50,percentile75,amplitude,variance,interquartile_range,semi_interquartile_range,coefficient_of_variation,skewness,kurtosis,label
1_11885582_11885699,1.816466980000001,0.02857077936982411,209.72253124,1.8187640458733764e-05,21.653756311790108,132.44685126416707,19.22097042799375,19.302936558596738,0.007662832699811804,0.012556124337550848,0.02857077936982411,0.042451491808602665,209.72251305235955,372.60335978521044,0.029895367471051815,0.014947683735525907,10.581513806539846,0.2790539958418937,0.16927472462166354,eiip
