nameseq,average,median,maximum,minimum,peak,none_levated_peak,sample_standard_deviation,population_standard_deviation,percentile15,percentile25,percentile50,percentile75,amplitude,variance,interquartile_range,semi_interquartile_range,coefficient_of_variation,skewness,kurtosis,label
1_146397942_146398363,5.86757791000002,0.16598930088453906,2376.6697512100036,0.002198128981130824,23.973549022149445,253.62265464370722,115.54602854179375,115.68317521148396,0.058763782395028344,0.08017064767375573,0.16598930088453906,0.313777206100431,2376.6675530810226,13382.597027010897,0.2336065584266753,0.11680327921333765,19.69228705849316,0.1480342166945144,0.253279572811936,eiip
