nameseq,average,median,maximum,minimum,peak,none_levated_peak,sample_standard_deviation,population_standard_deviation,percentile15,percentile25,percentile50,percentile75,amplitude,variance,interquartile_range,semi_interquartile_range,coefficient_of_variation,skewness,kurtosis,label
1_141442295_141459320,244.34112168999965,5.991466908799962,4012024.6234152107,4.9341524493417835e-05,23.22709044666554,2086.632846424151,30746.352422766362,30747.255386083478,1.3488842663523055,2.4580495633342405,5.991466908799962,11.75710896805155,4012024.6233658693,945393713.7770394,9.29905940471731,4.649529702358655,125.83372053834991,0.02325638353817007,0.2463888110894964,eiip
