nameseq,average,median,maximum,minimum,peak,none_levated_peak,sample_standard_deviation,population_standard_deviation,percentile15,percentile25,percentile50,percentile75,amplitude,variance,interquartile_range,semi_interquartile_range,coefficient_of_variation,skewness,kurtosis,label
1_15077590_15077837,3.73000672,0.06992835554098838,898.0330758400002,0.0006663976864969535,22.16260529060566,201.41541964356037,56.903245962866066,57.018318367477384,0.01448620885577285,0.027525740477785006,0.06992835554098838,0.16649043122040869,898.0324094423137,3251.088629455009,0.1389646907426237,0.06948234537131184,15.25553443583771,0.19296324678108032,0.26758456180018736,eiip
