nameseq,average,median,maximum,minimum,peak,none_levated_peak,sample_standard_deviation,population_standard_deviation,percentile15,percentile25,percentile50,percentile75,amplitude,variance,interquartile_range,semi_interquartile_range,coefficient_of_variation,skewness,kurtosis,label
1_152403798_152404023,3.2727243799999988,0.07170470638292228,714.1614864400001,0.00037906804280100724,23.018538864349267,183.1471909240368,47.39274374089275,47.49794418940788,0.01748033477331211,0.02812680585924892,0.07170470638292228,0.14702964231362825,714.1611073719573,2256.0547022201063,0.11890283645437932,0.05945141822718966,14.481128942759538,0.202627201188296,0.21653653867974101,eiip
