nameseq,average,median,maximum,minimum,peak,none_levated_peak,sample_standard_deviation,population_standard_deviation,percentile15,percentile25,percentile50,percentile75,amplitude,variance,interquartile_range,semi_interquartile_range,coefficient_of_variation,skewness,kurtosis,label
1_1535692_1536363,10.16954113000001,0.18099776377214846,6644.744134090001,0.000193258143079373,22.02655922588316,378.6612278173911,256.1250591912012,256.3158413846503,0.05560600878089387,0.08043524686350638,0.18099776377214846,0.3829085866273625,6644.743940831859,65697.81054472121,0.3024733397638561,0.15123666988192805,25.185507971017074,0.11699608852530821,0.23715850707794467,eiip
