nameseq,average,median,maximum,minimum,peak,none_levated_peak,sample_standard_deviation,population_standard_deviation,percentile15,percentile25,percentile50,percentile75,amplitude,variance,interquartile_range,semi_interquartile_range,coefficient_of_variation,skewness,kurtosis,label
1_155475317_155475644,4.611972389999995,0.11063654733572448,1452.8218328099997,0.0005797939537413026,23.70641540925041,223.64179490329755,80.0864566169803,80.2088194944752,0.02999127347021007,0.05127063396158694,0.11063654733572448,0.23832923760455973,1452.821253016046,6433.454724697303,0.1870586036429728,0.0935293018214864,17.36490374283884,0.1686178674701114,0.2516781490860859,eiip
