nameseq,average,median,maximum,minimum,peak,none_levated_peak,sample_standard_deviation,population_standard_deviation,percentile15,percentile25,percentile50,percentile75,amplitude,variance,interquartile_range,semi_interquartile_range,coefficient_of_variation,skewness,kurtosis,label
1_181856235_181856584,5.461899970000002,0.09527029465681876,1870.7960572900004,0.0006244587592614699,21.36008848705932,270.18188171487867,99.84910565691581,99.99205362654045,0.024404845848077793,0.0384333711030872,0.09527029465681876,0.16472656724817808,1870.7954328312412,9998.410788452942,0.12629319614509088,0.06314659807254544,18.281020561589628,0.16124219561213893,0.2813563648900739,eiip
