nameseq,average,median,maximum,minimum,peak,none_levated_peak,sample_standard_deviation,population_standard_deviation,percentile15,percentile25,percentile50,percentile75,amplitude,variance,interquartile_range,semi_interquartile_range,coefficient_of_variation,skewness,kurtosis,label
1_180465992_180467131,17.159503330000028,0.30716171996094527,19018.147579689998,2.704216567455823e-05,22.145163102456728,523.2088756173583,563.0079014083515,563.2549972734005,0.06391052557867144,0.13096386442588714,0.30716171996094527,0.67944743260564,19018.14755264783,317256.19195345836,0.5484835681797529,0.27424178408987643,32.81026790699953,0.08979807335500976,0.2548355974314589,eiip
