nameseq,average,median,maximum,minimum,peak,none_levated_peak,sample_standard_deviation,population_standard_deviation,percentile15,percentile25,percentile50,percentile75,amplitude,variance,interquartile_range,semi_interquartile_range,coefficient_of_variation,skewness,kurtosis,label
1_18619076_18622170,46.39726220000018,0.8996270520636099,139453.69922499996,0.0010302631702410678,22.23550739307766,902.7537854558375,2506.2560193468826,2506.6610053751133,0.2104263226193436,0.37762225463380383,0.8996270520636099,1.8326547532376223,139453.6981947368,6283349.395868174,1.4550324986038183,0.7275162493019092,54.01732560303683,0.05446087885282329,0.25033774751470406,eiip
