nameseq,average,median,maximum,minimum,peak,none_levated_peak,sample_standard_deviation,population_standard_deviation,percentile15,percentile25,percentile50,percentile75,amplitude,variance,interquartile_range,semi_interquartile_range,coefficient_of_variation,skewness,kurtosis,label
1_181844946_181854621,144.39498894000013,2.8225288188169033,1356829.86076416,0.00022736393884334227,22.33687856490327,1677.0046447737911,13792.84024815498,13793.553038018674,0.6409331134321494,1.1742752278795043,2.8225288188169033,5.953758793225054,1356829.860536796,190262105.41263416,4.77948356534555,2.389741782672775,95.52159911786318,0.03079259766097579,0.2557518860753308,eiip
