nameseq,average,median,maximum,minimum,peak,none_levated_peak,sample_standard_deviation,population_standard_deviation,percentile15,percentile25,percentile50,percentile75,amplitude,variance,interquartile_range,semi_interquartile_range,coefficient_of_variation,skewness,kurtosis,label
1_19321282_19321563,3.8843699500000075,0.11671571121265556,1047.6550562499995,0.0012519263251798906,24.199548758222633,197.44606719611235,62.2664035106669,62.377099426516146,0.02759719597874402,0.047213630545960665,0.11671571121265556,0.2156370502570086,1047.6538043236742,3890.9025328654807,0.16842341971104793,0.08421170985552397,16.029987954846263,0.1815258643359053,0.20277071213917702,eiip
