nameseq,average,median,maximum,minimum,peak,none_levated_peak,sample_standard_deviation,population_standard_deviation,percentile15,percentile25,percentile50,percentile75,amplitude,variance,interquartile_range,semi_interquartile_range,coefficient_of_variation,skewness,kurtosis,label
1_21511189_21512852,25.281686849999875,0.45295542751520224,40970.415332250006,9.73324316867696e-05,21.9394643228353,661.3561213097621,1004.0521567167106,1004.3539911310792,0.10281473540000607,0.1965878814581027,0.45295542751520224,0.9100347834199345,40970.41523491757,1008726.9395009279,0.7134469019618318,0.3567234509809159,39.7146030118127,0.07418558266039361,0.2477642451284772,eiip
