nameseq,average,median,maximum,minimum,peak,none_levated_peak,sample_standard_deviation,population_standard_deviation,percentile15,percentile25,percentile50,percentile75,amplitude,variance,interquartile_range,semi_interquartile_range,coefficient_of_variation,skewness,kurtosis,label
1_22009333_22009503,2.51525968,0.05851308478520544,417.17245504000005,0.0012869846001607262,22.661676030206152,155.16462372692715,31.80282961695462,31.896230198724375,0.017914644060794366,0.021260004044938025,0.05851308478520544,0.1115133512437883,417.1711680553999,1017.3695008900168,0.09025334719885028,0.04512667359942514,12.64395476532054,0.23174792540205874,0.30159854951613346,eiip
