nameseq,average,median,maximum,minimum,peak,none_levated_peak,sample_standard_deviation,population_standard_deviation,percentile15,percentile25,percentile50,percentile75,amplitude,variance,interquartile_range,semi_interquartile_range,coefficient_of_variation,skewness,kurtosis,label
1_25920052_25920172,1.6806725399999995,0.04493583484121435,194.83693056000004,0.0007113096064645221,23.9983294624028,115.5965202250333,17.632814727870752,17.706132361067567,0.011980060988698627,0.02244343042303624,0.04493583484121435,0.08975396203396599,194.83621925039358,313.50712318764414,0.06731053161092976,0.03365526580546488,10.49152307080043,0.2782998739117884,0.2068352038788452,eiip
