nameseq,average,median,maximum,minimum,peak,none_levated_peak,sample_standard_deviation,population_standard_deviation,percentile15,percentile25,percentile50,percentile75,amplitude,variance,interquartile_range,semi_interquartile_range,coefficient_of_variation,skewness,kurtosis,label
1_2778188_2778357,2.493227790000001,0.05310455085856157,410.7067028100001,0.0010233202284957658,22.72823481831423,156.6833607947101,31.401127581171558,31.493893300499824,0.007739449396975358,0.016263604252831753,0.05310455085856157,0.11915767442281557,410.70567948977157,991.8653152232678,0.10289407016998381,0.051447035084991904,12.59456825690666,0.23312442199730712,0.29033549021824584,eiip
