nameseq,average,median,maximum,minimum,peak,none_levated_peak,sample_standard_deviation,population_standard_deviation,percentile15,percentile25,percentile50,percentile75,amplitude,variance,interquartile_range,semi_interquartile_range,coefficient_of_variation,skewness,kurtosis,label
1_30611626_30611840,2.9648527000000002,0.061603360920386936,610.7323689999998,0.0024858681543097265,24.17208337758792,170.82590479526928,41.54639367128351,41.64335154800141,0.019548900213092094,0.03389808492729483,0.061603360920386936,0.16035140638934461,610.7298831318456,1734.1687281504317,0.1264533214620498,0.0632266607310249,14.012970584097992,0.20963908651496121,0.21851973127995217,eiip
