nameseq,average,median,maximum,minimum,peak,none_levated_peak,sample_standard_deviation,population_standard_deviation,percentile15,percentile25,percentile50,percentile75,amplitude,variance,interquartile_range,semi_interquartile_range,coefficient_of_variation,skewness,kurtosis,label
1_35793018_35815939,335.6711242600006,7.516049185060331,7441894.521868963,2.163192356330366e-06,22.762359090347132,2505.729622011343,49152.67441297627,49153.74662052207,1.7822032347279386,3.15896471032562,7.516049185060331,15.018398098293215,7441894.521866799,2416090806.8344846,11.859433387967595,5.9297166939837975,146.4310477147391,0.020028721468000586,0.24823692297309963,eiip
