nameseq,average,median,maximum,minimum,peak,none_levated_peak,sample_standard_deviation,population_standard_deviation,percentile15,percentile25,percentile50,percentile75,amplitude,variance,interquartile_range,semi_interquartile_range,coefficient_of_variation,skewness,kurtosis,label
1_3841816_3842175,4.972569260000002,0.13098292180596002,1715.8317907600003,0.0009178044096194471,24.132393884444348,238.22377035031707,90.29612294385576,90.42179610549957,0.024185552014776422,0.04124985493926292,0.13098292180596002,0.2855387013494767,1715.8308729555906,8176.101210944538,0.24428884641021376,0.12214442320510688,18.158846709327833,0.16085695089714225,0.27408666240271384,eiip
