nameseq,average,median,maximum,minimum,peak,none_levated_peak,sample_standard_deviation,population_standard_deviation,percentile15,percentile25,percentile50,percentile75,amplitude,variance,interquartile_range,semi_interquartile_range,coefficient_of_variation,skewness,kurtosis,label
1_38637309_38637522,3.1170814700000062,0.07334619099394081,645.2463628900002,0.0018661553563870264,22.88465477077607,177.44695568014055,43.99808672145078,44.10124767601168,0.019463225802377762,0.029113721808279373,0.07334619099394081,0.14678992734970145,645.2444967346438,1944.9200465809256,0.11767620554142208,0.05883810277071104,14.115154558809364,0.20753642981858067,0.2645039459497387,eiip
