nameseq,average,median,maximum,minimum,peak,none_levated_peak,sample_standard_deviation,population_standard_deviation,percentile15,percentile25,percentile50,percentile75,amplitude,variance,interquartile_range,semi_interquartile_range,coefficient_of_variation,skewness,kurtosis,label
1_41797454_41797747,4.387970260000001,0.08519658914340035,1249.9477411600003,0.00021392200284516314,22.333788561274336,221.44378488261398,72.76652879933424,72.89059799224088,0.018687841454172734,0.041330907654468306,0.08519658914340035,0.17867423995786996,1249.9475272379975,5313.0392756664705,0.13734333230340165,0.06867166615170082,16.583186413696026,0.1773936619701434,0.2231322242499454,eiip
