nameseq,average,median,maximum,minimum,peak,none_levated_peak,sample_standard_deviation,population_standard_deviation,percentile15,percentile25,percentile50,percentile75,amplitude,variance,interquartile_range,semi_interquartile_range,coefficient_of_variation,skewness,kurtosis,label
1_4169781_4171202,20.625649419999988,0.5059666300000073,28372.437857439993,0.0011724122952184014,22.981094575396902,557.5426234274648,752.1144619492698,752.379058074236,0.11286490421720884,0.20262649690865328,0.5059666300000073,0.9852161584640848,28372.436685027697,566074.2470286747,0.7825896615554315,0.39129483077771576,36.46500755607579,0.08025247674877334,0.2735907375250517,eiip
