nameseq,average,median,maximum,minimum,peak,none_levated_peak,sample_standard_deviation,population_standard_deviation,percentile15,percentile25,percentile50,percentile75,amplitude,variance,interquartile_range,semi_interquartile_range,coefficient_of_variation,skewness,kurtosis,label
1_4261945_4262068,1.8830097800000007,0.031024953689256687,227.43052864,0.00040192491677898526,21.950673741765335,130.55867047009627,20.33699771792841,20.4195010900327,0.00826439463804862,0.013618523064416497,0.031024953689256687,0.06533030831645964,227.43012671508322,416.9560247658466,0.051711785252043146,0.025855892626021573,10.800261333708209,0.27319442899058255,0.2420655778077576,eiip
