nameseq,average,median,maximum,minimum,peak,none_levated_peak,sample_standard_deviation,population_standard_deviation,percentile15,percentile25,percentile50,percentile75,amplitude,variance,interquartile_range,semi_interquartile_range,coefficient_of_variation,skewness,kurtosis,label
1_43951901_43960938,129.3460005699999,3.0468951679193648,1126732.7846428899,0.0001570742726795961,23.291533200798597,1501.6680004083494,11851.109157461888,11851.764838624107,0.7052069438630049,1.3104042434222012,3.0468951679193648,6.190022426066289,1126732.7844858156,140464329.7900467,4.879618182644087,2.4398090913220436,91.62331347885987,0.03197146454158463,0.2409713425832123,eiip
