nameseq,average,median,maximum,minimum,peak,none_levated_peak,sample_standard_deviation,population_standard_deviation,percentile15,percentile25,percentile50,percentile75,amplitude,variance,interquartile_range,semi_interquartile_range,coefficient_of_variation,skewness,kurtosis,label
1_44453191_44453305,1.7692747000000006,0.02707573810412973,198.44356900000005,0.0001627747754702237,21.6661286872713,127.30552629951467,18.42030369596389,18.500918101667946,0.005346595693039589,0.007762281130663752,0.02707573810412973,0.06257370722286995,198.44340622522458,342.28397060462464,0.0548114260922062,0.0274057130461031,10.411217487009726,0.28374108114367425,0.30738528634188705,eiip
