nameseq,average,median,maximum,minimum,peak,none_levated_peak,sample_standard_deviation,population_standard_deviation,percentile15,percentile25,percentile50,percentile75,amplitude,variance,interquartile_range,semi_interquartile_range,coefficient_of_variation,skewness,kurtosis,label
1_45294027_45296426,36.06696970999998,0.6398100404175857,84264.27814561002,0.0008551650294759628,22.180959654567012,815.6215730187364,1719.659767149765,1720.0181415971588,0.14353737243783354,0.2507272572092201,0.6398100404175857,1.3182078516603202,84264.277290445,2958462.4074233435,1.0674805944511,0.53374029722555,47.6796298934138,0.06180378295696392,0.2626201265992907,eiip
