nameseq,average,median,maximum,minimum,peak,none_levated_peak,sample_standard_deviation,population_standard_deviation,percentile15,percentile25,percentile50,percentile75,amplitude,variance,interquartile_range,semi_interquartile_range,coefficient_of_variation,skewness,kurtosis,label
1_52162514_52162665,2.204647649999997,0.051449679507415344,323.19050624999994,0.002541039151757729,22.981752511185512,138.6474416188409,26.121573434245196,26.20792597864987,0.012045271958927663,0.022429339968667705,0.051449679507415344,0.12778988187465978,323.1879652108482,686.8553841023908,0.10536054190599208,0.05268027095299604,11.848411892143051,0.24728961782253375,0.30248859029549796,eiip
