nameseq,average,median,maximum,minimum,peak,none_levated_peak,sample_standard_deviation,population_standard_deviation,percentile15,percentile25,percentile50,percentile75,amplitude,variance,interquartile_range,semi_interquartile_range,coefficient_of_variation,skewness,kurtosis,label
1_53771036_53771157,1.7814403000000016,0.035432925067052146,210.10502500000004,0.00047144897485258295,22.82797052849126,123.7009521872845,18.938638117830664,19.016735925936686,0.008508693218092223,0.015878557589131752,0.035432925067052146,0.069576429362834,210.1045535510252,361.63624527681105,0.05369787177370224,0.02684893588685112,10.6310821181213,0.27657860571649384,0.18365468075661837,eiip
