nameseq,average,median,maximum,minimum,peak,none_levated_peak,sample_standard_deviation,population_standard_deviation,percentile15,percentile25,percentile50,percentile75,amplitude,variance,interquartile_range,semi_interquartile_range,coefficient_of_variation,skewness,kurtosis,label
1_59555738_59558717,43.71140444,0.8732709167613797,126250.45474275998,0.00026547601631386335,22.724809373188222,878.0416208833087,2312.3172783423406,2312.705348711498,0.19845673037331835,0.35745671401434403,0.8732709167613797,1.8350017434300376,126250.45447728396,5348606.029958772,1.4775450294156935,0.7387725147078468,52.89963358455614,0.05557818633861767,0.24842183907813223,eiip
