nameseq,average,median,maximum,minimum,peak,none_levated_peak,sample_standard_deviation,population_standard_deviation,percentile15,percentile25,percentile50,percentile75,amplitude,variance,interquartile_range,semi_interquartile_range,coefficient_of_variation,skewness,kurtosis,label
1_59104808_59132260,412.0346599000032,7.756896884303166,10995584.089681001,0.0006158175840278223,22.209296669898738,2939.057939381014,66361.32394562865,66362.53261384257,1.837747358390985,3.200117438359618,7.756896884303166,15.754893485270413,10995584.089065183,4403985734.92332,12.554776046910796,6.277388023455398,161.05762549619953,0.018276206937052706,0.2490180294893018,eiip
