nameseq,average,median,maximum,minimum,peak,none_levated_peak,sample_standard_deviation,population_standard_deviation,percentile15,percentile25,percentile50,percentile75,amplitude,variance,interquartile_range,semi_interquartile_range,coefficient_of_variation,skewness,kurtosis,label
1_68512735_68530779,270.49809035000175,5.2666572976330865,4743263.655312249,3.435616874905836e-05,22.23675587586255,2343.0471446002844,35309.055425297454,35310.03382715489,1.246495763328092,2.2402948054230154,5.2666572976330865,10.529512918328434,4743263.655277893,1246798488.8748226,8.289218112905418,4.144609056452709,130.53347393177717,0.02253513410576893,0.24773806914774057,eiip
