nameseq,average,median,maximum,minimum,peak,none_levated_peak,sample_standard_deviation,population_standard_deviation,percentile15,percentile25,percentile50,percentile75,amplitude,variance,interquartile_range,semi_interquartile_range,coefficient_of_variation,skewness,kurtosis,label
1_76856417_76856722,4.539883340000008,0.09195960457471891,1346.1854521600003,0.0035650490425988162,22.467537679062875,225.1100009886976,76.82252045448048,76.94835595315703,0.02496275749651446,0.04253777936427701,0.09195960457471891,0.20686515278291423,1346.1818871109576,5921.0494838937575,0.16432737341863723,0.08216368670931862,16.92169483246685,0.1736960871282846,0.24964880945662052,eiip
