nameseq,average,median,maximum,minimum,peak,none_levated_peak,sample_standard_deviation,population_standard_deviation,percentile15,percentile25,percentile50,percentile75,amplitude,variance,interquartile_range,semi_interquartile_range,coefficient_of_variation,skewness,kurtosis,label
1_78540346_78540586,3.654475949999996,0.07233474341106207,857.7576562499983,9.265078111455202e-05,21.982175948738536,201.95861632680553,55.13218913531759,55.246928466787324,0.0193318949355777,0.030984516543895183,0.07233474341106207,0.1513968533392951,857.7575635992172,3052.2231050143155,0.12041233679539991,0.060206168397699954,15.086209319647498,0.19492103956529927,0.28987209158010313,eiip
