nameseq,average,median,maximum,minimum,peak,none_levated_peak,sample_standard_deviation,population_standard_deviation,percentile15,percentile25,percentile50,percentile75,amplitude,variance,interquartile_range,semi_interquartile_range,coefficient_of_variation,skewness,kurtosis,label
1_81891331_81891523,2.9458832899999954,0.0495221995258106,552.2923008099988,0.0016547635363791966,21.838384959688415,171.4313544907257,39.645804781481864,39.748914981056046,0.014589949933251524,0.022445956270988464,0.0495221995258106,0.10955873012812783,552.2906460464624,1579.9762421712219,0.08711277385713936,0.04355638692856968,13.458036479606063,0.2191677863348894,0.23824597670531025,eiip
