nameseq,average,median,maximum,minimum,peak,none_levated_peak,sample_standard_deviation,population_standard_deviation,percentile15,percentile25,percentile50,percentile75,amplitude,variance,interquartile_range,semi_interquartile_range,coefficient_of_variation,skewness,kurtosis,label
1_82429192_82429259,1.1279623000000008,0.008916711037423567,75.82926400000004,0.00026026806863068503,20.095234270388872,99.8774645254748,9.126226211676224,9.19408012891639,0.002142537544455846,0.0043961690722170155,0.008916711037423567,0.016724337890242476,75.82900373193141,84.53110941693522,0.01232816881802546,0.00616408440901273,8.090896488008703,0.3678559668609313,0.19390438003325763,eiip
