nameseq,average,median,maximum,minimum,peak,none_levated_peak,sample_standard_deviation,population_standard_deviation,percentile15,percentile25,percentile50,percentile75,amplitude,variance,interquartile_range,semi_interquartile_range,coefficient_of_variation,skewness,kurtosis,label
1_83035162_83036560,21.439873429999988,0.33255763546207073,29274.286067290006,0.002053709188909042,21.75075029504657,615.805047191815,782.3744220976698,782.65419125451,0.08607055326990157,0.1582820961403204,0.33255763546207073,0.6953814464598579,29274.28401358082,612547.5830882512,0.5370993503195375,0.26854967515976874,36.491559740409826,0.08093560524874724,0.23275864618079065,eiip
