nameseq,average,median,maximum,minimum,peak,none_levated_peak,sample_standard_deviation,population_standard_deviation,percentile15,percentile25,percentile50,percentile75,amplitude,variance,interquartile_range,semi_interquartile_range,coefficient_of_variation,skewness,kurtosis,label
1_83247821_83263204,227.05044320999866,4.630834444558339,3387580.4975516093,0.002100453994438697,22.585289539633795,2111.950136980725,27311.151666558555,27312.03935777055,1.1455749090537037,1.9930643011553477,4.630834444558339,9.188403568138483,3387580.495451155,745947493.8804076,7.195339266983135,3.5976696334915674,120.28671373831456,0.024431735228264046,0.24566899654710908,eiip
