nameseq,average,median,maximum,minimum,peak,none_levated_peak,sample_standard_deviation,population_standard_deviation,percentile15,percentile25,percentile50,percentile75,amplitude,variance,interquartile_range,semi_interquartile_range,coefficient_of_variation,skewness,kurtosis,label
1_9745990_9746242,3.851154199999996,0.06966318866810886,950.057329,0.0002941351242071441,21.898196995937845,214.68528630475237,59.605461642440055,59.72360935330521,0.011974577195589094,0.0215917792104664,0.06966318866810886,0.1549097427251049,950.0570348648757,3566.909514186205,0.1333179635146385,0.06665898175731926,15.47729811557276,0.19032606612542718,0.3097128964164958,eiip
