nameseq,average,median,maximum,minimum,peak,none_levated_peak,sample_standard_deviation,population_standard_deviation,percentile15,percentile25,percentile50,percentile75,amplitude,variance,interquartile_range,semi_interquartile_range,coefficient_of_variation,skewness,kurtosis,label
2_109183088_109204618,314.14635377999565,6.933713115507494,6542396.088596638,0.0004944828878083273,22.84603947695738,2433.0922754284047,44585.534535729545,44586.5699518195,1.7106490726660288,2.9305219326827903,6.933713115507494,13.950984949411364,6542396.088102155,1987962220.0684936,11.020463016728574,5.510231508364287,141.92599722788404,0.020671231860075398,0.24309089137162224,eiip
