nameseq,average,median,maximum,minimum,peak,none_levated_peak,sample_standard_deviation,population_standard_deviation,percentile15,percentile25,percentile50,percentile75,amplitude,variance,interquartile_range,semi_interquartile_range,coefficient_of_variation,skewness,kurtosis,label
2_106607589_106612588,75.13452117000044,1.4008374894581817,365575.86486369,0.0018622478525144655,22.18243545993516,1208.2192600376961,5169.478273498643,5169.995298881092,0.335345430219485,0.5902157559814645,1.4008374894581817,2.764152356640184,365575.86300144217,26728851.390452594,2.1739366006587195,1.0869683003293598,68.80297089805241,0.04278982120412714,0.23615902576665063,eiip
