nameseq,average,median,maximum,minimum,peak,none_levated_peak,sample_standard_deviation,population_standard_deviation,percentile15,percentile25,percentile50,percentile75,amplitude,variance,interquartile_range,semi_interquartile_range,coefficient_of_variation,skewness,kurtosis,label
2_113301018_113301138,1.7238119899999997,0.038104663747297235,200.81440680999998,3.872997333892367e-05,23.39775658094439,120.34419940485978,18.174543058628416,18.25011321019282,0.009944366579255218,0.017654189276475368,0.038104663747297235,0.08697700821655466,200.81436808002664,333.06663218485437,0.06932281894007929,0.03466140947003964,10.543228127000335,0.2782530467172997,0.19878680012189867,eiip
