nameseq,average,median,maximum,minimum,peak,none_levated_peak,sample_standard_deviation,population_standard_deviation,percentile15,percentile25,percentile50,percentile75,amplitude,variance,interquartile_range,semi_interquartile_range,coefficient_of_variation,skewness,kurtosis,label
2_126487300_126488522,18.092842550000142,0.37745381663577987,21433.69200625001,0.0008098735257322792,22.531930266903444,519.4939199674905,612.6251836015234,612.8757973095318,0.0968493581943981,0.16721218057513124,0.37745381663577987,0.7618022186171185,21433.691196376483,375616.74292779434,0.5945900380419873,0.29729501902099364,33.86008483235923,0.08675152054255338,0.24988106204111696,eiip
