nameseq,average,median,maximum,minimum,peak,none_levated_peak,sample_standard_deviation,population_standard_deviation,percentile15,percentile25,percentile50,percentile75,amplitude,variance,interquartile_range,semi_interquartile_range,coefficient_of_variation,skewness,kurtosis,label
2_134594513_134602922,126.07759413999887,2.46870902859696,1030713.0697921603,0.0025445674222791476,22.234984355907528,1569.207142812003,11238.607412696128,11239.27564157639,0.5706521580276092,1.0231515490925875,2.46870902859696,4.982101823609867,1030713.0672475928,126321316.94733237,3.958950274517279,1.9794751372586394,89.14040190374011,0.032995783349037265,0.25591722343153445,eiip
