nameseq,average,median,maximum,minimum,peak,none_levated_peak,sample_standard_deviation,population_standard_deviation,percentile15,percentile25,percentile50,percentile75,amplitude,variance,interquartile_range,semi_interquartile_range,coefficient_of_variation,skewness,kurtosis,label
2_133613558_133613887,4.488029260000001,0.12908758233985004,1414.5572323600004,0.001548658182497426,24.50964412830053,215.4063247457565,77.73992843370172,77.85798458134002,0.038634637419211575,0.05814680047331436,0.12908758233985004,0.25619226679668006,1414.555683701818,6061.86576306818,0.1980454663233657,0.09902273316168285,17.321618004268917,0.16821246554314298,0.21926529689465582,eiip
