nameseq,average,median,maximum,minimum,peak,none_levated_peak,sample_standard_deviation,population_standard_deviation,percentile15,percentile25,percentile50,percentile75,amplitude,variance,interquartile_range,semi_interquartile_range,coefficient_of_variation,skewness,kurtosis,label
2_137358644_137361606,44.467797599999955,0.854204671462657,127997.94182400002,0.00013444059148872204,22.21082940853063,887.924279072856,2351.037883977921,2351.434717111641,0.19358388848036948,0.3555546012917403,0.854204671462657,1.7610160448873917,127997.94168955943,5529245.228837903,1.4054614435956514,0.7027307217978257,52.87057175905477,0.055652348129852876,0.2485116047389263,eiip
