nameseq,average,median,maximum,minimum,peak,none_levated_peak,sample_standard_deviation,population_standard_deviation,percentile15,percentile25,percentile50,percentile75,amplitude,variance,interquartile_range,semi_interquartile_range,coefficient_of_variation,skewness,kurtosis,label
2_135415777_135426394,156.9312206399998,3.3948030340342727,1614267.8258745598,7.272213144723786e-05,22.55340472660035,1707.1332454986207,15665.075204411512,15665.812922521809,0.7826614706650681,1.4125369040462017,3.3948030340342727,6.652407725611624,1614267.8258018377,245417694.5234513,5.239870821565423,2.6199354107827113,99.82127928735859,0.029403577500105603,0.248984618109173,eiip
