nameseq,average,median,maximum,minimum,peak,none_levated_peak,sample_standard_deviation,population_standard_deviation,percentile15,percentile25,percentile50,percentile75,amplitude,variance,interquartile_range,semi_interquartile_range,coefficient_of_variation,skewness,kurtosis,label
2_137909702_137909802,1.5070653400000003,0.03329179468668075,148.31342656000004,0.00019175079380766524,22.33922164693049,113.9303536628014,14.680672366830128,14.753893132106922,0.004689773676710184,0.015982223122113122,0.03329179468668075,0.049479523942417405,148.31323480920622,217.6773625536318,0.033497300820304284,0.016748650410152142,9.741231502829285,0.3011660859573162,0.18079607809298234,eiip
