nameseq,average,median,maximum,minimum,peak,none_levated_peak,sample_standard_deviation,population_standard_deviation,percentile15,percentile25,percentile50,percentile75,amplitude,variance,interquartile_range,semi_interquartile_range,coefficient_of_variation,skewness,kurtosis,label
2_140816409_140827207,159.02437823999995,3.0912382640606078,1663533.480224159,0.00018580861643735768,22.635942403963003,1755.1496106103205,16007.31185642072,16008.053055775476,0.733707886021345,1.2914491571473632,3.0912382640606078,6.498167649748065,1663533.4800383504,256257762.63652253,5.206718492600702,2.603359246300351,100.65948399598487,0.029224108590111476,0.24436216314911258,eiip
