nameseq,average,median,maximum,minimum,peak,none_levated_peak,sample_standard_deviation,population_standard_deviation,percentile15,percentile25,percentile50,percentile75,amplitude,variance,interquartile_range,semi_interquartile_range,coefficient_of_variation,skewness,kurtosis,label
2_145579725_145580631,13.681353410000023,0.27620454404699446,12063.968863209997,0.00023639514455603354,22.098203611373037,449.2460276947421,400.34415343050483,400.56503298023625,0.0682039404627065,0.12693682135042056,0.27620454404699446,0.5334152163670274,12063.968626814853,160452.34564645778,0.4064783950166068,0.2032391975083034,29.262028502084004,0.10045218908096287,0.2527588052411219,eiip
