nameseq,average,median,maximum,minimum,peak,none_levated_peak,sample_standard_deviation,population_standard_deviation,percentile15,percentile25,percentile50,percentile75,amplitude,variance,interquartile_range,semi_interquartile_range,coefficient_of_variation,skewness,kurtosis,label
2_140587342_140587796,6.839795430000001,0.13331235140390477,3028.884246090001,0.0003294401971386965,22.174152460970113,305.83610611182945,141.83170819949493,141.98782460140555,0.02538266629869075,0.04716599482638216,0.13331235140390477,0.23407086844813008,3028.8839166498037,20160.542335039507,0.1869048736217479,0.09345243681087395,20.7362500313105,0.14185438144402138,0.24219496041996857,eiip
