nameseq,average,median,maximum,minimum,peak,none_levated_peak,sample_standard_deviation,population_standard_deviation,percentile15,percentile25,percentile50,percentile75,amplitude,variance,interquartile_range,semi_interquartile_range,coefficient_of_variation,skewness,kurtosis,label
2_160223513_160223629,1.9503088000000028,0.009876028592795818,226.59280900000013,0.0003052724835129926,19.996833321984674,169.14459663701518,20.857537633049926,20.947247886336505,0.0016365943190084437,0.0035876005937513075,0.009876028592795818,0.0176008980702947,226.59250372751663,438.78719401162914,0.014013297476543393,0.007006648738271696,10.694479578336464,0.27909806117273644,0.22682258149949225,eiip
