nameseq,average,median,maximum,minimum,peak,none_levated_peak,sample_standard_deviation,population_standard_deviation,percentile15,percentile25,percentile50,percentile75,amplitude,variance,interquartile_range,semi_interquartile_range,coefficient_of_variation,skewness,kurtosis,label
2_16414771_16415128,5.339985169999999,0.0858009939973455,1859.0498188899983,0.00018203046290182607,22.34712822869756,261.64278157340283,98.1088459231174,98.24615718124765,0.025363692202219495,0.03595075921463131,0.0858009939973455,0.21032666318327461,1859.0496368595354,9652.30740088242,0.1743759039686433,0.08718795198432165,18.372494080000866,0.16066392769883586,0.22648581868993883,eiip
