nameseq,average,median,maximum,minimum,peak,none_levated_peak,sample_standard_deviation,population_standard_deviation,percentile15,percentile25,percentile50,percentile75,amplitude,variance,interquartile_range,semi_interquartile_range,coefficient_of_variation,skewness,kurtosis,label
2_161172459_161176539,59.16820462000039,1.2919715829539733,233402.22893584002,0.0005796264506150516,22.990951678691047,1011.5621383485607,3653.1282909777324,3653.575950839835,0.30091328628526065,0.5344509444197832,1.2919715829539733,2.5617505226117046,233402.22835621357,13348617.228555206,2.027299578191921,1.0136497890959606,61.74140848855299,0.047528771310867066,0.24226035536082688,eiip
