nameseq,average,median,maximum,minimum,peak,none_levated_peak,sample_standard_deviation,population_standard_deviation,percentile15,percentile25,percentile50,percentile75,amplitude,variance,interquartile_range,semi_interquartile_range,coefficient_of_variation,skewness,kurtosis,label
2_160888603_160889077,7.006316040000005,0.14023932840675443,3218.56520976,0.00012425573629157823,22.598657044499127,295.39027835258844,147.51202151799777,147.66754293337766,0.036559046429027804,0.06650093379254077,0.14023932840675443,0.30459573779451443,3218.5650855042636,21805.70323598093,0.23809480400197366,0.11904740200098683,21.054148953006358,0.13963763714177413,0.22380313655505127,eiip
