nameseq,average,median,maximum,minimum,peak,none_levated_peak,sample_standard_deviation,population_standard_deviation,percentile15,percentile25,percentile50,percentile75,amplitude,variance,interquartile_range,semi_interquartile_range,coefficient_of_variation,skewness,kurtosis,label
2_19074312_19074373,0.8546420600000002,0.017086886612214483,50.66022975999999,0.0012961402815205236,24.181663451792513,75.94789472340105,6.377212419685548,6.429272160370569,0.0039074878212437,0.006250826863118166,0.017086886612214483,0.035345011091028423,50.658933619718475,41.33554051211605,0.02909418422791026,0.01454709211395513,7.461851830327127,0.39400687240825094,0.12827949657040744,eiip
