nameseq,average,median,maximum,minimum,peak,none_levated_peak,sample_standard_deviation,population_standard_deviation,percentile15,percentile25,percentile50,percentile75,amplitude,variance,interquartile_range,semi_interquartile_range,coefficient_of_variation,skewness,kurtosis,label
2_21111024_21111292,4.12471681,0.08183558984006022,1082.745606009999,0.0001923706348758438,21.73886615664814,220.63317306613348,65.88731527474754,66.01012491584491,0.020881846840845833,0.034102891342576,0.08183558984006022,0.14375864333812663,1082.745413639364,4357.336591405449,0.10965575199555064,0.05482787599777532,15.973779124668571,0.18408161889589594,0.30435143621714206,eiip
