nameseq,average,median,maximum,minimum,peak,none_levated_peak,sample_standard_deviation,population_standard_deviation,percentile15,percentile25,percentile50,percentile75,amplitude,variance,interquartile_range,semi_interquartile_range,coefficient_of_variation,skewness,kurtosis,label
2_2317967_2318112,2.2232144699999994,0.050999265458780134,316.1532924900001,0.0019835165759786062,21.89022576245947,144.16986258900423,26.07052453377033,26.16026842923871,0.007505068940308768,0.01623553440252915,0.050999265458780134,0.07352628557080831,316.15130897342414,684.3596442898236,0.05729075116827917,0.028645375584139585,11.726500023081597,0.24996219792901944,0.22960065286227802,eiip
