nameseq,average,median,maximum,minimum,peak,none_levated_peak,sample_standard_deviation,population_standard_deviation,percentile15,percentile25,percentile50,percentile75,amplitude,variance,interquartile_range,semi_interquartile_range,coefficient_of_variation,skewness,kurtosis,label
2_25539209_25539888,9.61608359,0.2636443585915609,6294.343701610002,0.0007217515292842409,23.57161983308702,347.943397811836,241.1859677907244,241.3635062525945,0.0636335621971102,0.12088352503532306,0.2636443585915609,0.48348947771667444,6294.342979858473,58256.342150546225,0.3626059526813514,0.1813029763406757,25.081517390462324,0.11633063876489898,0.23577965905257448,eiip
