nameseq,average,median,maximum,minimum,peak,none_levated_peak,sample_standard_deviation,population_standard_deviation,percentile15,percentile25,percentile50,percentile75,amplitude,variance,interquartile_range,semi_interquartile_range,coefficient_of_variation,skewness,kurtosis,label
2_35682011_35689752,113.66863493999952,2.4094055136980725,852638.7501633598,0.0008002281819118717,22.703419180048062,1447.9263037984854,9689.662794458625,9690.28864059488,0.5749073102366304,1.0311321933453914,2.4094055136980725,4.792587102611886,852638.7493631316,93901693.93804215,3.7614549092664946,1.8807274546332473,85.24482412913075,0.034446780590732924,0.2475848621767496,eiip
