nameseq,average,median,maximum,minimum,peak,none_levated_peak,sample_standard_deviation,population_standard_deviation,percentile15,percentile25,percentile50,percentile75,amplitude,variance,interquartile_range,semi_interquartile_range,coefficient_of_variation,skewness,kurtosis,label
2_38080186_38080362,2.6570863799999973,0.03864722075500077,458.25108624,0.0004227489815919544,22.204773034138267,168.30304503817501,34.341753789317735,34.439177400059144,0.012174334947237495,0.016193115309400218,0.03864722075500077,0.10945274431410487,458.25066349101843,1186.0569399927444,0.09325962900470465,0.046629814502352325,12.924590652306069,0.2287395549431272,0.3191578979400861,eiip
