nameseq,average,median,maximum,minimum,peak,none_levated_peak,sample_standard_deviation,population_standard_deviation,percentile15,percentile25,percentile50,percentile75,amplitude,variance,interquartile_range,semi_interquartile_range,coefficient_of_variation,skewness,kurtosis,label
2_42796072_42796145,1.0777101199999999,0.021327535329719392,77.30278083999998,5.058743346325724e-05,22.888034740424143,88.89856773343232,8.921520853938954,8.982419314170675,0.005602193805594983,0.008651673352013958,0.021327535329719392,0.053671675864806964,77.30273025256652,80.68385673558639,0.045020002512793006,0.022510001256396503,8.27821942874486,0.3552250570161058,0.2813150738092237,eiip
