nameseq,average,median,maximum,minimum,peak,none_levated_peak,sample_standard_deviation,population_standard_deviation,percentile15,percentile25,percentile50,percentile75,amplitude,variance,interquartile_range,semi_interquartile_range,coefficient_of_variation,skewness,kurtosis,label
2_45032691_45032774,1.1602396099999996,0.026311648564540945,93.60756001000001,0.0026316900000001265,24.13294612480952,92.32204630434664,10.147529250586611,10.208475920189816,0.008444748935169413,0.013583476393731241,0.026311648564540945,0.0627310615104967,93.60492832000001,104.21298061309531,0.049147585116765466,0.024573792558382733,8.746063453726265,0.33523272515915387,0.24481697979138897,eiip
