nameseq,average,median,maximum,minimum,peak,none_levated_peak,sample_standard_deviation,population_standard_deviation,percentile15,percentile25,percentile50,percentile75,amplitude,variance,interquartile_range,semi_interquartile_range,coefficient_of_variation,skewness,kurtosis,label
2_6071652_6073397,24.81557652999996,0.621187287281698,41692.86185689,0.0013187601753668794,23.45301142999481,603.5120478874119,997.4834849034243,997.7692558546829,0.13233640208953537,0.24806232685591256,0.621187287281698,1.2732377451066936,41692.860538129826,995543.4879288077,1.025175418250781,0.5125877091253905,40.19586180871317,0.07276628518334038,0.24358490761173066,eiip
