nameseq,average,median,maximum,minimum,peak,none_levated_peak,sample_standard_deviation,population_standard_deviation,percentile15,percentile25,percentile50,percentile75,amplitude,variance,interquartile_range,semi_interquartile_range,coefficient_of_variation,skewness,kurtosis,label
2_60706281_60706433,2.394650559999999,0.03643707366144533,359.1252403600001,0.0005363234942739455,21.297470642230163,162.42522015817588,28.93471397098491,29.029737917978913,0.005565261246969323,0.010809963224050407,0.03643707366144533,0.06681256812692507,359.1247040365058,842.7256835865427,0.05600260490287466,0.02800130245143733,12.083063163497608,0.2445035560437872,0.26193291876876446,eiip
