nameseq,average,median,maximum,minimum,peak,none_levated_peak,sample_standard_deviation,population_standard_deviation,percentile15,percentile25,percentile50,percentile75,amplitude,variance,interquartile_range,semi_interquartile_range,coefficient_of_variation,skewness,kurtosis,label
2_60485657_60500985,227.48559965999922,4.442446473570696,3382496.999323561,0.0009382137963556628,22.46149503222882,2132.6983182933386,27319.043936889782,27319.935070709504,1.0028405710073083,1.8623483433141772,4.442446473570696,9.183172656579476,3382496.998385347,746378852.2677832,7.320824313265299,3.6604121566326495,120.09131117627192,0.024493150679249745,0.25422032817884305,eiip
