nameseq,average,median,maximum,minimum,peak,none_levated_peak,sample_standard_deviation,population_standard_deviation,percentile15,percentile25,percentile50,percentile75,amplitude,variance,interquartile_range,semi_interquartile_range,coefficient_of_variation,skewness,kurtosis,label
2_75934549_75944854,147.52020050999985,3.2869958117271807,1469058.17261841,0.0008801256712218895,23.28720623654836,1656.7671755593126,14470.096250384935,14470.798324388908,0.7632214163717742,1.385900595922694,3.2869958117271807,6.645256430403019,1469058.1717382844,209404004.14513686,5.259355834480325,2.6296779172401625,98.08891392744589,0.02990302252366202,0.24473695103328547,eiip
