nameseq,average,median,maximum,minimum,peak,none_levated_peak,sample_standard_deviation,population_standard_deviation,percentile15,percentile25,percentile50,percentile75,amplitude,variance,interquartile_range,semi_interquartile_range,coefficient_of_variation,skewness,kurtosis,label
2_87863245_87870234,103.47274939999907,2.1495498715614403,701510.1038439994,0.0007243089440182735,22.51800607899978,1385.2687769504207,8390.00807283302,8390.608280872762,0.49290541909674845,0.9058640920165613,2.1495498715614403,4.2608689812198195,701510.1031196906,70402307.32305057,3.3550048892032582,1.6775024446016291,81.08422866391037,0.03622995305208006,0.24855401540677413,eiip
