nameseq,average,median,maximum,minimum,peak,none_levated_peak,sample_standard_deviation,population_standard_deviation,percentile15,percentile25,percentile50,percentile75,amplitude,variance,interquartile_range,semi_interquartile_range,coefficient_of_variation,skewness,kurtosis,label
2_884840_887767,43.633257149999984,0.31137224290084164,123908.57604225002,6.587592134384498e-05,22.36825907001995,1071.7652586381369,2289.4851017924016,2289.8761659513375,0.06961284582380109,0.12524110879655864,0.31137224290084164,0.8097721824794605,123908.5759763741,5243532.855391997,0.6845310736829018,0.3422655368414509,52.471102350249424,0.05676632471622085,0.15823216197259024,eiip
