nameseq,average,median,maximum,minimum,peak,none_levated_peak,sample_standard_deviation,population_standard_deviation,percentile15,percentile25,percentile50,percentile75,amplitude,variance,interquartile_range,semi_interquartile_range,coefficient_of_variation,skewness,kurtosis,label
3_106077724_106077876,2.132337779999999,0.0639118365212513,312.92902404000006,0.000998459628951508,23.917411433755127,135.63556408832721,25.20910646516687,25.2918952150026,0.014472928605542557,0.024071752669924326,0.0639118365212513,0.12345423247556184,312.9280255803711,639.6799635666714,0.09938247980563751,0.049691239902818755,11.822285709896713,0.24615223228996616,0.2591068806157363,eiip
