nameseq,average,median,maximum,minimum,peak,none_levated_peak,sample_standard_deviation,population_standard_deviation,percentile15,percentile25,percentile50,percentile75,amplitude,variance,interquartile_range,semi_interquartile_range,coefficient_of_variation,skewness,kurtosis,label
3_115762428_115763422,14.23737775000006,0.3645301435196832,13644.926532250005,0.00022588104076726447,23.29548829078903,437.29429486485895,432.33951547786245,432.5569354138975,0.08807736494296917,0.15880170210372904,0.3645301435196832,0.7409992100778495,13644.926306368965,187105.50237466273,0.5821975079741205,0.29109875398706025,30.36651292600989,0.09626356446608955,0.2443075139800004,eiip
