nameseq,average,median,maximum,minimum,peak,none_levated_peak,sample_standard_deviation,population_standard_deviation,percentile15,percentile25,percentile50,percentile75,amplitude,variance,interquartile_range,semi_interquartile_range,coefficient_of_variation,skewness,kurtosis,label
3_116617646_116619728,31.315718710000045,0.6142250401695939,63330.79266721002,0.00022213836075077887,22.172038897245937,717.2101611937306,1387.2663432046927,1387.5994603527777,0.14931873673024848,0.26527967064609104,0.6142250401695939,1.300747191113147,63330.79244507166,1925432.2623713196,1.0354675204670558,0.5177337602335279,44.29936148205652,0.06639278856626973,0.27602982201133874,eiip
