nameseq,average,median,maximum,minimum,peak,none_levated_peak,sample_standard_deviation,population_standard_deviation,percentile15,percentile25,percentile50,percentile75,amplitude,variance,interquartile_range,semi_interquartile_range,coefficient_of_variation,skewness,kurtosis,label
3_11688211_11688472,3.6432927700000066,0.09733485063716661,915.8310112900008,0.0005017108023995276,23.970989664202357,192.56237099270987,56.46324356381162,56.571307286719865,0.028529987606354043,0.04469544524745583,0.09733485063716661,0.19119214505138313,915.8305095791984,3200.312808128484,0.1464966998039273,0.07324834990196365,15.497860624528267,0.18840351858401805,0.24130054851876578,eiip
