nameseq,average,median,maximum,minimum,peak,none_levated_peak,sample_standard_deviation,population_standard_deviation,percentile15,percentile25,percentile50,percentile75,amplitude,variance,interquartile_range,semi_interquartile_range,coefficient_of_variation,skewness,kurtosis,label
3_11464463_11464510,0.63259037,0.018295231918681362,29.070428890000002,0.0006374917685680493,25.292828912333903,63.14534911149851,4.148202765707682,4.192100313737005,0.005618988807551505,0.006923098465769806,0.018295231918681362,0.035114077224754216,29.069791398231434,17.5737050404339,0.02819097875898441,0.014095489379492204,6.557486427919669,0.444261170036986,0.20687737386046925,eiip
