nameseq,average,median,maximum,minimum,peak,none_levated_peak,sample_standard_deviation,population_standard_deviation,percentile15,percentile25,percentile50,percentile75,amplitude,variance,interquartile_range,semi_interquartile_range,coefficient_of_variation,skewness,kurtosis,label
3_117286694_117287273,8.362278110000023,0.21910475370954777,4681.44692521,0.0016327143085921325,23.119696665210864,322.737014861109,194.20696712246973,194.3746037243534,0.046331225743220766,0.08800579827174547,0.21910475370954777,0.4063250667738921,4681.445292495691,37781.48657299942,0.3183192685021466,0.1591596342510733,23.22416984556248,0.12579116203110166,0.27214151976181256,eiip
