nameseq,average,median,maximum,minimum,peak,none_levated_peak,sample_standard_deviation,population_standard_deviation,percentile15,percentile25,percentile50,percentile75,amplitude,variance,interquartile_range,semi_interquartile_range,coefficient_of_variation,skewness,kurtosis,label
3_124451360_124458812,102.99764603999976,3.0656373998361652,735154.3088499603,0.00138066446264452,24.12029234501658,1263.8647839817681,8514.934093468335,8515.505393015657,0.7232418626428798,1.2798371548005398,3.0656373998361652,6.0507406048320425,735154.3074692959,72513832.09847873,4.770903450031502,2.385451725015751,82.67115240829396,0.035208261465048726,0.2457639687375389,eiip
