nameseq,average,median,maximum,minimum,peak,none_levated_peak,sample_standard_deviation,population_standard_deviation,percentile15,percentile25,percentile50,percentile75,amplitude,variance,interquartile_range,semi_interquartile_range,coefficient_of_variation,skewness,kurtosis,label
3_132996145_132996743,7.988718390000008,0.2647978342148521,4561.23286161,0.0007073555283612299,24.99357931011841,307.68975158744996,186.19643536141515,186.35205296932406,0.054287948427870714,0.10427330271524926,0.2647978342148521,0.5091153335055875,4561.232154254472,34727.087645881766,0.4048420307903382,0.2024210153951691,23.30742257662871,0.12444793383062407,0.24268084833124962,eiip
