nameseq,average,median,maximum,minimum,peak,none_levated_peak,sample_standard_deviation,population_standard_deviation,percentile15,percentile25,percentile50,percentile75,amplitude,variance,interquartile_range,semi_interquartile_range,coefficient_of_variation,skewness,kurtosis,label
3_149048168_149048255,1.2518432500000007,0.019698022136033045,106.01791225000004,0.00024923913695755424,23.432113671846146,99.21182900962208,11.23226957010409,11.296638404065876,0.0058367752124351005,0.008940536014457698,0.019698022136033045,0.07061362625416207,106.01766301086307,127.614039232216,0.06167309023970437,0.030836545119852184,8.972584682710142,0.32909072031447406,0.2345060898025837,eiip
