nameseq,average,median,maximum,minimum,peak,none_levated_peak,sample_standard_deviation,population_standard_deviation,percentile15,percentile25,percentile50,percentile75,amplitude,variance,interquartile_range,semi_interquartile_range,coefficient_of_variation,skewness,kurtosis,label
3_146544563_146544697,2.0450423900000003,0.041839608730019816,269.25199921000006,0.000261671613638227,22.004433854302643,137.7869922566551,23.083201864616814,23.169173118858264,0.011832152107679161,0.017738715263779525,0.041839608730019816,0.06735887449383988,269.2517375383864,536.8105830116244,0.04962015923006036,0.02481007961503018,11.287395301677249,0.26034552654594234,0.25515688994396074,eiip
