nameseq,average,median,maximum,minimum,peak,none_levated_peak,sample_standard_deviation,population_standard_deviation,percentile15,percentile25,percentile50,percentile75,amplitude,variance,interquartile_range,semi_interquartile_range,coefficient_of_variation,skewness,kurtosis,label
3_17563121_17563203,1.244434479999999,0.027898138037665585,100.17607744000001,3.272201407343567e-05,22.232320874512165,96.19205873553676,10.925242728541772,10.991658189690419,0.003767623434400254,0.011711468102308715,0.027898138037665585,0.05247854846910978,100.17604471798595,120.81654975898847,0.040767080366801066,0.020383540183400533,8.779283203838729,0.33405290084334127,0.1819744491801466,eiip
