nameseq,average,median,maximum,minimum,peak,none_levated_peak,sample_standard_deviation,population_standard_deviation,percentile15,percentile25,percentile50,percentile75,amplitude,variance,interquartile_range,semi_interquartile_range,coefficient_of_variation,skewness,kurtosis,label
3_2153014_2153175,2.4032426300000016,0.045458078739919694,378.54760968999994,0.00039318486776006404,22.4696413611804,154.46664950901283,29.64439677721993,29.736317607990614,0.014025582954133455,0.018279932533215488,0.045458078739919694,0.10292267369631973,378.5472165051322,884.2485848832926,0.08464274116310425,0.04232137058155212,12.335165999123406,0.23860676629506333,0.2757144236935698,eiip
