nameseq,average,median,maximum,minimum,peak,none_levated_peak,sample_standard_deviation,population_standard_deviation,percentile15,percentile25,percentile50,percentile75,amplitude,variance,interquartile_range,semi_interquartile_range,coefficient_of_variation,skewness,kurtosis,label
3_30105930_30106919,14.441250319999986,0.32332278314847207,13835.922926440002,5.778818713984007e-05,22.85120697222291,456.980705484539,439.4978094529782,439.7199463433067,0.08034271529283163,0.13500554037821527,0.32332278314847207,0.6545568070291113,13835.922868651814,193353.6312121605,0.5195512666508961,0.25977563332544806,30.43350123529876,0.09636858637195544,0.25856587732249653,eiip
