nameseq,average,median,maximum,minimum,peak,none_levated_peak,sample_standard_deviation,population_standard_deviation,percentile15,percentile25,percentile50,percentile75,amplitude,variance,interquartile_range,semi_interquartile_range,coefficient_of_variation,skewness,kurtosis,label
3_51466343_51489445,337.4214089499997,7.7161525033451985,7537712.594610251,0.001523190454757176,22.823092417177243,2506.1577563618443,49590.14236862779,49591.21564379308,1.7645364885233041,3.1640189587732888,7.7161525033451985,15.295696341181749,7537712.59308706,2459288669.029188,12.13167738240846,6.06583869120423,146.96797847814165,0.01994581427065448,0.2495211253986464,eiip
