nameseq,average,median,maximum,minimum,peak,none_levated_peak,sample_standard_deviation,population_standard_deviation,percentile15,percentile25,percentile50,percentile75,amplitude,variance,interquartile_range,semi_interquartile_range,coefficient_of_variation,skewness,kurtosis,label
3_52372129_52372404,4.088667429999996,0.06998747079277642,1093.11568129,0.0003825528819145831,22.501218691685104,216.59302229422806,65.67097171204837,65.79026512864776,0.013465994450422696,0.027187283451288596,0.06998747079277642,0.16998964552812454,1093.115298737118,4328.358985697765,0.14280236207683594,0.07140118103841797,16.061705393350724,0.18358248040678507,0.2335586706898529,eiip
