nameseq,average,median,maximum,minimum,peak,none_levated_peak,sample_standard_deviation,population_standard_deviation,percentile15,percentile25,percentile50,percentile75,amplitude,variance,interquartile_range,semi_interquartile_range,coefficient_of_variation,skewness,kurtosis,label
3_52611911_52613587,25.00147731999996,0.4978089382338394,40680.14692624,0.0015594062882393993,22.358678763067626,630.6027103422116,993.0671879752599,993.3634048910127,0.13508214548189326,0.22918844287883933,0.4978089382338394,1.0202743228712217,40680.14536683371,986770.854176666,0.7910858799923823,0.39554293999619117,39.72034033288324,0.07402420101622544,0.2421609961876308,eiip
