nameseq,average,median,maximum,minimum,peak,none_levated_peak,sample_standard_deviation,population_standard_deviation,percentile15,percentile25,percentile50,percentile75,amplitude,variance,interquartile_range,semi_interquartile_range,coefficient_of_variation,skewness,kurtosis,label
3_52123968_52124068,1.5649722899999976,0.02425712002703982,154.95021440999992,0.00012518838452379,21.512627975455537,120.51310171498237,15.338555013836707,15.415057009677907,0.007631816408969661,0.010415977928551512,0.02425712002703982,0.03846737426689436,154.9500892216154,237.62398261161997,0.028051396338342846,0.014025698169171423,9.801167159219625,0.30134165217970643,0.18505894778219423,eiip
