nameseq,average,median,maximum,minimum,peak,none_levated_peak,sample_standard_deviation,population_standard_deviation,percentile15,percentile25,percentile50,percentile75,amplitude,variance,interquartile_range,semi_interquartile_range,coefficient_of_variation,skewness,kurtosis,label
3_52247329_52248305,13.955967379999983,0.3012082160966738,13160.632512040005,0.0013504293174794503,23.335298643172028,450.84519788661225,420.81521873887516,421.030745113435,0.06355868240404365,0.11203089150581864,0.3012082160966738,0.650432804067239,13160.631161610687,177266.88833077427,0.5384019125614203,0.26920095628071017,30.15306694840352,0.09734504758281838,0.2401354245208626,eiip
