nameseq,average,median,maximum,minimum,peak,none_levated_peak,sample_standard_deviation,population_standard_deviation,percentile15,percentile25,percentile50,percentile75,amplitude,variance,interquartile_range,semi_interquartile_range,coefficient_of_variation,skewness,kurtosis,label
3_53280167_53280339,2.6103561300000027,0.05008474419842653,439.6276692900001,0.0022004915746239675,22.091493955143434,161.23302999777133,33.322316785284066,33.4190435977001,0.015334214793964832,0.024902167662706552,0.05008474419842653,0.09866761132425918,439.62546879842546,1116.8324749849803,0.07376544366155263,0.036882721830776316,12.765429361274176,0.23050060435163863,0.24503866078708433,eiip
