nameseq,average,median,maximum,minimum,peak,none_levated_peak,sample_standard_deviation,population_standard_deviation,percentile15,percentile25,percentile50,percentile75,amplitude,variance,interquartile_range,semi_interquartile_range,coefficient_of_variation,skewness,kurtosis,label
3_53687105_53687307,3.1719636100000073,0.03943265086240525,632.0749092100001,1.6511664237958004e-05,21.332737378619083,201.64602145853172,44.24949524846556,44.3588884815317,0.008519602456482683,0.017064905596604542,0.03943265086240525,0.07677945438722686,632.0748926983358,1967.7109873169659,0.05971454879062232,0.02985727439531116,13.950190068058648,0.21237740283011897,0.20121343529071023,eiip
