nameseq,average,median,maximum,minimum,peak,none_levated_peak,sample_standard_deviation,population_standard_deviation,percentile15,percentile25,percentile50,percentile75,amplitude,variance,interquartile_range,semi_interquartile_range,coefficient_of_variation,skewness,kurtosis,label
3_53778246_53778738,7.264474570000001,0.14904649555788607,3470.70622129,2.237310633006844e-05,22.621503007523547,307.83137174646055,156.14419466983645,156.30279724467067,0.03657286918140535,0.058688352061275345,0.14904649555788607,0.30149812375213275,3470.7061989168938,24430.564426508627,0.2428097716908574,0.1214048858454287,21.49421725759258,0.1367087919500472,0.22580012618548823,eiip
