nameseq,average,median,maximum,minimum,peak,none_levated_peak,sample_standard_deviation,population_standard_deviation,percentile15,percentile25,percentile50,percentile75,amplitude,variance,interquartile_range,semi_interquartile_range,coefficient_of_variation,skewness,kurtosis,label
3_54950742_54950988,3.6800978600000005,0.07312554604396496,883.2546241599999,0.0005038177718584023,22.37259346503718,203.33075675052754,56.079741922766665,56.19360953629971,0.019671239392594082,0.030397035476012944,0.07312554604396496,0.13062367805658395,883.254120342228,3157.7217527181137,0.10022664258057101,0.050113321290285506,15.238655072820986,0.19295589763538382,0.24668232075049362,eiip
