nameseq,average,median,maximum,minimum,peak,none_levated_peak,sample_standard_deviation,population_standard_deviation,percentile15,percentile25,percentile50,percentile75,amplitude,variance,interquartile_range,semi_interquartile_range,coefficient_of_variation,skewness,kurtosis,label
3_55584011_55584133,1.9948189300000008,0.023982391961771984,241.46984449,0.0014773245279058127,20.55324389768047,143.80753721606635,21.68106864912827,21.769744146611732,0.004281517188286896,0.00963263783813134,0.023982391961771984,0.04879768916935058,241.4683671654721,473.92176020893584,0.03916505133121924,0.01958252566560962,10.868690046533828,0.27270379102611303,0.26644697285850416,eiip
