nameseq,average,median,maximum,minimum,peak,none_levated_peak,sample_standard_deviation,population_standard_deviation,percentile15,percentile25,percentile50,percentile75,amplitude,variance,interquartile_range,semi_interquartile_range,coefficient_of_variation,skewness,kurtosis,label
3_55675184_55675571,5.743997519999998,0.12489653730795469,2164.5942350399996,0.0005630334790749132,22.51625856087302,268.59790775919885,109.74063770113361,109.88232999733548,0.02796088688758705,0.047094172530225895,0.12489653730795469,0.24094002279632334,2164.5936720065206,12074.126445643331,0.19384585026609746,0.09692292513304873,19.10527247252949,0.1536103972166183,0.3074225312766821,eiip
