nameseq,average,median,maximum,minimum,peak,none_levated_peak,sample_standard_deviation,population_standard_deviation,percentile15,percentile25,percentile50,percentile75,amplitude,variance,interquartile_range,semi_interquartile_range,coefficient_of_variation,skewness,kurtosis,label
3_56507457_56508227,10.753137930000022,0.2876325310916239,7958.120788890009,0.002185054983161405,23.90000032297544,370.24145065630694,286.4036000577836,286.5895160786985,0.06974061051647747,0.1137677851779307,0.2876325310916239,0.6077556922516969,7958.118603835026,82133.55072622259,0.4939879070737662,0.2469939535368831,26.634420754406058,0.10962332942180462,0.2603330830868923,eiip
