nameseq,average,median,maximum,minimum,peak,none_levated_peak,sample_standard_deviation,population_standard_deviation,percentile15,percentile25,percentile50,percentile75,amplitude,variance,interquartile_range,semi_interquartile_range,coefficient_of_variation,skewness,kurtosis,label
3_56245811_56246469,9.570743569999998,0.21922413965703128,6099.0945508899995,7.761986277519112e-05,22.95189136142185,357.6634814038144,237.39456616652342,237.57488868866267,0.053187956162276284,0.09319864441417328,0.21922413965703128,0.44117047426325656,6099.094473270136,56441.82773543046,0.34797182984908326,0.17398591492454163,24.804192530102807,0.11817691846977522,0.24598159485722665,eiip
