nameseq,average,median,maximum,minimum,peak,none_levated_peak,sample_standard_deviation,population_standard_deviation,percentile15,percentile25,percentile50,percentile75,amplitude,variance,interquartile_range,semi_interquartile_range,coefficient_of_variation,skewness,kurtosis,label
3_89227004_89263184,528.7330912699955,11.929864435538752,18491984.073222484,0.00100760287076918,22.809870485626124,3157.467281795763,97215.79245948547,97217.13595203271,2.810308278578013,4.983469131847335,11.929864435538752,24.05044233559427,18491984.072214883,9451171522.716011,19.066973203746933,9.533486601873467,183.8655345478322,0.015948125724012392,0.248234468449125,eiip
