nameseq,average,median,maximum,minimum,peak,none_levated_peak,sample_standard_deviation,population_standard_deviation,percentile15,percentile25,percentile50,percentile75,amplitude,variance,interquartile_range,semi_interquartile_range,coefficient_of_variation,skewness,kurtosis,label
4_105337817_105337908,1.40480026,0.02654611048541582,126.08145796000001,0.0008143458315786952,21.82991243656708,107.64541306030365,13.069713422673397,13.141328826830412,0.005794959610820705,0.009866083472590218,0.02654611048541582,0.04684637898482058,126.08064361416842,172.69452333488397,0.036980295512230366,0.018490147756115183,9.303609769173447,0.3163621354826915,0.24489607824945828,eiip
