nameseq,average,median,maximum,minimum,peak,none_levated_peak,sample_standard_deviation,population_standard_deviation,percentile15,percentile25,percentile50,percentile75,amplitude,variance,interquartile_range,semi_interquartile_range,coefficient_of_variation,skewness,kurtosis,label
4_106114357_106126851,184.7208432300004,3.838093610308812,2236924.9506060905,0.0009768223442542683,22.547536743398563,1874.30116011284,20010.816891306087,20011.617692350545,0.8953923822453655,1.559468608890466,3.838093610308812,7.7163900993590895,2236924.949629268,400464842.66479737,6.156921490468624,3.078460745234312,108.33004300651731,0.02711774595742936,0.24459929864766128,eiip
