nameseq,average,median,maximum,minimum,peak,none_levated_peak,sample_standard_deviation,population_standard_deviation,percentile15,percentile25,percentile50,percentile75,amplitude,variance,interquartile_range,semi_interquartile_range,coefficient_of_variation,skewness,kurtosis,label
4_116022079_116035771,202.44538012000206,4.142520154922337,2689584.2560230396,0.0006313455460590359,22.54599897823189,1991.69467581856,22983.651942314857,22984.491236512305,1.014795410537527,1.7679938682236898,4.142520154922337,8.277851171569043,2689584.255391694,528286837.401311,6.5098573033453535,3.2549286516726768,113.53013799915318,0.0258839883839331,0.25019975561023716,eiip
