nameseq,average,median,maximum,minimum,peak,none_levated_peak,sample_standard_deviation,population_standard_deviation,percentile15,percentile25,percentile50,percentile75,amplitude,variance,interquartile_range,semi_interquartile_range,coefficient_of_variation,skewness,kurtosis,label
4_129709076_129709412,4.922098659999991,0.10698242930862718,1604.9317945599998,0.0008913416890094161,22.82224333417436,238.26530566297345,87.28782510706242,87.41762120122237,0.02191061299496697,0.04353943800717639,0.10698242930862718,0.23713711397831358,1604.9309032183107,7641.840496480403,0.1935976759711372,0.0967988379855686,17.73386336531958,0.16549099114746216,0.2852138460148888,eiip
