nameseq,average,median,maximum,minimum,peak,none_levated_peak,sample_standard_deviation,population_standard_deviation,percentile15,percentile25,percentile50,percentile75,amplitude,variance,interquartile_range,semi_interquartile_range,coefficient_of_variation,skewness,kurtosis,label
4_129336565_129336860,4.779936250000004,0.041857445565376246,1396.8532502499997,0.0007888340708536963,20.641837360627264,283.93539361766847,81.04966181466193,81.1869179025123,0.01033073797859572,0.022067592646027548,0.041857445565376246,0.08603623020605791,1396.852461415929,6591.315638509274,0.06396863756003036,0.03198431878001518,16.95622233762257,0.1753768750548015,0.22828021219906292,eiip
