nameseq,average,median,maximum,minimum,peak,none_levated_peak,sample_standard_deviation,population_standard_deviation,percentile15,percentile25,percentile50,percentile75,amplitude,variance,interquartile_range,semi_interquartile_range,coefficient_of_variation,skewness,kurtosis,label
4_127756194_127756390,2.6851461200000046,0.07634527984432418,506.07901444000026,0.004808427526949706,24.45552820293689,159.03616396562182,35.956921617418,36.04853175727452,0.019083512068366067,0.026624126729292475,0.07634527984432418,0.16369304122234035,506.0742060124733,1299.4966418552292,0.13706891449304787,0.06853445724652393,13.391048386379039,0.21766052733156754,0.23141255665988764,eiip
