nameseq,average,median,maximum,minimum,peak,none_levated_peak,sample_standard_deviation,population_standard_deviation,percentile15,percentile25,percentile50,percentile75,amplitude,variance,interquartile_range,semi_interquartile_range,coefficient_of_variation,skewness,kurtosis,label
4_128695475_128697164,24.56191096999992,0.5199207956517358,40189.30344529,8.46103074907395e-05,22.935240422514045,627.152678893372,977.3054468300085,977.594718834813,0.12546968639659944,0.2163990779369705,0.5199207956517358,1.0890574969786626,40189.303360679696,955691.434293717,0.8726584190416922,0.4363292095208461,39.78947110522857,0.07380084778714026,0.2621932466108555,eiip
