nameseq,average,median,maximum,minimum,peak,none_levated_peak,sample_standard_deviation,population_standard_deviation,percentile15,percentile25,percentile50,percentile75,amplitude,variance,interquartile_range,semi_interquartile_range,coefficient_of_variation,skewness,kurtosis,label
4_127299808_127299912,1.5036054399999987,0.03676031865291643,152.06342596000005,0.0005366807247863308,23.277383194357178,106.29605874913032,14.763735800962897,14.834545491620135,0.017974910575246906,0.025166384247196614,0.03676031865291643,0.06449919783638286,152.06288927927525,220.06373994294728,0.03933281358918625,0.019666406794593125,9.818889589121804,0.29806381144765826,0.2048693832034949,eiip
