nameseq,average,median,maximum,minimum,peak,none_levated_peak,sample_standard_deviation,population_standard_deviation,percentile15,percentile25,percentile50,percentile75,amplitude,variance,interquartile_range,semi_interquartile_range,coefficient_of_variation,skewness,kurtosis,label
4_127826444_127838179,174.3798403299981,3.342827213462555,1984791.5435716892,0.0008207621691876417,22.433785881423525,1853.80432079103,18320.41134578155,18321.191917620843,0.6938337593418802,1.2841993944719277,3.342827213462555,7.04333211639192,1984791.542750927,335666073.2822953,5.7591327219199915,2.8795663609599957,105.06037458866706,0.028007615640560132,0.23592267961288327,eiip
