nameseq,average,median,maximum,minimum,peak,none_levated_peak,sample_standard_deviation,population_standard_deviation,percentile15,percentile25,percentile50,percentile75,amplitude,variance,interquartile_range,semi_interquartile_range,coefficient_of_variation,skewness,kurtosis,label
4_127639359_127642790,50.61697587000028,1.0576882490656008,168245.74557729007,0.0003106971332211405,22.60111317076979,927.1777947818312,2871.462363645238,2871.8807916785913,0.26122105700180054,0.46764124148742325,1.0576882490656008,2.1656459239243366,168245.74526659294,8247699.281612453,1.6980046824369133,0.8490023412184566,56.72923587967844,0.051777750857950236,0.23741858799939797,eiip
