nameseq,average,median,maximum,minimum,peak,none_levated_peak,sample_standard_deviation,population_standard_deviation,percentile15,percentile25,percentile50,percentile75,amplitude,variance,interquartile_range,semi_interquartile_range,coefficient_of_variation,skewness,kurtosis,label
4_145709648_145716797,105.47978021000031,2.2182333010722117,730640.4715800101,0.0006800842696072249,22.59516779982231,1382.359967891054,8640.09287109245,8640.697136776382,0.5484333123613354,0.9607041309807367,2.2182333010722117,4.501992789861459,730640.4708999259,74661647.00949556,3.5412886588807226,1.7706443294403613,81.91231394197864,0.03585431839086415,0.24365236226827974,eiip
