nameseq,average,median,maximum,minimum,peak,none_levated_peak,sample_standard_deviation,population_standard_deviation,percentile15,percentile25,percentile50,percentile75,amplitude,variance,interquartile_range,semi_interquartile_range,coefficient_of_variation,skewness,kurtosis,label
4_165781487_165798066,247.49233676000023,4.867477946138103,3984353.7303571603,0.00013381695128018362,22.330657744874014,2221.047107818364,30942.24076397515,30943.173925631167,1.1573735371945417,2.092027056719005,4.867477946138103,9.959590116204796,3984353.7302233432,957480012.5918605,7.867563059485791,3.9337815297428955,125.0230256380853,0.02352365434661805,0.25344873294061854,eiip
