nameseq,average,median,maximum,minimum,peak,none_levated_peak,sample_standard_deviation,population_standard_deviation,percentile15,percentile25,percentile50,percentile75,amplitude,variance,interquartile_range,semi_interquartile_range,coefficient_of_variation,skewness,kurtosis,label
4_16727518_16727991,6.991063959999997,0.14578035494971675,3207.70445956,0.0001592879206206125,22.60027957175206,294.63365806126797,147.16913596277357,147.32462373563172,0.03437779595950905,0.07164695031039407,0.14578035494971675,0.30707580640894766,3207.7043002720793,21704.54475884546,0.23542885609855357,0.11771442804927679,21.051035551214387,0.13953911382849585,0.24413347691179846,eiip
