nameseq,average,median,maximum,minimum,peak,none_levated_peak,sample_standard_deviation,population_standard_deviation,percentile15,percentile25,percentile50,percentile75,amplitude,variance,interquartile_range,semi_interquartile_range,coefficient_of_variation,skewness,kurtosis,label
4_179502799_179502955,2.4435449199999986,0.03305069507107237,375.9410766399994,0.0007817520448319777,21.416972082237542,163.77915503216886,29.903773716450647,29.999466036924925,0.00978646107564409,0.015656498065461617,0.03305069507107237,0.0694518593892992,375.94029488795456,899.9679625006121,0.05379536132383758,0.02689768066191879,12.237865353607113,0.24182508680530174,0.20294827805021312,eiip
