nameseq,average,median,maximum,minimum,peak,none_levated_peak,sample_standard_deviation,population_standard_deviation,percentile15,percentile25,percentile50,percentile75,amplitude,variance,interquartile_range,semi_interquartile_range,coefficient_of_variation,skewness,kurtosis,label
4_189662319_189672789,146.26420564000122,4.007720879889435,1469587.4000371606,3.394897957330016e-05,23.86320917042451,1550.8507173343646,14360.809128884754,14361.494920013765,0.9319081766837038,1.6433765373706841,4.007720879889435,7.9071843770070265,1469587.4000032116,206252536.3375812,6.263807839636343,3.1319039198181713,98.18402982497908,0.02971764685751226,0.24874986052151365,eiip
