nameseq,average,median,maximum,minimum,peak,none_levated_peak,sample_standard_deviation,population_standard_deviation,percentile15,percentile25,percentile50,percentile75,amplitude,variance,interquartile_range,semi_interquartile_range,coefficient_of_variation,skewness,kurtosis,label
4_189470085_189473918,57.8133627299996,1.0475426734357627,215687.14389368996,4.239887701275042e-05,22.105616066107853,1048.0651416015905,3482.879742990544,3483.334041530661,0.2483007041289042,0.44436398478563405,1.0475426734357627,2.1690668839097826,215687.1438512911,12133616.04488633,1.7247028991241486,0.8623514495620743,60.243507357569136,0.04889559006808174,0.25916042999383676,eiip
