nameseq,average,median,maximum,minimum,peak,none_levated_peak,sample_standard_deviation,population_standard_deviation,percentile15,percentile25,percentile50,percentile75,amplitude,variance,interquartile_range,semi_interquartile_range,coefficient_of_variation,skewness,kurtosis,label
4_199895689_199895881,2.9742393299999956,0.04655645078483929,562.2731712899998,0.001221107023648885,21.630180424429202,186.57712829108985,40.363961583166684,40.468939553909976,0.011415078907266781,0.018900113234424847,0.04655645078483929,0.08798734401860024,562.2719501829762,1637.735068618019,0.06908723078417539,0.034543615392087695,13.571188160963073,0.21759629860782384,0.2766361868115235,eiip
