nameseq,average,median,maximum,minimum,peak,none_levated_peak,sample_standard_deviation,population_standard_deviation,percentile15,percentile25,percentile50,percentile75,amplitude,variance,interquartile_range,semi_interquartile_range,coefficient_of_variation,skewness,kurtosis,label
4_199470710_199471315,9.227069350000015,0.15990528946658836,5449.17094225,0.0016352127253979833,21.892108137238576,368.0789544716542,221.1653101572221,221.34801593820117,0.03835938723821483,0.06066648640306319,0.15990528946658836,0.32409523307586396,5449.169307037275,48994.94415977816,0.26342874667280075,0.13171437333640038,23.96918260479117,0.12299167605563129,0.24143953997813528,eiip
