nameseq,average,median,maximum,minimum,peak,none_levated_peak,sample_standard_deviation,population_standard_deviation,percentile15,percentile25,percentile50,percentile75,amplitude,variance,interquartile_range,semi_interquartile_range,coefficient_of_variation,skewness,kurtosis,label
4_199769844_199778756,128.39109249999944,3.0815302695951923,1104508.5139360002,0.002277438091064235,23.140234592209058,1494.60835669551,11698.522830346235,11699.179147372777,0.7465267763608235,1.2590801061537877,3.0815302695951923,6.259335900811858,1104508.511658562,136870792.72232202,5.00025579465807,2.500127897329035,91.11631190727881,0.032134714112455734,0.2611370266058395,eiip
