nameseq,average,median,maximum,minimum,peak,none_levated_peak,sample_standard_deviation,population_standard_deviation,percentile15,percentile25,percentile50,percentile75,amplitude,variance,interquartile_range,semi_interquartile_range,coefficient_of_variation,skewness,kurtosis,label
4_199484243_199484711,7.104758350000002,0.11976733680766982,3248.0310722500003,0.0006464376058659863,22.00403245711141,316.5879435409745,149.81199316982455,149.97196330954833,0.03110211189489621,0.051498614355975525,0.11976733680766982,0.24533451952222393,3248.0304258123942,22491.589778920512,0.1938359051662484,0.0969179525831242,21.086148998976793,0.13987513680445304,0.2408005910625559,eiip
