nameseq,average,median,maximum,minimum,peak,none_levated_peak,sample_standard_deviation,population_standard_deviation,percentile15,percentile25,percentile50,percentile75,amplitude,variance,interquartile_range,semi_interquartile_range,coefficient_of_variation,skewness,kurtosis,label
4_203685643_203688721,44.419486070000396,0.9788176197083394,132105.13429129004,9.806602005755766e-05,23.10547518978362,861.1528409075653,2380.3430291307504,2380.7296681374637,0.24875380631253682,0.40179126579671554,0.9788176197083394,2.0368162511942076,132105.13419322402,5667873.752749918,1.635024985397492,0.817512492698746,53.5878111101867,0.05474925410161027,0.2514351979639197,eiip
