nameseq,average,median,maximum,minimum,peak,none_levated_peak,sample_standard_deviation,population_standard_deviation,percentile15,percentile25,percentile50,percentile75,amplitude,variance,interquartile_range,semi_interquartile_range,coefficient_of_variation,skewness,kurtosis,label
4_208902470_208903042,8.628905269999994,0.1431155059247018,4816.734767289993,0.0015474928789016823,22.134905184791783,355.3263586028867,201.03712573504552,201.2127807495389,0.031219328263229117,0.060962630775665445,0.1431155059247018,0.326654350919441,4816.7332197971145,40486.583136962014,0.26569172014377557,0.13284586007188778,23.298103229153387,0.12663018932024084,0.24687142514746788,eiip
