nameseq,average,median,maximum,minimum,peak,none_levated_peak,sample_standard_deviation,population_standard_deviation,percentile15,percentile25,percentile50,percentile75,amplitude,variance,interquartile_range,semi_interquartile_range,coefficient_of_variation,skewness,kurtosis,label
4_205832694_205841551,130.7306056700003,2.7730628769237233,1122435.7857304898,7.50752135204371e-05,22.58588684366691,1557.4189857307256,11925.253584228598,11925.926775884795,0.660741049367771,1.1831604659137005,2.7730628769237233,5.482090161358303,1122435.7856554145,142227729.4637659,4.298929695444603,2.1494648477223013,91.22005916756164,0.03218989228764992,0.24698105567552328,eiip
