nameseq,average,median,maximum,minimum,peak,none_levated_peak,sample_standard_deviation,population_standard_deviation,percentile15,percentile25,percentile50,percentile75,amplitude,variance,interquartile_range,semi_interquartile_range,coefficient_of_variation,skewness,kurtosis,label
4_203424313_203424441,1.9642911999999983,0.025897788914478546,247.93651599999995,0.0009535600000000541,21.890847955741002,142.0486321436742,21.741120414700635,21.825881439524697,0.0070709313131138846,0.0129577294485846,0.025897788914478546,0.06464359926341966,247.93556243999996,476.36910061218856,0.051685869814835056,0.025842934907417528,11.068175846178333,0.26747380642464613,0.2252930950796919,eiip
