nameseq,average,median,maximum,minimum,peak,none_levated_peak,sample_standard_deviation,population_standard_deviation,percentile15,percentile25,percentile50,percentile75,amplitude,variance,interquartile_range,semi_interquartile_range,coefficient_of_variation,skewness,kurtosis,label
4_20261587_20261631,0.7026984100000003,0.009948084935262514,31.014874810000006,0.0007748298856833778,21.34628424732026,66.40522468183448,4.569750288313303,4.621387523808284,0.0014367795365941582,0.003518205117349953,0.009948084935262514,0.018740325122264038,31.014099980114324,21.35722264521086,0.015222120004914085,0.007611060002457043,6.503145906240632,0.4547843632745404,0.2003639794280741,eiip
