nameseq,average,median,maximum,minimum,peak,none_levated_peak,sample_standard_deviation,population_standard_deviation,percentile15,percentile25,percentile50,percentile75,amplitude,variance,interquartile_range,semi_interquartile_range,coefficient_of_variation,skewness,kurtosis,label
4_202586838_202587156,4.724878499999999,0.09434760258512309,1458.4760999999999,0.0020334895350995197,22.504987870763948,231.5235938183855,81.52257696622274,81.65065650625878,0.02847459673861636,0.04413823387650519,0.09434760258512309,0.17019130110038572,1458.4740665104648,6666.829707903061,0.12605306722388054,0.06302653361194027,17.253899114278337,0.1704017857286373,0.20261930163692515,eiip
