nameseq,average,median,maximum,minimum,peak,none_levated_peak,sample_standard_deviation,population_standard_deviation,percentile15,percentile25,percentile50,percentile75,amplitude,variance,interquartile_range,semi_interquartile_range,coefficient_of_variation,skewness,kurtosis,label
4_208450977_208455114,60.324769629999544,1.3202774390693426,241426.10001168997,0.004383359862132317,22.865123924938953,1016.6164900643124,3752.606255062105,3753.059769627186,0.29785505467704226,0.5289089341533472,1.3202774390693426,2.723045771760341,241426.0956283301,14085457.634394066,2.194136837606994,1.097068418803497,62.2067233423123,0.047170809976135125,0.2519711507076096,eiip
