nameseq,average,median,maximum,minimum,peak,none_levated_peak,sample_standard_deviation,population_standard_deviation,percentile15,percentile25,percentile50,percentile75,amplitude,variance,interquartile_range,semi_interquartile_range,coefficient_of_variation,skewness,kurtosis,label
4_209020101_209027647,110.82319876000047,2.392130193269791,810231.4965379603,0.0010044304255329122,22.699820026983815,1421.0860605624655,9325.912676460588,9326.530593484718,0.5762001392290667,0.9792104580018636,2.392130193269791,4.818190409641727,810231.4955335298,86984172.91120642,3.8389799516398635,1.9194899758199317,84.1512677923767,0.034880575980650155,0.2538637791736603,eiip
