nameseq,average,median,maximum,minimum,peak,none_levated_peak,sample_standard_deviation,population_standard_deviation,percentile15,percentile25,percentile50,percentile75,amplitude,variance,interquartile_range,semi_interquartile_range,coefficient_of_variation,skewness,kurtosis,label
4_203071507_203071598,1.2942508299999995,0.04052599740968142,114.30389569,0.00042091721063934026,23.69453119583217,96.10101803967198,11.846722784518233,11.91163681994594,0.010804126969142444,0.017308442281815564,0.04052599740968142,0.07617597952476904,114.30347477278937,141.88709173029181,0.058867537242953474,0.029433768621476737,9.153343779982924,0.31748649531043355,0.25042653874031245,eiip
