nameseq,average,median,maximum,minimum,peak,none_levated_peak,sample_standard_deviation,population_standard_deviation,percentile15,percentile25,percentile50,percentile75,amplitude,variance,interquartile_range,semi_interquartile_range,coefficient_of_variation,skewness,kurtosis,label
4_205987479_205987558,1.2146446800000001,0.01782120229666192,94.98061763999998,0.00016611782639411424,21.954294211099384,99.07844805017433,10.549526956573251,10.61608614654437,0.00656236971235785,0.011108328655592907,0.01782120229666192,0.042765120011689375,94.98045152217358,112.70128507085131,0.03165679135609647,0.015828395678048234,8.685278197219988,0.3403442114409544,0.27168818719371834,eiip
