nameseq,average,median,maximum,minimum,peak,none_levated_peak,sample_standard_deviation,population_standard_deviation,percentile15,percentile25,percentile50,percentile75,amplitude,variance,interquartile_range,semi_interquartile_range,coefficient_of_variation,skewness,kurtosis,label
4_201218792_201221007,31.633772799999946,0.8735825752538147,67447.20643599998,0.0009356840425603761,23.35057128142072,677.668767977196,1432.4303489283297,1432.7536601499007,0.18975623391595728,0.3448669095807337,0.8735825752538147,1.6429152050411422,67447.20550031593,2052783.0506729372,1.2980482954604085,0.6490241477302042,45.281679108738246,0.06442237889142599,0.2545552530598281,eiip
