nameseq,average,median,maximum,minimum,peak,none_levated_peak,sample_standard_deviation,population_standard_deviation,percentile15,percentile25,percentile50,percentile75,amplitude,variance,interquartile_range,semi_interquartile_range,coefficient_of_variation,skewness,kurtosis,label
4_200061608_200061805,2.7416410399999984,0.08830068274619353,520.13188096,0.00037536879336054306,24.073173342926044,158.69265365978788,36.86272492928476,36.956166713998954,0.0211751576955343,0.040502238685183684,0.08830068274619353,0.15312888284224144,520.1315055912066,1365.7582581928843,0.11262664415705775,0.05631332207852888,13.445496471443533,0.21593685998610904,0.23251786522567935,eiip
