nameseq,average,median,maximum,minimum,peak,none_levated_peak,sample_standard_deviation,population_standard_deviation,percentile15,percentile25,percentile50,percentile75,amplitude,variance,interquartile_range,semi_interquartile_range,coefficient_of_variation,skewness,kurtosis,label
4_206067154_206073042,87.84366472000052,1.7402845157552436,502161.01214224,7.81096721334187e-05,22.34651760325589,1275.3855431419045,6543.093833322825,6543.649439304663,0.4293657324478457,0.7588406130844135,1.7402845157552436,3.481371551975315,502161.01206413034,42819347.98451223,2.7225309388909014,1.3612654694454507,74.4856655762117,0.03947828767137768,0.2422011717615823,eiip
