nameseq,average,median,maximum,minimum,peak,none_levated_peak,sample_standard_deviation,population_standard_deviation,percentile15,percentile25,percentile50,percentile75,amplitude,variance,interquartile_range,semi_interquartile_range,coefficient_of_variation,skewness,kurtosis,label
4_208249700_208254583,71.28034341999974,1.542907956959342,336869.0353776399,0.0004959929849067604,22.839396134884755,1118.5600540562727,4819.765209526597,4820.258709267769,0.3591778342556558,0.6496096403600599,1.542907956959342,3.193770111315172,336869.0348816469,23234894.024271775,2.544160470955112,1.272080235477556,67.61703126382909,0.043407157256456955,0.24593357245556188,eiip
