nameseq,average,median,maximum,minimum,peak,none_levated_peak,sample_standard_deviation,population_standard_deviation,percentile15,percentile25,percentile50,percentile75,amplitude,variance,interquartile_range,semi_interquartile_range,coefficient_of_variation,skewness,kurtosis,label
4_205418213_205418275,0.9184262599999997,0.015095341590372116,55.86964516000001,0.0005081376334990995,22.865199869176223,76.81590590536717,6.978892058859164,7.0349483172781975,0.005755568419463711,0.00920364145089761,0.015095341590372116,0.05756568788125992,55.869137022366516,49.490497826775346,0.04836204643036231,0.024181023215181154,7.59875056148674,0.3883127482662175,0.30900574227915745,eiip
