nameseq,average,median,maximum,minimum,peak,none_levated_peak,sample_standard_deviation,population_standard_deviation,percentile15,percentile25,percentile50,percentile75,amplitude,variance,interquartile_range,semi_interquartile_range,coefficient_of_variation,skewness,kurtosis,label
4_202118022_202118629,8.652398099999942,0.22074255613606017,5079.555441,0.00033878542105356796,23.423178675362614,333.5057618542926,205.8217957665043,205.9912661910716,0.05892198665187505,0.09739826844765687,0.22074255613606017,0.42105441999999815,5079.555102214579,42432.40174700091,0.3236561515523413,0.16182807577617064,23.787832389092877,0.1228974149088062,0.27636449055731144,eiip
