nameseq,average,median,maximum,minimum,peak,none_levated_peak,sample_standard_deviation,population_standard_deviation,percentile15,percentile25,percentile50,percentile75,amplitude,variance,interquartile_range,semi_interquartile_range,coefficient_of_variation,skewness,kurtosis,label
4_20194028_20194642,8.907126499999997,0.19197392017292086,5299.694400999999,0.00013516869099427318,23.01527883319049,349.48584392193766,213.5190165847532,213.69282126683677,0.035379500861981036,0.07436760431685466,0.19197392017292086,0.38753740030674844,5299.694265831308,45664.621860980245,0.3131697959898938,0.1565848979949469,23.97170586774009,0.1224502536480313,0.21371603363886735,eiip
