nameseq,average,median,maximum,minimum,peak,none_levated_peak,sample_standard_deviation,population_standard_deviation,percentile15,percentile25,percentile50,percentile75,amplitude,variance,interquartile_range,semi_interquartile_range,coefficient_of_variation,skewness,kurtosis,label
4_205997889_205998089,3.0092641699999993,0.049413633371776816,585.1415860900001,0.00029262379701766117,22.264579051562635,174.52157719857902,41.163217131425206,41.26599685978642,0.010149405813633808,0.02261737282254131,0.049413633371776816,0.14346962615803174,585.1412934662031,1702.8824968319027,0.12085225333549043,0.06042612666774522,13.67883137073513,0.2157156857184945,0.2792004893666061,eiip
