nameseq,average,median,maximum,minimum,peak,none_levated_peak,sample_standard_deviation,population_standard_deviation,percentile15,percentile25,percentile50,percentile75,amplitude,variance,interquartile_range,semi_interquartile_range,coefficient_of_variation,skewness,kurtosis,label
4_202351917_202352402,6.731478049999985,0.19406155080039372,3136.7280422500003,0.0010368858526101047,24.066037027336122,280.48607472592397,142.12609301090097,142.27253930736248,0.03749414758254959,0.06894151225578717,0.19406155080039372,0.41759470933494036,3136.7270053641478,20241.475440965005,0.3486531970791532,0.1743265985395766,21.113653191055313,0.13799189917993826,0.2629941056079057,eiip
