nameseq,average,median,maximum,minimum,peak,none_levated_peak,sample_standard_deviation,population_standard_deviation,percentile15,percentile25,percentile50,percentile75,amplitude,variance,interquartile_range,semi_interquartile_range,coefficient_of_variation,skewness,kurtosis,label
4_206696101_206705514,141.0855830100001,2.7764853435795063,1289753.39006361,0.00025806086799346454,22.241818994202827,1651.927742378677,13292.1477823969,13292.853816327357,0.6264682506370597,1.0998758875801418,2.7764853435795063,5.584237272311157,1289753.389805549,176699962.58224878,4.484361384731015,2.2421806923655074,94.21336680059476,0.031215970495660578,0.2462716836465977,eiip
