nameseq,average,median,maximum,minimum,peak,none_levated_peak,sample_standard_deviation,population_standard_deviation,percentile15,percentile25,percentile50,percentile75,amplitude,variance,interquartile_range,semi_interquartile_range,coefficient_of_variation,skewness,kurtosis,label
4_207880144_207884375,62.34491669000006,1.2672983557753148,255762.73175401005,0.00031884146670711804,22.626811319373108,1052.1792222013564,3931.062281277354,3931.52680857957,0.3170581953043097,0.5348892616447428,1.2672983557753148,2.655218134178361,255762.7314351686,15456903.046579858,2.120328872533618,1.060164436266809,63.053453111885936,0.04661153700753243,0.24347286291064985,eiip
