nameseq,average,median,maximum,minimum,peak,none_levated_peak,sample_standard_deviation,population_standard_deviation,percentile15,percentile25,percentile50,percentile75,amplitude,variance,interquartile_range,semi_interquartile_range,coefficient_of_variation,skewness,kurtosis,label
4_20747499_20748066,7.934728310000002,0.21912875941959592,4331.1008832100015,0.00138137303166418,23.861350500775153,314.7454356300941,181.55630642951624,181.7163384627281,0.046871532207232114,0.08324465527619335,0.21912875941959592,0.40210909557139607,4331.0995018369695,33020.827664300756,0.3188644402952027,0.15943222014760136,22.881225334546606,0.1274910197665167,0.2388541785567391,eiip
