nameseq,average,median,maximum,minimum,peak,none_levated_peak,sample_standard_deviation,population_standard_deviation,percentile15,percentile25,percentile50,percentile75,amplitude,variance,interquartile_range,semi_interquartile_range,coefficient_of_variation,skewness,kurtosis,label
4_207001721_207002201,6.568646460000003,0.19957715558140898,3024.9560001600003,0.0011296244090999276,24.408884586754464,275.1628404586004,137.77019623955948,137.91363219328545,0.052011930601735167,0.08632022181068263,0.19957715558140898,0.3745045460747452,3024.954870535591,19020.169944744823,0.2881843242640626,0.1440921621320313,20.973909477167908,0.13868897943668107,0.23643430412833252,eiip
