nameseq,average,median,maximum,minimum,peak,none_levated_peak,sample_standard_deviation,population_standard_deviation,percentile15,percentile25,percentile50,percentile75,amplitude,variance,interquartile_range,semi_interquartile_range,coefficient_of_variation,skewness,kurtosis,label
4_213821699_213823283,23.607407210000126,0.4632683644127681,36328.016920810005,0.0003317640206521264,22.37998136066085,621.2880007974242,912.1829722662911,912.470863380376,0.1134343470209785,0.202011556911746,0.4632683644127681,0.9349584979832231,36328.01658904598,832603.0765181289,0.7329469410714771,0.36647347053573853,38.639693217978184,0.07611676456123635,0.25676100972528754,eiip
