nameseq,average,median,maximum,minimum,peak,none_levated_peak,sample_standard_deviation,population_standard_deviation,percentile15,percentile25,percentile50,percentile75,amplitude,variance,interquartile_range,semi_interquartile_range,coefficient_of_variation,skewness,kurtosis,label
4_239394832_239395202,5.651542450000022,0.11328949898611916,2041.0065062499996,0.003574420833168773,21.88193183732809,263.0969242169216,105.81315551960148,105.95604978527273,0.027088559329112222,0.04332255685829494,0.11328949898611916,0.22129025989494935,2041.0029318291663,11226.684486099193,0.1779677030366544,0.0889838515183272,18.722880780909833,0.15701978427402527,0.2708813936007558,eiip
