nameseq,average,median,maximum,minimum,peak,none_levated_peak,sample_standard_deviation,population_standard_deviation,percentile15,percentile25,percentile50,percentile75,amplitude,variance,interquartile_range,semi_interquartile_range,coefficient_of_variation,skewness,kurtosis,label
4_237659574_237661211,25.258922469999995,0.34969648460921077,40471.66227049,6.507126629488957e-05,21.6161239913731,705.1423147408934,999.6676589749898,999.9729476243346,0.08782529967664351,0.15015557609865726,0.34969648460921077,0.780562877248052,40471.66220541873,999945.8959805002,0.6304073011493947,0.31520365057469735,39.57681330873454,0.07475252128571855,0.254898782117625,eiip
