nameseq,average,median,maximum,minimum,peak,none_levated_peak,sample_standard_deviation,population_standard_deviation,percentile15,percentile25,percentile50,percentile75,amplitude,variance,interquartile_range,semi_interquartile_range,coefficient_of_variation,skewness,kurtosis,label
4_233087119_233098870,174.9986362600006,3.3919611314052625,1996720.4764729592,0.0026936112997649605,22.384936346093784,1862.528214157121,18417.97237415419,18418.756034291728,0.7914591797374165,1.3771359444712532,3.3919611314052625,6.86968452219715,1996720.473779348,339250573.8507579,5.492548577725897,2.7462742888629483,105.24637658770133,0.027952046779494,0.2439308607325115,eiip
