nameseq,average,median,maximum,minimum,peak,none_levated_peak,sample_standard_deviation,population_standard_deviation,percentile15,percentile25,percentile50,percentile75,amplitude,variance,interquartile_range,semi_interquartile_range,coefficient_of_variation,skewness,kurtosis,label
4_236604966_236614403,136.9467359200008,3.130529233442133,1248337.3910160398,3.2600574514387786e-06,22.972435077516387,1556.2610250197079,12848.942738240727,12849.623494962614,0.7334342883968619,1.3035710610493003,3.130529233442133,6.348649970420386,1248337.3910127797,165112823.9622952,5.045078909371085,2.5225394546855426,93.82438107722847,0.03124370839204489,0.24238085752938288,eiip
