nameseq,average,median,maximum,minimum,peak,none_levated_peak,sample_standard_deviation,population_standard_deviation,percentile15,percentile25,percentile50,percentile75,amplitude,variance,interquartile_range,semi_interquartile_range,coefficient_of_variation,skewness,kurtosis,label
4_23673649_23683051,135.65527723000062,2.995507016402867,1231778.7869380903,0.00012679186623351302,23.10513381664569,1571.3049417741859,12702.07964105756,12702.755121907887,0.6963633801605947,1.2362232641795021,2.995507016402867,6.1747314988098845,1231778.7868112985,161359987.68715706,4.938508234630382,2.469254117315191,93.63498347006033,0.03133182296813705,0.2496782750570611,eiip
