nameseq,average,median,maximum,minimum,peak,none_levated_peak,sample_standard_deviation,population_standard_deviation,percentile15,percentile25,percentile50,percentile75,amplitude,variance,interquartile_range,semi_interquartile_range,coefficient_of_variation,skewness,kurtosis,label
4_239088429_239090974,35.55315111999994,0.9538538938332829,86847.61848063998,0.0006052619484334646,23.87036422741333,724.7373995994683,1720.8237319382224,1721.161778053248,0.2224141714841727,0.38005249735551944,0.9538538938332829,1.9703891830063456,86847.61787537804,2962397.866231418,1.590336685650826,0.795168342825413,48.40144059608254,0.06031872396459158,0.24807395041484434,eiip
