nameseq,average,median,maximum,minimum,peak,none_levated_peak,sample_standard_deviation,population_standard_deviation,percentile15,percentile25,percentile50,percentile75,amplitude,variance,interquartile_range,semi_interquartile_range,coefficient_of_variation,skewness,kurtosis,label
4_233332373_233332456,1.230017809999999,0.03514332367083141,99.80209801,0.0015151044967109473,22.763898028435882,91.90554488757681,10.819743109662234,10.884727136040677,0.010343755698148868,0.017016698364194855,0.03514332367083141,0.06845046616684405,99.80058290550329,118.4772848260603,0.0514337678026492,0.0257168839013246,8.796411744365102,0.33130393417440446,0.30142869865247784,eiip
