nameseq,average,median,maximum,minimum,peak,none_levated_peak,sample_standard_deviation,population_standard_deviation,percentile15,percentile25,percentile50,percentile75,amplitude,variance,interquartile_range,semi_interquartile_range,coefficient_of_variation,skewness,kurtosis,label
4_235520754_235520820,1.0956400499999988,0.011393045559111357,72.56484224999996,0.000410225551690375,20.383823440310856,98.78528704382761,8.797258019082427,8.863653361151263,0.0014998215231526268,0.003420857645200863,0.011393045559111357,0.01795715874266489,72.56443202444827,78.56435090664809,0.014536301097464026,0.007268150548732013,8.029332278500076,0.3697448689429175,0.23365401558543142,eiip
