nameseq,average,median,maximum,minimum,peak,none_levated_peak,sample_standard_deviation,population_standard_deviation,percentile15,percentile25,percentile50,percentile75,amplitude,variance,interquartile_range,semi_interquartile_range,coefficient_of_variation,skewness,kurtosis,label
4_23223304_23223378,1.0512595300000014,0.02584149258121599,75.67782049000002,0.0010190342104681497,23.780997257641953,87.54933412533272,8.675332636194575,8.73375304466675,0.0034209813373291733,0.005526402249330552,0.02584149258121599,0.05876506860090794,75.67680145578954,76.27844224522573,0.05323866635157739,0.026619333175788695,8.252322465218997,0.3545978282633035,0.2403691889220352,eiip
