nameseq,average,median,maximum,minimum,peak,none_levated_peak,sample_standard_deviation,population_standard_deviation,percentile15,percentile25,percentile50,percentile75,amplitude,variance,interquartile_range,semi_interquartile_range,coefficient_of_variation,skewness,kurtosis,label
4_232729464_232743089,199.81187771999998,4.308806134178466,2635174.96501284,0.0005962962083082786,22.73138139647928,1932.398847888941,22573.98816300308,22574.816551038923,1.089469347792809,1.8253441737640024,4.308806134178466,8.62137608540521,2635174.964416544,509622342.3130608,6.796031911641207,3.3980159558206036,112.97620752374101,0.0259816391557565,0.24803258335048298,eiip
