nameseq,average,median,maximum,minimum,peak,none_levated_peak,sample_standard_deviation,population_standard_deviation,percentile15,percentile25,percentile50,percentile75,amplitude,variance,interquartile_range,semi_interquartile_range,coefficient_of_variation,skewness,kurtosis,label
4_234843536_234843618,1.08185613,0.03204226551829465,85.43859489000003,0.0004882354843336694,25.57333262664664,88.0560375834985,9.315891151752785,9.372523230529204,0.01711976866008488,0.02115359845661743,0.03204226551829465,0.06576906467440376,85.43810665451569,87.84419170680958,0.04461546621778632,0.02230773310889316,8.611025896532828,0.3380719613552536,0.22449951919771896,eiip
