nameseq,average,median,maximum,minimum,peak,none_levated_peak,sample_standard_deviation,population_standard_deviation,percentile15,percentile25,percentile50,percentile75,amplitude,variance,interquartile_range,semi_interquartile_range,coefficient_of_variation,skewness,kurtosis,label
4_238574296_238574343,0.6932460699999995,0.01864008999999999,32.16818089,2.499999999997229e-07,23.07982791738006,64.07854874274311,4.591141463833681,4.639726324386822,0.0031200887448323807,0.006632441255646931,0.01864008999999999,0.040044493456410736,32.16818064,21.52706036520805,0.033412052200763806,0.016706026100381903,6.62267218310186,0.44080931854146704,0.31101979188149825,eiip
