nameseq,average,median,maximum,minimum,peak,none_levated_peak,sample_standard_deviation,population_standard_deviation,percentile15,percentile25,percentile50,percentile75,amplitude,variance,interquartile_range,semi_interquartile_range,coefficient_of_variation,skewness,kurtosis,label
4_242532806_242533884,15.547788719999968,0.3609318911772407,16202.285859239993,8.142726194483182e-05,23.132978788424612,476.2886455058747,493.00380385792994,493.2324168096362,0.07447394071906234,0.1397233533485806,0.3609318911772407,0.7131829331450087,16202.28577781273,243278.2169918747,0.5734595797964281,0.28672978989821407,31.70893383853051,0.09241423723293923,0.2533323465514225,eiip
