nameseq,average,median,maximum,minimum,peak,none_levated_peak,sample_standard_deviation,population_standard_deviation,percentile15,percentile25,percentile50,percentile75,amplitude,variance,interquartile_range,semi_interquartile_range,coefficient_of_variation,skewness,kurtosis,label
4_240125838_240126194,4.916353019999996,0.13153675055638805,1688.8154630400004,0.00030958366392128627,24.20493392478152,238.9928506950533,89.2466822033796,89.37194076635919,0.03785018165203111,0.05382815364285249,0.13153675055638805,0.25030489601680767,1688.8151534563365,7987.343796345616,0.19647674237395518,0.09823837118697759,18.153025594443516,0.16084013941962816,0.24746347192513718,eiip
