nameseq,average,median,maximum,minimum,peak,none_levated_peak,sample_standard_deviation,population_standard_deviation,percentile15,percentile25,percentile50,percentile75,amplitude,variance,interquartile_range,semi_interquartile_range,coefficient_of_variation,skewness,kurtosis,label
4_27132476_27132693,3.255632949999997,0.05797321932091506,689.5613402499996,0.00047655217667186576,22.320288491571734,188.62218772960753,46.58959754264246,46.69682345556952,0.012684466151518126,0.02311031839089657,0.05797321932091506,0.11482947022215739,689.5608636978229,2180.593320840628,0.09171915183126082,0.04585957591563041,14.310457676944969,0.2059038862324792,0.26354447714120904,eiip
