nameseq,average,median,maximum,minimum,peak,none_levated_peak,sample_standard_deviation,population_standard_deviation,percentile15,percentile25,percentile50,percentile75,amplitude,variance,interquartile_range,semi_interquartile_range,coefficient_of_variation,skewness,kurtosis,label
4_27761643_27766559,71.92998785999988,1.5789641019928282,342232.72204355994,0.0008476538507771539,22.786045830982886,1116.7654484575132,4880.050968883341,4880.547287315226,0.3847307592188773,0.6597887993588344,1.5789641019928282,3.227407562222787,342232.7211959061,23819741.823720004,2.5676187628639524,1.2838093814319762,67.8444570070215,0.043248128476476674,0.2450805055492581,eiip
