nameseq,average,median,maximum,minimum,peak,none_levated_peak,sample_standard_deviation,population_standard_deviation,percentile15,percentile25,percentile50,percentile75,amplitude,variance,interquartile_range,semi_interquartile_range,coefficient_of_variation,skewness,kurtosis,label
4_27702573_27721756,283.6730226499975,5.727671456066944,5278968.0576002505,9.059556574531717e-05,22.542385620350505,2379.8969828889294,38112.50085411936,38113.49423378289,1.3263509382084733,2.450690710532105,5.727671456066944,11.414050496101993,5278968.057509655,1452638442.7086017,8.963359785569889,4.481679892784944,134.3536318613683,0.02187828231932115,0.24402709427908087,eiip
