nameseq,average,median,maximum,minimum,peak,none_levated_peak,sample_standard_deviation,population_standard_deviation,percentile15,percentile25,percentile50,percentile75,amplitude,variance,interquartile_range,semi_interquartile_range,coefficient_of_variation,skewness,kurtosis,label
4_28877630_28878141,7.378443820000001,0.15265330941822475,3642.2673414400006,0.001971660181631236,23.13044197803035,301.8670706492739,160.79831951853265,160.95557952630736,0.03749112449103051,0.06996724844156596,0.15265330941822475,0.3728678704129929,3642.265369779819,25906.698580649456,0.302900621971427,0.1514503109857135,21.792985545634014,0.13481093332724117,0.27222974444970927,eiip
