nameseq,average,median,maximum,minimum,peak,none_levated_peak,sample_standard_deviation,population_standard_deviation,percentile15,percentile25,percentile50,percentile75,amplitude,variance,interquartile_range,semi_interquartile_range,coefficient_of_variation,skewness,kurtosis,label
4_28336669_28336835,2.4989165700000013,0.05330523907857494,404.4804768900004,0.0005086599309048948,22.27632060027784,152.58597797552707,31.19993862207284,31.293773235813102,0.01805753569223273,0.026007753721146182,0.05330523907857494,0.09232247042855332,404.47996823006946,979.3002433344925,0.06631471670740714,0.03315735835370357,12.485386265645845,0.2351553982729226,0.20044231713132343,eiip
