nameseq,average,median,maximum,minimum,peak,none_levated_peak,sample_standard_deviation,population_standard_deviation,percentile15,percentile25,percentile50,percentile75,amplitude,variance,interquartile_range,semi_interquartile_range,coefficient_of_variation,skewness,kurtosis,label
4_28196519_28196616,1.4211266400000009,0.0288121671793779,134.70852096000002,0.0005289999999999856,22.986457186297375,107.07025237132633,13.533382615938795,13.602963447932217,0.00569754549860672,0.012309553253693688,0.0288121671793779,0.05646193925294238,134.70799196000002,185.04061456577992,0.044152385999248686,0.022076192999624343,9.522995512869132,0.3086400153604258,0.20142965534740653,eiip
