nameseq,average,median,maximum,minimum,peak,none_levated_peak,sample_standard_deviation,population_standard_deviation,percentile15,percentile25,percentile50,percentile75,amplitude,variance,interquartile_range,semi_interquartile_range,coefficient_of_variation,skewness,kurtosis,label
4_28433035_28433382,4.915748639999993,0.13201936982898488,1647.0123555599998,0.0020608325568433894,23.597626423795372,235.41651005053433,88.15257145871517,88.27950107299431,0.02917384032668867,0.04573840922490604,0.13201936982898488,0.25534247371431124,1647.010294727443,7793.2703096968025,0.2096040644894052,0.1048020322447026,17.932684910169716,0.16279942346587326,0.24153378416690838,eiip
