nameseq,average,median,maximum,minimum,peak,none_levated_peak,sample_standard_deviation,population_standard_deviation,percentile15,percentile25,percentile50,percentile75,amplitude,variance,interquartile_range,semi_interquartile_range,coefficient_of_variation,skewness,kurtosis,label
4_28421580_28421914,5.06458321,0.08566162691748043,1653.73168921,0.0003781939122738969,22.048540232527184,254.69547297185198,90.21115657049204,90.3461022802881,0.022560511538860413,0.041869381121071005,0.08566162691748043,0.1536257230773678,1653.7313110160878,8162.4181972402785,0.1117563419562968,0.0558781709781484,17.81215804537883,0.16557558196890867,0.19890240094395675,eiip
