nameseq,average,median,maximum,minimum,peak,none_levated_peak,sample_standard_deviation,population_standard_deviation,percentile15,percentile25,percentile50,percentile75,amplitude,variance,interquartile_range,semi_interquartile_range,coefficient_of_variation,skewness,kurtosis,label
4_29622631_29622767,1.991317990000002,0.045462518492884796,263.70187321000003,0.000944093969914933,22.9328851022265,131.75762164801623,22.441597218320364,22.523951980283748,0.016613066517312813,0.022181755187171755,0.045462518492884796,0.09236206743400636,263.7009291160301,507.32841281012816,0.0701803122468346,0.0350901561234173,11.26972052229606,0.260122590996144,0.2241596774396388,eiip
