nameseq,average,median,maximum,minimum,peak,none_levated_peak,sample_standard_deviation,population_standard_deviation,percentile15,percentile25,percentile50,percentile75,amplitude,variance,interquartile_range,semi_interquartile_range,coefficient_of_variation,skewness,kurtosis,label
4_29003809_29005794,27.5613270999999,0.7827895698480201,52467.567364000024,0.0007671747555883917,24.019162705703035,623.6774437551114,1177.0169068291364,1177.3133473090486,0.20632367255226075,0.3469499647388665,0.7827895698480201,1.5114159995112124,52467.566596825265,1386066.7177520366,1.164466034772346,0.582233017386173,42.705378538508064,0.06825357573399554,0.2201484860346989,eiip
