nameseq,average,median,maximum,minimum,peak,none_levated_peak,sample_standard_deviation,population_standard_deviation,percentile15,percentile25,percentile50,percentile75,amplitude,variance,interquartile_range,semi_interquartile_range,coefficient_of_variation,skewness,kurtosis,label
4_3646506_3646552,0.59246795,0.024113847268534133,26.46588025000001,0.00031800115614433715,26.443061884894647,59.140783196096535,3.8148946383439313,3.856137941161687,0.01077603130741594,0.013872409679130407,0.024113847268534133,0.04833591554459027,26.465562248843863,14.869799821266694,0.03446350586545986,0.01723175293272993,6.438989042941364,0.4469487285590082,0.317331848356144,eiip
