nameseq,average,median,maximum,minimum,peak,none_levated_peak,sample_standard_deviation,population_standard_deviation,percentile15,percentile25,percentile50,percentile75,amplitude,variance,interquartile_range,semi_interquartile_range,coefficient_of_variation,skewness,kurtosis,label
4_43274430_43281840,108.95605416000018,2.3320955284019766,781824.8483139599,0.0009516700070112526,22.67274959962931,1403.7037708394616,9081.129561482341,9081.74230258904,0.5423342993101159,0.9760656599061623,2.3320955284019766,4.691572657584933,781824.8473622899,82478043.25063528,3.7155069976787707,1.8577534988393853,83.34671837644608,0.03522379828733342,0.24424649312302327,eiip
