nameseq,average,median,maximum,minimum,peak,none_levated_peak,sample_standard_deviation,population_standard_deviation,percentile15,percentile25,percentile50,percentile75,amplitude,variance,interquartile_range,semi_interquartile_range,coefficient_of_variation,skewness,kurtosis,label
4_53040993_53072820,467.6729807499997,9.967634003739724,14415101.742006255,2.8220979151688424e-05,22.685367275910007,3021.826322496455,80798.96145294864,80800.23078915357,2.434659200222911,4.231297083682653,9.967634003739724,20.110389748637626,14415101.741978034,6528677295.5804825,15.879092664954973,7.939546332477486,172.7680767945427,0.016994228831002753,0.24791633373122435,eiip
