nameseq,average,median,maximum,minimum,peak,none_levated_peak,sample_standard_deviation,population_standard_deviation,percentile15,percentile25,percentile50,percentile75,amplitude,variance,interquartile_range,semi_interquartile_range,coefficient_of_variation,skewness,kurtosis,label
4_56934102_56938007,53.611838319999926,1.5378520590193112,200370.11017984,0.00011736062180625319,24.28568093913482,896.5487976362972,3205.5779281993514,3205.9883472431175,0.3524389522819762,0.638017592497603,1.5378520590193112,3.169266022767929,200370.1100624794,10278361.282658657,2.5312484302703258,1.2656242151351629,59.79235237310467,0.04873441303942824,0.2510869346115868,eiip
