nameseq,average,median,maximum,minimum,peak,none_levated_peak,sample_standard_deviation,population_standard_deviation,percentile15,percentile25,percentile50,percentile75,amplitude,variance,interquartile_range,semi_interquartile_range,coefficient_of_variation,skewness,kurtosis,label
4_60859089_60859161,1.0607744800000003,0.023314661912031916,74.87094783999999,0.00050841880509579,22.939214500459443,86.5232006832385,8.698703624279458,8.758902983570202,0.0076182333867464095,0.00909657864651505,0.023314661912031916,0.047624448560597214,74.87043942119489,76.718381475595,0.03852786991408216,0.01926393495704108,8.200332670408375,0.3577980798859225,0.27964634882496087,eiip
