nameseq,average,median,maximum,minimum,peak,none_levated_peak,sample_standard_deviation,population_standard_deviation,percentile15,percentile25,percentile50,percentile75,amplitude,variance,interquartile_range,semi_interquartile_range,coefficient_of_variation,skewness,kurtosis,label
4_61358003_61358091,1.361426730000001,0.02842394204735488,117.68561289000007,0.0027917304237398623,21.790865430317098,98.71208828812486,12.40024384949307,12.470500750814296,0.007436911063033764,0.014218856637438155,0.02842394204735488,0.058469777135199436,117.68282115957633,155.51338897605993,0.04425092049776128,0.02212546024888064,9.108271180699575,0.3224943325627762,0.26250452987813033,eiip
