nameseq,average,median,maximum,minimum,peak,none_levated_peak,sample_standard_deviation,population_standard_deviation,percentile15,percentile25,percentile50,percentile75,amplitude,variance,interquartile_range,semi_interquartile_range,coefficient_of_variation,skewness,kurtosis,label
4_62325340_62325553,3.2998662399999987,0.04744258387260383,690.2390017599998,0.0006001337481598948,21.617037826761536,195.76815360384933,47.068352349578056,47.178712061097585,0.014946719872322276,0.02330140376045029,0.04744258387260383,0.1047547135863631,690.2384016262516,2225.830871743955,0.08145330982591281,0.040726654912956406,14.263715231553771,0.2073000324276202,0.23457587461377952,eiip
