nameseq,average,median,maximum,minimum,peak,none_levated_peak,sample_standard_deviation,population_standard_deviation,percentile15,percentile25,percentile50,percentile75,amplitude,variance,interquartile_range,semi_interquartile_range,coefficient_of_variation,skewness,kurtosis,label
4_64933152_64939228,88.90186001999963,1.859444247956072,523064.81511684007,0.0012513601881339058,22.78542503172562,1270.3181156785663,6709.232913213212,6709.784999855843,0.44403557875242927,0.776172472631822,1.859444247956072,3.7778200134473576,523064.8138654799,45021214.74429048,3.0016475408155356,1.5008237704077678,75.46785760954701,0.0389205816363693,0.23524954021791752,eiip
