nameseq,average,median,maximum,minimum,peak,none_levated_peak,sample_standard_deviation,population_standard_deviation,percentile15,percentile25,percentile50,percentile75,amplitude,variance,interquartile_range,semi_interquartile_range,coefficient_of_variation,skewness,kurtosis,label
4_67402216_67402305,1.2658115000000003,0.024572115430650562,109.83040000000001,0.0003090791378268589,23.70021128738362,102.31155835054899,11.507954200247223,11.572425036348159,0.0037055392813920215,0.006975544365985711,0.024572115430650562,0.06646024000671946,109.83009092086219,133.9210212218977,0.05948469564073375,0.029742347820366874,9.0913648677131,0.3235777696810831,0.2368553726208973,eiip
