nameseq,average,median,maximum,minimum,peak,none_levated_peak,sample_standard_deviation,population_standard_deviation,percentile15,percentile25,percentile50,percentile75,amplitude,variance,interquartile_range,semi_interquartile_range,coefficient_of_variation,skewness,kurtosis,label
4_71982150_71982442,4.366383710000003,0.07620727598722452,1242.7810596100003,0.00013440421684376782,22.367861634099633,226.6871170575354,72.47284896514338,72.59684024307823,0.02474088752174472,0.03346040788690317,0.07620727598722452,0.18455420610138487,1242.7809252057834,5270.301213279024,0.1510937982144817,0.07554689910724086,16.59791117284636,0.177591049418087,0.22236790754326777,eiip
