nameseq,average,median,maximum,minimum,peak,none_levated_peak,sample_standard_deviation,population_standard_deviation,percentile15,percentile25,percentile50,percentile75,amplitude,variance,interquartile_range,semi_interquartile_range,coefficient_of_variation,skewness,kurtosis,label
5_104197916_104201865,57.265616080000015,1.3928286239777896,218483.13911523996,0.0010951503251845401,22.99227279467813,972.2780267426858,3475.8464847799446,3476.28654890588,0.30458964052489323,0.5344361650909104,1.3928286239777896,2.6480695088074024,218483.13802008962,12084568.170103954,2.113633343716492,1.056816671858246,60.6969194206204,0.04822375300578862,0.2530428827189805,eiip
