nameseq,average,median,maximum,minimum,peak,none_levated_peak,sample_standard_deviation,population_standard_deviation,percentile15,percentile25,percentile50,percentile75,amplitude,variance,interquartile_range,semi_interquartile_range,coefficient_of_variation,skewness,kurtosis,label
5_100000097_100000799,9.45622550000001,0.279107958211812,6350.974249000002,0.0022929493530094874,24.78085292417499,341.76879072062695,239.3455978931729,239.51601129880893,0.05943310912842993,0.11131053122001858,0.279107958211812,0.5988094089957062,6350.971956050648,57367.91966849117,0.4874988777756877,0.24374943888784384,25.310902102871033,0.1150276122381522,0.2544331398150097,eiip
