nameseq,average,median,maximum,minimum,peak,none_levated_peak,sample_standard_deviation,population_standard_deviation,percentile15,percentile25,percentile50,percentile75,amplitude,variance,interquartile_range,semi_interquartile_range,coefficient_of_variation,skewness,kurtosis,label
5_119953101_119954144,15.172585289999997,0.3318436982052407,15300.180897209997,0.0015894763720595778,22.936104384884302,464.7210400913651,473.28616160065786,473.51299418573944,0.06938029713823843,0.13848152372738842,0.3318436982052407,0.7267566901118027,15300.179307733624,224214.5556627441,0.5882751663844142,0.2941375831922071,31.193508064350315,0.0940704131826076,0.24830258744977593,eiip
