nameseq,average,median,maximum,minimum,peak,none_levated_peak,sample_standard_deviation,population_standard_deviation,percentile15,percentile25,percentile50,percentile75,amplitude,variance,interquartile_range,semi_interquartile_range,coefficient_of_variation,skewness,kurtosis,label
5_117373088_117374153,15.625120089999978,0.3160003161514164,16141.677090009995,0.0010318360584334143,22.741158550246624,488.4707548833001,494.14397203360693,494.37591007596484,0.06950120098081636,0.1209380541277069,0.3160003161514164,0.6824980662981137,16141.676058173936,244407.5404634385,0.5615600121704069,0.2807800060852034,31.624971148212637,0.09294327548413793,0.27212371982609757,eiip
