nameseq,average,median,maximum,minimum,peak,none_levated_peak,sample_standard_deviation,population_standard_deviation,percentile15,percentile25,percentile50,percentile75,amplitude,variance,interquartile_range,semi_interquartile_range,coefficient_of_variation,skewness,kurtosis,label
5_124731229_124741153,147.17114263000283,2.761735266571636,1418336.4162844948,8.312655808197057e-05,22.479497503465634,1731.2193027541498,14236.096656117175,14236.813894027602,0.6240108170125608,1.141613461434166,2.761735266571636,5.678290240934713,1418336.4162013682,202686869.8531774,4.536676779500547,2.2683383897502734,96.73157659655864,0.030431671865906985,0.24936092940258456,eiip
