nameseq,average,median,maximum,minimum,peak,none_levated_peak,sample_standard_deviation,population_standard_deviation,percentile15,percentile25,percentile50,percentile75,amplitude,variance,interquartile_range,semi_interquartile_range,coefficient_of_variation,skewness,kurtosis,label
5_12978454_12985425,104.76166607999932,2.00412129318575,709625.6294918399,0.0013815628055703424,22.183686905335396,1413.847532805187,8498.018450381463,8498.627955022763,0.47757748109882275,0.8709746875319498,2.00412129318575,4.085517247125637,709625.6281102771,72226677.11789438,3.2145425595936867,1.6072712797968434,81.11763365706793,0.0362758254951309,0.25537883954604473,eiip
