nameseq,average,median,maximum,minimum,peak,none_levated_peak,sample_standard_deviation,population_standard_deviation,percentile15,percentile25,percentile50,percentile75,amplitude,variance,interquartile_range,semi_interquartile_range,coefficient_of_variation,skewness,kurtosis,label
5_133262577_133274401,169.97798092999815,3.9380272848659645,1938895.5588292899,0.0014343236060787672,23.18927807649368,1743.576288597298,17829.29553855319,17830.049467789566,0.9214589356213307,1.6546447572835383,3.9380272848659645,8.043598826692937,1938895.5573949663,317910664.023823,6.388954069409399,3.1944770347046996,104.89179504900584,0.02793828055955922,0.24333403691299013,eiip
