nameseq,average,median,maximum,minimum,peak,none_levated_peak,sample_standard_deviation,population_standard_deviation,percentile15,percentile25,percentile50,percentile75,amplitude,variance,interquartile_range,semi_interquartile_range,coefficient_of_variation,skewness,kurtosis,label
5_131577078_131577459,5.074799160000002,0.12645235706614524,1858.0065411600017,0.001146689711851407,25.09130495980717,251.57456678022922,94.92894177423966,95.053438800556,0.029454223512947346,0.05136832758533713,0.12645235706614524,0.2554946226973862,1858.0053944702897,9035.156227811043,0.20412629511204908,0.10206314755602454,18.70595047829235,0.156380552983579,0.1919092081182889,eiip
