nameseq,average,median,maximum,minimum,peak,none_levated_peak,sample_standard_deviation,population_standard_deviation,percentile15,percentile25,percentile50,percentile75,amplitude,variance,interquartile_range,semi_interquartile_range,coefficient_of_variation,skewness,kurtosis,label
5_146085115_146085307,2.8640759799999977,0.05069494671180229,535.8669414399998,0.00033966692760780185,22.4621601460913,169.3345409432259,38.46627373836605,38.56631623173701,0.015510227865092914,0.030646477719914182,0.05069494671180229,0.12352462004105369,535.8666017730721,1487.3607476863415,0.0928781423211395,0.04643907116056975,13.430605195874056,0.21941670662647095,0.2555811361477533,eiip
