nameseq,average,median,maximum,minimum,peak,none_levated_peak,sample_standard_deviation,population_standard_deviation,percentile15,percentile25,percentile50,percentile75,amplitude,variance,interquartile_range,semi_interquartile_range,coefficient_of_variation,skewness,kurtosis,label
5_157083066_157083647,8.77425196000001,0.16561217904691572,4971.462673959996,0.0007066960684289325,22.11014692584686,354.9673165152298,205.887142753558,206.0642500058804,0.0360373971686254,0.06406810470674269,0.16561217904691572,0.32027396393824614,4971.461967263927,42462.47513048598,0.25620585923150346,0.12810292961575173,23.464922558886464,0.12543726139214187,0.24552461840857556,eiip
