nameseq,average,median,maximum,minimum,peak,none_levated_peak,sample_standard_deviation,population_standard_deviation,percentile15,percentile25,percentile50,percentile75,amplitude,variance,interquartile_range,semi_interquartile_range,coefficient_of_variation,skewness,kurtosis,label
5_155914510_155914878,5.771541279999996,0.07947142779984966,2089.8429390399997,0.0002861177689165872,21.311465002637924,298.55995884394855,108.63978553045257,108.78729379327292,0.013611139630316717,0.03407902522057094,0.07947142779984966,0.14588810220125012,2089.8426529222306,11834.675290863877,0.11180907698067918,0.05590453849033959,18.82335761972626,0.15718191520006128,0.21699138643952418,eiip
