nameseq,average,median,maximum,minimum,peak,none_levated_peak,sample_standard_deviation,population_standard_deviation,percentile15,percentile25,percentile50,percentile75,amplitude,variance,interquartile_range,semi_interquartile_range,coefficient_of_variation,skewness,kurtosis,label
5_160755790_160755975,2.846874129999999,0.05451162846831017,516.25747369,0.0011544792366251582,21.778272297553254,172.44665039236833,37.74675767824504,37.84863845106874,0.011302838409285093,0.023172449351535007,0.05451162846831017,0.09852488461488491,516.2563192107633,1432.5194325997188,0.0753524352633499,0.03767621763167495,13.25901882365451,0.2219286640723348,0.22905823033871744,eiip
