nameseq,average,median,maximum,minimum,peak,none_levated_peak,sample_standard_deviation,population_standard_deviation,percentile15,percentile25,percentile50,percentile75,amplitude,variance,interquartile_range,semi_interquartile_range,coefficient_of_variation,skewness,kurtosis,label
5_172073388_172091338,257.26697790000077,6.285020293601331,4449652.736399998,0.00037930157506440524,23.258588084291596,2127.3517533478644,33209.99435873076,33210.91941532788,1.4713828470487458,2.5776354951000657,6.285020293601331,12.802225916358296,4449652.736020696,1102965168.4114025,10.224590421258231,5.1122952106291155,129.08766849836215,0.022672267411007623,0.24305976595043027,eiip
