nameseq,average,median,maximum,minimum,peak,none_levated_peak,sample_standard_deviation,population_standard_deviation,percentile15,percentile25,percentile50,percentile75,amplitude,variance,interquartile_range,semi_interquartile_range,coefficient_of_variation,skewness,kurtosis,label
5_173930593_173930934,5.314988940000007,0.08680230181275969,1776.57192036,0.00045564471169767703,21.448774642229047,265.3106697060564,95.91902198922892,96.05956275616182,0.017700719541949628,0.041994326922900865,0.08680230181275969,0.16641746102389166,1776.5714647152881,9227.439596904993,0.12442313410099079,0.062211567050495395,18.046890232894594,0.16351876394572723,0.26018714003975457,eiip
