nameseq,average,median,maximum,minimum,peak,none_levated_peak,sample_standard_deviation,population_standard_deviation,percentile15,percentile25,percentile50,percentile75,amplitude,variance,interquartile_range,semi_interquartile_range,coefficient_of_variation,skewness,kurtosis,label
5_17713115_17713182,1.04660107,0.02392454355459557,69.38390209,0.0005141761698290512,21.657408267953205,83.74883199075762,8.348755929931594,8.410829319390547,0.007536110902665197,0.011143016139794428,0.02392454355459557,0.0341454488999655,69.38338791383018,70.74204983991967,0.02300243276017107,0.011501216380085536,7.977018339883404,0.3674834436513886,0.23629280637626848,eiip
