nameseq,average,median,maximum,minimum,peak,none_levated_peak,sample_standard_deviation,population_standard_deviation,percentile15,percentile25,percentile50,percentile75,amplitude,variance,interquartile_range,semi_interquartile_range,coefficient_of_variation,skewness,kurtosis,label
5_177775095_177775274,2.638482620000002,0.05977127019523104,459.93949444000003,0.0005541447911851766,22.740343084010895,159.97544422364717,34.180369970771224,34.27571288950397,0.015585226646419209,0.024667955039092873,0.05977127019523104,0.12145951989018591,459.93894029520885,1174.8244940837087,0.09679156485109304,0.04839578242554652,12.954555664562685,0.22633265982871864,0.26304514858234834,eiip
