nameseq,average,median,maximum,minimum,peak,none_levated_peak,sample_standard_deviation,population_standard_deviation,percentile15,percentile25,percentile50,percentile75,amplitude,variance,interquartile_range,semi_interquartile_range,coefficient_of_variation,skewness,kurtosis,label
5_181640000_181640225,2.9583537600000067,0.09273385688084063,635.3726835600005,4.0959999999922765e-05,25.464612904622047,167.80014524917917,42.16121177093124,42.25479948158359,0.020192079655824632,0.045846095310727135,0.09273385688084063,0.20223358300834418,635.3726426000005,1785.4680792288368,0.15638748769761704,0.07819374384880852,14.251578814202107,0.20390447400007486,0.24070713383924153,eiip
