nameseq,average,median,maximum,minimum,peak,none_levated_peak,sample_standard_deviation,population_standard_deviation,percentile15,percentile25,percentile50,percentile75,amplitude,variance,interquartile_range,semi_interquartile_range,coefficient_of_variation,skewness,kurtosis,label
5_18315360_18315549,2.650690709999999,0.0734145090884023,482.46561800999996,0.00235021007141249,23.893143434049822,155.40111649934673,34.90156182805069,34.993772191730834,0.010185788389281906,0.027116661923703104,0.0734145090884023,0.17344619901016783,482.46326779992853,1224.5640922067541,0.14632953708646473,0.07316476854323237,13.166968781525894,0.22153245292652354,0.2690349867902365,eiip
