nameseq,average,median,maximum,minimum,peak,none_levated_peak,sample_standard_deviation,population_standard_deviation,percentile15,percentile25,percentile50,percentile75,amplitude,variance,interquartile_range,semi_interquartile_range,coefficient_of_variation,skewness,kurtosis,label
5_181225498_181232221,99.96231995999969,2.084079790237083,652092.7495107601,0.0019244223218802415,22.421781869710625,1363.3839856227146,7951.723511667247,7952.314871762636,0.45845674765584443,0.8236740243739126,2.084079790237083,4.011659109525623,652092.7475863377,63239311.81965719,3.1879850851517104,1.5939925425758552,79.54720853666822,0.03692717938173395,0.24959667753497705,eiip
