nameseq,average,median,maximum,minimum,peak,none_levated_peak,sample_standard_deviation,population_standard_deviation,percentile15,percentile25,percentile50,percentile75,amplitude,variance,interquartile_range,semi_interquartile_range,coefficient_of_variation,skewness,kurtosis,label
5_181944604_181954487,143.39858331999795,3.2922936652782058,1368893.4480078407,0.001654956267904009,22.975587278393995,1591.7462679626888,13768.283325747176,13768.979872092486,0.793936186632828,1.4077034097273595,3.2922936652782058,6.6626808193345575,1368893.4463528844,189584806.718088,5.254977409607198,2.627488704803599,96.0140819175519,0.030528051974217305,0.24896267961142232,eiip
