nameseq,average,median,maximum,minimum,peak,none_levated_peak,sample_standard_deviation,population_standard_deviation,percentile15,percentile25,percentile50,percentile75,amplitude,variance,interquartile_range,semi_interquartile_range,coefficient_of_variation,skewness,kurtosis,label
5_188282296_188282584,4.049104790000004,0.10946775831626243,1123.0474416100003,1.3605585127210865e-05,23.79126704037048,206.05364299619097,65.93784259624353,66.05221881853788,0.02591741727276159,0.04197481880282205,0.10946775831626243,0.22609566190862282,1123.0474280044152,4362.895610852011,0.18412084310580076,0.09206042155290038,16.28454831771431,0.1792432180018663,0.2363045524710972,eiip
