nameseq,average,median,maximum,minimum,peak,none_levated_peak,sample_standard_deviation,population_standard_deviation,percentile15,percentile25,percentile50,percentile75,amplitude,variance,interquartile_range,semi_interquartile_range,coefficient_of_variation,skewness,kurtosis,label
5_181199637_181199738,1.3791071000000006,0.04357943071783437,134.606404,0.001982096537498621,24.653632774423382,102.6751642732199,13.256752335698433,13.322218177471994,0.010828893158140975,0.022883247969609992,0.04357943071783437,0.07147604414589082,134.6044219034625,177.48149716816522,0.048592796176280824,0.024296398088140412,9.612561878405547,0.3022296039322825,0.18508627155827936,eiip
