nameseq,average,median,maximum,minimum,peak,none_levated_peak,sample_standard_deviation,population_standard_deviation,percentile15,percentile25,percentile50,percentile75,amplitude,variance,interquartile_range,semi_interquartile_range,coefficient_of_variation,skewness,kurtosis,label
5_207842394_207842517,1.8445549699999984,0.0402724315475542,221.88187848999993,2.9103560445265506e-05,22.408295770840255,125.46166498652101,19.84015558589794,19.92064336298351,0.009508325979565635,0.02132190150592265,0.0402724315475542,0.09105854621774194,221.88184938643948,396.83203199517897,0.06973664471181928,0.03486832235590964,10.756066318748937,0.2728228411275513,0.29910324243418207,eiip
