nameseq,average,median,maximum,minimum,peak,none_levated_peak,sample_standard_deviation,population_standard_deviation,percentile15,percentile25,percentile50,percentile75,amplitude,variance,interquartile_range,semi_interquartile_range,coefficient_of_variation,skewness,kurtosis,label
5_2036868_2037430,8.861268390000005,0.11061552733440315,4893.68803401,0.0003102884475301514,21.178307484563906,387.42406277533235,206.05405427936955,206.23729491520731,0.02099611622044748,0.04709066218885437,0.11061552733440315,0.2449597795003315,4893.687723721552,42533.821813942195,0.1978691173114771,0.09893455865573855,23.253336340867726,0.12740326163349452,0.26542606909648564,eiip
