nameseq,average,median,maximum,minimum,peak,none_levated_peak,sample_standard_deviation,population_standard_deviation,percentile15,percentile25,percentile50,percentile75,amplitude,variance,interquartile_range,semi_interquartile_range,coefficient_of_variation,skewness,kurtosis,label
5_202397999_202400741,41.071501949999856,0.8099953613964896,109422.35489024998,9.377586115726127e-05,22.261989212043815,850.7178084738125,2088.8601491735485,2089.2410152810394,0.1626216791417848,0.31013309996930843,0.8099953613964896,1.6301320557454102,109422.35479647412,4364928.019932548,1.3199989557761018,0.6599994778880509,50.859112766718674,0.05782317203648035,0.2496232605387325,eiip
