nameseq,average,median,maximum,minimum,peak,none_levated_peak,sample_standard_deviation,population_standard_deviation,percentile15,percentile25,percentile50,percentile75,amplitude,variance,interquartile_range,semi_interquartile_range,coefficient_of_variation,skewness,kurtosis,label
5_23155432_23155599,2.628531279999999,0.042335569429330804,432.88131364000003,0.0009355249578091678,21.30467323181333,169.12468907166766,33.29399174589146,33.39352557556271,0.012124814722459286,0.018600340110086145,0.042335569429330804,0.06864821238076234,432.8803781150422,1115.127550365761,0.0500478722706762,0.0250239361353381,12.666385977301923,0.23303265018287955,0.2581339871652009,eiip
