nameseq,average,median,maximum,minimum,peak,none_levated_peak,sample_standard_deviation,population_standard_deviation,percentile15,percentile25,percentile50,percentile75,amplitude,variance,interquartile_range,semi_interquartile_range,coefficient_of_variation,skewness,kurtosis,label
5_23555610_23555955,5.04432196,0.10569614929570019,1686.7120441599984,0.0007165932376524562,22.863991285229805,242.79892127065725,90.53812393101656,90.66924365783689,0.02491343610264727,0.04014475532162287,0.10569614929570019,0.24708413972839263,1686.7113275667607,8220.911745484194,0.20693938440676976,0.10346969220338488,17.94852205092328,0.16364241701541682,0.2501545524121471,eiip
