nameseq,average,median,maximum,minimum,peak,none_levated_peak,sample_standard_deviation,population_standard_deviation,percentile15,percentile25,percentile50,percentile75,amplitude,variance,interquartile_range,semi_interquartile_range,coefficient_of_variation,skewness,kurtosis,label
5_25342589_25342742,2.2502357099999992,0.04504213919622349,335.6260640100001,0.0007375348007152915,22.812424985173376,147.3208708458122,26.951973397773408,27.039908291757694,0.011108949221211917,0.018467358690034307,0.04504213919622349,0.0940902355555826,335.6253264751994,731.1566404266665,0.07562287686554829,0.037811438432774146,11.977400091021316,0.24545811969960846,0.242960968079575,eiip
