nameseq,average,median,maximum,minimum,peak,none_levated_peak,sample_standard_deviation,population_standard_deviation,percentile15,percentile25,percentile50,percentile75,amplitude,variance,interquartile_range,semi_interquartile_range,coefficient_of_variation,skewness,kurtosis,label
5_27685585_27690684,73.32809040999963,1.7708817388195135,360992.00244121,0.002082367684073636,23.18347567071205,1113.7700174508036,5054.368584180685,5054.864183395895,0.38871463869180517,0.7168530825145535,1.7708817388195135,3.5399782186850532,360992.0003588423,25551651.912578654,2.8231251361705,1.41156256808525,68.92813594244953,0.04247249135835208,0.25303026239309073,eiip
