nameseq,average,median,maximum,minimum,peak,none_levated_peak,sample_standard_deviation,population_standard_deviation,percentile15,percentile25,percentile50,percentile75,amplitude,variance,interquartile_range,semi_interquartile_range,coefficient_of_variation,skewness,kurtosis,label
5_30826366_30826569,3.0935785700000005,0.05413412650642443,615.12432289,0.0011830055060254396,21.98101598563892,185.61917620355487,42.95621894188033,43.0618924568914,0.013479326978515659,0.02178156207134015,0.05413412650642443,0.10805568777831971,615.123139884494,1854.3265819688806,0.08627412570697957,0.04313706285348978,13.885607871236425,0.2122703895987171,0.22907097405527346,eiip
