nameseq,average,median,maximum,minimum,peak,none_levated_peak,sample_standard_deviation,population_standard_deviation,percentile15,percentile25,percentile50,percentile75,amplitude,variance,interquartile_range,semi_interquartile_range,coefficient_of_variation,skewness,kurtosis,label
5_33238490_33238626,1.8711999800000008,0.05951573558470874,246.26397184000012,0.0005398744159890539,24.40501664961895,129.20649501258137,20.95663554719381,21.033540890216077,0.012002660468687596,0.020870828379128955,0.05951573558470874,0.1151705225948721,246.26343196558415,442.40984238039175,0.09429969421574314,0.04714984710787157,11.19957020691813,0.2593475809132757,0.3249934537315831,eiip
