nameseq,average,median,maximum,minimum,peak,none_levated_peak,sample_standard_deviation,population_standard_deviation,percentile15,percentile25,percentile50,percentile75,amplitude,variance,interquartile_range,semi_interquartile_range,coefficient_of_variation,skewness,kurtosis,label
5_43994609_43996280,24.132700059999827,0.5108054152723575,38903.85428836,0.0008659108746323751,23.094528666401423,610.0532445297363,951.1198441466777,951.404397584352,0.10961912752374957,0.22103253868562003,0.5108054152723575,1.0447495039303158,38903.85342244913,905170.3277428435,0.8237169652446958,0.4118584826223479,39.41207746261131,0.07450762842379914,0.21461266043787397,eiip
