nameseq,average,median,maximum,minimum,peak,none_levated_peak,sample_standard_deviation,population_standard_deviation,percentile15,percentile25,percentile50,percentile75,amplitude,variance,interquartile_range,semi_interquartile_range,coefficient_of_variation,skewness,kurtosis,label
5_44118551_44118851,4.522377959999999,0.08559222000411491,1322.9660307599993,0.0017347805110058006,22.185968139056946,229.87888201232062,76.120483501293,76.24724542673998,0.020558930225808576,0.04112226570227655,0.08559222000411491,0.17518979646197064,1322.9642959794883,5813.642435165521,0.13406753075969408,0.06703376537984704,16.831959684610926,0.17485907350761326,0.21640035977092914,eiip
