nameseq,average,median,maximum,minimum,peak,none_levated_peak,sample_standard_deviation,population_standard_deviation,percentile15,percentile25,percentile50,percentile75,amplitude,variance,interquartile_range,semi_interquartile_range,coefficient_of_variation,skewness,kurtosis,label
5_46039479_46039772,4.49024933000001,0.08407301571999343,1286.6066824900001,0.00024649768680206735,21.82506867608614,231.4271465508244,74.90211758107336,75.02982801921874,0.02190046171662051,0.03821188047621865,0.08407301571999343,0.15634854816441845,1286.6064359923134,5629.475092593542,0.1181366676881998,0.0590683338440999,16.68105979786944,0.17647737299993468,0.2545380595326546,eiip
