nameseq,average,median,maximum,minimum,peak,none_levated_peak,sample_standard_deviation,population_standard_deviation,percentile15,percentile25,percentile50,percentile75,amplitude,variance,interquartile_range,semi_interquartile_range,coefficient_of_variation,skewness,kurtosis,label
5_46807516_46813944,92.98059679999989,2.0348704191236098,577850.8272250002,0.0006784868405116854,23.04781937041732,1286.530569634717,7206.227538490295,7206.788050880866,0.4839509933253901,0.876813182908399,2.0348704191236098,4.230866624498832,577850.8265465134,51937794.01031923,3.354053441590433,1.6770267207952165,77.50248747048593,0.037861305056679936,0.24666947080279214,eiip
