nameseq,average,median,maximum,minimum,peak,none_levated_peak,sample_standard_deviation,population_standard_deviation,percentile15,percentile25,percentile50,percentile75,amplitude,variance,interquartile_range,semi_interquartile_range,coefficient_of_variation,skewness,kurtosis,label
5_62752559_62752766,3.291275219999999,0.04424045331389377,671.5975910400001,6.277060987736017e-05,21.06579629440207,203.28024320166756,46.45054372089932,46.56260792169437,0.005297880409782834,0.013805754783640137,0.04424045331389377,0.09451026105531635,671.5975282693902,2168.0764564694355,0.0807045062716762,0.0403522531358381,14.11323593925984,0.20970915558251121,0.2661596975891918,eiip
