nameseq,average,median,maximum,minimum,peak,none_levated_peak,sample_standard_deviation,population_standard_deviation,percentile15,percentile25,percentile50,percentile75,amplitude,variance,interquartile_range,semi_interquartile_range,coefficient_of_variation,skewness,kurtosis,label
5_69680551_69681283,10.235248260000013,0.2840685301457797,7217.2840611599995,0.0002060212347904347,23.87175446327015,365.9569446204321,266.38046428510114,266.5623560538445,0.06590452067082622,0.10137401887024479,0.2840685301457797,0.5685894004372694,7217.283855138765,71055.48966497656,0.4672153815670246,0.2336076907835123,26.025794149628258,0.11207105321962019,0.27794014172110704,eiip
