nameseq,average,median,maximum,minimum,peak,none_levated_peak,sample_standard_deviation,population_standard_deviation,percentile15,percentile25,percentile50,percentile75,amplitude,variance,interquartile_range,semi_interquartile_range,coefficient_of_variation,skewness,kurtosis,label
5_849351_849659,4.7369768300000015,0.08741533820102942,1428.2579392900004,0.0012189445141457414,21.743826008961072,243.75638623440472,81.11271108423117,81.24428085616067,0.017898832272593704,0.03340532564807992,0.08741533820102942,0.1583066167232192,1428.2567203454862,6600.633171834716,0.12490129107513927,0.062450645537569634,17.123307543016026,0.17196669041072934,0.2644379282515245,eiip
