nameseq,average,median,maximum,minimum,peak,none_levated_peak,sample_standard_deviation,population_standard_deviation,percentile15,percentile25,percentile50,percentile75,amplitude,variance,interquartile_range,semi_interquartile_range,coefficient_of_variation,skewness,kurtosis,label
5_90513676_90515160,20.978921790000058,0.5463679478463513,29940.03841761,0.0005290575287722315,23.59511155792333,541.6346019753157,776.6605315081796,776.922165516446,0.11609193131379456,0.22932157076543544,0.5463679478463513,1.1444095204347244,29940.037888552473,603608.0512707639,0.915087949669289,0.4575439748346445,37.0209937041849,0.07892465116957671,0.2446094409228013,eiip
