nameseq,average,median,maximum,minimum,peak,none_levated_peak,sample_standard_deviation,population_standard_deviation,percentile15,percentile25,percentile50,percentile75,amplitude,variance,interquartile_range,semi_interquartile_range,coefficient_of_variation,skewness,kurtosis,label
5_94495373_94496432,15.841883879999914,0.3288638050536602,16281.198564840006,0.00034021165651842744,22.303744681490194,485.6396934095644,499.8226656899631,500.0585980447072,0.07875495432865152,0.12671751766218584,0.3288638050536602,0.6284631208475442,16281.19822462835,250058.60147843804,0.5017456031853583,0.25087280159267916,31.550708834634246,0.09311114405065146,0.23467038797546078,eiip
