nameseq,average,median,maximum,minimum,peak,none_levated_peak,sample_standard_deviation,population_standard_deviation,percentile15,percentile25,percentile50,percentile75,amplitude,variance,interquartile_range,semi_interquartile_range,coefficient_of_variation,skewness,kurtosis,label
5_94962706_94979760,246.8812767999999,5.832067483529616,4065376.973284001,0.0014458208148559846,23.02726263282191,2109.8073858821804,31128.725456847664,31129.63809520653,1.3886438650907285,2.449581381726166,5.832067483529616,11.67040141314005,4065376.97183818,969054367.9385335,9.220820031413885,4.610410015706942,126.08783404042924,0.02323087814667766,0.24895837838413176,eiip
