nameseq,average,median,maximum,minimum,peak,none_levated_peak,sample_standard_deviation,population_standard_deviation,percentile15,percentile25,percentile50,percentile75,amplitude,variance,interquartile_range,semi_interquartile_range,coefficient_of_variation,skewness,kurtosis,label
5_95167753_95168371,8.695695769999997,0.23842019288995756,5176.327640890003,0.00033464105707476256,23.728214370744183,329.428628524553,207.87292050948716,208.0410345042188,0.047968165316142786,0.09599864430278861,0.23842019288995756,0.44191397071628225,5176.327306248946,43281.07203758555,0.34591532641349365,0.17295766320674683,23.905266008344636,0.12205450651842921,0.2431991340395465,eiip
