nameseq,average,median,maximum,minimum,peak,none_levated_peak,sample_standard_deviation,population_standard_deviation,percentile15,percentile25,percentile50,percentile75,amplitude,variance,interquartile_range,semi_interquartile_range,coefficient_of_variation,skewness,kurtosis,label
5_976687_977373,10.316607209999992,0.20576751452613284,6893.499334409994,0.00012338938043228169,22.197220010278958,382.19273787012736,262.801264858312,262.9927412151228,0.06457431159822853,0.08679677472861083,0.20576751452613284,0.4014344065851811,6893.499211020613,69165.18193184456,0.31463763185657023,0.15731881592828512,25.47361351545652,0.11541998895163312,0.2651183923283976,eiip
