nameseq,average,median,maximum,minimum,peak,none_levated_peak,sample_standard_deviation,population_standard_deviation,percentile15,percentile25,percentile50,percentile75,amplitude,variance,interquartile_range,semi_interquartile_range,coefficient_of_variation,skewness,kurtosis,label
5_994793_994823,0.48671369000000014,0.007490965994660556,14.806334410000002,8.988298403548384e-05,21.23082532018635,50.31531620222243,2.614408329699766,2.6576246182541103,0.0015959257013890883,0.001803084427517507,0.007490965994660556,0.014524887706600556,14.806244527015966,7.062968611550305,0.012721803279083049,0.006360901639541524,5.371552893241539,0.5499019245326218,0.2497474335741929,eiip
