nameseq,average,median,maximum,minimum,peak,none_levated_peak,sample_standard_deviation,population_standard_deviation,percentile15,percentile25,percentile50,percentile75,amplitude,variance,interquartile_range,semi_interquartile_range,coefficient_of_variation,skewness,kurtosis,label
6_105397361_105401308,57.70847603999999,1.2510672559022895,220514.20459235995,0.000649257241002382,22.804275737377456,1001.3117693817251,3509.0488103166194,3509.493303169161,0.28828602455769536,0.4916398638056358,1.2510672559022895,2.469384464855656,220514.2039431027,12316543.24498919,1.9777446010500201,0.9888723005250101,60.80647161578762,0.048267275694295834,0.24349639767015008,eiip
