nameseq,average,median,maximum,minimum,peak,none_levated_peak,sample_standard_deviation,population_standard_deviation,percentile15,percentile25,percentile50,percentile75,amplitude,variance,interquartile_range,semi_interquartile_range,coefficient_of_variation,skewness,kurtosis,label
6_10482554_10482641,1.366161790000001,0.014798740825396837,117.48175321000005,0.0002722499999999913,21.47134662091033,108.06639669174021,12.448965208432957,12.520306567318299,0.00267796999999999,0.006629247180028663,0.014798740825396837,0.034625608666684064,117.48148096000006,156.75807653963372,0.0279963614866554,0.0139981807433277,9.112365240747181,0.32565671761838993,0.1562991787601855,eiip
