nameseq,average,median,maximum,minimum,peak,none_levated_peak,sample_standard_deviation,population_standard_deviation,percentile15,percentile25,percentile50,percentile75,amplitude,variance,interquartile_range,semi_interquartile_range,coefficient_of_variation,skewness,kurtosis,label
6_110968888_110969459,8.46913719,0.1850597574054957,4694.702620409999,1.1015927262957595e-05,22.513115845117945,335.7251200615247,196.11295729206026,196.28460980395198,0.0340913972534505,0.07363072879057009,0.1850597574054957,0.3738175675537619,4694.702609394072,38527.648045889684,0.3001868387631918,0.1500934193815959,23.156190871913395,0.1267240708668344,0.24685987284183314,eiip
