nameseq,average,median,maximum,minimum,peak,none_levated_peak,sample_standard_deviation,population_standard_deviation,percentile15,percentile25,percentile50,percentile75,amplitude,variance,interquartile_range,semi_interquartile_range,coefficient_of_variation,skewness,kurtosis,label
6_119196077_119199664,54.022245759999834,1.049168847657916,188458.09062976003,0.0006585851309504246,22.139027787059618,993.9857077784129,3145.7531517687466,3146.1916148208134,0.24734763310374822,0.42169200866841067,1.049168847657916,2.054519238683407,188458.0899711749,9898521.677168796,1.6328272300149962,0.8164136150074981,58.2306993630758,0.050518658988761095,0.25364320972320825,eiip
