nameseq,average,median,maximum,minimum,peak,none_levated_peak,sample_standard_deviation,population_standard_deviation,percentile15,percentile25,percentile50,percentile75,amplitude,variance,interquartile_range,semi_interquartile_range,coefficient_of_variation,skewness,kurtosis,label
6_110149667_110149790,1.6911728700000002,0.05760804072914145,200.66705649,0.001228711348426261,24.440631745312547,117.17636394257471,17.941170959290716,18.013954913155068,0.012076379508537759,0.02063178621091941,0.05760804072914145,0.10452742892062258,200.66582777865156,324.50257161318365,0.08389564270970318,0.04194782135485159,10.608714979735167,0.2731535471643663,0.23218036923585478,eiip
