nameseq,average,median,maximum,minimum,peak,none_levated_peak,sample_standard_deviation,population_standard_deviation,percentile15,percentile25,percentile50,percentile75,amplitude,variance,interquartile_range,semi_interquartile_range,coefficient_of_variation,skewness,kurtosis,label
6_127075451_127091091,231.28857195999845,4.716796983222734,3508370.9957731604,0.00044648021720573194,22.541825661703577,2129.9190205157024,28051.657419043346,28052.55419682587,1.1397605219097506,1.9739303466618896,4.716796983222734,9.458586446341275,3508370.99532668,786945796.9658526,7.484656099679386,3.742328049839693,121.2842345876687,0.024230843645940536,0.24761137202596858,eiip
