nameseq,average,median,maximum,minimum,peak,none_levated_peak,sample_standard_deviation,population_standard_deviation,percentile15,percentile25,percentile50,percentile75,amplitude,variance,interquartile_range,semi_interquartile_range,coefficient_of_variation,skewness,kurtosis,label
6_122051324_122057624,91.91875830000028,2.0766018423360295,559857.1116960002,0.0010330797604598343,22.84988801174142,1266.1289615417074,7052.379530743428,7052.939221195543,0.4958797216686438,0.8419980403876557,2.0766018423360295,4.199668485357832,559857.1106629204,49743951.65787839,3.3576704449701764,1.6788352224850882,76.72405133809784,0.03821780552195842,0.2593749193225801,eiip
