nameseq,average,median,maximum,minimum,peak,none_levated_peak,sample_standard_deviation,population_standard_deviation,percentile15,percentile25,percentile50,percentile75,amplitude,variance,interquartile_range,semi_interquartile_range,coefficient_of_variation,skewness,kurtosis,label
6_121729228_121741043,174.82555728999992,3.575367344729336,2002686.033536408,0.0012773182630642767,22.5291240463957,1826.7800289978495,18422.905015424316,18423.684639428197,0.8492674034220278,1.533469287062654,3.575367344729336,7.265761416708349,2002686.0322590899,339432155.6931025,5.732292129645695,2.8661460648228476,105.37878615118312,0.027886512436864946,0.24019705772645325,eiip
