nameseq,average,median,maximum,minimum,peak,none_levated_peak,sample_standard_deviation,population_standard_deviation,percentile15,percentile25,percentile50,percentile75,amplitude,variance,interquartile_range,semi_interquartile_range,coefficient_of_variation,skewness,kurtosis,label
6_139373347_139373657,4.3753189500000005,0.13086343710141746,1306.0634602500004,0.0020932198485826836,23.693510770607173,211.56725144377515,73.93114762511136,74.0502954020513,0.031088552209251014,0.055384643533171435,0.13086343710141746,0.2409067218069372,1306.0613670301518,5483.44624913106,0.18552207827376577,0.09276103913688288,16.897316165970334,0.17223277262330428,0.26662479763947516,eiip
