nameseq,average,median,maximum,minimum,peak,none_levated_peak,sample_standard_deviation,population_standard_deviation,percentile15,percentile25,percentile50,percentile75,amplitude,variance,interquartile_range,semi_interquartile_range,coefficient_of_variation,skewness,kurtosis,label
6_141253352_141254271,14.013312090000012,0.2532421176831047,12559.43834721,0.0007664226840003986,21.88395325081684,471.90186373224924,413.8355499588417,414.0606441011093,0.04923700484275301,0.09397723173954424,0.2532421176831047,0.493253032908306,12559.437580787317,171446.21699342548,0.39927580116876177,0.19963790058438088,29.531601615734896,0.09975027500913414,0.23342667727328137,eiip
