nameseq,average,median,maximum,minimum,peak,none_levated_peak,sample_standard_deviation,population_standard_deviation,percentile15,percentile25,percentile50,percentile75,amplitude,variance,interquartile_range,semi_interquartile_range,coefficient_of_variation,skewness,kurtosis,label
6_141305621_141309536,58.615401770000226,1.134561263344271,222786.54880729,0.00016067369082919762,22.269459799240206,1025.784103390423,3559.6628111859063,3560.1174006534625,0.259893929425843,0.4533794089946062,1.134561263344271,2.367883909233695,222786.5486466163,12674435.906435566,1.9145045002390888,0.9572522501195444,60.72913779817793,0.04844349891177428,0.24472877158733378,eiip
