nameseq,average,median,maximum,minimum,peak,none_levated_peak,sample_standard_deviation,population_standard_deviation,percentile15,percentile25,percentile50,percentile75,amplitude,variance,interquartile_range,semi_interquartile_range,coefficient_of_variation,skewness,kurtosis,label
6_157263555_157263653,1.5187154800000002,0.03380039897467702,146.47776784000004,2.156876476520653e-05,21.728888942384387,110.61157078692864,14.64311639165732,14.717636549219634,0.006939765089992445,0.013658509637297787,0.03380039897467702,0.05750169842861244,146.47774627123528,216.60882559492563,0.04384318879131466,0.02192159439565733,9.64177726802213,0.30422111823231757,0.259789451925514,eiip
