nameseq,average,median,maximum,minimum,peak,none_levated_peak,sample_standard_deviation,population_standard_deviation,percentile15,percentile25,percentile50,percentile75,amplitude,variance,interquartile_range,semi_interquartile_range,coefficient_of_variation,skewness,kurtosis,label
6_152426707_152426765,0.81603173,0.022491371568126965,46.271285289999994,0.0010590569990107837,24.1003700513786,71.39475598076079,5.968625636613795,6.019859414403473,0.008608393562330282,0.011339023212539193,0.022491371568126965,0.05132896736345541,46.27022623300098,36.23870736918212,0.039989944150916217,0.019994972075458108,7.3142077901968285,0.39885582045755963,0.2863172763661604,eiip
