nameseq,average,median,maximum,minimum,peak,none_levated_peak,sample_standard_deviation,population_standard_deviation,percentile15,percentile25,percentile50,percentile75,amplitude,variance,interquartile_range,semi_interquartile_range,coefficient_of_variation,skewness,kurtosis,label
6_163564026_163564387,5.224955479999998,0.11752787889217153,1826.519548840001,0.00032767445947789174,23.094295660231484,246.32105134656925,95.85779476256943,95.99046997452682,0.03141746526897358,0.044890109390366285,0.11752787889217153,0.2467579658634042,1826.5192211655417,9214.170325930534,0.20186785647303793,0.10093392823651896,18.3461457479384,0.15984389001724178,0.2364934547673555,eiip
