nameseq,average,median,maximum,minimum,peak,none_levated_peak,sample_standard_deviation,population_standard_deviation,percentile15,percentile25,percentile50,percentile75,amplitude,variance,interquartile_range,semi_interquartile_range,coefficient_of_variation,skewness,kurtosis,label
6_164664464_164674272,140.84353135000276,3.464112084994394,1332065.6849522488,0.0012488786153982353,23.214887012037437,1558.7710566378034,13448.985544470583,13449.67114004335,0.7702039409743375,1.3942494044752172,3.464112084994394,7.041417306193984,1332065.6837033702,180893653.77531502,5.647167901718767,2.8235839508593834,95.48884081193069,0.03064456099177471,0.2554791325979931,eiip
