nameseq,average,median,maximum,minimum,peak,none_levated_peak,sample_standard_deviation,population_standard_deviation,percentile15,percentile25,percentile50,percentile75,amplitude,variance,interquartile_range,semi_interquartile_range,coefficient_of_variation,skewness,kurtosis,label
6_161440552_161440663,1.714960619999999,0.02230260728989599,187.99700544000004,0.00013716123904103234,21.769207349690255,129.44282138499116,17.68115231166601,17.760618565148445,0.00837426200941275,0.00999404860405805,0.02230260728989599,0.04656913774131609,187.99686827876099,315.43957181669555,0.036575089137258036,0.018287544568629018,10.309946540735158,0.28719700778663987,0.21084475819683252,eiip
