nameseq,average,median,maximum,minimum,peak,none_levated_peak,sample_standard_deviation,population_standard_deviation,percentile15,percentile25,percentile50,percentile75,amplitude,variance,interquartile_range,semi_interquartile_range,coefficient_of_variation,skewness,kurtosis,label
6_163365040_163365539,7.30501502,0.1765783775135997,3520.7846304400005,0.0020086291280756712,22.815376314813747,293.6635199509399,157.28521900869436,157.44274054943398,0.03994851824153643,0.0648226124585674,0.1765783775135997,0.3807932294671086,3520.7826218108726,24788.216551716385,0.3159706170085412,0.1579853085042706,21.531128762647548,0.13596515974127912,0.2942034668021037,eiip
