nameseq,average,median,maximum,minimum,peak,none_levated_peak,sample_standard_deviation,population_standard_deviation,percentile15,percentile25,percentile50,percentile75,amplitude,variance,interquartile_range,semi_interquartile_range,coefficient_of_variation,skewness,kurtosis,label
6_162267970_162268051,1.095664049999999,0.03811823860570665,85.73834024999998,0.0018511743293301184,24.946819541385295,87.60419088382189,9.404855228269222,9.462731806711457,0.01015480204423054,0.012023815970393986,0.03811823860570665,0.0750219679372168,85.73648907567065,89.54329324574866,0.06299815196682282,0.03149907598341141,8.583703397286085,0.3373403797483801,0.2654417732851118,eiip
