nameseq,average,median,maximum,minimum,peak,none_levated_peak,sample_standard_deviation,population_standard_deviation,percentile15,percentile25,percentile50,percentile75,amplitude,variance,interquartile_range,semi_interquartile_range,coefficient_of_variation,skewness,kurtosis,label
6_165288029_165288095,1.0144966800000004,0.023909513458058473,66.12617124,0.0008648958622436672,22.01420051303995,82.80307698430367,8.014731684609503,8.075221083764932,0.005059051236371798,0.009704572413139306,0.023909513458058473,0.041230200371753456,66.12530634413775,65.20919555168169,0.03152562795861415,0.015762813979307073,7.900204941636181,0.3707873970793593,0.2974228107022455,eiip
