nameseq,average,median,maximum,minimum,peak,none_levated_peak,sample_standard_deviation,population_standard_deviation,percentile15,percentile25,percentile50,percentile75,amplitude,variance,interquartile_range,semi_interquartile_range,coefficient_of_variation,skewness,kurtosis,label
6_163586715_163586973,3.6131913799999986,0.10874809383783793,896.5712718399999,0.0005149636761922848,23.893927626201013,188.41761062866513,55.59336493651976,55.70099981935497,0.024638707684180073,0.04141692967021776,0.10874809383783793,0.21085190410493954,896.5707568763237,3102.601380875782,0.16943497443472177,0.08471748721736089,15.38622206513727,0.18911123423615944,0.2600542273302069,eiip
