nameseq,average,median,maximum,minimum,peak,none_levated_peak,sample_standard_deviation,population_standard_deviation,percentile15,percentile25,percentile50,percentile75,amplitude,variance,interquartile_range,semi_interquartile_range,coefficient_of_variation,skewness,kurtosis,label
6_169383990_169384119,2.0357321999999987,0.03606620164142035,258.7593960000001,0.00028899999999998165,21.286362387613345,137.5542619193166,22.603290153937984,22.690730674465257,0.007270559834190908,0.012075688351728914,0.03606620164142035,0.06873912940172025,258.7591070000001,514.8692585411185,0.05666344104999134,0.02833172052499567,11.103272893132996,0.2654037511450774,0.26892087038235124,eiip
