nameseq,average,median,maximum,minimum,peak,none_levated_peak,sample_standard_deviation,population_standard_deviation,percentile15,percentile25,percentile50,percentile75,amplitude,variance,interquartile_range,semi_interquartile_range,coefficient_of_variation,skewness,kurtosis,label
6_163691104_163691145,0.5696332899999996,0.012625264280245681,22.923986410000005,0.0005130732827948806,24.57721528178244,56.20228055542723,3.491235092785606,3.533554639039237,0.004506821265457828,0.00656164089615043,0.012625264280245681,0.0385467443827325,22.92347333671721,12.486008387075714,0.03198510348658207,0.015992551743291034,6.1289168910503955,0.4786340744031579,0.25324267335102907,eiip
