nameseq,average,median,maximum,minimum,peak,none_levated_peak,sample_standard_deviation,population_standard_deviation,percentile15,percentile25,percentile50,percentile75,amplitude,variance,interquartile_range,semi_interquartile_range,coefficient_of_variation,skewness,kurtosis,label
6_170266168_170266228,0.8776014000000001,0.02342772491363363,51.796809,1.1464970151225413e-05,23.16921250733343,77.3553626452884,6.573713700415646,6.628268276502008,0.003334679526596234,0.006069179863432539,0.02342772491363363,0.03437345725596408,51.79679753502985,43.9339403452829,0.02830427739253154,0.01415213869626577,7.490546050195049,0.38981329915494717,0.24206168439863415,eiip
