nameseq,average,median,maximum,minimum,peak,none_levated_peak,sample_standard_deviation,population_standard_deviation,percentile15,percentile25,percentile50,percentile75,amplitude,variance,interquartile_range,semi_interquartile_range,coefficient_of_variation,skewness,kurtosis,label
6_38710267_38710387,1.741540549999999,0.03646861729567356,203.81845225,9.051197811445601e-05,23.159571755784473,123.92119361509619,18.447125815247922,18.52382937193647,0.010460022131968961,0.017004910730954042,0.03646861729567356,0.07185453452612554,203.8183617380219,343.1322546006162,0.0548496237951715,0.02742481189758575,10.592418198501283,0.2772906657298813,0.15464198770228887,eiip
