nameseq,average,median,maximum,minimum,peak,none_levated_peak,sample_standard_deviation,population_standard_deviation,percentile15,percentile25,percentile50,percentile75,amplitude,variance,interquartile_range,semi_interquartile_range,coefficient_of_variation,skewness,kurtosis,label
6_41221368_41241708,299.7783709300014,6.159252545637077,5913020.447902089,0.00015140428857585714,22.617820332730236,2443.008023813031,41458.33935407295,41459.358474766166,1.4678028142618598,2.5683098289333453,6.159252545637077,12.288534390421182,5913020.447750685,1718878405.1391652,9.720224561487836,4.860112280743918,138.29663302744922,0.021246807491013407,0.24486234145830696,eiip
