nameseq,average,median,maximum,minimum,peak,none_levated_peak,sample_standard_deviation,population_standard_deviation,percentile15,percentile25,percentile50,percentile75,amplitude,variance,interquartile_range,semi_interquartile_range,coefficient_of_variation,skewness,kurtosis,label
6_45758106_45765440,108.13897216999989,2.279680006005875,768160.5708352902,0.0008224554717667264,22.60979507144138,1403.6472651470986,8968.51329891253,8969.124712029708,0.5300181785514886,0.9310350921324031,2.279680006005875,4.610028520143021,768160.5700128347,80445198.09994201,3.678993428010618,1.839496714005309,82.93507066826544,0.03541031449777631,0.25111239087879617,eiip
