nameseq,average,median,maximum,minimum,peak,none_levated_peak,sample_standard_deviation,population_standard_deviation,percentile15,percentile25,percentile50,percentile75,amplitude,variance,interquartile_range,semi_interquartile_range,coefficient_of_variation,skewness,kurtosis,label
6_4641748_4641972,3.4185415399999988,0.05949222699327309,750.56273296,0.0005269777871289758,21.93918053135608,198.02825542996362,49.920743649562745,50.03204979365218,0.01656532392062604,0.02678919181520224,0.05949222699327309,0.10319385345515478,750.5622059822128,2503.2060065544906,0.07640466163995253,0.03820233081997627,14.602936095830728,0.20186293717418297,0.2142543804251468,eiip
