nameseq,average,median,maximum,minimum,peak,none_levated_peak,sample_standard_deviation,population_standard_deviation,percentile15,percentile25,percentile50,percentile75,amplitude,variance,interquartile_range,semi_interquartile_range,coefficient_of_variation,skewness,kurtosis,label
6_55468349_55468528,2.695627769999999,0.04315847884149421,473.4410256899999,0.0025998234394506914,22.25826602164735,172.932917917892,35.18523892378458,35.28338482969992,0.012884234528375492,0.016226998665789697,0.04315847884149421,0.08618310635260765,473.43842586656046,1244.9172450406982,0.06995610768681795,0.03497805384340898,13.052706800013636,0.22615756257083283,0.2377247023466401,eiip
