nameseq,average,median,maximum,minimum,peak,none_levated_peak,sample_standard_deviation,population_standard_deviation,percentile15,percentile25,percentile50,percentile75,amplitude,variance,interquartile_range,semi_interquartile_range,coefficient_of_variation,skewness,kurtosis,label
6_58123135_58123413,4.108597040000006,0.0941106080296581,1110.5156353599998,0.002138782447139143,22.63546390521663,212.09290597151335,66.35799085267857,66.47723262154176,0.019445287231387536,0.04223436069906171,0.0941106080296581,0.18228554660235163,1110.5134965775526,4419.222457018575,0.1400511859032899,0.07002559295164495,16.151009750198934,0.18149222333522327,0.24670867365627067,eiip
