nameseq,average,median,maximum,minimum,peak,none_levated_peak,sample_standard_deviation,population_standard_deviation,percentile15,percentile25,percentile50,percentile75,amplitude,variance,interquartile_range,semi_interquartile_range,coefficient_of_variation,skewness,kurtosis,label
6_61861878_61862188,4.662714379999991,0.08218123836203847,1412.9930640400007,9.300939267710001e-05,22.233115352578572,246.40241040412238,79.98789656692833,80.11680542827021,0.015474685571918551,0.02847934144961066,0.08218123836203847,0.16682241970396147,1412.992971030608,6418.7025120313065,0.13834307825435083,0.06917153912717541,17.15479226221197,0.17179598432640167,0.27552475851101055,eiip
