nameseq,average,median,maximum,minimum,peak,none_levated_peak,sample_standard_deviation,population_standard_deviation,percentile15,percentile25,percentile50,percentile75,amplitude,variance,interquartile_range,semi_interquartile_range,coefficient_of_variation,skewness,kurtosis,label
6_77647914_77652720,71.99983671,1.380284374170054,336561.3753488101,8.58152495860951e-05,22.254680101389543,1170.7651055240024,4853.773533821777,4854.27847775384,0.3228995726341808,0.5506717349652926,1.380284374170054,2.7667702320298653,336561.37526299484,23564019.539584134,2.2160984970645727,1.1080492485322864,67.4136741916755,0.04364823688852165,0.25774599504394047,eiip
