nameseq,average,median,maximum,minimum,peak,none_levated_peak,sample_standard_deviation,population_standard_deviation,percentile15,percentile25,percentile50,percentile75,amplitude,variance,interquartile_range,semi_interquartile_range,coefficient_of_variation,skewness,kurtosis,label
6_94540565_94540696,2.079602229999997,0.027642813932571498,269.06825089000006,5.625000000000426e-05,21.157892295585803,144.9978972657476,23.326954321534238,23.41581923122638,0.008568203146093722,0.013548322643845662,0.027642813932571498,0.055233934122116406,269.06819464000006,548.3005902694712,0.04168561147827074,0.02084280573913537,11.217026979978892,0.2638954988872889,0.27249056332351373,eiip
