nameseq,average,median,maximum,minimum,peak,none_levated_peak,sample_standard_deviation,population_standard_deviation,percentile15,percentile25,percentile50,percentile75,amplitude,variance,interquartile_range,semi_interquartile_range,coefficient_of_variation,skewness,kurtosis,label
7_107829710_107846119,234.1647600600001,5.772479590275618,3702444.0429369593,0.0005938208479499909,23.35962080117615,2040.6154901690804,28901.47491026038,28902.355556082613,1.2800792790621083,2.3240394415862724,5.772479590275618,11.362733845305206,3702444.0423431383,835346156.6902195,9.038694403718933,4.519347201859467,123.42367358288645,0.023707331322593755,0.24178630993931235,eiip
