nameseq,average,median,maximum,minimum,peak,none_levated_peak,sample_standard_deviation,population_standard_deviation,percentile15,percentile25,percentile50,percentile75,amplitude,variance,interquartile_range,semi_interquartile_range,coefficient_of_variation,skewness,kurtosis,label
7_109544944_109545047,1.5106728300000003,0.03581813358639316,151.37119089,0.001785576435891913,22.947832236227256,107.80460780745713,14.766324238818248,14.837832280472929,0.008238729164151873,0.011858729543231205,0.03581813358639316,0.07359699817302931,151.36940531356413,220.16126678344446,0.0617382686297981,0.03086913431489905,9.774667251292422,0.2996388280307002,0.22371962170649343,eiip
