nameseq,average,median,maximum,minimum,peak,none_levated_peak,sample_standard_deviation,population_standard_deviation,percentile15,percentile25,percentile50,percentile75,amplitude,variance,interquartile_range,semi_interquartile_range,coefficient_of_variation,skewness,kurtosis,label
7_113236012_113236233,3.5285004699999996,0.04816639792162709,769.3245268899999,0.0007373139341344726,20.972081661647053,214.1578188300339,51.513053561165606,51.6294673899962,0.008517119146567408,0.014920424993016613,0.04816639792162709,0.08735563049002883,769.3237895760658,2665.601902974681,0.07243520549701221,0.036217602748506106,14.599134674669779,0.20268653272199585,0.25148392278486126,eiip
