nameseq,average,median,maximum,minimum,peak,none_levated_peak,sample_standard_deviation,population_standard_deviation,percentile15,percentile25,percentile50,percentile75,amplitude,variance,interquartile_range,semi_interquartile_range,coefficient_of_variation,skewness,kurtosis,label
7_112121830_112121913,1.2306762000000002,0.03029655724979355,100.04000400000001,0.0009352623918136003,22.751719745616267,94.63840010293384,10.845791164065437,10.910931636621697,0.007950477715255923,0.012862482570756359,0.03029655724979355,0.06694923865097413,100.03906873760819,119.04842917903224,0.05408675608021777,0.027043378040108885,8.81287146372493,0.33203100389596374,0.3017433302484038,eiip
