nameseq,average,median,maximum,minimum,peak,none_levated_peak,sample_standard_deviation,population_standard_deviation,percentile15,percentile25,percentile50,percentile75,amplitude,variance,interquartile_range,semi_interquartile_range,coefficient_of_variation,skewness,kurtosis,label
7_112557556_112557698,1.9458897500000005,0.052658349496493145,265.83672025000004,2.3388817709131554e-05,24.496077779672078,130.67567807558126,22.14551388409404,22.223354243198866,0.010473429260696675,0.019719984866780588,0.052658349496493145,0.10828974113607855,265.83669686118236,493.87747381870497,0.08856975626929796,0.04428487813464898,11.380662179907178,0.25647154684407425,0.20568724505359287,eiip
