nameseq,average,median,maximum,minimum,peak,none_levated_peak,sample_standard_deviation,population_standard_deviation,percentile15,percentile25,percentile50,percentile75,amplitude,variance,interquartile_range,semi_interquartile_range,coefficient_of_variation,skewness,kurtosis,label
7_123417383_123417734,5.344560230000002,0.09126051044048282,1830.2396296900001,0.0006457253337918355,21.953786333011966,256.10720637783356,97.40582279644258,97.54447884214387,0.027510740770291683,0.04032659027274889,0.09126051044048282,0.17406672568804676,1830.2389839646664,9514.925352585455,0.1337401354152979,0.06687006770764894,18.22522688577551,0.16179627363359364,0.2141968093719842,eiip
