nameseq,average,median,maximum,minimum,peak,none_levated_peak,sample_standard_deviation,population_standard_deviation,percentile15,percentile25,percentile50,percentile75,amplitude,variance,interquartile_range,semi_interquartile_range,coefficient_of_variation,skewness,kurtosis,label
7_129176416_129176642,3.574456359999997,0.039260464953593005,797.9269057599989,1.1677539995947399e-05,21.168720232093346,222.45632963876562,52.839570822989074,52.956343497612615,0.0097213631163636,0.017927731229112252,0.039260464953593005,0.08390262003502924,797.926894082459,2804.374316637138,0.06597488880591698,0.03298744440295849,14.782547470516361,0.20071297930612653,0.23274267903456963,eiip
