nameseq,average,median,maximum,minimum,peak,none_levated_peak,sample_standard_deviation,population_standard_deviation,percentile15,percentile25,percentile50,percentile75,amplitude,variance,interquartile_range,semi_interquartile_range,coefficient_of_variation,skewness,kurtosis,label
7_125533613_125533740,1.8112222099999988,0.044430465836286,223.29623761000005,0.0012455076170569677,23.556837162827577,121.365238939538,19.653697792030357,19.73092283526473,0.01536776265777112,0.02628674176760085,0.044430465836286,0.10788125788045941,223.294992102383,389.3093159311712,0.08159451611285856,0.04079725805642928,10.851069340647259,0.2696884468550472,0.2936329581603316,eiip
