nameseq,average,median,maximum,minimum,peak,none_levated_peak,sample_standard_deviation,population_standard_deviation,percentile15,percentile25,percentile50,percentile75,amplitude,variance,interquartile_range,semi_interquartile_range,coefficient_of_variation,skewness,kurtosis,label
7_138008502_138008660,2.344448760000001,0.042897589697071345,359.50435236,0.0005799158356875048,22.606593457815634,145.5439419656232,28.41427125208115,28.50404800422685,0.007729306761290075,0.018424637858763658,0.042897589697071345,0.1408021215053482,359.50377244416427,812.4807526272685,0.12237748364658455,0.06118874182329227,12.119809030111256,0.2429994930946213,0.2809818017129856,eiip
