nameseq,average,median,maximum,minimum,peak,none_levated_peak,sample_standard_deviation,population_standard_deviation,percentile15,percentile25,percentile50,percentile75,amplitude,variance,interquartile_range,semi_interquartile_range,coefficient_of_variation,skewness,kurtosis,label
7_137525952_137528915,45.84694854000011,0.7340544206021714,132859.81260036002,0.0005846818818882651,21.54996202501894,968.8794082535701,2439.933312746062,2440.3450116121903,0.16630180281856305,0.29541183135107424,0.7340544206021714,1.4078131150630742,132859.81201567815,5955283.775700501,1.1124012837119999,0.5562006418559999,53.219099426372765,0.05546818908992015,0.25834291423651595,eiip
