nameseq,average,median,maximum,minimum,peak,none_levated_peak,sample_standard_deviation,population_standard_deviation,percentile15,percentile25,percentile50,percentile75,amplitude,variance,interquartile_range,semi_interquartile_range,coefficient_of_variation,skewness,kurtosis,label
7_133413818_133415244,21.527106570000075,0.4012471190881269,29857.66275969,0.00010259114866129396,22.09617280055417,589.9644815385343,790.1016054996213,790.3785911717586,0.09625706002755574,0.16447891118626945,0.4012471190881269,0.8085323023015347,29857.662657098852,624698.3173826538,0.6440533911152653,0.32202669555763264,36.70263827284145,0.08021446597701697,0.2343433939811878,eiip
