nameseq,average,median,maximum,minimum,peak,none_levated_peak,sample_standard_deviation,population_standard_deviation,percentile15,percentile25,percentile50,percentile75,amplitude,variance,interquartile_range,semi_interquartile_range,coefficient_of_variation,skewness,kurtosis,label
7_131851260_131851313,0.8685361600000004,0.0072440621285873525,46.12583056,0.00015183920614751713,20.724525735347612,82.05911381393581,6.216596688650021,6.274969769188334,0.0005319292858276002,0.0008691395884778566,0.0072440621285873525,0.02525521722438129,46.12567872079385,39.375245604227494,0.024386077635903433,0.012193038817951717,7.157556558900228,0.4156416159876936,0.30594857924546764,eiip
