nameseq,average,median,maximum,minimum,peak,none_levated_peak,sample_standard_deviation,population_standard_deviation,percentile15,percentile25,percentile50,percentile75,amplitude,variance,interquartile_range,semi_interquartile_range,coefficient_of_variation,skewness,kurtosis,label
7_137541536_137542813,19.14177375999994,0.3558186035807526,23759.016288160008,0.0002963109295702996,22.254990856187057,551.3466609574313,664.3288782738124,664.5889404792224,0.08697338877845073,0.14512571889026057,0.3558186035807526,0.7439927014001984,23759.01599184908,441678.45980729547,0.5988669825099378,0.2994334912549689,34.705711529306804,0.0848342851144714,0.2345522503655768,eiip
