nameseq,average,median,maximum,minimum,peak,none_levated_peak,sample_standard_deviation,population_standard_deviation,percentile15,percentile25,percentile50,percentile75,amplitude,variance,interquartile_range,semi_interquartile_range,coefficient_of_variation,skewness,kurtosis,label
7_1386232_1386322,1.2414650199999997,0.04184042885322206,107.87315043999997,0.0007901362334599053,24.433498201450202,94.50838679402455,11.240135238404896,11.302407932316639,0.008172798893446352,0.01567470486936425,0.04184042885322206,0.06982759115761064,107.87236030376651,127.74442506849408,0.054152886288246396,0.027076443144123198,9.053928268075486,0.32018064703917687,0.2306013921112044,eiip
