nameseq,average,median,maximum,minimum,peak,none_levated_peak,sample_standard_deviation,population_standard_deviation,percentile15,percentile25,percentile50,percentile75,amplitude,variance,interquartile_range,semi_interquartile_range,coefficient_of_variation,skewness,kurtosis,label
7_162689607_162690313,9.420917570000007,0.29797975902904,6352.839202090003,0.004604626715004868,25.015256201489773,337.7416443801761,238.7381033326353,238.90712148005954,0.0739106102741837,0.12630758228336023,0.29797975902904,0.6287524928333877,6352.8345974632875,57076.61269388793,0.5024449105500275,0.25122245527501375,25.341279292462286,0.11463948590887381,0.29171892249357406,eiip
