nameseq,average,median,maximum,minimum,peak,none_levated_peak,sample_standard_deviation,population_standard_deviation,percentile15,percentile25,percentile50,percentile75,amplitude,variance,interquartile_range,semi_interquartile_range,coefficient_of_variation,skewness,kurtosis,label
7_166254721_166255115,5.841021149999997,0.12491039753059811,2235.25656225,0.00018209463712503404,22.5417205802562,263.70181198172116,112.31647812785587,112.45892140402835,0.029978456951390092,0.059412363387273244,0.12491039753059811,0.23085116225502447,2235.256380155363,12647.009003357425,0.17143879886775124,0.08571939943387562,19.228911391265196,0.1526786856500907,0.21669985728589777,eiip
