nameseq,average,median,maximum,minimum,peak,none_levated_peak,sample_standard_deviation,population_standard_deviation,percentile15,percentile25,percentile50,percentile75,amplitude,variance,interquartile_range,semi_interquartile_range,coefficient_of_variation,skewness,kurtosis,label
7_160148428_160148595,2.3852500900000018,0.0573704607495927,387.0623412100001,0.0010455790189086507,23.477622004827158,154.7991864638263,29.767403107181686,29.856394047446194,0.0111117759194765,0.020599566176650232,0.0573704607495927,0.10333858342420446,387.0612956309812,891.4042655163806,0.08273901724755423,0.04136950862377711,12.479782825280877,0.23460692431266714,0.2639010162972544,eiip
