nameseq,average,median,maximum,minimum,peak,none_levated_peak,sample_standard_deviation,population_standard_deviation,percentile15,percentile25,percentile50,percentile75,amplitude,variance,interquartile_range,semi_interquartile_range,coefficient_of_variation,skewness,kurtosis,label
7_178658738_178662777,60.78334158000027,1.1258524574167261,238791.33210384002,0.003747331743886786,22.15519304568416,1066.424119151454,3756.393816861785,3756.8588034101854,0.26217316995228035,0.46047821906417075,1.1258524574167261,2.291228232945166,238791.32835650828,14113988.06876061,1.8307500138809953,0.9153750069404977,61.79972537241623,0.04764475613935232,0.24585687021355462,eiip
