nameseq,average,median,maximum,minimum,peak,none_levated_peak,sample_standard_deviation,population_standard_deviation,percentile15,percentile25,percentile50,percentile75,amplitude,variance,interquartile_range,semi_interquartile_range,coefficient_of_variation,skewness,kurtosis,label
7_18838735_18838870,2.0097264400000037,0.04188887277816197,265.4097139600001,0.002308249241582999,22.556967172772655,136.1119016425533,22.669945333183946,22.753753180307637,0.014136062561716272,0.0174176115491835,0.04188887277816197,0.07965080548524281,265.4074057107585,517.7332837903599,0.062233193936059306,0.031116596968029653,11.280114985790755,0.2604114220347963,0.23395105073549913,eiip
