nameseq,average,median,maximum,minimum,peak,none_levated_peak,sample_standard_deviation,population_standard_deviation,percentile15,percentile25,percentile50,percentile75,amplitude,variance,interquartile_range,semi_interquartile_range,coefficient_of_variation,skewness,kurtosis,label
7_30108084_30108459,5.639219060000003,0.1150783526453083,2065.30255936,0.0011034318159607165,22.225299638090892,272.07342609431987,106.36066128465899,106.50238108274255,0.023699715532787113,0.045594180391363766,0.1150783526453083,0.19133874549346766,2065.301455928184,11342.757176293717,0.1457445651021039,0.07287228255105195,18.860884841146593,0.1558134551054584,0.2217891185582843,eiip
