nameseq,average,median,maximum,minimum,peak,none_levated_peak,sample_standard_deviation,population_standard_deviation,percentile15,percentile25,percentile50,percentile75,amplitude,variance,interquartile_range,semi_interquartile_range,coefficient_of_variation,skewness,kurtosis,label
7_31268655_31268788,1.8187880599999997,0.04454068348786909,233.13014595999996,0.0007152709815267425,24.558478059651804,125.65999244039133,20.057499681204046,20.13276260860501,0.012842087512335124,0.020043721853017085,0.04454068348786909,0.10331584243344971,233.12943068901845,405.32813025444403,0.08327212058043262,0.04163606029021631,11.027947742962448,0.2653741599968391,0.21183531428784652,eiip
