nameseq,average,median,maximum,minimum,peak,none_levated_peak,sample_standard_deviation,population_standard_deviation,percentile15,percentile25,percentile50,percentile75,amplitude,variance,interquartile_range,semi_interquartile_range,coefficient_of_variation,skewness,kurtosis,label
7_32165692_32194003,411.0448475300081,9.434418561886535,11243610.228090484,0.0015219043538748248,22.95937630660695,2767.4434755647007,66820.8984508942,66822.07856301316,2.2193466339030143,3.9311196586295853,9.434418561886535,19.10836674967529,11243610.22656858,4465190183.4815035,15.177247091045706,7.588623545522853,162.56352281855564,0.018030755569528586,0.2482457762181375,eiip
