nameseq,average,median,maximum,minimum,peak,none_levated_peak,sample_standard_deviation,population_standard_deviation,percentile15,percentile25,percentile50,percentile75,amplitude,variance,interquartile_range,semi_interquartile_range,coefficient_of_variation,skewness,kurtosis,label
7_54960099_54987616,408.1331859599968,8.383378286582532,10893588.05550096,0.0022625430091460608,22.47468959205323,2858.0371856823845,65668.05354646422,65669.24676260231,1.9223737720420533,3.4283640811470857,8.383378286582532,16.854514910752805,10893588.053238416,4312449970.367554,13.426150829605719,6.7130754148028595,160.89858851345815,0.01826229586920373,0.2509647924586107,eiip
