nameseq,average,median,maximum,minimum,peak,none_levated_peak,sample_standard_deviation,population_standard_deviation,percentile15,percentile25,percentile50,percentile75,amplitude,variance,interquartile_range,semi_interquartile_range,coefficient_of_variation,skewness,kurtosis,label
7_71975858_71990232,212.0834258800004,4.578603247521418,2952942.5512038404,8.310669620045896e-05,22.593310376728144,2001.7015853442226,24628.332281176685,24629.188963517976,1.075507547570872,1.8639135338479274,4.578603247521418,9.015305400103522,2952942.551120734,606596949.0006757,7.151391866255594,3.575695933127797,116.125681103962,0.025276354922871565,0.24855821311259893,eiip
