nameseq,average,median,maximum,minimum,peak,none_levated_peak,sample_standard_deviation,population_standard_deviation,percentile15,percentile25,percentile50,percentile75,amplitude,variance,interquartile_range,semi_interquartile_range,coefficient_of_variation,skewness,kurtosis,label
7_7390050_7390098,0.5386594400000001,0.020700131940066677,24.834275559999995,0.00012965540963370082,30.3221889759016,65.35893150899807,3.5070409276056216,3.543384291321246,0.0028105624065046966,0.008841836531027452,0.020700131940066677,0.04373789376710041,24.83414590459036,12.555572235982169,0.03489605723607296,0.01744802861803648,6.510683127739525,0.4430737924808555,0.2655642261086708,eiip
