nameseq,average,median,maximum,minimum,peak,none_levated_peak,sample_standard_deviation,population_standard_deviation,percentile15,percentile25,percentile50,percentile75,amplitude,variance,interquartile_range,semi_interquartile_range,coefficient_of_variation,skewness,kurtosis,label
7_79919936_79921423,20.289488589999998,0.6164937076539841,28842.194934010004,0.00144550795296715,24.446155840737237,522.0862562323077,747.4249356283548,747.6762131394471,0.12956033640925896,0.25091958275338744,0.6164937076539841,1.2269741483176342,28842.19348850205,559019.7196945439,0.9760545655642467,0.4880272827821234,36.83803720891887,0.07896309292574137,0.23895183375937973,eiip
