nameseq,average,median,maximum,minimum,peak,none_levated_peak,sample_standard_deviation,population_standard_deviation,percentile15,percentile25,percentile50,percentile75,amplitude,variance,interquartile_range,semi_interquartile_range,coefficient_of_variation,skewness,kurtosis,label
7_82203986_82220659,240.00573238999817,5.490414385958367,3861857.36288881,7.253943533405395e-05,23.157780210718084,2086.23780889427,29906.27952497387,29907.176359110337,1.357047863971235,2.420725386016372,5.490414385958367,11.266551833695504,3861857.362816271,894439197.7749283,8.845826447679132,4.422913223839566,124.60652179914418,0.023525024348970205,0.23684354581180023,eiip
