nameseq,average,median,maximum,minimum,peak,none_levated_peak,sample_standard_deviation,population_standard_deviation,percentile15,percentile25,percentile50,percentile75,amplitude,variance,interquartile_range,semi_interquartile_range,coefficient_of_variation,skewness,kurtosis,label
7_87375772_87375899,2.015306089999999,0.02923860992803134,252.39359160999996,0.0002686860851081991,21.171308357762513,139.92586199169776,22.217528633006186,22.304827706564776,0.005805519531267422,0.010599917366169742,0.02923860992803134,0.058544857250076604,252.39332292391484,497.50533901953975,0.04794493988390686,0.02397246994195343,11.024394132112308,0.26817575161642615,0.23697025474885622,eiip
