nameseq,average,median,maximum,minimum,peak,none_levated_peak,sample_standard_deviation,population_standard_deviation,percentile15,percentile25,percentile50,percentile75,amplitude,variance,interquartile_range,semi_interquartile_range,coefficient_of_variation,skewness,kurtosis,label
7_95802322_95802511,2.8260110099999953,0.06264540386261251,521.0308412100001,0.0004824389345082116,22.410858665880937,167.1419856125868,37.69394859777012,37.79353648228557,0.016654844775762616,0.026362826358199448,0.06264540386261251,0.11848278011890956,521.0303587710656,1428.3513998378503,0.09211995376071011,0.046059976880355055,13.338217177635899,0.21993176960247066,0.26368356618391375,eiip
