nameseq,average,median,maximum,minimum,peak,none_levated_peak,sample_standard_deviation,population_standard_deviation,percentile15,percentile25,percentile50,percentile75,amplitude,variance,interquartile_range,semi_interquartile_range,coefficient_of_variation,skewness,kurtosis,label
7_96373836_96376736,42.273352209999885,0.986835527211905,118422.08445001002,2.368847414996999e-05,22.874930646528036,820.5707730865545,2198.258437942939,2198.6374153507963,0.20999396415797508,0.4006869638003387,0.986835527211905,2.0162281568236615,118422.08442632154,4834006.48418043,1.6155411930233228,0.8077705965116614,52.00104375500494,0.05634439877973029,0.24772823518223813,eiip
