nameseq,average,median,maximum,minimum,peak,none_levated_peak,sample_standard_deviation,population_standard_deviation,percentile15,percentile25,percentile50,percentile75,amplitude,variance,interquartile_range,semi_interquartile_range,coefficient_of_variation,skewness,kurtosis,label
8_110668149_110673055,71.05508097999949,1.5989458497712283,336559.8669888401,0.00014512777258199615,23.019700267839713,1093.3555389264072,4804.043427012674,4804.533011057463,0.3939052054652946,0.6621417581702528,1.5989458497712283,3.340238585700286,336559.86684371234,23083537.45434089,2.678096827530033,1.3390484137650165,67.61013231924838,0.043373547420293763,0.2387606581512468,eiip
