nameseq,average,median,maximum,minimum,peak,none_levated_peak,sample_standard_deviation,population_standard_deviation,percentile15,percentile25,percentile50,percentile75,amplitude,variance,interquartile_range,semi_interquartile_range,coefficient_of_variation,skewness,kurtosis,label
8_11938764_11943445,70.26687968000027,1.3241507852703778,319874.85439504014,0.00016041113456970806,22.210558854670072,1161.4283473966595,4674.287505324537,4674.786761668319,0.290570109337259,0.5194215795715894,1.3241507852703778,2.6213446707932797,319874.854234629,21853631.267069366,2.1019230912216904,1.0509615456108452,66.52191653609114,0.04424806699386574,0.2471261736638295,eiip
