nameseq,average,median,maximum,minimum,peak,none_levated_peak,sample_standard_deviation,population_standard_deviation,percentile15,percentile25,percentile50,percentile75,amplitude,variance,interquartile_range,semi_interquartile_range,coefficient_of_variation,skewness,kurtosis,label
8_128343547_128344085,7.699279230000014,0.18933934828852725,4004.649493290001,0.0006338607384576172,23.335517689318344,312.8552979342223,172.3210137542729,172.48108904541266,0.03798814678894721,0.07726285041543987,0.18933934828852725,0.34662752928803986,4004.6488594292623,29749.726078291573,0.26936467887259996,0.13468233943629998,22.381447484438436,0.13074330956096644,0.2388793836142278,eiip
