nameseq,average,median,maximum,minimum,peak,none_levated_peak,sample_standard_deviation,population_standard_deviation,percentile15,percentile25,percentile50,percentile75,amplitude,variance,interquartile_range,semi_interquartile_range,coefficient_of_variation,skewness,kurtosis,label
8_120173013_120173558,7.97866350000001,0.14985562339620861,4222.4004,9.073197806349197e-05,22.81083793043782,328.6357385831825,180.52623335681676,180.69177785135224,0.04210404498762848,0.07421436024357565,0.14985562339620861,0.34149363285855017,4222.400309268022,32649.518583082427,0.26727927261497453,0.13363963630748726,22.626124457663433,0.13009978213742276,0.26111117628292424,eiip
