nameseq,average,median,maximum,minimum,peak,none_levated_peak,sample_standard_deviation,population_standard_deviation,percentile15,percentile25,percentile50,percentile75,amplitude,variance,interquartile_range,semi_interquartile_range,coefficient_of_variation,skewness,kurtosis,label
8_124262615_124262934,4.657674499999989,0.084518347826892,1443.6960159999996,0.0004709081750708704,22.901271152947018,236.64635831143016,80.57088782471325,80.69707566683387,0.024948864884751565,0.04433044989662726,0.084518347826892,0.18835717447909883,1443.6955450918247,6512.01802117871,0.14402672458247157,0.07201336229123578,17.29852264788221,0.1702782335769566,0.20724236379230995,eiip
