nameseq,average,median,maximum,minimum,peak,none_levated_peak,sample_standard_deviation,population_standard_deviation,percentile15,percentile25,percentile50,percentile75,amplitude,variance,interquartile_range,semi_interquartile_range,coefficient_of_variation,skewness,kurtosis,label
8_120752889_120753381,7.075000330000014,0.15088167049408313,3367.979976490001,0.0008900974902412894,23.227325182800808,297.93416089020167,151.5215081539593,151.67541526134042,0.03574873818831113,0.06519790279868469,0.15088167049408313,0.34112907425233074,3367.9790863925105,23005.431594700054,0.27593117145364604,0.13796558572682302,21.416466584667848,0.13709179793413379,0.23430515024488766,eiip
