nameseq,average,median,maximum,minimum,peak,none_levated_peak,sample_standard_deviation,population_standard_deviation,percentile15,percentile25,percentile50,percentile75,amplitude,variance,interquartile_range,semi_interquartile_range,coefficient_of_variation,skewness,kurtosis,label
8_12293619_12293756,2.0721434399999987,0.036821033642324585,277.6022499599999,0.0017925647924517325,22.19923539656117,134.82614550960227,23.540209268258653,23.625966234485958,0.015542887509953586,0.019048133825108206,0.036821033642324585,0.08018861611755347,277.60045739520746,558.1862805130705,0.061140482292445265,0.030570241146222633,11.360318409356193,0.25938457681029364,0.24618564248517563,eiip
