nameseq,average,median,maximum,minimum,peak,none_levated_peak,sample_standard_deviation,population_standard_deviation,percentile15,percentile25,percentile50,percentile75,amplitude,variance,interquartile_range,semi_interquartile_range,coefficient_of_variation,skewness,kurtosis,label
8_125396909_125417521,308.71075384999966,5.729464658433389,6182794.143006252,9.78410777187744e-05,22.257080177189323,2530.4548135224877,43062.87756213416,43063.922156430475,1.3546504784537161,2.3905611043963213,5.729464658433389,11.861754613048017,6182794.142908411,1854501391.4951034,9.471193508651696,4.735596754325848,139.49263841666527,0.02110736483559907,0.24778207980192485,eiip
