nameseq,average,median,maximum,minimum,peak,none_levated_peak,sample_standard_deviation,population_standard_deviation,percentile15,percentile25,percentile50,percentile75,amplitude,variance,interquartile_range,semi_interquartile_range,coefficient_of_variation,skewness,kurtosis,label
8_145893842_145900797,104.22386971000073,2.00796250403695,705450.65590321,0.0032233962160608826,22.24698308667943,1446.0301127066318,8457.732224144564,8458.340234800908,0.4499856966093704,0.7929392602736421,2.00796250403695,3.8500624302551483,705450.6526798138,71543519.52765186,3.057123169981506,1.528561584990753,81.14966607628278,0.036256494470526514,0.24718956826664376,eiip
