nameseq,average,median,maximum,minimum,peak,none_levated_peak,sample_standard_deviation,population_standard_deviation,percentile15,percentile25,percentile50,percentile75,amplitude,variance,interquartile_range,semi_interquartile_range,coefficient_of_variation,skewness,kurtosis,label
8_143046471_143046542,0.8727467400000004,0.03868168904866677,59.527397160000014,0.004975566674564364,27.499386591807824,80.27140213316194,6.961216893742191,7.010068137946118,0.008146998616889741,0.01690872928988617,0.03868168904866677,0.06483425621552169,59.52242159332545,49.14105529864736,0.04792552692563552,0.02396276346281776,7.976216437935005,0.359447951564813,0.28633399703197043,eiip
