nameseq,average,median,maximum,minimum,peak,none_levated_peak,sample_standard_deviation,population_standard_deviation,percentile15,percentile25,percentile50,percentile75,amplitude,variance,interquartile_range,semi_interquartile_range,coefficient_of_variation,skewness,kurtosis,label
8_147453178_147475224,324.97359787000386,6.852875928689644,6943940.157414491,0.001061656024187064,22.614144804895048,2527.6318534413494,46764.980091661826,46766.040702425504,1.5128044147959205,2.696215528380474,6.852875928689644,13.683111370030375,6943940.156352836,2187062562.980919,10.9868958416499,5.49344792082495,143.90393680648722,0.020407624764371596,0.24944059119429401,eiip
