nameseq,average,median,maximum,minimum,peak,none_levated_peak,sample_standard_deviation,population_standard_deviation,percentile15,percentile25,percentile50,percentile75,amplitude,variance,interquartile_range,semi_interquartile_range,coefficient_of_variation,skewness,kurtosis,label
8_143826522_143826621,1.4679240000000036,0.04127039801919795,141.776649,0.0014552540750298313,22.70780594454022,104.30341588023117,14.101634715080305,14.17267614562777,0.008578499278988556,0.01443893420438304,0.04127039801919795,0.0634347932593328,141.77519374592495,200.86474912884643,0.048995859054949756,0.024497929527474878,9.606515538325057,0.3035081316753597,0.23327247255543274,eiip
