nameseq,average,median,maximum,minimum,peak,none_levated_peak,sample_standard_deviation,population_standard_deviation,percentile15,percentile25,percentile50,percentile75,amplitude,variance,interquartile_range,semi_interquartile_range,coefficient_of_variation,skewness,kurtosis,label
8_143499180_143499377,2.758102459999998,0.07717577988279747,524.30008576,0.00026896000000002813,23.929495353120437,163.87320671186157,37.15867745128336,37.252869433708085,0.01709553025492364,0.038747126476688924,0.07717577988279747,0.13173195692962425,524.2998168,1387.7762810449021,0.09298483045293532,0.04649241522646766,13.472551506039187,0.21644419532681258,0.21049233231290806,eiip
