nameseq,average,median,maximum,minimum,peak,none_levated_peak,sample_standard_deviation,population_standard_deviation,percentile15,percentile25,percentile50,percentile75,amplitude,variance,interquartile_range,semi_interquartile_range,coefficient_of_variation,skewness,kurtosis,label
8_144731838_144731904,1.0625386299999988,0.012105160704721809,69.94478689000002,2.8425920922073544e-05,21.01884364743836,92.31792697761212,8.478839832592048,8.542831984443309,0.002436004243883977,0.0030981593409094197,0.012105160704721809,0.02900200824778141,69.9447584640791,72.9799783144276,0.02590384890687199,0.012951924453435995,7.9797944217727474,0.3716664626417944,0.28470076071384787,eiip
