nameseq,average,median,maximum,minimum,peak,none_levated_peak,sample_standard_deviation,population_standard_deviation,percentile15,percentile25,percentile50,percentile75,amplitude,variance,interquartile_range,semi_interquartile_range,coefficient_of_variation,skewness,kurtosis,label
8_145953102_145969683,248.15976741000097,4.83301073496415,3996461.18304801,0.0010026966121066338,22.27328543631839,2234.5058661080197,31034.395124831084,31035.330952803397,1.1347019675405845,1.9559074636254479,4.83301073496415,9.72044234693887,3996461.182045313,963191767.3500366,7.764534883313423,3.8822674416567113,125.05812464579374,0.02352165289798229,0.24906065448431192,eiip
