nameseq,average,median,maximum,minimum,peak,none_levated_peak,sample_standard_deviation,population_standard_deviation,percentile15,percentile25,percentile50,percentile75,amplitude,variance,interquartile_range,semi_interquartile_range,coefficient_of_variation,skewness,kurtosis,label
8_149358724_149358767,0.6623084900000001,0.014872974192732383,28.31197681,0.0004321112040592046,22.14476620504542,59.887573899262506,4.2165661990607015,4.265314248590065,0.008521834046706067,0.009117083114087385,0.014872974192732383,0.026661757606022105,28.31154469879594,18.192905639225433,0.01754467449193472,0.00877233724596736,6.366468590883835,0.4606370339577448,0.1905371052866898,eiip
