nameseq,average,median,maximum,minimum,peak,none_levated_peak,sample_standard_deviation,population_standard_deviation,percentile15,percentile25,percentile50,percentile75,amplitude,variance,interquartile_range,semi_interquartile_range,coefficient_of_variation,skewness,kurtosis,label
8_155485338_155485458,1.6361162900000006,0.04523884226810905,190.07861161000008,5.0166089151584194e-05,24.65187442961852,117.88604392127799,17.202469385271545,17.273997633026298,0.01475169537129052,0.0202211729616123,0.04523884226810905,0.10271811359969152,190.07856144391093,298.3909942257981,0.08249694063807922,0.04124847031903961,10.514209466902587,0.27743879301897895,0.29015118649266397,eiip
