nameseq,average,median,maximum,minimum,peak,none_levated_peak,sample_standard_deviation,population_standard_deviation,percentile15,percentile25,percentile50,percentile75,amplitude,variance,interquartile_range,semi_interquartile_range,coefficient_of_variation,skewness,kurtosis,label
8_167907330_167911220,57.12451570000011,1.1709072220309737,215346.11491600008,0.00020308498835436465,22.704787674900103,1002.6675678376787,3451.8116204403977,3452.255269516253,0.27882671325861913,0.496750238780996,1.1709072220309737,2.415245459338843,215346.1147129151,11918066.445902737,1.9184952205578472,0.9592476102789236,60.42609863982429,0.04862977586606854,0.23975181321058933,eiip
