nameseq,average,median,maximum,minimum,peak,none_levated_peak,sample_standard_deviation,population_standard_deviation,percentile15,percentile25,percentile50,percentile75,amplitude,variance,interquartile_range,semi_interquartile_range,coefficient_of_variation,skewness,kurtosis,label
8_16395345_16395674,4.646864030000004,0.11359076726213832,1473.7383544900003,0.00010503563217016375,23.671878344157168,223.90845099246965,80.9938350540886,81.11683259655604,0.0286114727851245,0.05521502799386663,0.11359076726213832,0.2381736458996298,1473.738249454368,6579.940530497695,0.18295861790576318,0.09147930895288159,17.42978372751925,0.16791178957178016,0.22648374772998647,eiip
