nameseq,average,median,maximum,minimum,peak,none_levated_peak,sample_standard_deviation,population_standard_deviation,percentile15,percentile25,percentile50,percentile75,amplitude,variance,interquartile_range,semi_interquartile_range,coefficient_of_variation,skewness,kurtosis,label
8_163942934_163945957,42.64576531000016,1.1570971298253014,123937.86471360999,0.0009951911448144296,23.636578982055,800.1784972664798,2253.3860401465477,2253.7587162493437,0.2751978978541586,0.4944233050468417,1.1570971298253014,2.257967324832716,123937.86371841884,5079428.351069889,1.7635440197858745,0.8817720098929372,52.839620153754005,0.055235100565560434,0.24920173332510734,eiip
