nameseq,average,median,maximum,minimum,peak,none_levated_peak,sample_standard_deviation,population_standard_deviation,percentile15,percentile25,percentile50,percentile75,amplitude,variance,interquartile_range,semi_interquartile_range,coefficient_of_variation,skewness,kurtosis,label
8_166715482_166720736,77.79579560999974,1.6014696097424848,396592.74548721005,0.00021512511635839854,22.51621251420829,1194.2860221517515,5470.343223781178,5470.863787442611,0.3561618888884178,0.6532461484359731,1.6014696097424848,3.2300048351070276,396592.74527208495,29930350.58075091,2.5767586866710546,1.2883793433355273,70.31669489190273,0.041785856691231894,0.2594135422812857,eiip
