nameseq,average,median,maximum,minimum,peak,none_levated_peak,sample_standard_deviation,population_standard_deviation,percentile15,percentile25,percentile50,percentile75,amplitude,variance,interquartile_range,semi_interquartile_range,coefficient_of_variation,skewness,kurtosis,label
8_167846547_167846641,1.36128614,0.033053087440716465,125.02370596,0.0007673545750502635,23.262314759677686,102.22623097546048,12.754875384122007,12.822540980352803,0.012068732470481538,0.018383571462745066,0.033053087440716465,0.0635048496473972,125.02293860542495,164.41755719282705,0.04512127818465213,0.022560639092326064,9.369723975976136,0.31240596537996995,0.2565979501360665,eiip
