nameseq,average,median,maximum,minimum,peak,none_levated_peak,sample_standard_deviation,population_standard_deviation,percentile15,percentile25,percentile50,percentile75,amplitude,variance,interquartile_range,semi_interquartile_range,coefficient_of_variation,skewness,kurtosis,label
8_169233926_169234671,10.74729815000001,0.23784784787230057,7745.848110249999,0.0004955448316972383,23.137598231297456,385.1856912566087,283.39242955588594,283.5825620358832,0.05279839881286428,0.0973444248768448,0.23784784787230057,0.4718514573558914,7745.847614705167,80419.06949083554,0.3745070324790466,0.1872535162395233,26.36871384794379,0.11125332795866245,0.2093919428482878,eiip
