nameseq,average,median,maximum,minimum,peak,none_levated_peak,sample_standard_deviation,population_standard_deviation,percentile15,percentile25,percentile50,percentile75,amplitude,variance,interquartile_range,semi_interquartile_range,coefficient_of_variation,skewness,kurtosis,label
8_165817655_165827102,138.08994600999884,3.106584192667655,1262908.6840224103,0.0007089440704029342,22.806391227825493,1590.2042095021272,12992.045414459248,12992.733024368137,0.7112948585317964,1.2459277355051164,3.106584192667655,6.0214928980409494,1262908.6833134661,168811111.4425064,4.775565162535833,2.3877825812679165,94.08393434753401,0.031169078658031174,0.2437673469895494,eiip
