nameseq,average,median,maximum,minimum,peak,none_levated_peak,sample_standard_deviation,population_standard_deviation,percentile15,percentile25,percentile50,percentile75,amplitude,variance,interquartile_range,semi_interquartile_range,coefficient_of_variation,skewness,kurtosis,label
8_168940400_168940521,1.8153835,0.034518789351732554,215.2675839999999,0.00016798656126378413,22.401143706917388,129.71329881938098,19.404823395267893,19.484843625045027,0.00518515565145708,0.01296535013954866,0.034518789351732554,0.0718238658107907,215.26741601343866,379.6591310924578,0.05885851567124204,0.02942925783562102,10.68910420044464,0.2753229969229022,0.20642469268467872,eiip
