nameseq,average,median,maximum,minimum,peak,none_levated_peak,sample_standard_deviation,population_standard_deviation,percentile15,percentile25,percentile50,percentile75,amplitude,variance,interquartile_range,semi_interquartile_range,coefficient_of_variation,skewness,kurtosis,label
8_171480335_171480475,2.2438605099999984,0.0321373620171131,311.10257161000004,0.0017894616617468303,20.94604356667431,156.71128651754975,26.103347661761745,26.196408019893433,0.006781984435137513,0.011714765446480127,0.0321373620171131,0.04774019601339693,311.1007821483383,686.2517931447369,0.0360254305669168,0.0180127152834584,11.63323100764484,0.25418844854403017,0.22702918872800792,eiip
