nameseq,average,median,maximum,minimum,peak,none_levated_peak,sample_standard_deviation,population_standard_deviation,percentile15,percentile25,percentile50,percentile75,amplitude,variance,interquartile_range,semi_interquartile_range,coefficient_of_variation,skewness,kurtosis,label
8_174592213_174592290,1.1052116399999996,0.03681956756001468,82.67173776000003,0.00036664119812574033,23.524906053287683,85.16233242331559,9.29545375953007,9.355619136885869,0.006497978988465741,0.012286052883390568,0.03681956756001468,0.06401449389024169,82.6713711188019,87.52760943446509,0.051728441006851124,0.025864220503425562,8.410564477524026,0.3448111625571673,0.26345566113692603,eiip
