nameseq,average,median,maximum,minimum,peak,none_levated_peak,sample_standard_deviation,population_standard_deviation,percentile15,percentile25,percentile50,percentile75,amplitude,variance,interquartile_range,semi_interquartile_range,coefficient_of_variation,skewness,kurtosis,label
8_19235417_19235542,1.8928076700000005,0.0320701010773921,232.79740929,7.778032907551692e-05,22.189259197158677,135.38088214771517,20.65277759997726,20.735224145759204,0.006478413910910141,0.014891541227766737,0.0320701010773921,0.06603337091781572,232.79733150967093,429.9495203748756,0.05114182969004898,0.02557091484502449,10.911186554932575,0.2702887144232828,0.2512098536418795,eiip
