nameseq,average,median,maximum,minimum,peak,none_levated_peak,sample_standard_deviation,population_standard_deviation,percentile15,percentile25,percentile50,percentile75,amplitude,variance,interquartile_range,semi_interquartile_range,coefficient_of_variation,skewness,kurtosis,label
8_25081191_25098134,254.16616977000723,4.878401424946521,4184960.908093298,0.0007321508203621494,22.221682787724372,2274.8092624214814,32149.178974701805,32150.127705877403,1.126974653631687,1.9955100457287096,4.878401424946521,9.826698640399334,4184960.907361147,1033630711.5042257,7.831188594670625,3.9155942973353124,126.48882030127503,0.02326228317132689,0.25017089427294464,eiip
