nameseq,average,median,maximum,minimum,peak,none_levated_peak,sample_standard_deviation,population_standard_deviation,percentile15,percentile25,percentile50,percentile75,amplitude,variance,interquartile_range,semi_interquartile_range,coefficient_of_variation,skewness,kurtosis,label
8_3115611_3115721,1.7178149799999998,0.025135827895676668,186.26244484,0.0011482145950559958,21.538990188570835,122.92719514993865,17.595679716272123,17.675479126646547,0.00682932053227281,0.015643355542941984,0.025135827895676668,0.05791731999999983,186.26129662540495,312.4225623565178,0.04227396445705785,0.021136982228528924,10.243058723514057,0.28859569725043954,0.24000274229129645,eiip
