nameseq,average,median,maximum,minimum,peak,none_levated_peak,sample_standard_deviation,population_standard_deviation,percentile15,percentile25,percentile50,percentile75,amplitude,variance,interquartile_range,semi_interquartile_range,coefficient_of_variation,skewness,kurtosis,label
8_56666428_56667176,11.494400399999995,0.1780215833820283,8423.384841,7.535222802790444e-05,21.72072121888731,443.73885571077824,307.56927344937515,307.7747992146757,0.04039642416261866,0.06855523469153445,0.1780215833820283,0.3483409339586544,8423.384765647772,94725.32703163393,0.27978569926711994,0.13989284963355997,26.758183354163936,0.11037882968319919,0.2500836633318121,eiip
