nameseq,average,median,maximum,minimum,peak,none_levated_peak,sample_standard_deviation,population_standard_deviation,percentile15,percentile25,percentile50,percentile75,amplitude,variance,interquartile_range,semi_interquartile_range,coefficient_of_variation,skewness,kurtosis,label
8_72877644_72879482,27.527429590000033,0.5687880510897816,49120.25583481,0.0030703759988997678,22.26869740946268,664.8657196678852,1145.1029355673588,1145.414401079869,0.12756192377003733,0.22278253497104317,0.5687880510897816,1.162060450072034,49120.252764434,1311974.150201155,0.9392779151009908,0.4696389575504954,41.598614640843316,0.07062764586893625,0.265507754154038,eiip
