nameseq,average,median,maximum,minimum,peak,none_levated_peak,sample_standard_deviation,population_standard_deviation,percentile15,percentile25,percentile50,percentile75,amplitude,variance,interquartile_range,semi_interquartile_range,coefficient_of_variation,skewness,kurtosis,label
8_73804131_73804242,1.4910530100000012,0.03902486312873322,159.41840121,0.0007784629761354929,25.038233438349256,109.91083097435184,14.989967559075758,15.057338539244117,0.010531684177598569,0.01684795978377761,0.03902486312873322,0.09222402150349125,159.41762274702387,226.7234438854062,0.07537606171971364,0.03768803085985682,10.053276079752353,0.29059999119053387,0.249078464323906,eiip
