nameseq,average,median,maximum,minimum,peak,none_levated_peak,sample_standard_deviation,population_standard_deviation,percentile15,percentile25,percentile50,percentile75,amplitude,variance,interquartile_range,semi_interquartile_range,coefficient_of_variation,skewness,kurtosis,label
8_75919307_75919472,2.526486800000002,0.04211999712269536,408.76752399999987,0.0007900609452166822,21.901295242600632,162.77255955740696,31.625904938167775,31.72159624592189,0.009987111291457653,0.01461699878345906,0.04211999712269536,0.08451984333028408,408.76673393905463,1006.2596683892857,0.06990284454682502,0.03495142227341251,12.517740024672896,0.23566441571248553,0.24227652649251671,eiip
