nameseq,average,median,maximum,minimum,peak,none_levated_peak,sample_standard_deviation,population_standard_deviation,percentile15,percentile25,percentile50,percentile75,amplitude,variance,interquartile_range,semi_interquartile_range,coefficient_of_variation,skewness,kurtosis,label
8_76991732_76991786,0.7845591499999996,0.021894783876627355,41.596050250000005,0.0009539721255720818,23.367687870740326,68.93609470135839,5.553805065000169,5.6049932905454005,0.0051938758954657525,0.00983885901250406,0.021894783876627355,0.04134665367171214,41.59509627787443,31.41594978705896,0.03150779465920808,0.01575389732960404,7.078886359301491,0.41196856418114974,0.20376611999273678,eiip
