nameseq,average,median,maximum,minimum,peak,none_levated_peak,sample_standard_deviation,population_standard_deviation,percentile15,percentile25,percentile50,percentile75,amplitude,variance,interquartile_range,semi_interquartile_range,coefficient_of_variation,skewness,kurtosis,label
8_76806070_76808994,44.26738729999997,0.8119965182088965,126054.82176400002,0.00028584412932507473,22.02524385260028,901.5229034812144,2330.3346460598455,2330.7330960321615,0.19042209799600907,0.32413849609497103,0.8119965182088965,1.616635236645957,126054.82147815589,5432316.764939665,1.2924967405509862,0.6462483702754931,52.64224496167288,0.05594311210443433,0.2612952631629869,eiip
