nameseq,average,median,maximum,minimum,peak,none_levated_peak,sample_standard_deviation,population_standard_deviation,percentile15,percentile25,percentile50,percentile75,amplitude,variance,interquartile_range,semi_interquartile_range,coefficient_of_variation,skewness,kurtosis,label
8_77394531_77394861,4.7639283799999905,0.09988030411876252,1524.4964070399997,0.0008026528414778471,23.160157863946214,233.84412333569688,83.65867051294462,83.78533019260782,0.029770600583195354,0.05529062684275606,0.09988030411876252,0.19492940296173084,1524.4956043871582,7019.981555484318,0.13963877611897477,0.06981938805948738,17.5608581489516,0.1672527682050441,0.18791677909831248,eiip
