nameseq,average,median,maximum,minimum,peak,none_levated_peak,sample_standard_deviation,population_standard_deviation,percentile15,percentile25,percentile50,percentile75,amplitude,variance,interquartile_range,semi_interquartile_range,coefficient_of_variation,skewness,kurtosis,label
8_90863342_90863635,4.177591190000003,0.09572231330674985,1185.0048912100003,0.00040494024762156297,23.4584945110438,214.77117434884892,68.98482395825697,69.10244522688873,0.025968748568443323,0.04597008732646249,0.09572231330674985,0.21509627048505064,1185.0044862697528,4775.147936335158,0.16912618315858816,0.08456309157929408,16.513062389490752,0.17751160222557982,0.26881032453715276,eiip
