nameseq,average,median,maximum,minimum,peak,none_levated_peak,sample_standard_deviation,population_standard_deviation,percentile15,percentile25,percentile50,percentile75,amplitude,variance,interquartile_range,semi_interquartile_range,coefficient_of_variation,skewness,kurtosis,label
8_95284606_95294840,150.4997139499996,3.1455581503650705,1493031.0567122495,0.00019258110177053063,22.668924592110002,1693.4570472842163,14757.146196689922,14757.867165310272,0.7291756502510339,1.3362204645061793,3.1455581503650705,6.296775757027504,1493031.0565196683,217794643.26894304,4.960555292521325,2.4802776462606624,98.05431392110604,0.029955823538433173,0.24273724243113443,eiip
