nameseq,average,median,maximum,minimum,peak,none_levated_peak,sample_standard_deviation,population_standard_deviation,percentile15,percentile25,percentile50,percentile75,amplitude,variance,interquartile_range,semi_interquartile_range,coefficient_of_variation,skewness,kurtosis,label
8_96814925_96815018,1.3670863899999994,0.020183163426315494,124.07509320999999,0.0013180372372187546,22.919790265290658,105.19555544683514,12.724374404358878,12.792602102045263,0.006126886671317737,0.008958939324822491,0.020183163426315494,0.06519449940833281,124.07377517276278,163.65066854125288,0.05623556008351033,0.028117780041755164,9.307659338455474,0.3175566476837448,0.20631720717791438,eiip
