nameseq,average,median,maximum,minimum,peak,none_levated_peak,sample_standard_deviation,population_standard_deviation,percentile15,percentile25,percentile50,percentile75,amplitude,variance,interquartile_range,semi_interquartile_range,coefficient_of_variation,skewness,kurtosis,label
9_103037233_103037307,1.1208336199999993,0.025959730664111048,81.41813823999999,0.00023325107563264093,22.304827009025672,87.30728084156615,9.334430251085932,9.397289077483933,0.0073475351784779664,0.011505846297559491,0.025959730664111048,0.04999331834858155,81.41790498892436,88.30904200579882,0.038487472051022056,0.019243736025511028,8.328114079131511,0.35188239449596237,0.2345546901201661,eiip
