nameseq,average,median,maximum,minimum,peak,none_levated_peak,sample_standard_deviation,population_standard_deviation,percentile15,percentile25,percentile50,percentile75,amplitude,variance,interquartile_range,semi_interquartile_range,coefficient_of_variation,skewness,kurtosis,label
9_103935678_103935962,4.1494373399999995,0.08625838461854882,1144.0900353599998,0.0006592191854763868,22.89467034101544,214.84361453705822,67.64316838597183,67.76215382249659,0.023029271961014505,0.035356744487829134,0.08625838461854882,0.18317504182934502,1144.0893761408142,4591.709490663689,0.1478182973415159,0.07390914867075794,16.301768852827607,0.18020351732477805,0.23074455638323998,eiip
