nameseq,average,median,maximum,minimum,peak,none_levated_peak,sample_standard_deviation,population_standard_deviation,percentile15,percentile25,percentile50,percentile75,amplitude,variance,interquartile_range,semi_interquartile_range,coefficient_of_variation,skewness,kurtosis,label
9_108804265_108804443,2.6058535899999966,0.06371877590446029,451.00592160999946,0.00037205880909179745,22.897167705675567,157.08567065163845,33.60913472570641,33.70341018361683,0.01873195054618038,0.03025027187113327,0.06371877590446029,0.09666010436996636,451.00554955119037,1135.9198580051268,0.06640983249883309,0.033204916249416544,12.897552976376717,0.22691463212391028,0.1936057238028946,eiip
