nameseq,average,median,maximum,minimum,peak,none_levated_peak,sample_standard_deviation,population_standard_deviation,percentile15,percentile25,percentile50,percentile75,amplitude,variance,interquartile_range,semi_interquartile_range,coefficient_of_variation,skewness,kurtosis,label
9_117011720_117011838,1.7548798000000017,0.0365705643897189,201.58320400000002,0.001265634644163068,22.603637392524906,120.2625774325219,18.395884722401583,18.47366893708922,0.01120873646611684,0.01899397085151077,0.0365705643897189,0.07019964480395835,201.58193836535585,341.2764439971751,0.05120567395244758,0.02560283697622379,10.482703557475313,0.28022178789549795,0.17723322078796339,eiip
