nameseq,average,median,maximum,minimum,peak,none_levated_peak,sample_standard_deviation,population_standard_deviation,percentile15,percentile25,percentile50,percentile75,amplitude,variance,interquartile_range,semi_interquartile_range,coefficient_of_variation,skewness,kurtosis,label
9_110073383_110073469,1.18885119,0.042618036550873664,99.04031360999997,0.000632380593729663,24.39329685997118,92.79397344760434,10.551701618736244,10.612871415925436,0.00402176130616604,0.017745647170028685,0.042618036550873664,0.0705621875176183,99.03968122940624,112.63303969096717,0.052816540347589605,0.026408270173794803,8.875544481505917,0.325890513643924,0.20958557331307429,eiip
