nameseq,average,median,maximum,minimum,peak,none_levated_peak,sample_standard_deviation,population_standard_deviation,percentile15,percentile25,percentile50,percentile75,amplitude,variance,interquartile_range,semi_interquartile_range,coefficient_of_variation,skewness,kurtosis,label
9_114299105_114299798,10.621726480000001,0.17275396996768322,7194.907399840003,0.0013298397121236532,21.779259122226364,407.1388637391361,272.908559657711,273.105392398523,0.043142707353965186,0.06601044006199636,0.17275396996768322,0.3801001635327523,7194.90607000029,74586.55535715124,0.3140897234707559,0.15704486173537796,25.69342753944752,0.11486234645557863,0.2681822685343667,eiip
