nameseq,average,median,maximum,minimum,peak,none_levated_peak,sample_standard_deviation,population_standard_deviation,percentile15,percentile25,percentile50,percentile75,amplitude,variance,interquartile_range,semi_interquartile_range,coefficient_of_variation,skewness,kurtosis,label
9_124936079_124936260,2.8727783100000024,0.030988785504087294,514.0694636100001,0.0014036843674054894,21.117768278703906,187.47794863632734,37.99697237076255,38.10179180403315,0.012372053072125728,0.01744515503824876,0.030988785504087294,0.07455303203924699,514.0680599256326,1451.7465386778874,0.05710787700099823,0.028553938500499115,13.226559194803485,0.22436968109721664,0.25067111641207146,eiip
