nameseq,average,median,maximum,minimum,peak,none_levated_peak,sample_standard_deviation,population_standard_deviation,percentile15,percentile25,percentile50,percentile75,amplitude,variance,interquartile_range,semi_interquartile_range,coefficient_of_variation,skewness,kurtosis,label
9_124289871_124290583,10.806408019999997,0.19774164686534,7505.831150440001,0.00045038648594276416,21.99312354547452,401.0403445986038,280.88806196770804,281.0852456086778,0.0481386702800361,0.08030577654070196,0.19774164686534,0.39550535717298074,7505.830700053515,79008.9152988907,0.31519958063227876,0.15759979031613938,25.992731483750518,0.11330491903590693,0.28165243485938035,eiip
