nameseq,average,median,maximum,minimum,peak,none_levated_peak,sample_standard_deviation,population_standard_deviation,percentile15,percentile25,percentile50,percentile75,amplitude,variance,interquartile_range,semi_interquartile_range,coefficient_of_variation,skewness,kurtosis,label
9_12062231_12081740,274.68113652999955,7.214401645008536,5148135.463870092,0.0008726223141719689,23.675937181157927,2167.5223271124114,36856.095827445235,36857.04040747352,1.7466292440910633,3.08281098898689,7.214401645008536,14.333915358242328,5148135.46299747,1358441427.5981357,11.251104369255437,5.625552184627718,134.17774621527374,0.021771166658880303,0.24052029773605743,eiip
