nameseq,average,median,maximum,minimum,peak,none_levated_peak,sample_standard_deviation,population_standard_deviation,percentile15,percentile25,percentile50,percentile75,amplitude,variance,interquartile_range,semi_interquartile_range,coefficient_of_variation,skewness,kurtosis,label
9_127732865_127734660,26.812825320000012,0.535100199919399,46722.63817764,0.0021318774742652307,22.327623423560436,659.5563245695445,1102.1633065948479,1102.4702731254051,0.12281997146628093,0.222241576827188,0.535100199919399,1.104470183784306,46722.63604576253,1215440.7031252054,0.882228606957118,0.441114303478559,41.10582504607341,0.07152585727408968,0.24644938211499087,eiip
