nameseq,average,median,maximum,minimum,peak,none_levated_peak,sample_standard_deviation,population_standard_deviation,percentile15,percentile25,percentile50,percentile75,amplitude,variance,interquartile_range,semi_interquartile_range,coefficient_of_variation,skewness,kurtosis,label
9_124561959_124567542,80.2530451799995,1.8947294195246258,431596.1788160404,0.00014719584099626536,23.193304742001377,1151.7831823571132,5775.1488962976755,5775.666081530996,0.4358952350946018,0.7718315407075056,1.8947294195246258,3.9500861040906274,431596.1786688446,33358318.685347613,3.178254563383122,1.589127281691561,71.96174155565808,0.0407045690946819,0.2446499144286571,eiip
