nameseq,average,median,maximum,minimum,peak,none_levated_peak,sample_standard_deviation,population_standard_deviation,percentile15,percentile25,percentile50,percentile75,amplitude,variance,interquartile_range,semi_interquartile_range,coefficient_of_variation,skewness,kurtosis,label
9_13883586_13883806,3.36961129,0.05753817360978195,726.2432112100003,0.00034937517567057376,21.862066667834164,195.2830542534387,48.736198448381735,48.846836952737476,0.014727473383862624,0.021973205874769298,0.05753817360978195,0.1294041520183301,726.2428618348246,2386.0134802873195,0.10743094614356082,0.05371547307178041,14.46344823007218,0.20387760361929877,0.271006871758419,eiip
