nameseq,average,median,maximum,minimum,peak,none_levated_peak,sample_standard_deviation,population_standard_deviation,percentile15,percentile25,percentile50,percentile75,amplitude,variance,interquartile_range,semi_interquartile_range,coefficient_of_variation,skewness,kurtosis,label
9_133207950_133208083,2.0589344200000035,0.0298587633944854,269.4916224400001,1.5637684140098833e-05,21.694069627854677,142.36239180934058,23.189408029733194,23.276422999732105,0.009606030725687217,0.014931816737192603,0.0298587633944854,0.06630321415961188,269.49160680231597,541.7918676624577,0.05137139742241928,0.02568569871120964,11.262820128935022,0.26250031747302827,0.25989523958706273,eiip
