nameseq,average,median,maximum,minimum,peak,none_levated_peak,sample_standard_deviation,population_standard_deviation,percentile15,percentile25,percentile50,percentile75,amplitude,variance,interquartile_range,semi_interquartile_range,coefficient_of_variation,skewness,kurtosis,label
9_143981084_143981142,0.8099254799999994,0.024696151231824885,45.95212943999999,0.0006104189830700803,24.282069341325922,72.37940258773939,5.927524109251454,5.978405077760082,0.004324830218050942,0.012536507975459927,0.024696151231824885,0.04849622213584971,45.95151902101692,35.74132727378754,0.03595971416038979,0.017979857080194894,7.318604310672456,0.39741516742679384,0.2424464498412854,eiip
