nameseq,average,median,maximum,minimum,peak,none_levated_peak,sample_standard_deviation,population_standard_deviation,percentile15,percentile25,percentile50,percentile75,amplitude,variance,interquartile_range,semi_interquartile_range,coefficient_of_variation,skewness,kurtosis,label
9_14010275_14010469,2.8466470900000016,0.06179579354751184,538.32816361,0.0009462751543136902,22.833880683116206,170.51585707137625,38.44541121892866,38.544369970066896,0.01703935581797036,0.025593606522892182,0.06179579354751184,0.12742147408463586,538.3272173348457,1485.6684563893948,0.10182786756174368,0.05091393378087184,13.505506655174681,0.2173095208107461,0.26219204352255754,eiip
