nameseq,average,median,maximum,minimum,peak,none_levated_peak,sample_standard_deviation,population_standard_deviation,percentile15,percentile25,percentile50,percentile75,amplitude,variance,interquartile_range,semi_interquartile_range,coefficient_of_variation,skewness,kurtosis,label
9_143807475_143807569,1.432609340000002,0.025311222971145707,132.30520576000004,0.0013470209571078873,22.10418833836908,108.02912400989807,13.4985636058845,13.570174525406973,0.00724049667652363,0.009637157030079203,0.025311222971145707,0.04513824117288443,132.30385873904294,184.14963665000434,0.03550108414280523,0.017750542071402614,9.42236186027133,0.31276619308191395,0.16635225518643013,eiip
