nameseq,average,median,maximum,minimum,peak,none_levated_peak,sample_standard_deviation,population_standard_deviation,percentile15,percentile25,percentile50,percentile75,amplitude,variance,interquartile_range,semi_interquartile_range,coefficient_of_variation,skewness,kurtosis,label
9_147123618_147123876,3.7447290099999937,0.08203738516622469,936.7945704099999,0.0003316377470758929,23.05462774550233,201.87198529429395,58.08929861914004,58.2017659047233,0.01685877631786976,0.026752306444720445,0.08203738516622469,0.18218076033859074,936.7942387722528,3387.445554428212,0.15542845389387028,0.07771422694693514,15.512283656311926,0.18915833269986856,0.25052176334886817,eiip
