nameseq,average,median,maximum,minimum,peak,none_levated_peak,sample_standard_deviation,population_standard_deviation,percentile15,percentile25,percentile50,percentile75,amplitude,variance,interquartile_range,semi_interquartile_range,coefficient_of_variation,skewness,kurtosis,label
9_142103060_142103369,4.664003019999994,0.08437242391053201,1409.19153664,0.00010046942092279733,22.155503092563062,241.85706644997066,79.90085991252347,80.03004489568829,0.01934058718703831,0.03696882891168038,0.08437242391053201,0.16155300168421347,1409.1914361705792,6404.808086005883,0.12458417277253309,0.06229208638626654,17.131391118293827,0.17194923563163036,0.2378318913504006,eiip
