nameseq,average,median,maximum,minimum,peak,none_levated_peak,sample_standard_deviation,population_standard_deviation,percentile15,percentile25,percentile50,percentile75,amplitude,variance,interquartile_range,semi_interquartile_range,coefficient_of_variation,skewness,kurtosis,label
9_154502310_154502669,5.4458194800000035,0.1048612759750592,1908.8860046400002,0.00035443885163438145,22.03525115746215,263.9142099206152,100.45983496254448,100.59965386801186,0.02066457601631424,0.039824907262528804,0.1048612759750592,0.19016295496849278,1908.8856502011486,10120.290358363793,0.15033804770596398,0.07516902385298199,18.447147455307206,0.15949533082598447,0.23118529710153038,eiip
