nameseq,average,median,maximum,minimum,peak,none_levated_peak,sample_standard_deviation,population_standard_deviation,percentile15,percentile25,percentile50,percentile75,amplitude,variance,interquartile_range,semi_interquartile_range,coefficient_of_variation,skewness,kurtosis,label
9_150974974_150975081,1.668012510000001,0.019999081698427255,176.36105601000003,5.757068432352221e-05,21.58257194366005,127.20391065515533,16.888266231243787,16.966999833959125,0.00710153110881782,0.009236844673995845,0.019999081698427255,0.039195592451037216,176.3609984393157,287.87908336556893,0.02995874777704137,0.014979373888520685,10.124783914986212,0.2927500204703134,0.15539202302948169,eiip
