nameseq,average,median,maximum,minimum,peak,none_levated_peak,sample_standard_deviation,population_standard_deviation,percentile15,percentile25,percentile50,percentile75,amplitude,variance,interquartile_range,semi_interquartile_range,coefficient_of_variation,skewness,kurtosis,label
9_18677625_18677784,2.2943204799999988,0.05867851255436125,353.95907044,0.0008918186237010548,23.245807984651456,143.1651824241835,27.88893776857229,27.97650136792001,0.016347304040936116,0.024910684431212624,0.05867851255436125,0.10208284598818924,353.9581786213763,782.6846287892304,0.07717216155697662,0.03858608077848831,12.15564172995235,0.24048696146092977,0.1781719178922404,eiip
