nameseq,average,median,maximum,minimum,peak,none_levated_peak,sample_standard_deviation,population_standard_deviation,percentile15,percentile25,percentile50,percentile75,amplitude,variance,interquartile_range,semi_interquartile_range,coefficient_of_variation,skewness,kurtosis,label
9_21795098_21813332,261.7012933400015,6.341881202705857,4600589.1463225605,0.0009025315810145777,23.22622580789611,2156.8461632491512,34068.090563645295,34069.02474219856,1.4515304119473962,2.621634196032954,6.341881202705857,12.948650054868203,4600589.145420029,1160698446.884538,10.32701585883525,5.163507929417625,130.17929765973355,0.02248667958014012,0.25201526328662577,eiip
