nameseq,average,median,maximum,minimum,peak,none_levated_peak,sample_standard_deviation,population_standard_deviation,percentile15,percentile25,percentile50,percentile75,amplitude,variance,interquartile_range,semi_interquartile_range,coefficient_of_variation,skewness,kurtosis,label
9_22276492_22276605,1.7393736999999991,0.027480900332258133,193.404649,0.0016879374468739688,21.846944104076094,123.83678850487301,18.030401058519193,18.11000586527167,0.009076782604961756,0.0166913097140852,0.027480900332258133,0.061354433764874504,193.40296106255315,327.9723124401743,0.0446631240507893,0.02233156202539465,10.366030634198506,0.28483439621420203,0.2587415232466835,eiip
