nameseq,average,median,maximum,minimum,peak,none_levated_peak,sample_standard_deviation,population_standard_deviation,percentile15,percentile25,percentile50,percentile75,amplitude,variance,interquartile_range,semi_interquartile_range,coefficient_of_variation,skewness,kurtosis,label
9_22671702_22672382,10.188181099999994,0.14178567252956611,6710.722561000001,0.0003306580245294995,22.280718979367194,389.44361606431704,256.95437225636925,257.1432398836748,0.027391007928387293,0.05088923751390175,0.14178567252956611,0.34881233284988383,6710.722230341977,66122.64581787313,0.2979230953359821,0.14896154766799105,25.220828893232905,0.11729392272158236,0.17970672731316004,eiip
