nameseq,average,median,maximum,minimum,peak,none_levated_peak,sample_standard_deviation,population_standard_deviation,percentile15,percentile25,percentile50,percentile75,amplitude,variance,interquartile_range,semi_interquartile_range,coefficient_of_variation,skewness,kurtosis,label
9_22835833_22837434,24.236152330000017,0.41378360359695276,37802.752698489996,0.0006010595422873767,22.0332003499996,649.766669366696,944.1681637796852,944.4629860081914,0.09213843127615831,0.16926478892844835,0.41378360359695276,0.9083794914323252,37802.75209743046,892010.3319395091,0.7391147025038769,0.36955735125193845,38.957015574249134,0.07569319631908869,0.2694467695298942,eiip
