nameseq,average,median,maximum,minimum,peak,none_levated_peak,sample_standard_deviation,population_standard_deviation,percentile15,percentile25,percentile50,percentile75,amplitude,variance,interquartile_range,semi_interquartile_range,coefficient_of_variation,skewness,kurtosis,label
9_23519694_23519888,2.8571471099999983,0.06498753494585098,537.17796441,0.0004633533571647987,22.74996613667542,165.10196239848128,38.36216891867013,38.46091340355878,0.007258623020363382,0.029762917253916606,0.06498753494585098,0.13858755984080734,537.1775010566428,1479.241859836047,0.10882464258689073,0.054412321293445365,13.42673913583335,0.2183525843630226,0.2097117649612338,eiip
