nameseq,average,median,maximum,minimum,peak,none_levated_peak,sample_standard_deviation,population_standard_deviation,percentile15,percentile25,percentile50,percentile75,amplitude,variance,interquartile_range,semi_interquartile_range,coefficient_of_variation,skewness,kurtosis,label
9_2340585_2340691,1.7212955999999997,0.01755902875159978,181.6025759999999,0.0003831016630512324,20.720826025853242,133.8916814855539,17.471626603213572,17.553846476653305,0.0057862221046030525,0.012576860929730437,0.01755902875159978,0.031036360121507577,181.60219289833685,308.1375261259137,0.01845949919177714,0.00922974959588857,10.150276688799748,0.2925434379879141,0.1629147777953712,eiip
