nameseq,average,median,maximum,minimum,peak,none_levated_peak,sample_standard_deviation,population_standard_deviation,percentile15,percentile25,percentile50,percentile75,amplitude,variance,interquartile_range,semi_interquartile_range,coefficient_of_variation,skewness,kurtosis,label
9_2386586_2387794,16.53609339999996,0.5191031601144206,19111.680025,0.0003043530781334022,24.37093152848308,461.98099887893045,549.4020892423323,549.6294437272313,0.1490810249142257,0.24440665944469211,0.5191031601144206,0.9297505290356497,19111.679720646924,302092.5254119057,0.6853438695909576,0.3426719347954788,33.22441860677527,0.0874604805124105,0.2373684739794854,eiip
