nameseq,average,median,maximum,minimum,peak,none_levated_peak,sample_standard_deviation,population_standard_deviation,percentile15,percentile25,percentile50,percentile75,amplitude,variance,interquartile_range,semi_interquartile_range,coefficient_of_variation,skewness,kurtosis,label
9_40494201_40494406,3.402891400000001,0.02634198230934521,693.110929,6.686503503424987e-05,20.17891804207053,228.59620764246603,48.17131370224891,48.28866177796624,0.007565740902705768,0.00971309502184041,0.02634198230934521,0.05408443159433364,693.110862134965,2331.794856306818,0.04437133657249323,0.022185668286246615,14.155995017134222,0.21028382816553864,0.2608473039364967,eiip
