nameseq,average,median,maximum,minimum,peak,none_levated_peak,sample_standard_deviation,population_standard_deviation,percentile15,percentile25,percentile50,percentile75,amplitude,variance,interquartile_range,semi_interquartile_range,coefficient_of_variation,skewness,kurtosis,label
9_49570763_49570907,2.1018542100000013,0.04408433974573833,294.6406580100001,0.0003106033504748734,22.99556891404628,138.5475462332091,24.378339838261834,24.462840403030828,0.01155070170666617,0.019976221555208725,0.04408433974573833,0.10270455168928848,294.6403474066496,598.4305605841574,0.08272833013407975,0.041364165067039875,11.598492284705998,0.2532292868062234,0.23558509648350745,eiip
