nameseq,average,median,maximum,minimum,peak,none_levated_peak,sample_standard_deviation,population_standard_deviation,percentile15,percentile25,percentile50,percentile75,amplitude,variance,interquartile_range,semi_interquartile_range,coefficient_of_variation,skewness,kurtosis,label
9_5059547_5059615,0.9809820900000001,0.024795144846109205,65.23631361,0.0006225926060186699,23.4458918612877,82.28983569104027,7.792189074391287,7.8492754718128035,0.004706346792687555,0.006300131490926918,0.024795144846109205,0.048970072366059283,65.23569101739398,61.61112543240211,0.042669940875132366,0.021334970437566183,7.943253147864592,0.3681328581834701,0.2188105443004895,eiip
