nameseq,average,median,maximum,minimum,peak,none_levated_peak,sample_standard_deviation,population_standard_deviation,percentile15,percentile25,percentile50,percentile75,amplitude,variance,interquartile_range,semi_interquartile_range,coefficient_of_variation,skewness,kurtosis,label
9_50266877_50267045,2.341412189999999,0.06266092377359088,379.34963361,0.00040782701386486546,24.059554133154727,146.04276015891801,29.08699925472737,29.173439264770472,0.013496744423380422,0.025927471791475934,0.06266092377359088,0.15000839154949527,379.34922578298614,851.0895585352515,0.12408091975801934,0.06204045987900967,12.422844375268834,0.23502781221298247,0.28975873276456654,eiip
