nameseq,average,median,maximum,minimum,peak,none_levated_peak,sample_standard_deviation,population_standard_deviation,percentile15,percentile25,percentile50,percentile75,amplitude,variance,interquartile_range,semi_interquartile_range,coefficient_of_variation,skewness,kurtosis,label
9_5085696_5086175,7.164397440000011,0.11039589024697691,3336.0327705600002,0.0005535032274977274,22.332652723408902,313.9322858606711,152.1001985658835,152.25888426221462,0.0275583308112102,0.04478626997798491,0.11039589024697691,0.24326816380702812,3336.032217056773,23182.76783677447,0.19848189382904322,0.09924094691452161,21.23000571083383,0.13913199883228689,0.1840499982437337,eiip
