nameseq,average,median,maximum,minimum,peak,none_levated_peak,sample_standard_deviation,population_standard_deviation,percentile15,percentile25,percentile50,percentile75,amplitude,variance,interquartile_range,semi_interquartile_range,coefficient_of_variation,skewness,kurtosis,label
9_50079112_50084805,84.48522719999953,1.7041585686149388,466646.10322499985,0.0007765293358152393,22.465466009896822,1253.3191237866456,6183.558707709556,6184.1017682390975,0.40395200256343766,0.7226733921558769,1.7041585686149388,3.4225949684865733,466646.10244847054,38243114.67993794,2.6999215763306963,1.3499607881653481,73.19100525197607,0.04016185786099575,0.26151399526657615,eiip
