nameseq,average,median,maximum,minimum,peak,none_levated_peak,sample_standard_deviation,population_standard_deviation,percentile15,percentile25,percentile50,percentile75,amplitude,variance,interquartile_range,semi_interquartile_range,coefficient_of_variation,skewness,kurtosis,label
9_52565714_52566026,4.803035830000004,0.08379702528964722,1467.3726196900006,0.00010700273680282022,21.72237247985161,247.140161696394,82.80178360516759,82.93437261500074,0.019375733043801097,0.03613167081269806,0.08379702528964722,0.15120581660915972,1467.372512687264,6878.1101610437845,0.11507414579646166,0.05753707289823083,17.23946823131809,0.17098323004297578,0.23141057934625678,eiip
