nameseq,average,median,maximum,minimum,peak,none_levated_peak,sample_standard_deviation,population_standard_deviation,percentile15,percentile25,percentile50,percentile75,amplitude,variance,interquartile_range,semi_interquartile_range,coefficient_of_variation,skewness,kurtosis,label
9_53256803_53259279,35.77359343999998,0.851167827433458,85607.38663876007,0.00105184894168614,23.08033907892109,758.1456261865435,1719.707282680491,1720.0545229228348,0.17955077662989566,0.32359345890482316,0.851167827433458,1.733802071909044,85607.38558691113,2958587.561827301,1.4102086130042206,0.7051043065021103,48.07197480915107,0.06092157537089674,0.2674395229344644,eiip
