nameseq,average,median,maximum,minimum,peak,none_levated_peak,sample_standard_deviation,population_standard_deviation,percentile15,percentile25,percentile50,percentile75,amplitude,variance,interquartile_range,semi_interquartile_range,coefficient_of_variation,skewness,kurtosis,label
9_74984014_74984150,2.0192679699999987,0.019811337810263528,269.34389688999977,4.8571175112420346e-05,22.615456365935767,153.9773673842487,22.923194457159532,23.007316554379,0.004416526896023128,0.009006970729489281,0.019811337810263528,0.043926127493524675,269.34384831882466,529.3366150334019,0.0349191567640354,0.0174595783820177,11.35223001489968,0.26167251286810733,0.18704856375480702,eiip
