nameseq,average,median,maximum,minimum,peak,none_levated_peak,sample_standard_deviation,population_standard_deviation,percentile15,percentile25,percentile50,percentile75,amplitude,variance,interquartile_range,semi_interquartile_range,coefficient_of_variation,skewness,kurtosis,label
9_74806272_74806795,7.79496537999998,0.14551694042505908,3969.478814439998,0.002018256275016261,22.40762571118271,328.9958681733714,173.2325015068646,173.3980366631311,0.031291002907903084,0.05614384578072919,0.14551694042505908,0.30739602644926806,3969.4767961837233,30066.879118628563,0.2512521806685389,0.12562609033426944,22.223639626589982,0.13247136143107302,0.24002646443145917,eiip
