nameseq,average,median,maximum,minimum,peak,none_levated_peak,sample_standard_deviation,population_standard_deviation,percentile15,percentile25,percentile50,percentile75,amplitude,variance,interquartile_range,semi_interquartile_range,coefficient_of_variation,skewness,kurtosis,label
9_7697769_7710758,193.7059066799996,3.821978293874426,2443987.5569456387,0.00028911983723482477,22.353474265258832,1966.5167978077327,21442.564554254026,21443.389950815115,0.8967430566733071,1.5921810643169887,3.821978293874426,7.538590585802027,2443987.556656519,459818972.58271873,5.946409521485037,2.9732047607425187,110.69649305881492,0.0265664017807684,0.2440765026124557,eiip
