nameseq,average,median,maximum,minimum,peak,none_levated_peak,sample_standard_deviation,population_standard_deviation,percentile15,percentile25,percentile50,percentile75,amplitude,variance,interquartile_range,semi_interquartile_range,coefficient_of_variation,skewness,kurtosis,label
9_77519066_77528686,144.25583932999808,2.6990125210456832,1348390.7815252903,0.0011354524548790289,22.231335763564495,1682.068131492898,13746.172672832417,13746.887112305512,0.6588601734633287,1.1553700799757929,2.6990125210456832,5.533947155338682,1348390.780389838,188976905.2784714,4.378577075362889,2.1892885376814446,95.29023391134152,0.030893725150577006,0.23579350913991157,eiip
