nameseq,average,median,maximum,minimum,peak,none_levated_peak,sample_standard_deviation,population_standard_deviation,percentile15,percentile25,percentile50,percentile75,amplitude,variance,interquartile_range,semi_interquartile_range,coefficient_of_variation,skewness,kurtosis,label
9_77587507_77623803,536.6742141999954,11.036053415888638,18882527.232409,0.0013404920224987652,22.544403438565848,3272.951129181311,99110.21087690344,99111.57617236623,2.637173579492452,4.665962350306588,11.036053415888638,22.66631235509379,18882527.231068507,9823104531.370752,18.0003500047872,9.0001750023936,184.67481435575237,0.015910716649678757,0.24956977883679887,eiip
