nameseq,average,median,maximum,minimum,peak,none_levated_peak,sample_standard_deviation,population_standard_deviation,percentile15,percentile25,percentile50,percentile75,amplitude,variance,interquartile_range,semi_interquartile_range,coefficient_of_variation,skewness,kurtosis,label
9_77302451_77308184,82.1529068899999,2.071218452535682,453839.2182408101,0.00016731400146588888,23.26555937810633,1160.314734751598,5992.837345539651,5993.359984300993,0.45601607654162574,0.845430448392605,2.071218452535682,4.16175124360062,453839.2180734961,35920363.90142041,3.316320795208015,1.6581603976040076,72.94735600243419,0.0400887011377344,0.25225290057105204,eiip
