nameseq,average,median,maximum,minimum,peak,none_levated_peak,sample_standard_deviation,population_standard_deviation,percentile15,percentile25,percentile50,percentile75,amplitude,variance,interquartile_range,semi_interquartile_range,coefficient_of_variation,skewness,kurtosis,label
9_77710310_77710421,1.6613474200000022,0.033322393432365066,181.12314723999998,0.0009354797471134924,22.47171957165545,123.62061355517619,17.033831558200387,17.110388490266853,0.004048714838451681,0.008383508068975021,0.033322393432365066,0.054535999999999876,181.12221176025287,292.76539428785645,0.04615249193102486,0.02307624596551243,10.25302194660787,0.2867279192596942,0.21680312395737122,eiip
