nameseq,average,median,maximum,minimum,peak,none_levated_peak,sample_standard_deviation,population_standard_deviation,percentile15,percentile25,percentile50,percentile75,amplitude,variance,interquartile_range,semi_interquartile_range,coefficient_of_variation,skewness,kurtosis,label
9_78984018_78984033,0.24198208,0.0068830387511307845,3.7705872400000007,0.0002660879340265571,22.040199560782902,27.97602069114156,0.9110958853643912,0.9409757842171704,0.002127279922445796,0.0023256396897832167,0.0068830387511307845,0.012562872876623584,3.770321152065974,0.8854354264831189,0.010237233186840368,0.005118616593420184,3.7651378373323814,0.774119535689183,0.37482830982301757,eiip
