nameseq,average,median,maximum,minimum,peak,none_levated_peak,sample_standard_deviation,population_standard_deviation,percentile15,percentile25,percentile50,percentile75,amplitude,variance,interquartile_range,semi_interquartile_range,coefficient_of_variation,skewness,kurtosis,label
9_79907042_79907578,8.073450900000012,0.13615595516340576,4206.041315999998,0.0001764142229268923,22.171436008857096,330.67327140753906,181.32498052729358,181.49404814493332,0.0373770725821565,0.06326664684418438,0.13615595516340576,0.2895825907638491,4206.041139585775,32940.089512035374,0.22631594391966475,0.11315797195983238,22.459414539486865,0.13132159046847702,0.21490865321644656,eiip
