nameseq,average,median,maximum,minimum,peak,none_levated_peak,sample_standard_deviation,population_standard_deviation,percentile15,percentile25,percentile50,percentile75,amplitude,variance,interquartile_range,semi_interquartile_range,coefficient_of_variation,skewness,kurtosis,label
9_90806386_90806489,1.5970358400000024,0.029506781732092587,161.78313636000004,0.0002073600000000055,21.706880834099884,113.70213370999376,15.783657601556747,15.860092225839768,0.009728926373204855,0.015090792723326196,0.029506781732092587,0.04669770928151773,161.78292900000005,251.54252541214302,0.03160691655819153,0.015803458279095767,9.883095423554629,0.29794026793510214,0.15457815913941356,eiip
