nameseq,average,median,maximum,minimum,peak,none_levated_peak,sample_standard_deviation,population_standard_deviation,percentile15,percentile25,percentile50,percentile75,amplitude,variance,interquartile_range,semi_interquartile_range,coefficient_of_variation,skewness,kurtosis,label
9_96267495_96267891,6.039849360000003,0.09180866641138262,2333.237772960001,0.0017373800187544268,21.910038718802298,278.2996690826449,116.94622668624658,117.09379296158764,0.02871144055712197,0.04442093479270343,0.09180866641138262,0.21725691773153197,2333.2360355799824,13710.95635013115,0.17283598293882854,0.08641799146941427,19.362440967608258,0.1525839916891001,0.23434934588139947,eiip
