nameseq,average,median,maximum,minimum,peak,none_levated_peak,sample_standard_deviation,population_standard_deviation,percentile15,percentile25,percentile50,percentile75,amplitude,variance,interquartile_range,semi_interquartile_range,coefficient_of_variation,skewness,kurtosis,label
1_10030958_10031048,0.04158057851239667,0.006394276160788064,2.9054752066115705,0.0,705.4575569358183,290.0986170353153,0.30717374161524175,0.3089340640013852,0.0014441905033782513,0.003794650957845124,0.006394276160788064,0.012267951006308522,2.9054752066115705,0.09544025590041194,0.008473300048463398,0.004236650024231699,7.387433090274639,0.34364560753062773,0.24541643224299148,signal_frequency
