nameseq,average,median,maximum,minimum,peak,none_levated_peak,sample_standard_deviation,population_standard_deviation,percentile15,percentile25,percentile50,percentile75,amplitude,variance,interquartile_range,semi_interquartile_range,coefficient_of_variation,skewness,kurtosis,label
1_100396204_100396556,0.0338122448979592,0.003877798795605722,9.276375510204081,2.9215337550511187e-05,3450.4265250281655,1457.517994866214,0.4948504333670749,0.4955588810216865,0.0006898440062508975,0.0012857610930488983,0.003877798795605722,0.009121995123216521,9.276346294866531,0.245578604559466,0.007836234030167623,0.003918117015083811,14.635243381812325,0.1814757192309969,0.25030095985357725,signal_frequency
