nameseq,average,median,maximum,minimum,peak,none_levated_peak,sample_standard_deviation,population_standard_deviation,percentile15,percentile25,percentile50,percentile75,amplitude,variance,interquartile_range,semi_interquartile_range,coefficient_of_variation,skewness,kurtosis,label
1_1044058_1056800,0.27729024395653745,0.011259405131470364,3177.932651557907,2.0263079591706383e-06,15314.87947816978,31240.461456024037,28.15401255941006,28.15511757000999,0.0021979817627219523,0.0042074772541576076,0.011259405131470364,0.027981054170734286,3177.932649531599,792.7106453810851,0.02377357691657668,0.01188678845828834,101.53264737227079,0.028347380849926156,0.1822665668118596,signal_frequency
