nameseq,average,median,maximum,minimum,peak,none_levated_peak,sample_standard_deviation,population_standard_deviation,percentile15,percentile25,percentile50,percentile75,amplitude,variance,interquartile_range,semi_interquartile_range,coefficient_of_variation,skewness,kurtosis,label
1_101965978_101966039,0.04108014938236142,0.005805725345968267,1.979029014650962,4.9021228853445096e-05,478.7389277389275,197.29854483684412,0.2545553625363416,0.2567404271849525,0.000973631001771194,0.0017203685468069468,0.005805725345968267,0.011383960963813408,1.9789799934221084,0.06591564695111188,0.009663592417006461,0.0048317962085032305,6.196553964958073,0.4157181017707753,0.2427348132463555,signal_frequency
