nameseq,average,median,maximum,minimum,peak,none_levated_peak,sample_standard_deviation,population_standard_deviation,percentile15,percentile25,percentile50,percentile75,amplitude,variance,interquartile_range,semi_interquartile_range,coefficient_of_variation,skewness,kurtosis,label
1_104840357_104840860,0.04961334815399137,0.00662498606725151,18.847036465990183,1.5553867374517837e-05,3366.0296314141206,1625.3826657871466,0.8407810026891381,0.8416213637211917,0.0022730831061197067,0.0033021254243719564,0.00662498606725151,0.015347786710372882,18.847020912122808,0.7083265198719184,0.012045661286000927,0.0060228306430004635,16.946669272944398,0.15338725048227786,0.21859966572499767,signal_frequency
