nameseq,average,median,maximum,minimum,peak,none_levated_peak,sample_standard_deviation,population_standard_deviation,percentile15,percentile25,percentile50,percentile75,amplitude,variance,interquartile_range,semi_interquartile_range,coefficient_of_variation,skewness,kurtosis,label
1_105031334_105034470,0.1100917169655406,0.010005743793352303,280.4930244036931,1.0914660299536587e-06,9489.057809804655,8485.272101007162,5.009348792229468,5.010148177663781,0.0021826814968619237,0.0037560921064606146,0.010005743793352303,0.022286751098066337,280.4930233122271,25.101584762147706,0.018530658991605723,0.009265329495802862,45.50159567224686,0.05993951149545162,0.19743287250181366,signal_frequency
