nameseq,average,median,maximum,minimum,peak,none_levated_peak,sample_standard_deviation,population_standard_deviation,percentile15,percentile25,percentile50,percentile75,amplitude,variance,interquartile_range,semi_interquartile_range,coefficient_of_variation,skewness,kurtosis,label
1_10509006_10509141,0.02685284640171858,0.0032902805369678613,2.8619481033410583,1.3846438000126925e-05,1650.9733333333334,584.4882925862267,0.2468317756026003,0.24776498035113556,0.0006655252940244962,0.0013675324454575477,0.0032902805369678613,0.007667815121455069,2.861934256903058,0.061387485488398584,0.006300282675997521,0.0031501413379987605,9.192015323440836,0.2863800554919619,0.21874942862810484,signal_frequency
