nameseq,average,median,maximum,minimum,peak,none_levated_peak,sample_standard_deviation,population_standard_deviation,percentile15,percentile25,percentile50,percentile75,amplitude,variance,interquartile_range,semi_interquartile_range,coefficient_of_variation,skewness,kurtosis,label
1_38448331_38448375,0.040816326530612235,0.003022687507672725,1.5328798185941044,0.0,343.0000000000001,167.19989015388236,0.23308076654635226,0.23590609111446093,0.00026639266263500335,0.0006386112234360918,0.003022687507672725,0.00658432906105574,1.5328798185941044,0.05565168382490434,0.005945717837619649,0.0029728589188098243,5.710478780385632,0.48644475796449177,0.3013800232189225,signal_frequency
