nameseq,average,median,maximum,minimum,peak,none_levated_peak,sample_standard_deviation,population_standard_deviation,percentile15,percentile25,percentile50,percentile75,amplitude,variance,interquartile_range,semi_interquartile_range,coefficient_of_variation,skewness,kurtosis,label
1_39363235_39384909,0.6228419700011588,0.03759199896822234,11327.571197475745,9.204973262144256e-06,11598.447676842587,28576.08730947137,76.94408110628213,76.94585636338812,0.007607756612700577,0.01396482634804924,0.03759199896822234,0.09878903589761796,11327.571188270771,5920.664811495157,0.08482420954956872,0.04241210477478436,123.5370845451198,0.022818518173913976,0.1694979816031218,signal_frequency
