nameseq,average,median,maximum,minimum,peak,none_levated_peak,sample_standard_deviation,population_standard_deviation,percentile15,percentile25,percentile50,percentile75,amplitude,variance,interquartile_range,semi_interquartile_range,coefficient_of_variation,skewness,kurtosis,label
1_39247975_39248362,0.025791870467195162,0.0034205639264262774,7.594677011300389,7.053407632265605e-06,4975.728049524802,1778.7579093933953,0.3863397489021999,0.3868424683717316,0.0005739048978058623,0.0011938052519951982,0.0034205639264262774,0.007888125448822643,7.594669957892757,0.14964709533593415,0.006694320196827445,0.0033471600984137225,14.979128768252298,0.17371735580667946,0.23918191043857293,signal_frequency
