nameseq,average,median,maximum,minimum,peak,none_levated_peak,sample_standard_deviation,population_standard_deviation,percentile15,percentile25,percentile50,percentile75,amplitude,variance,interquartile_range,semi_interquartile_range,coefficient_of_variation,skewness,kurtosis,label
1_40108321_40108458,0.042304526748971186,0.006411493859352115,3.9704252400548694,0.000365264527299304,1063.7159533073932,415.9718908650539,0.3400242340218032,0.34129062288946505,0.0011899172853423912,0.0022040794178991665,0.006411493859352115,0.014388655003424785,3.9700599755275703,0.11647928927227905,0.012184575585525619,0.0060922877927628094,8.03753782755819,0.3166806594789728,0.24180730290418978,signal_frequency
