nameseq,average,median,maximum,minimum,peak,none_levated_peak,sample_standard_deviation,population_standard_deviation,percentile15,percentile25,percentile50,percentile75,amplitude,variance,interquartile_range,semi_interquartile_range,coefficient_of_variation,skewness,kurtosis,label
1_40162712_40162812,0.04706372344856311,0.005529848323432486,3.3735943356934603,0.0004164931278633912,694.0943952802357,286.6354980861521,0.33812736857520687,0.3398658240887235,0.001520263521346663,0.0032235069978368966,0.005529848323432486,0.017663578525188295,3.373177842565597,0.11550877838350714,0.014440071527351397,0.007220035763675699,7.184458512823642,0.36850499828048605,0.21033702643996577,signal_frequency
