nameseq,average,median,maximum,minimum,peak,none_levated_peak,sample_standard_deviation,population_standard_deviation,percentile15,percentile25,percentile50,percentile75,amplitude,variance,interquartile_range,semi_interquartile_range,coefficient_of_variation,skewness,kurtosis,label
1_40460730_40460852,0.057500000000000016,0.008753659857929603,4.622500000000001,0.00016279053094695413,695.6521739130433,312.6776929070209,0.41974313316539946,0.42150307016377153,0.0021269115847034168,0.0028977931107510312,0.008753659857929603,0.022116061241303834,4.6223372094690545,0.17766483815748532,0.0192182681305528,0.0096091340652764,7.299880576789554,0.3484012217743318,0.18549989031498074,signal_frequency
