nameseq,average,median,maximum,minimum,peak,none_levated_peak,sample_standard_deviation,population_standard_deviation,percentile15,percentile25,percentile50,percentile75,amplitude,variance,interquartile_range,semi_interquartile_range,coefficient_of_variation,skewness,kurtosis,label
1_40112093_40112335,0.023020833333333334,0.0036892264398978285,4.2025000000000015,2.8840042041864444e-05,3475.1131221719456,1090.5978368284798,0.2704212900149769,0.2709864343931918,0.0009270089358825673,0.0017662214798316413,0.0036892264398978285,0.00724977486212557,4.20247115995796,0.07343364762513564,0.005483553382293929,0.0027417766911469643,11.746807168071394,0.2144610014880654,0.21944881619162412,signal_frequency
