nameseq,average,median,maximum,minimum,peak,none_levated_peak,sample_standard_deviation,population_standard_deviation,percentile15,percentile25,percentile50,percentile75,amplitude,variance,interquartile_range,semi_interquartile_range,coefficient_of_variation,skewness,kurtosis,label
1_41295972_41303204,0.21148901247108767,0.0147245718430737,1240.5789561321415,6.07958861649113e-06,11395.391050537282,15099.000649660427,14.58893176322818,14.589940784342453,0.002849828464300387,0.005467674142308884,0.0147245718430737,0.03904922930726231,1240.5789500525527,212.86637209061925,0.033581555164953425,0.016790777582476712,68.98198441974668,0.04046172341225785,0.17551221187562568,signal_frequency
