nameseq,average,median,maximum,minimum,peak,none_levated_peak,sample_standard_deviation,population_standard_deviation,percentile15,percentile25,percentile50,percentile75,amplitude,variance,interquartile_range,semi_interquartile_range,coefficient_of_variation,skewness,kurtosis,label
2_135598809_135607673,0.18673370833025973,0.008395324757942654,1496.9616796292876,3.825472206747225e-06,15819.318463785425,26020.03465951569,15.900689538129212,15.901586741658669,0.001676485549643516,0.0030989410526737937,0.008395324757942654,0.019995774115820132,1496.9616758038153,252.86046090249474,0.01689683306314634,0.00844841653157317,85.15168300522924,0.0336472924293004,0.19513472106312102,signal_frequency
