nameseq,average,median,maximum,minimum,peak,none_levated_peak,sample_standard_deviation,population_standard_deviation,percentile15,percentile25,percentile50,percentile75,amplitude,variance,interquartile_range,semi_interquartile_range,coefficient_of_variation,skewness,kurtosis,label
2_137189178_137189272,0.02788279773156902,0.0030299279997243645,2.2499999999999996,0.0,1099.8418079096036,448.05831835393616,0.23296244174132646,0.23423895782696366,0.0004502778677309368,0.000984241394353632,0.0030299279997243645,0.004935385819509487,2.2499999999999996,0.054867889363862055,0.003951144425155855,0.0019755722125779276,8.355059774994007,0.3200456203936998,0.27369067237898687,signal_frequency
