nameseq,average,median,maximum,minimum,peak,none_levated_peak,sample_standard_deviation,population_standard_deviation,percentile15,percentile25,percentile50,percentile75,amplitude,variance,interquartile_range,semi_interquartile_range,coefficient_of_variation,skewness,kurtosis,label
2_139752746_139752978,0.02827977315689984,0.0031257617620887718,4.840000000000001,6.361785160105711e-05,2711.0071301247744,955.5632083358521,0.31813211585563383,0.31882597080388403,0.000814017440184341,0.0012173707349493312,0.0031257617620887718,0.009407562998909132,4.8399363821484,0.1016499996590391,0.0081901922639598,0.0040950961319799,11.249457840082227,0.2372034460635133,0.23319448222746555,signal_frequency
