nameseq,average,median,maximum,minimum,peak,none_levated_peak,sample_standard_deviation,population_standard_deviation,percentile15,percentile25,percentile50,percentile75,amplitude,variance,interquartile_range,semi_interquartile_range,coefficient_of_variation,skewness,kurtosis,label
2_134215302_134215565,0.053419650328092615,0.006179394370648093,8.279399891369767,0.00016247905499007967,1628.6141797197045,696.5035828293209,0.5115573449174813,0.5125401649300089,0.001652700441170021,0.0025893780251994604,0.006179394370648093,0.021598941748680385,8.279237412314776,0.2626974206664807,0.019009563723480925,0.009504781861740462,9.5762016743951,0.27703789082569885,0.1623656085694156,signal_frequency
