nameseq,average,median,maximum,minimum,peak,none_levated_peak,sample_standard_deviation,population_standard_deviation,percentile15,percentile25,percentile50,percentile75,amplitude,variance,interquartile_range,semi_interquartile_range,coefficient_of_variation,skewness,kurtosis,label
2_134348120_134351708,0.08411623687457764,0.004950969018889809,265.6190956402617,3.3563174897363327e-06,14210.494641072055,13626.136301607907,4.434857354256436,4.435475840746335,0.00101005825678518,0.0019020961188940054,0.004950969018889809,0.011348220567304902,265.6190922839442,19.673445933844405,0.009446124448410897,0.004723062224205449,52.72296430556058,0.05355207272656077,0.1970070824235667,signal_frequency
