nameseq,average,median,maximum,minimum,peak,none_levated_peak,sample_standard_deviation,population_standard_deviation,percentile15,percentile25,percentile50,percentile75,amplitude,variance,interquartile_range,semi_interquartile_range,coefficient_of_variation,skewness,kurtosis,label
2_13852846_13858444,0.2192635043615864,0.018928905270962325,944.9801200796445,4.0118188314988606e-06,8507.267722298286,10190.48234275421,12.63084606133433,12.631974772838422,0.0037470895995464094,0.0070317147436983595,0.018928905270962325,0.05224235322854512,944.9801160678256,159.56678666162628,0.04521063848484676,0.02260531924242338,57.6057839543824,0.0475822280117617,0.16624420522089564,signal_frequency
