nameseq,average,median,maximum,minimum,peak,none_levated_peak,sample_standard_deviation,population_standard_deviation,percentile15,percentile25,percentile50,percentile75,amplitude,variance,interquartile_range,semi_interquartile_range,coefficient_of_variation,skewness,kurtosis,label
2_136541217_136565393,0.48663442010345537,0.01921570469672487,10800.517830243027,2.001538675892059e-07,16558.631422509985,47717.54243649946,69.464025818463,69.46546261380135,0.004092455310421225,0.007369914866217141,0.01921570469672487,0.04603288524806632,10800.517830042872,4825.450496149433,0.03866297038184918,0.01933148519092459,142.74375783713654,0.020186796398539323,0.2062589004128454,signal_frequency
