nameseq,average,median,maximum,minimum,peak,none_levated_peak,sample_standard_deviation,population_standard_deviation,percentile15,percentile25,percentile50,percentile75,amplitude,variance,interquartile_range,semi_interquartile_range,coefficient_of_variation,skewness,kurtosis,label
2_134062184_134063903,0.0706203238776034,0.008179932229670719,93.36939318996136,1.7449576921529365e-06,8104.371403411868,5110.520553528633,2.2523681033393084,2.2530242921670216,0.001655697156284902,0.0030736712629540796,0.008179932229670719,0.019751792624440233,93.36939144500367,5.076118461094707,0.016678121361486154,0.008339060680743077,31.894049469994382,0.0831663237754433,0.2153280977167175,signal_frequency
