nameseq,average,median,maximum,minimum,peak,none_levated_peak,sample_standard_deviation,population_standard_deviation,percentile15,percentile25,percentile50,percentile75,amplitude,variance,interquartile_range,semi_interquartile_range,coefficient_of_variation,skewness,kurtosis,label
2_137188863_137204746,0.353914815744724,0.016713154703715944,4944.717137029016,2.2919426880680328e-07,14957.459906072278,31646.973986529414,39.23616261647556,39.23739799257563,0.0035190472170497536,0.006322504518704239,0.016713154703715944,0.04355904596574208,4944.717136799822,1539.5734012277778,0.03723654144703784,0.01861827072351892,110.86329498219227,0.02578246484018403,0.1844215557821793,signal_frequency
