nameseq,average,median,maximum,minimum,peak,none_levated_peak,sample_standard_deviation,population_standard_deviation,percentile15,percentile25,percentile50,percentile75,amplitude,variance,interquartile_range,semi_interquartile_range,coefficient_of_variation,skewness,kurtosis,label
2_138160178_138160559,0.08705731650434062,0.011808538635529896,21.7859872877521,8.5578477537769e-06,1451.1512461682003,857.2187278247268,1.1173069804379936,1.1187839235552441,0.0022154438968243614,0.0034827015068886495,0.011808538635529896,0.027875420215758263,21.785978729904347,1.2516774676056663,0.024392718708869613,0.012196359354434807,12.83415369668884,0.20204504004614535,0.17600352336620168,signal_frequency
