nameseq,average,median,maximum,minimum,peak,none_levated_peak,sample_standard_deviation,population_standard_deviation,percentile15,percentile25,percentile50,percentile75,amplitude,variance,interquartile_range,semi_interquartile_range,coefficient_of_variation,skewness,kurtosis,label
2_140190097_140212763,0.5098711494764148,0.027886001963124664,10245.380498978056,7.504313621875953e-06,14816.815335451973,37438.50868703243,68.05321617673461,68.05471757693505,0.006006739978936864,0.010674962588922959,0.027886001963124664,0.06582222788140893,10245.380491473743,4631.444584476392,0.05514726529248597,0.027573632646242983,133.47140007160291,0.021247422587416225,0.20584544550118253,signal_frequency
