nameseq,average,median,maximum,minimum,peak,none_levated_peak,sample_standard_deviation,population_standard_deviation,percentile15,percentile25,percentile50,percentile75,amplitude,variance,interquartile_range,semi_interquartile_range,coefficient_of_variation,skewness,kurtosis,label
2_140203130_140203337,0.044711481261154096,0.006687168253064624,6.36023795359905,6.14285161632707e-05,1528.317367394003,631.8689513733331,0.4426954153798732,0.44377912670862746,0.001219396997526613,0.00237759482501663,0.006687168253064624,0.015483918795603546,6.360176525082887,0.19693991330227203,0.013106323970586916,0.006553161985293458,9.901157440840427,0.25767815762533564,0.18373802708054998,signal_frequency
