nameseq,average,median,maximum,minimum,peak,none_levated_peak,sample_standard_deviation,population_standard_deviation,percentile15,percentile25,percentile50,percentile75,amplitude,variance,interquartile_range,semi_interquartile_range,coefficient_of_variation,skewness,kurtosis,label
3_54947758_54948044,0.03149176750644713,0.00435555588129812,6.899871057329889,9.65439109996751e-06,3006.076640419948,1183.0877906532521,0.4084155625603022,0.4091365085098837,0.0007241553608234928,0.0014760725107199062,0.00435555588129812,0.008666572902312191,6.8998614029387895,0.16739268259565815,0.007190500391592285,0.0035952501957961427,12.968962840103833,0.1993279452063659,0.23586201578308608,signal_frequency
