nameseq,average,median,maximum,minimum,peak,none_levated_peak,sample_standard_deviation,population_standard_deviation,percentile15,percentile25,percentile50,percentile75,amplitude,variance,interquartile_range,semi_interquartile_range,coefficient_of_variation,skewness,kurtosis,label
3_54889666_54889918,0.05324800000000003,0.009132716369685765,7.485696000000001,6.570958284017233e-06,1565.0040064102554,638.003421279191,0.4726174792197174,0.4735655593685845,0.0014228195231274108,0.0028284349723174717,0.009132716369685765,0.028660913221388695,7.485689429041717,0.22426433902008036,0.025832478249071224,0.012916239124535612,8.875778981740481,0.28002741479101306,0.2561667813521599,signal_frequency
