nameseq,average,median,maximum,minimum,peak,none_levated_peak,sample_standard_deviation,population_standard_deviation,percentile15,percentile25,percentile50,percentile75,amplitude,variance,interquartile_range,semi_interquartile_range,coefficient_of_variation,skewness,kurtosis,label
1_109071819_109073037,11276666.00000001,16024.191073130849,10076536748.0,3392.9929629565,3.603310884026653e-05,0.5138613732884624,291774805.8251875,291894557.44353753,7805.769082828356,9723.109954142383,16024.191073130849,48231.03162431958,10076533355.007036,8.520243266515864e+16,38507.921670177195,19253.960835088597,25.8742083719769,0.11578081709707509,0.06399178729715733,z-curve
