nameseq,average,median,maximum,minimum,peak,none_levated_peak,sample_standard_deviation,population_standard_deviation,percentile15,percentile25,percentile50,percentile75,amplitude,variance,interquartile_range,semi_interquartile_range,coefficient_of_variation,skewness,kurtosis,label
1_101080609_101080663,7372.0,182.9057536546531,297064.0,33.17531488875836,0.002486887321396274,0.32113755501085667,39920.85014124825,40288.792022007714,106.43283651009736,129.88359164986957,182.9057536546531,730.7685613094122,297030.82468511123,1623186762.5925927,600.8849696595427,300.44248482977133,5.4151994223071425,0.540251088409353,0.05012750729441264,z-curve
