nameseq,average,median,maximum,minimum,peak,none_levated_peak,sample_standard_deviation,population_standard_deviation,percentile15,percentile25,percentile50,percentile75,amplitude,variance,interquartile_range,semi_interquartile_range,coefficient_of_variation,skewness,kurtosis,label
1_10862222_10862366,60539.0,800.9602069533369,6241875.0,117.43419006673801,0.0007983834112445422,0.3885236820525981,523501.96260950156,525316.5329121418,389.69328291740555,454.0109995437204,800.9602069533369,2272.385153344387,6241757.5658099335,275957459750.8333,1818.3741538006668,909.1870769003334,8.647350676580412,0.3423370534960575,0.07212921641067134,z-curve
