nameseq,average,median,maximum,minimum,peak,none_levated_peak,sample_standard_deviation,population_standard_deviation,percentile15,percentile25,percentile50,percentile75,amplitude,variance,interquartile_range,semi_interquartile_range,coefficient_of_variation,skewness,kurtosis,label
1_109870629_109870688,5469.999999999999,308.3932022500209,199412.0,4.0,0.0036563071297989035,0.3734348335989852,25911.5842047529,26130.251239330028,149.81225286156337,176.97981641898502,308.3932022500209,1064.5347447461227,199408.0,682790029.8305085,887.5549283271376,443.7774641635688,4.737035503611135,0.5976022257415504,0.0792760255442078,z-curve
