nameseq,average,median,maximum,minimum,peak,none_levated_peak,sample_standard_deviation,population_standard_deviation,percentile15,percentile25,percentile50,percentile75,amplitude,variance,interquartile_range,semi_interquartile_range,coefficient_of_variation,skewness,kurtosis,label
1_100095762_100127180,122558241110.00076,1553404.8324823629,3006173583254923.0,370286.57004874654,8.545324986020383e-08,0.7491972679787101,17194259874811.426,17194533509719.098,822808.5003732145,929709.8924814893,1553404.8324823629,5329072.323051067,3006173582884636.5,2.9565198261685297e+26,4399362.430569578,2199681.215284789,140.29460376621196,0.021383302671499092,0.07176843556132702,z-curve
