nameseq,average,median,maximum,minimum,peak,none_levated_peak,sample_standard_deviation,population_standard_deviation,percentile15,percentile25,percentile50,percentile75,amplitude,variance,interquartile_range,semi_interquartile_range,coefficient_of_variation,skewness,kurtosis,label
1_104701763_104701943,143964.9999999999,1981.2256052591065,10468619.0,510.8037991419705,0.0004190833420159995,0.27801053092366684,984855.7023127804,987587.6235172979,926.2804083693874,1092.3257968236692,1981.2256052591065,6131.224028484419,10468108.196200859,975329314124.5443,5038.89823166075,2519.449115830375,6.840938438598139,0.43250125087760777,0.06434361587516962,z-curve
