nameseq,average,median,maximum,minimum,peak,none_levated_peak,sample_standard_deviation,population_standard_deviation,percentile15,percentile25,percentile50,percentile75,amplitude,variance,interquartile_range,semi_interquartile_range,coefficient_of_variation,skewness,kurtosis,label
1_107709047_107713301,685445359.9999986,186762.07202005349,2279823675576.0,60900.43485872254,2.069214289135076e-06,0.4583398173210689,35200518241.85149,35204655342.20566,97881.07344345891,109609.95244720504,186762.07202005349,627842.4641462183,2279823614675.565,1.2393677577634893e+21,518232.51169901324,259116.25584950662,51.35422937555746,0.05840186157656426,0.07641067443166843,z-curve
