nameseq,average,median,maximum,minimum,peak,none_levated_peak,sample_standard_deviation,population_standard_deviation,percentile15,percentile25,percentile50,percentile75,amplitude,variance,interquartile_range,semi_interquartile_range,coefficient_of_variation,skewness,kurtosis,label
1_106952577_106976376,28401871531.999863,1750692.9321411187,446304794877960.0,588319.5672919521,2.7932431580767463e-07,0.6754808525240314,2962919429030.7153,2962981677198.8164,935403.12181955,1045794.4093487412,1750692.9321411187,5982191.388339579,446304794289640.44,8.779260419415912e+24,4936396.978990838,2468198.489495419,104.32127424041225,0.028755544846211185,0.07187682737530438,z-curve
