nameseq,average,median,maximum,minimum,peak,none_levated_peak,sample_standard_deviation,population_standard_deviation,percentile15,percentile25,percentile50,percentile75,amplitude,variance,interquartile_range,semi_interquartile_range,coefficient_of_variation,skewness,kurtosis,label
1_127565109_127572633,1654140756.9999938,410243.2946001558,8002356713427.0,135678.27816450622,1.5163965477052465e-06,0.5833632601889868,95140944798.99463,95147267086.59166,220594.25163234462,247797.58952554147,410243.2946001558,1382382.5708039436,8002356577748.722,9.053002434047208e+21,1134584.981278402,567292.490639201,57.51683730442958,0.05214570395109852,0.06871522856761819,z-curve
