nameseq,average,median,maximum,minimum,peak,none_levated_peak,sample_standard_deviation,population_standard_deviation,percentile15,percentile25,percentile50,percentile75,amplitude,variance,interquartile_range,semi_interquartile_range,coefficient_of_variation,skewness,kurtosis,label
1_126099582_126116003,60063774416.99951,6498082.406781441,615390128139811.0,2568277.244412507,9.1136463752613e-08,0.3095670117502129,4973933772011.873,4974085220098.138,3469194.281415154,3807647.695020928,6498082.406781441,22313000.761234216,615390125571533.8,2.474152377679874e+25,18505353.066213287,9252676.533106644,82.81087594462143,0.0362232062713818,0.0706722610584975,z-curve
