nameseq,average,median,maximum,minimum,peak,none_levated_peak,sample_standard_deviation,population_standard_deviation,percentile15,percentile25,percentile50,percentile75,amplitude,variance,interquartile_range,semi_interquartile_range,coefficient_of_variation,skewness,kurtosis,label
1_129157460_129157697,510269.0000000001,3250.5661083371515,100495491.0,815.0342615738549,0.00015547355087871948,0.3207998006973064,6511483.005193057,6525205.850773144,1838.5653487410868,2185.395613178127,3250.5661083371515,10776.842449027292,100494675.96573843,42578311394964.07,8591.446835849165,4295.7234179245825,12.76088299542605,0.23359583376965165,0.06530222621282694,z-curve
