nameseq,average,median,maximum,minimum,peak,none_levated_peak,sample_standard_deviation,population_standard_deviation,percentile15,percentile25,percentile50,percentile75,amplitude,variance,interquartile_range,semi_interquartile_range,coefficient_of_variation,skewness,kurtosis,label
1_133400311_133424995,20633508425.000076,956531.5105204604,350566461917091.0,236345.99651700538,3.987849843007638e-07,1.1242730114057882,2306268823304.994,2306315538696.8643,502865.681656222,569284.7607530216,956531.5105204604,3201440.818480007,350566461680745.0,5.319091364034607e+24,2632156.0577269853,1316078.0288634927,111.77298478772815,0.026838872838668627,0.0699205580923439,z-curve
