nameseq,average,median,maximum,minimum,peak,none_levated_peak,sample_standard_deviation,population_standard_deviation,percentile15,percentile25,percentile50,percentile75,amplitude,variance,interquartile_range,semi_interquartile_range,coefficient_of_variation,skewness,kurtosis,label
1_146629504_146631128,14327775.00000001,17976.634092280863,15282094355.0,3019.8609526522523,3.780535824066656e-05,0.6545433224055675,388468188.40978646,388587772.2785294,9006.261977384014,10568.141215389925,17976.634092280863,59367.67984361043,15282091335.139048,1.5100045676439024e+17,48799.5386282205,24399.76931411025,27.112945897725655,0.11050942233766108,0.07097256597433126,z-curve
