nameseq,average,median,maximum,minimum,peak,none_levated_peak,sample_standard_deviation,population_standard_deviation,percentile15,percentile25,percentile50,percentile75,amplitude,variance,interquartile_range,semi_interquartile_range,coefficient_of_variation,skewness,kurtosis,label
1_155492871_155496354,602973838.0000008,257714.66670166972,1648179240564.0,94549.67762144649,1.9260094885465522e-06,0.3944578447627362,28133164386.531734,28137202736.424995,139545.79324863106,154218.89420486818,257714.66670166972,902475.8606758561,1648179146014.3223,7.917021778306822e+20,748256.966470988,374128.483235494,46.65735495232497,0.06427106262051052,0.07354086268531311,z-curve
