nameseq,average,median,maximum,minimum,peak,none_levated_peak,sample_standard_deviation,population_standard_deviation,percentile15,percentile25,percentile50,percentile75,amplitude,variance,interquartile_range,semi_interquartile_range,coefficient_of_variation,skewness,kurtosis,label
1_156409231_156409335,58047.0,712.1248277688998,4291267.0,276.6254033093108,0.0006029596706117456,0.2810459518209474,422730.46212923905,424757.9579919604,386.574441441894,450.36921796710726,712.1248277688998,2757.8062747478484,4290990.374596691,180419322877.5,2307.437056780741,1153.7185283903705,7.282554862942772,0.4068895926031166,0.07979309610544885,z-curve
