nameseq,average,median,maximum,minimum,peak,none_levated_peak,sample_standard_deviation,population_standard_deviation,percentile15,percentile25,percentile50,percentile75,amplitude,variance,interquartile_range,semi_interquartile_range,coefficient_of_variation,skewness,kurtosis,label
1_155060962_155061037,9445.999999999996,261.2681094480373,598100.0,20.0,0.0026819112146234747,0.45201289417804486,68116.05945737027,68568.6628381605,87.70367421939935,141.2053404424341,261.2681094480373,624.6086605958253,598080.0,4701661523.413333,483.4033201533912,241.7016600766956,7.2111009376847655,0.4045183454703569,0.05475901797278684,z-curve
