nameseq,average,median,maximum,minimum,peak,none_levated_peak,sample_standard_deviation,population_standard_deviation,percentile15,percentile25,percentile50,percentile75,amplitude,variance,interquartile_range,semi_interquartile_range,coefficient_of_variation,skewness,kurtosis,label
1_156707884_156710140,155546139.00000027,103999.85242941932,257123303371.0,35952.639491947004,4.836721362356233e-06,0.32835166338066,5484055488.555166,5485270791.725444,55327.07266088213,61745.75174250234,103999.85242941932,361647.32187687856,257123267418.3605,3.0088195658556273e+19,299901.57013437623,149950.78506718812,35.25677669540326,0.08503313258151793,0.0746618628846634,z-curve
