nameseq,average,median,maximum,minimum,peak,none_levated_peak,sample_standard_deviation,population_standard_deviation,percentile15,percentile25,percentile50,percentile75,amplitude,variance,interquartile_range,semi_interquartile_range,coefficient_of_variation,skewness,kurtosis,label
1_171630126_171633929,210864829.99999928,90158.29484554045,581644207084.0,25164.0,6.013330909663809e-06,0.7056135497589154,9509619214.138075,9510869410.582594,46338.86404867486,53122.09685837185,90158.29484554045,313404.09794840665,581644181920.0,9.04566369451557e+19,260282.00109003478,130141.00054501739,45.0981759933039,0.0664930951362781,0.07207869722805592,z-curve
