nameseq,average,median,maximum,minimum,peak,none_levated_peak,sample_standard_deviation,population_standard_deviation,percentile15,percentile25,percentile50,percentile75,amplitude,variance,interquartile_range,semi_interquartile_range,coefficient_of_variation,skewness,kurtosis,label
1_183988747_184000470,8367156469.999949,1052941.252519587,65091469876963.97,302263.9999999938,4.6706429048051777e-07,0.5382780705150658,622632556371.0767,622659111829.5312,566673.4697260002,628011.6717715088,1052941.252519587,3570822.5131451553,65091469574699.97,3.8770436954434065e+23,2942810.8413736466,1471405.4206868233,74.41387747480243,0.040309987535062645,0.06931906901030369,z-curve
