nameseq,average,median,maximum,minimum,peak,none_levated_peak,sample_standard_deviation,population_standard_deviation,percentile15,percentile25,percentile50,percentile75,amplitude,variance,interquartile_range,semi_interquartile_range,coefficient_of_variation,skewness,kurtosis,label
1_184648671_184656639,5507382034.999973,991593.8997125266,28526092885930.98,357202.0478172205,4.823223296390308e-07,0.4484090501697629,334020630793.18335,334041590265.5344,530725.6419095693,585509.163595738,991593.8997125266,3349710.8031659583,28526092528728.934,1.1158378402712716e+23,2764201.6395702204,1382100.8197851102,60.6496205766094,0.04945554196479861,0.06957499231932987,z-curve
