nameseq,average,median,maximum,minimum,peak,none_levated_peak,sample_standard_deviation,population_standard_deviation,percentile15,percentile25,percentile50,percentile75,amplitude,variance,interquartile_range,semi_interquartile_range,coefficient_of_variation,skewness,kurtosis,label
1_184866049_184897291,296801112398.0037,13230329.79196098,7017177422197364.0,5529522.984145276,3.50885926578602e-08,0.428282225537943,40130883131914.06,40131525385323.055,7042450.175658669,7762261.755589146,13230329.79196098,44940410.806318,7017177416667841.0,1.6105393297528288e+27,37178149.05072886,18589074.52536443,135.21136362218022,0.022186495205648096,0.0709639514060026,z-curve
