nameseq,average,median,maximum,minimum,peak,none_levated_peak,sample_standard_deviation,population_standard_deviation,percentile15,percentile25,percentile50,percentile75,amplitude,variance,interquartile_range,semi_interquartile_range,coefficient_of_variation,skewness,kurtosis,label
1_182478924_182479026,47180.000000000015,651.756576183338,4013320.0,81.0641550217963,0.0007277094814186801,0.33452794993512897,393971.7160761671,395898.23962388886,236.16238427198363,333.2365682217285,651.756576183338,1560.9747569593383,4013238.9358449783,156735416137.29413,1227.7381887376098,613.8690943688049,8.350396695128593,0.35430139925187903,0.053483133937209576,z-curve
