nameseq,average,median,maximum,minimum,peak,none_levated_peak,sample_standard_deviation,population_standard_deviation,percentile15,percentile25,percentile50,percentile75,amplitude,variance,interquartile_range,semi_interquartile_range,coefficient_of_variation,skewness,kurtosis,label
1_182291369_182291773,1257989.0000000007,6373.463171202115,341611331.0,1459.9232303763345,0.00010731413390737115,0.33851219447190145,17366511.941110857,17387991.865141675,2833.112082354124,3296.467452733641,6373.463171202115,19826.576615114853,341609871.07676965,302342261102233.0,16530.10916238121,8265.054581190605,13.804979170017264,0.21621190387677902,0.07150936488465133,z-curve
