nameseq,average,median,maximum,minimum,peak,none_levated_peak,sample_standard_deviation,population_standard_deviation,percentile15,percentile25,percentile50,percentile75,amplitude,variance,interquartile_range,semi_interquartile_range,coefficient_of_variation,skewness,kurtosis,label
1_36282768_36283688,7357158.999999985,7848.165544838792,4935274275.0,1852.1025225192275,4.172806378114169e-05,0.5619716662006777,165524303.5397643,165614237.9683177,3866.002635243579,4722.3266380006335,7848.165544838792,26347.84651964246,4935272422.897477,2.742807581782656e+16,21625.519881641827,10812.759940820913,22.498399659401766,0.13320057557631595,0.06991707602264681,z-curve
