nameseq,average,median,maximum,minimum,peak,none_levated_peak,sample_standard_deviation,population_standard_deviation,percentile15,percentile25,percentile50,percentile75,amplitude,variance,interquartile_range,semi_interquartile_range,coefficient_of_variation,skewness,kurtosis,label
1_36503911_36504141,923060.0000000008,5426.334620936538,171753656.0,1843.0265924249666,8.341819600025993e-05,0.2158750429749841,11318154.173444184,11342732.170191396,2802.9459802659135,3382.787266923995,5426.334620936538,19132.28832887651,171751812.97340757,128657573084694.83,15749.501061952516,7874.750530976258,12.261558483136712,0.24322879454993926,0.09071669274518075,z-curve
