nameseq,average,median,maximum,minimum,peak,none_levated_peak,sample_standard_deviation,population_standard_deviation,percentile15,percentile25,percentile50,percentile75,amplitude,variance,interquartile_range,semi_interquartile_range,coefficient_of_variation,skewness,kurtosis,label
1_36956896_36957067,67421.99999999994,722.2556956915918,8557140.0,110.34233486925463,0.0008503653604659219,0.5471279830695783,655121.8370379665,657034.605596177,345.8900239589435,496.67148514993715,722.2556956915918,2890.8663871271006,8557029.657665132,431694472950.92395,2394.194901977163,1197.0974509885816,9.716736926195708,0.30543819729417543,0.14694426140048517,z-curve
