nameseq,average,median,maximum,minimum,peak,none_levated_peak,sample_standard_deviation,population_standard_deviation,percentile15,percentile25,percentile50,percentile75,amplitude,variance,interquartile_range,semi_interquartile_range,coefficient_of_variation,skewness,kurtosis,label
1_37744278_37745498,54967948.99999985,74296.8487346398,50931948531.0,22670.226522731755,7.404314830811699e-06,0.256791484350511,1468529365.1896205,1469131098.2061403,38447.37163072314,43492.45974980689,74296.8487346398,260256.7844327444,50931925860.773476,2.1583461837163796e+18,216764.32468293753,108382.16234146876,26.716102599891883,0.11214005001018934,0.07259849208290779,z-curve
