nameseq,average,median,maximum,minimum,peak,none_levated_peak,sample_standard_deviation,population_standard_deviation,percentile15,percentile25,percentile50,percentile75,amplitude,variance,interquartile_range,semi_interquartile_range,coefficient_of_variation,skewness,kurtosis,label
1_38744179_38744404,495583.0000000004,3861.1518331512198,78099963.0,900.2393525478286,0.0001520095187553513,0.3029430193401399,5288590.30579303,5300329.6993850935,2074.5027648908053,2439.345401192959,3861.1518331512198,14492.886406754245,78099062.76064745,28093494922183.68,12053.541005561287,6026.770502780643,10.671452220501966,0.27893360218973223,0.07851406110229243,z-curve
