nameseq,average,median,maximum,minimum,peak,none_levated_peak,sample_standard_deviation,population_standard_deviation,percentile15,percentile25,percentile50,percentile75,amplitude,variance,interquartile_range,semi_interquartile_range,coefficient_of_variation,skewness,kurtosis,label
1_39928639_39928786,273482.0000000001,1956.5845801286919,28905204.0,388.0,0.00018038969048541883,0.21566227749827652,2413259.351162241,2421453.8037789934,1053.0647199950224,1232.9530304788254,1956.5845801286919,6965.251049131294,28904816.0,5863438523835.755,5732.298018652469,2866.1490093262346,8.824198123321608,0.33754194130328735,0.08238946948701681,z-curve
