nameseq,average,median,maximum,minimum,peak,none_levated_peak,sample_standard_deviation,population_standard_deviation,percentile15,percentile25,percentile50,percentile75,amplitude,variance,interquartile_range,semi_interquartile_range,coefficient_of_variation,skewness,kurtosis,label
1_41114468_41114557,39691.0,1041.8297101099827,2344899.0,218.34275959783886,0.0007558388551560807,0.22994996911320464,251468.47120861892,252877.26918519544,441.0066699584588,618.1367188345685,1041.8297101099827,3543.7322003073455,2344680.657240402,63946913270.5618,2925.595481472777,1462.7977407363885,6.3356547128724126,0.4610817026579832,0.0953715831369243,z-curve
