nameseq,average,median,maximum,minimum,peak,none_levated_peak,sample_standard_deviation,population_standard_deviation,percentile15,percentile25,percentile50,percentile75,amplitude,variance,interquartile_range,semi_interquartile_range,coefficient_of_variation,skewness,kurtosis,label
1_4215727_4215808,5015.0000000000055,260.85257819365825,136723.0,58.12761396716476,0.005450315719508136,0.4602687712556854,18627.313064422364,18741.94376522258,117.70909581348704,132.71904482079776,260.85257819365825,1054.306420104785,136664.87238603283,351260456.09876543,921.5873752839873,460.79368764199364,3.7143196539227006,0.7656736221747353,0.05642243168996132,z-curve
