nameseq,average,median,maximum,minimum,peak,none_levated_peak,sample_standard_deviation,population_standard_deviation,percentile15,percentile25,percentile50,percentile75,amplitude,variance,interquartile_range,semi_interquartile_range,coefficient_of_variation,skewness,kurtosis,label
1_42904673_42904843,93358.0,644.2364344236076,12520052.0,120.49255458693548,0.000610552925298314,0.4495289871355192,963215.6539083031,966044.4871765482,242.91917970171409,348.61693283045946,644.2364344236076,1870.051113541871,12519931.507445414,933241951204.2,1521.4341807114115,760.7170903557057,10.317440968190226,0.2887632583296947,0.056449345845294985,z-curve
