nameseq,average,median,maximum,minimum,peak,none_levated_peak,sample_standard_deviation,population_standard_deviation,percentile15,percentile25,percentile50,percentile75,amplitude,variance,interquartile_range,semi_interquartile_range,coefficient_of_variation,skewness,kurtosis,label
1_42367237_42370333,506310119.000002,236945.1545815358,1141909919843.0,85277.04564136566,2.038934823922271e-06,0.28476752159869195,20837602826.115192,20840967800.352085,127312.04032297438,142835.2566129343,236945.1545815358,801447.2575114465,1141909834565.9543,4.343459388553124e+20,658612.0008985122,329306.0004492561,41.15580954074336,0.07285960550287095,0.06994160192100578,z-curve
