nameseq,average,median,maximum,minimum,peak,none_levated_peak,sample_standard_deviation,population_standard_deviation,percentile15,percentile25,percentile50,percentile75,amplitude,variance,interquartile_range,semi_interquartile_range,coefficient_of_variation,skewness,kurtosis,label
1_42441779_42441919,179761.00000000006,1806.0140710148303,19691251.0,423.2809859204052,0.0002614582695912906,0.24437914238022368,1659481.3513619248,1665397.5246769977,779.0380508542314,1009.6047826340973,1806.0140710148303,6107.114600278717,19690827.71901408,2773548915200.2715,5097.50981764462,2548.75490882231,9.231598352044793,0.3217059097101732,0.08171284304325546,z-curve
