nameseq,average,median,maximum,minimum,peak,none_levated_peak,sample_standard_deviation,population_standard_deviation,percentile15,percentile25,percentile50,percentile75,amplitude,variance,interquartile_range,semi_interquartile_range,coefficient_of_variation,skewness,kurtosis,label
1_44796753_44797487,6244616.000000003,12972.392427669116,3139500704.0,3422.350086961571,3.923379756257228e-05,0.34469914245830613,118293585.82359271,118374139.85800374,6752.0499673364175,7904.522160858298,12972.392427669116,44896.160991997574,3139497281.649913,1.4012436987122228e+16,36991.63883113928,18495.81941556964,18.943292241443295,0.15803841512249137,0.0739270236971071,z-curve
