nameseq,average,median,maximum,minimum,peak,none_levated_peak,sample_standard_deviation,population_standard_deviation,percentile15,percentile25,percentile50,percentile75,amplitude,variance,interquartile_range,semi_interquartile_range,coefficient_of_variation,skewness,kurtosis,label
1_44986134_45002888,16503497073.999935,1086591.524728904,208328299009492.03,308015.3420350605,3.384131238947388e-07,0.7230072902402093,1630186510985.4673,1630235160925.3735,571957.4608662413,641411.0257076344,1086591.524728904,3724503.7812349168,208328298701476.7,2.6576666799173787e+24,3083092.755527282,1541546.377763641,98.77824703915076,0.03036905968354376,0.07134347031999257,z-curve
