nameseq,average,median,maximum,minimum,peak,none_levated_peak,sample_standard_deviation,population_standard_deviation,percentile15,percentile25,percentile50,percentile75,amplitude,variance,interquartile_range,semi_interquartile_range,coefficient_of_variation,skewness,kurtosis,label
1_7759552_7759862,79980.00000000003,925.2085143502234,10455960.000000004,39.94705328481744,0.0012961573726765021,0.7395548165411004,696078.1152629355,697199.9179492764,307.42202665736596,387.71761382515217,925.2085143502234,2854.474706638344,10455920.052946718,486087725588.4778,2466.757092813192,1233.378546406596,8.703152228843901,0.3407151715542203,0.08933916986840681,z-curve
