nameseq,average,median,maximum,minimum,peak,none_levated_peak,sample_standard_deviation,population_standard_deviation,percentile15,percentile25,percentile50,percentile75,amplitude,variance,interquartile_range,semi_interquartile_range,coefficient_of_variation,skewness,kurtosis,label
1_8118556_8119167,561481.9999999997,2341.551067152799,94428948.0,204.32620820612513,0.00036332420273490535,0.7675757166428853,6353097.787293691,6358294.5961686205,966.5126328312435,1264.671340243375,2341.551067152799,8644.234503730633,94428743.6737918,40427910171667.086,7379.563163487258,3689.781581743629,11.314873472869468,0.26403203648988577,0.07961243112315336,z-curve
