nameseq,average,median,maximum,minimum,peak,none_levated_peak,sample_standard_deviation,population_standard_deviation,percentile15,percentile25,percentile50,percentile75,amplitude,variance,interquartile_range,semi_interquartile_range,coefficient_of_variation,skewness,kurtosis,label
1_82545527_82552723,1666723777.0000064,240646.84052465484,8783549436587.0,68985.16676293687,1.4393506789217605e-06,0.5707819516688426,105190213320.1441,105197522002.68341,125891.68251465709,144603.49138173147,240646.84052465484,808591.3529524892,8783549367601.833,1.1066518635505061e+22,663987.8615707577,331993.93078537885,63.111965384857946,0.04752770464741554,0.06969078508971333,z-curve
