nameseq,average,median,maximum,minimum,peak,none_levated_peak,sample_standard_deviation,population_standard_deviation,percentile15,percentile25,percentile50,percentile75,amplitude,variance,interquartile_range,semi_interquartile_range,coefficient_of_variation,skewness,kurtosis,label
1_82139735_82140000,310691.00000000023,1869.4518829566946,60742075.0,338.74749502663894,0.0002853853721757843,0.41589822784173697,3759083.5428848886,3766169.4747963184,873.7995383857177,1093.8377958047624,1869.4518829566946,6604.082287688047,60741736.252504975,14184032512887.578,5510.244491883284,2755.122245941642,12.099106645782742,0.24646024324325613,0.07637258151160914,z-curve
