nameseq,average,median,maximum,minimum,peak,none_levated_peak,sample_standard_deviation,population_standard_deviation,percentile15,percentile25,percentile50,percentile75,amplitude,variance,interquartile_range,semi_interquartile_range,coefficient_of_variation,skewness,kurtosis,label
1_8340001_8340133,89148.99999999991,1333.8405690209588,8326179.0,364.127094883626,0.0004972947911174929,0.30315488089476833,728014.538240824,730766.9659719393,615.8923480948823,730.3129941624134,1333.8405690209588,3409.723216461345,8325814.8729051165,534020358555.8334,2679.410222298932,1339.705111149466,8.166267016352677,0.3618684304430611,0.06563907450186812,z-curve
