nameseq,average,median,maximum,minimum,peak,none_levated_peak,sample_standard_deviation,population_standard_deviation,percentile15,percentile25,percentile50,percentile75,amplitude,variance,interquartile_range,semi_interquartile_range,coefficient_of_variation,skewness,kurtosis,label
1_92226116_92226809,7059641.000000018,4999.27882303369,3709832915.000001,918.3783077894607,3.276842736526301e-05,0.5229303641701584,143367070.4830511,143470472.63892615,2303.066896020191,2876.8083933555213,4999.27882303369,17511.144374371062,3709831996.621693,2.0583776519236856e+16,14634.335981015542,7317.167990507771,20.307983151416728,0.1476205455843011,0.08360613695847506,z-curve
