nameseq,average,median,maximum,minimum,peak,none_levated_peak,sample_standard_deviation,population_standard_deviation,percentile15,percentile25,percentile50,percentile75,amplitude,variance,interquartile_range,semi_interquartile_range,coefficient_of_variation,skewness,kurtosis,label
2_10787479_10787601,69070.0,1083.973591627744,6406516.0,270.7197021668153,0.0005936006949471551,0.294351390418656,577594.4044794756,579956.7636412755,506.8577868050696,659.4991373502176,1083.973591627744,2966.2742478683112,6406245.2802978335,336349847693.26227,2306.7751105180937,1153.3875552590468,8.362449753575728,0.3531164388770741,0.05921158638184218,z-curve
