nameseq,average,median,maximum,minimum,peak,none_levated_peak,sample_standard_deviation,population_standard_deviation,percentile15,percentile25,percentile50,percentile75,amplitude,variance,interquartile_range,semi_interquartile_range,coefficient_of_variation,skewness,kurtosis,label
2_107177107_107183793,2363660720.000002,475221.51444797183,11675944891992.004,172799.68976243262,9.430287439899574e-07,0.544173843274626,144340620291.3405,144351414130.97357,252565.93303130826,282324.09399227664,475221.51444797183,1592621.1575005401,11675944719192.314,2.0837330761611836e+22,1310297.0635082636,655148.5317541318,61.066556240499864,0.04911684930511545,0.07150966839711308,z-curve
