nameseq,average,median,maximum,minimum,peak,none_levated_peak,sample_standard_deviation,population_standard_deviation,percentile15,percentile25,percentile50,percentile75,amplitude,variance,interquartile_range,semi_interquartile_range,coefficient_of_variation,skewness,kurtosis,label
2_116934113_116934216,44324.0,538.2712673771481,2925480.0,198.84976597038352,0.0007821195439641428,0.31961904460323537,295862.81402028207,297295.57210461394,269.05861888417974,334.38488560256053,538.2712673771481,1766.623338918528,2925281.1502340296,88384657193.0097,1432.2384533159675,716.1192266579837,6.675002572427625,0.44398004741773234,0.07218349200855234,z-curve
