nameseq,average,median,maximum,minimum,peak,none_levated_peak,sample_standard_deviation,population_standard_deviation,percentile15,percentile25,percentile50,percentile75,amplitude,variance,interquartile_range,semi_interquartile_range,coefficient_of_variation,skewness,kurtosis,label
2_112529011_112529826,9014848.000000002,15867.865251961492,5532174456.0,3367.9066951323284,3.0172444393959824e-05,0.3447591718285993,195277598.19864824,195397363.67951688,8615.503980998317,10051.364536509456,15867.865251961492,52287.294673542754,5532171088.093305,3.8180129732905384e+16,42235.9301370333,21117.96506851665,21.66177379792185,0.13824903958917595,0.06922961446213219,z-curve
