nameseq,average,median,maximum,minimum,peak,none_levated_peak,sample_standard_deviation,population_standard_deviation,percentile15,percentile25,percentile50,percentile75,amplitude,variance,interquartile_range,semi_interquartile_range,coefficient_of_variation,skewness,kurtosis,label
2_124259161_124259282,37915.00000000001,377.2685117200334,3303483.0,74.1677890877465,0.0010725746186645564,0.42751248027372807,302681.51208159386,303929.68856084824,178.25628608233563,224.48245442227548,377.2685117200334,1392.181259038999,3303408.8322109124,92373255588.69421,1167.6988046167237,583.8494023083618,7.98316001797689,0.3720517770985722,0.11129299422369139,z-curve
