nameseq,average,median,maximum,minimum,peak,none_levated_peak,sample_standard_deviation,population_standard_deviation,percentile15,percentile25,percentile50,percentile75,amplitude,variance,interquartile_range,semi_interquartile_range,coefficient_of_variation,skewness,kurtosis,label
2_137683504_137696015,4711336815.99997,595269.152670445,29180556163448.0,190073.8005013668,8.852406078255419e-07,0.7931626376535612,299363925797.7006,299375889587.32666,316047.33234129724,354461.5920609154,595269.152670445,2026817.9957801362,29180555973374.2,8.962592326620319e+22,1672356.4037192208,836178.2018596104,63.54118533428634,0.04720750705979166,0.07201374907906058,z-curve
