nameseq,average,median,maximum,minimum,peak,none_levated_peak,sample_standard_deviation,population_standard_deviation,percentile15,percentile25,percentile50,percentile75,amplitude,variance,interquartile_range,semi_interquartile_range,coefficient_of_variation,skewness,kurtosis,label
2_138990808_138991063,695255.9999999998,4747.131069302816,126293688.0,1053.836151844736,0.00012273656514051422,0.2623705946119919,7997869.649054303,8013536.401872743,2235.213141705423,2496.234129935382,4747.131069302816,15575.576245773917,126292634.16384816,64216765664139.55,13079.342115838535,6539.671057919268,11.503488857419864,0.2590097985701775,0.0704888687574147,z-curve
