nameseq,average,median,maximum,minimum,peak,none_levated_peak,sample_standard_deviation,population_standard_deviation,percentile15,percentile25,percentile50,percentile75,amplitude,variance,interquartile_range,semi_interquartile_range,coefficient_of_variation,skewness,kurtosis,label
2_13622384_13633767,2120847539.9999917,185763.15664449372,14748980003599.992,33217.616410260605,1.7892218064230498e-06,1.1270181514899236,143761751999.37134,143768066617.43158,96273.64895502101,111742.12773733953,185763.15664449372,628995.3970637574,14748979970382.375,2.0669256978914242e+22,517253.2693264179,258626.63466320894,67.7850478584481,0.04425367138373398,0.06974411737581782,z-curve
