nameseq,average,median,maximum,minimum,peak,none_levated_peak,sample_standard_deviation,population_standard_deviation,percentile15,percentile25,percentile50,percentile75,amplitude,variance,interquartile_range,semi_interquartile_range,coefficient_of_variation,skewness,kurtosis,label
2_139282329_139283245,2688700.999999993,2552.6820720228384,1572963675.0,55.143329348679586,0.00011368562985124322,0.8579890239922052,54673365.68748503,54703201.087079406,1050.273813547227,1400.931958460112,2552.6820720228384,7052.7254579614655,1572963619.8566706,2992440209173445.5,5651.793499501354,2825.896749750677,20.33449077732525,0.14739251649233154,0.0534441093011495,z-curve
