nameseq,average,median,maximum,minimum,peak,none_levated_peak,sample_standard_deviation,population_standard_deviation,percentile15,percentile25,percentile50,percentile75,amplitude,variance,interquartile_range,semi_interquartile_range,coefficient_of_variation,skewness,kurtosis,label
2_14572724_14573225,997312.9999999998,4637.995941744874,395313315.0,1043.8562070519022,0.0001677841693965018,0.5510110339128388,17681925.576140452,17699563.411524408,2087.120893449838,2491.690633113556,4637.995941744874,13431.459310217213,395312271.1437929,313274544958573.5,10939.768677103657,5469.8843385518285,17.72956491707263,0.1684219854535095,0.06988203118347162,z-curve
