nameseq,average,median,maximum,minimum,peak,none_levated_peak,sample_standard_deviation,population_standard_deviation,percentile15,percentile25,percentile50,percentile75,amplitude,variance,interquartile_range,semi_interquartile_range,coefficient_of_variation,skewness,kurtosis,label
2_141670744_141671170,587541.9999999994,1706.2635202063072,189929684.0,151.7085118389686,0.00024225218509201638,0.6194345692727867,9277763.387659226,9288646.398307072,738.7876305036448,936.0932523427912,1706.2635202063072,5533.38139502567,189929532.29148817,86278951912782.94,4597.288142682879,2298.6440713414395,15.790808806279781,0.1894322086050523,0.0745103674989428,z-curve
