nameseq,average,median,maximum,minimum,peak,none_levated_peak,sample_standard_deviation,population_standard_deviation,percentile15,percentile25,percentile50,percentile75,amplitude,variance,interquartile_range,semi_interquartile_range,coefficient_of_variation,skewness,kurtosis,label
2_141945901_141946123,397096.0000000004,2938.620687415687,61061040.0,840.2990999582432,0.00018719234979282907,0.30479670133507136,4152067.8350836225,4161408.831895414,1701.2548956712062,2009.615981957776,2938.620687415687,10892.826384779268,61060199.70090004,17317323466177.152,8883.210402821493,4441.605201410746,10.4560807338367,0.28479114140338685,0.08942738757414341,z-curve
