nameseq,average,median,maximum,minimum,peak,none_levated_peak,sample_standard_deviation,population_standard_deviation,percentile15,percentile25,percentile50,percentile75,amplitude,variance,interquartile_range,semi_interquartile_range,coefficient_of_variation,skewness,kurtosis,label
2_147576199_147581301,247799144.0000004,49571.983839130226,387049376912.0,6896.99057231683,6.8644304921408336e-06,0.9209139977979499,8853997442.096542,8854865098.274046,23829.248645200158,28255.308992172362,49571.983839130226,157275.2629338635,387049370015.0094,7.840863590863184e+19,129019.95394169114,64509.97697084557,35.73054086940885,0.0839449887928237,0.06867097407458138,z-curve
