nameseq,average,median,maximum,minimum,peak,none_levated_peak,sample_standard_deviation,population_standard_deviation,percentile15,percentile25,percentile50,percentile75,amplitude,variance,interquartile_range,semi_interquartile_range,coefficient_of_variation,skewness,kurtosis,label
2_159835648_159836216,1386407.0000000016,4174.374215097839,450780490.99999994,666.7316833718264,0.00013680446410517722,0.5352102862422442,20232714.671260204,20250517.327296853,1916.167048556657,2337.9809986846926,4174.374215097839,13690.814955891805,450779824.26831657,410083452023150.1,11352.833957207113,5676.416978603556,14.59363280137808,0.20495014854556007,0.0711939780391836,z-curve
