nameseq,average,median,maximum,minimum,peak,none_levated_peak,sample_standard_deviation,population_standard_deviation,percentile15,percentile25,percentile50,percentile75,amplitude,variance,interquartile_range,semi_interquartile_range,coefficient_of_variation,skewness,kurtosis,label
2_162104794_162105268,1179934.0000000007,3777.742771430515,278570124.0,707.0989736025014,0.0001341882964075391,0.45686965800038276,14398668.61643944,14413849.083087312,1885.6921809733753,2244.9634671998992,3777.742771430515,13039.924242884763,278569416.90102637,207759045390016.97,10794.960775684864,5397.480387842432,12.202944076905514,0.24505521070588018,0.06907485749056375,z-curve
