nameseq,average,median,maximum,minimum,peak,none_levated_peak,sample_standard_deviation,population_standard_deviation,percentile15,percentile25,percentile50,percentile75,amplitude,variance,interquartile_range,semi_interquartile_range,coefficient_of_variation,skewness,kurtosis,label
2_160871715_160873026,33114008.000000022,7880.040782103099,33644587480.0,654.528611989401,1.3206898220636204e-05,0.5392688871502898,942558065.05763,942917477.1069392,3423.139335052965,4211.809464427062,7880.040782103099,26805.550544399368,33644586825.47139,8.890933686337152e+17,22593.741079972307,11296.870539986154,28.464028427414444,0.10537110397711279,0.07351405760525494,z-curve
