nameseq,average,median,maximum,minimum,peak,none_levated_peak,sample_standard_deviation,population_standard_deviation,percentile15,percentile25,percentile50,percentile75,amplitude,variance,interquartile_range,semi_interquartile_range,coefficient_of_variation,skewness,kurtosis,label
2_160595277_160605831,2317185094.000012,397956.01678783126,15042436717076.0,125312.50724724031,1.5183652537915538e-06,0.8097505837823064,151586511255.29193,151593692557.20065,209686.36733544333,236811.3210387255,397956.01678783126,1356092.4592932172,15042436591763.492,2.298064762312707e+22,1119281.1382544916,559640.5691272458,65.41838701094767,0.04585079078866282,0.06973823716975268,z-curve
