nameseq,average,median,maximum,minimum,peak,none_levated_peak,sample_standard_deviation,population_standard_deviation,percentile15,percentile25,percentile50,percentile75,amplitude,variance,interquartile_range,semi_interquartile_range,coefficient_of_variation,skewness,kurtosis,label
2_19452297_19452510,66377.00000000006,461.5836977644568,10277123.0,49.97855392785065,0.0010746694387111992,0.7377998258076165,710980.3825662141,712647.3963026053,149.16576557134994,202.26386367189625,461.5836977644568,1206.860663665194,10277073.021446072,507866311456.8826,1004.5967999932976,502.2983999966488,10.71124610280991,0.27813179344409067,0.056563839212653996,z-curve
