nameseq,average,median,maximum,minimum,peak,none_levated_peak,sample_standard_deviation,population_standard_deviation,percentile15,percentile25,percentile50,percentile75,amplitude,variance,interquartile_range,semi_interquartile_range,coefficient_of_variation,skewness,kurtosis,label
2_23559836_23560152,1134456.9999999974,3851.2929332606336,285450675.0,870.0211211754303,9.314294562655694e-05,0.2844515945745309,16108550.298627065,16134018.378243055,1818.7624110732165,1989.416080364844,3851.2929332606336,12482.483154906204,285449804.9788788,260306549029484.7,10493.067074541359,5246.5335372706795,14.199348497675189,0.21056004782064688,0.06853973703070264,z-curve
