nameseq,average,median,maximum,minimum,peak,none_levated_peak,sample_standard_deviation,population_standard_deviation,percentile15,percentile25,percentile50,percentile75,amplitude,variance,interquartile_range,semi_interquartile_range,coefficient_of_variation,skewness,kurtosis,label
2_3545534_3545666,47453.0,1078.5081377652168,3606251.0,205.68097788230767,0.0009342577567979546,0.33221510546879446,322491.123874751,323710.3763288796,532.550800182267,642.9140517700414,1078.5081377652168,3644.615773558353,3606045.3190221176,104788407742.98485,3001.7017217883113,1500.8508608941556,6.796011292747582,0.43140249540863984,0.08406811545927906,z-curve
