nameseq,average,median,maximum,minimum,peak,none_levated_peak,sample_standard_deviation,population_standard_deviation,percentile15,percentile25,percentile50,percentile75,amplitude,variance,interquartile_range,semi_interquartile_range,coefficient_of_variation,skewness,kurtosis,label
2_38103581_38103630,3342.9999999999986,179.87806582651857,123443.0,30.204557978327607,0.00498554192840762,0.3968808983129007,17360.749522990074,17537.005305982,81.8141350397341,105.20955282159059,179.87806582651857,427.28352256679193,123412.79544202167,307546555.1020408,322.07396974520134,161.03698487260067,5.193164679326976,0.5465988544995763,0.11322691671197553,z-curve
