nameseq,average,median,maximum,minimum,peak,none_levated_peak,sample_standard_deviation,population_standard_deviation,percentile15,percentile25,percentile50,percentile75,amplitude,variance,interquartile_range,semi_interquartile_range,coefficient_of_variation,skewness,kurtosis,label
2_50818700_50818834,104460.00000000006,943.6461174743015,11233616.0,285.86667402063534,0.00043078690407811576,0.35701936439507326,969461.7249731936,973072.3956645407,534.8917019693927,620.7374408299887,943.6461174743015,3015.5809027762707,11233330.13332598,946869887204.3284,2394.843461946282,1197.421730973141,9.28069811385404,0.3203314309867821,0.12185779988924433,z-curve
