nameseq,average,median,maximum,minimum,peak,none_levated_peak,sample_standard_deviation,population_standard_deviation,percentile15,percentile25,percentile50,percentile75,amplitude,variance,interquartile_range,semi_interquartile_range,coefficient_of_variation,skewness,kurtosis,label
2_59706922_59719908,17229271046.000042,1594199.7200595774,166064010850988.0,611512.7853968092,2.5125845361896624e-07,0.46812934251095795,1476706142798.5857,1476762999325.4253,855043.3959710165,945854.4993843348,1594199.7200595774,5500874.209881982,166064010239475.22,2.1808289561766258e+24,4555019.7104976475,2277509.8552488238,85.70914804555348,0.03499885931326367,0.07316824416150945,z-curve
