nameseq,average,median,maximum,minimum,peak,none_levated_peak,sample_standard_deviation,population_standard_deviation,percentile15,percentile25,percentile50,percentile75,amplitude,variance,interquartile_range,semi_interquartile_range,coefficient_of_variation,skewness,kurtosis,label
2_59794349_59794554,72340.99999999991,380.02629783192765,11063755.0,38.41768945306053,0.0009492081484450969,0.6463225951483534,777230.3659160519,779123.7435472512,124.23294265960301,151.6836205629168,380.02629783192765,929.1253910165606,11063716.582310546,607033807759.0829,777.4417704536438,388.7208852268219,10.743981503104088,0.27775924690238024,0.06486514254406518,z-curve
