nameseq,average,median,maximum,minimum,peak,none_levated_peak,sample_standard_deviation,population_standard_deviation,percentile15,percentile25,percentile50,percentile75,amplitude,variance,interquartile_range,semi_interquartile_range,coefficient_of_variation,skewness,kurtosis,label
2_60148562_60149991,12814848.99999996,5706.725555547808,14721961067.0,425.11628502999395,3.7196432565586074e-05,0.8616757609860514,392419373.5451135,392556655.1213072,2219.3692940411524,3028.688737705802,5706.725555547808,18748.532213421684,14721960641.883715,1.541007274800289e+17,15719.843475715883,7859.9217378579415,30.622239368182544,0.09792438756573144,0.08192131598554285,z-curve
