nameseq,average,median,maximum,minimum,peak,none_levated_peak,sample_standard_deviation,population_standard_deviation,percentile15,percentile25,percentile50,percentile75,amplitude,variance,interquartile_range,semi_interquartile_range,coefficient_of_variation,skewness,kurtosis,label
2_88222025_88222341,685817.0000000006,3066.827805460046,156831443.0,431.70610701631955,0.000154074143199522,0.41459053243826965,8921483.857281478,8935588.978906818,1339.4225365910906,1620.3727188392083,3066.827805460046,10173.088262697582,156831011.29389298,79844750399961.0,8552.715543858374,4276.357771929187,13.008548719675176,0.22958630529963844,0.0912687234468719,z-curve
