nameseq,average,median,maximum,minimum,peak,none_levated_peak,sample_standard_deviation,population_standard_deviation,percentile15,percentile25,percentile50,percentile75,amplitude,variance,interquartile_range,semi_interquartile_range,coefficient_of_variation,skewness,kurtosis,label
2_88410093_88431035,40939136871.99983,1482819.6116599625,649716003625992.0,474572.7647908934,1.705214260336453e-07,0.7516628015209962,4556788168576.545,4556896962716.841,784417.0550773274,878807.7473646746,1482819.6116599625,5089794.29186388,649716003151419.2,2.0765309928817967e+25,4210986.544499205,2105493.2722496027,111.30640547756987,0.026951650507714732,0.07101129280985642,z-curve
