nameseq,average,median,maximum,minimum,peak,none_levated_peak,sample_standard_deviation,population_standard_deviation,percentile15,percentile25,percentile50,percentile75,amplitude,variance,interquartile_range,semi_interquartile_range,coefficient_of_variation,skewness,kurtosis,label
2_8988304_8988413,61508.999999999985,1066.2291236000337,5213259.0,302.16465821985116,0.00059611872517301,0.2611292149953423,496226.44558910804,498497.51670192066,550.1439786550252,612.8896812383939,1066.2291236000337,3386.273042168241,5212956.83534178,248499774157.98166,2773.383360929847,1386.6916804649236,8.067542076592176,0.3654144478614623,0.09103450043794231,z-curve
