nameseq,average,median,maximum,minimum,peak,none_levated_peak,sample_standard_deviation,population_standard_deviation,percentile15,percentile25,percentile50,percentile75,amplitude,variance,interquartile_range,semi_interquartile_range,coefficient_of_variation,skewness,kurtosis,label
2_89254119_89255368,14886071.000000004,16637.94480322551,12459002555.0,5026.351969882425,2.799037211811408e-05,0.4706189960666907,362054440.93957794,362199349.66698885,8330.812132715093,9735.94651983224,16637.94480322551,50259.360903513094,12458997528.64803,1.3118836889918966e+17,40523.41438368085,20261.707191840425,24.321692469394904,0.12320881646921952,0.054264305812145544,z-curve
