nameseq,average,median,maximum,minimum,peak,none_levated_peak,sample_standard_deviation,population_standard_deviation,percentile15,percentile25,percentile50,percentile75,amplitude,variance,interquartile_range,semi_interquartile_range,coefficient_of_variation,skewness,kurtosis,label
3_109614018_109615746,32047290.999999993,29709.3346913845,38893194059.0,4851.909676962712,1.7983839362064442e-05,0.5312371443513101,952258114.4541141,952533612.2508384,14664.024817849522,17153.161565572147,29709.3346913845,93733.78763108421,38893189207.090324,9.073202824676305e+17,76580.62606551207,38290.313032756036,29.714153201096288,0.10086839223311682,0.06688622750926135,z-curve
