nameseq,average,median,maximum,minimum,peak,none_levated_peak,sample_standard_deviation,population_standard_deviation,percentile15,percentile25,percentile50,percentile75,amplitude,variance,interquartile_range,semi_interquartile_range,coefficient_of_variation,skewness,kurtosis,label
3_115871965_115882016,2787677898.000021,265510.4602244253,15334484966900.002,69993.31329973345,1.2019561761674666e-06,0.7741355524229314,171037946636.34302,171046454928.68192,137728.32978128543,157543.51848464788,265510.4602244253,894391.7494435672,15334484896906.69,2.925688974366961e+22,736848.2309589194,368424.1154794597,61.35498895301057,0.04889112227474869,0.07127844825292594,z-curve
