nameseq,average,median,maximum,minimum,peak,none_levated_peak,sample_standard_deviation,population_standard_deviation,percentile15,percentile25,percentile50,percentile75,amplitude,variance,interquartile_range,semi_interquartile_range,coefficient_of_variation,skewness,kurtosis,label
3_115882134_115883317,9673264.000000002,19510.511576075405,5146333536.0,4545.441880549273,4.0799741087048445e-05,0.5049448251888798,177442921.63224012,177517902.79833,9678.794099948285,11778.392967071079,19510.511576075405,66358.87495760454,5146328990.55812,3.1512605813917336e+16,54580.48199053346,27290.24099526673,18.343645085282493,0.1632145153994676,0.06382822930498347,z-curve
