nameseq,average,median,maximum,minimum,peak,none_levated_peak,sample_standard_deviation,population_standard_deviation,percentile15,percentile25,percentile50,percentile75,amplitude,variance,interquartile_range,semi_interquartile_range,coefficient_of_variation,skewness,kurtosis,label
3_114795340_114801523,1204239436.0000017,250663.86713120548,5661244086392.0,76967.39184393371,1.7117304679709316e-06,0.5594815239748718,72804822004.41223,72810709266.13733,129666.6269950381,147722.2226388018,250663.86713120548,863033.7167053422,5661244009424.608,5.301399383837975e+21,715311.4940665404,357655.7470332702,60.45709833771972,0.04961163583614988,0.07275245188040758,z-curve
