nameseq,average,median,maximum,minimum,peak,none_levated_peak,sample_standard_deviation,population_standard_deviation,percentile15,percentile25,percentile50,percentile75,amplitude,variance,interquartile_range,semi_interquartile_range,coefficient_of_variation,skewness,kurtosis,label
3_116328038_116328193,77957.99999999993,1075.4087237934639,8562060.0,267.94504321420516,0.0006670258344236646,0.36560597943264733,690112.3431934831,692334.932983647,502.3316508225099,611.1003007320203,1075.4087237934639,3563.9357410351545,8561792.054956786,479327659429.47095,2952.8354403031344,1476.4177201515672,8.85236079932122,0.33421771991687726,0.11704423466523338,z-curve
