nameseq,average,median,maximum,minimum,peak,none_levated_peak,sample_standard_deviation,population_standard_deviation,percentile15,percentile25,percentile50,percentile75,amplitude,variance,interquartile_range,semi_interquartile_range,coefficient_of_variation,skewness,kurtosis,label
3_129437915_129438094,300242.00000000006,2337.461417768259,40583092.0,844.0292271643458,0.00019983879670399206,0.26901457625060904,3039085.2709122854,3047562.5126815895,1248.9469794230022,1440.8758228341067,2337.461417768259,7149.436489495598,40582247.97077283,9287637268702.123,5708.560666661491,2854.2803333307456,10.122119060332281,0.29407322798758345,0.05157219254579723,z-curve
