nameseq,average,median,maximum,minimum,peak,none_levated_peak,sample_standard_deviation,population_standard_deviation,percentile15,percentile25,percentile50,percentile75,amplitude,variance,interquartile_range,semi_interquartile_range,coefficient_of_variation,skewness,kurtosis,label
3_12871623_12871755,47149.0,572.7115421015272,4947675.0,90.59078165318516,0.0009402815188727934,0.40720584935531356,428559.6186319938,430179.8876194913,258.96892151115435,284.68242220673864,572.7115421015272,1840.014113289637,4947584.409218347,185054735712.31818,1555.3316910828983,777.6658455414491,9.089474191011343,0.32604300381758844,0.050054091758926854,z-curve
