nameseq,average,median,maximum,minimum,peak,none_levated_peak,sample_standard_deviation,population_standard_deviation,percentile15,percentile25,percentile50,percentile75,amplitude,variance,interquartile_range,semi_interquartile_range,coefficient_of_variation,skewness,kurtosis,label
3_125418935_125419058,36285.99999999997,486.39859816687573,2988908.0,62.94569778093975,0.0011390986422679097,0.4209322291563452,273132.1210330268,274240.1666417135,230.79290717844293,274.320185533795,486.39859816687573,1477.3752948663416,2988845.054302219,75207668999.67479,1203.0551093325466,601.5275546662733,7.527203908753431,0.3932119144365037,0.057622345760931705,z-curve
