nameseq,average,median,maximum,minimum,peak,none_levated_peak,sample_standard_deviation,population_standard_deviation,percentile15,percentile25,percentile50,percentile75,amplitude,variance,interquartile_range,semi_interquartile_range,coefficient_of_variation,skewness,kurtosis,label
3_135455941_135456624,12525229.999999994,19446.30514017929,6354078964.0,4687.455240719381,1.8203258542956905e-05,0.2397594071847907,246189485.25175038,246369645.89441407,10346.101906287622,12082.31583122012,19446.30514017929,63222.19912821574,6354074276.54476,6.069800241813898e+16,51139.88329699562,25569.94164849781,19.65548618682056,0.15239217485756817,0.07128992494468214,z-curve
