nameseq,average,median,maximum,minimum,peak,none_levated_peak,sample_standard_deviation,population_standard_deviation,percentile15,percentile25,percentile50,percentile75,amplitude,variance,interquartile_range,semi_interquartile_range,coefficient_of_variation,skewness,kurtosis,label
3_130696641_130696719,22343.999999999996,256.95854202277366,1181912.0,85.18006572953712,0.0011785415920754268,0.345798952500741,135349.10183669487,136213.96112752642,170.80759510551596,192.322122233052,256.95854202277366,816.8628144673551,1181826.8199342706,18554243206.05128,624.540692234303,312.2703461171515,6.057514403718891,0.48955717825064604,0.07159755295446202,z-curve
