nameseq,average,median,maximum,minimum,peak,none_levated_peak,sample_standard_deviation,population_standard_deviation,percentile15,percentile25,percentile50,percentile75,amplitude,variance,interquartile_range,semi_interquartile_range,coefficient_of_variation,skewness,kurtosis,label
3_27009609_27009868,87338.00000000009,643.557148832693,17619284.0,22.674356470585515,0.0009923133878342368,0.7390017818751173,1096165.7918271304,1098279.9033221859,241.60240859394503,342.07963355236006,643.557148832693,2466.958290462404,17619261.32564353,1206218746041.39,2124.878656910044,1062.439328455022,12.550846044415138,0.23726641580374944,0.11172057040307347,z-curve
