nameseq,average,median,maximum,minimum,peak,none_levated_peak,sample_standard_deviation,population_standard_deviation,percentile15,percentile25,percentile50,percentile75,amplitude,variance,interquartile_range,semi_interquartile_range,coefficient_of_variation,skewness,kurtosis,label
3_28259470_28259696,239482.00000000032,1629.3015650005761,34644644.0,291.27727057362637,0.0003159597241824712,0.39764746045163696,2375358.0661453963,2380607.4826386077,730.4452859771218,882.0328396796555,1629.3015650005761,4371.169129179372,34644352.72272943,5667291986394.93,3489.136289499717,1744.5681447498584,9.918733208113316,0.3004002240651335,0.05963893550645034,z-curve
