nameseq,average,median,maximum,minimum,peak,none_levated_peak,sample_standard_deviation,population_standard_deviation,percentile15,percentile25,percentile50,percentile75,amplitude,variance,interquartile_range,semi_interquartile_range,coefficient_of_variation,skewness,kurtosis,label
3_28607966_28616584,2702555549.999998,408883.21724268293,16787567704004.0,115735.49707239856,1.0630678803253468e-06,0.7160290857921998,183760608893.61652,183771270026.04178,218726.23610927808,248382.44969583506,408883.21724268293,1406942.7735249226,16787567588268.502,3.3771879686984362e+22,1158560.3238290874,579280.1619145437,67.99512738734146,0.044114133323542054,0.07034488697055974,z-curve
