nameseq,average,median,maximum,minimum,peak,none_levated_peak,sample_standard_deviation,population_standard_deviation,percentile15,percentile25,percentile50,percentile75,amplitude,variance,interquartile_range,semi_interquartile_range,coefficient_of_variation,skewness,kurtosis,label
3_3710214_3710552,1524561.9999999993,7759.363886612994,354791748.0,2663.007047048679,7.411964879093146e-05,0.2561459920128526,19611013.81160765,19640002.76137342,4011.1099557237003,4497.670291147109,7759.363886612994,25299.44623621762,354789084.99295294,385729708466755.56,20801.775945070513,10400.887972535256,12.86337571814571,0.232033282524476,0.05894761820517156,z-curve
