nameseq,average,median,maximum,minimum,peak,none_levated_peak,sample_standard_deviation,population_standard_deviation,percentile15,percentile25,percentile50,percentile75,amplitude,variance,interquartile_range,semi_interquartile_range,coefficient_of_variation,skewness,kurtosis,label
3_46295058_46295245,102542.00000000006,1421.231338420018,9019756.0,108.0,0.0006111316988811085,0.362880972718032,725303.9300624254,727240.6596250898,589.0058486909181,698.5139838066009,1421.231338420018,4110.64078431654,9019648.0,528878977011.9358,3412.126800509939,1706.0634002549696,7.073237600811619,0.41825542839486657,0.08737411389184366,z-curve
