nameseq,average,median,maximum,minimum,peak,none_levated_peak,sample_standard_deviation,population_standard_deviation,percentile15,percentile25,percentile50,percentile75,amplitude,variance,interquartile_range,semi_interquartile_range,coefficient_of_variation,skewness,kurtosis,label
3_47073524_47073764,208115.0,1001.0138957970094,39913891.0,61.09467347994821,0.00038600453275032233,0.45911690862471893,2578516.5539666405,2583882.879342541,401.1903598003944,590.1087127778713,1001.0138957970094,3005.069777386069,39913829.90532652,6676450734159.5,2414.9610646081974,1207.4805323040987,12.389864036550179,0.24096876840165038,0.05446849748049346,z-curve
