nameseq,average,median,maximum,minimum,peak,none_levated_peak,sample_standard_deviation,population_standard_deviation,percentile15,percentile25,percentile50,percentile75,amplitude,variance,interquartile_range,semi_interquartile_range,coefficient_of_variation,skewness,kurtosis,label
3_53804649_53814346,4431049902.999979,713759.0817058126,25134284144435.0,250503.90406662595,7.295486932968269e-07,0.5909327038571023,268753151961.53552,268767009145.3835,381822.996881566,422683.5343947933,713759.0817058126,2493172.5171277057,25134283893931.098,7.223570520495467e+22,2070488.9827329125,1035244.4913664563,60.65225123724742,0.049454335083136264,0.07099592587683055,z-curve
