nameseq,average,median,maximum,minimum,peak,none_levated_peak,sample_standard_deviation,population_standard_deviation,percentile15,percentile25,percentile50,percentile75,amplitude,variance,interquartile_range,semi_interquartile_range,coefficient_of_variation,skewness,kurtosis,label
3_53759639_53760204,2799088.999999995,10181.336665501363,1028359538.9999996,2719.0819607777717,6.740288239018731e-05,0.3405487378310578,44350969.47356719,44390200.76781344,5053.634721598106,6032.68817159103,10181.336665501363,38319.03098033712,1028356819.9180388,1970489924206784.8,32286.34280874609,16143.171404373044,15.84478716952811,0.18864802932864813,0.08254611906708656,z-curve
