nameseq,average,median,maximum,minimum,peak,none_levated_peak,sample_standard_deviation,population_standard_deviation,percentile15,percentile25,percentile50,percentile75,amplitude,variance,interquartile_range,semi_interquartile_range,coefficient_of_variation,skewness,kurtosis,label
3_54308554_54308673,36372.00000000001,1171.0605859442933,2079408.0,167.14804682555894,0.0010997470581766192,0.3334346178620486,207844.28505975334,208715.75338948704,429.6489802006236,544.0,1171.0605859442933,2823.0148430939107,2079240.8519531745,43562265712.94118,2279.0148430939107,1139.5074215469554,5.714403526332159,0.508086225280658,0.06399844528413136,z-curve
