nameseq,average,median,maximum,minimum,peak,none_levated_peak,sample_standard_deviation,population_standard_deviation,percentile15,percentile25,percentile50,percentile75,amplitude,variance,interquartile_range,semi_interquartile_range,coefficient_of_variation,skewness,kurtosis,label
3_55539902_55541259,29909053.00000002,43576.1806354374,27539052419.0,14186.354364546705,1.5134770956026806e-05,0.34351170001515247,760156420.8769513,760436456.4071274,23770.28632368244,26730.027313776347,43576.1806354374,142508.6731354099,27539038232.645634,5.78263604233029e+17,115778.64582163354,57889.32291081677,25.41559643753852,0.11786578130160526,0.05783242897005953,z-curve
