nameseq,average,median,maximum,minimum,peak,none_levated_peak,sample_standard_deviation,population_standard_deviation,percentile15,percentile25,percentile50,percentile75,amplitude,variance,interquartile_range,semi_interquartile_range,coefficient_of_variation,skewness,kurtosis,label
3_62663742_62663962,290721.0,3013.900220765894,44097539.0,573.240865583176,0.0002533930010789268,0.32321215543660997,3009747.235819978,3016579.814955436,1244.7442012644965,1405.5531364348935,3013.900220765894,8141.10848388553,44096965.75913442,9099753779996.572,6735.555347450637,3367.7776737253184,10.352699790589527,0.28677534414365957,0.058887158054088264,z-curve
