nameseq,average,median,maximum,minimum,peak,none_levated_peak,sample_standard_deviation,population_standard_deviation,percentile15,percentile25,percentile50,percentile75,amplitude,variance,interquartile_range,semi_interquartile_range,coefficient_of_variation,skewness,kurtosis,label
3_64292155_64292353,166163.9999999999,907.9800159610077,23993160.000000004,185.58089946460697,0.0003992039992617737,0.3979742690846123,1721180.1561010405,1725521.0965542432,440.7457787022702,584.5529169915983,907.9800159610077,3275.2120448737205,23992974.419100538,2977423054653.7583,2690.6591278821224,1345.3295639410612,10.358321634656372,0.2880396094474918,0.07813506415635978,z-curve
