nameseq,average,median,maximum,minimum,peak,none_levated_peak,sample_standard_deviation,population_standard_deviation,percentile15,percentile25,percentile50,percentile75,amplitude,variance,interquartile_range,semi_interquartile_range,coefficient_of_variation,skewness,kurtosis,label
3_64263081_64263255,35328.00000000001,408.08954613652145,1795464.5581141904,39.71359217299817,0.0016511926328502413,0.5756384121055106,209426.03297584574,210026.96974326955,189.59866041616306,240.3115106068641,408.08954613652145,1035.9839174460099,1795424.8445220173,44111328019.54026,795.6724068391458,397.8362034195729,5.928046676173168,0.5002230614456273,0.05331134351123074,z-curve
