nameseq,average,median,maximum,minimum,peak,none_levated_peak,sample_standard_deviation,population_standard_deviation,percentile15,percentile25,percentile50,percentile75,amplitude,variance,interquartile_range,semi_interquartile_range,coefficient_of_variation,skewness,kurtosis,label
3_77798110_77807335,9807596770.999943,987304.1797212658,71071587600219.0,342166.9922199171,3.1356645314240267e-07,0.42203858585266063,746840149124.7784,746880627168.7163,532405.9663895675,586699.4360351495,987304.1797212658,3399938.566840356,71071587258052.0,5.57830671239935e+23,2813239.1308052065,1406619.5654026032,76.14914913030562,0.039392403360930375,0.06969254239116891,z-curve
