nameseq,average,median,maximum,minimum,peak,none_levated_peak,sample_standard_deviation,population_standard_deviation,percentile15,percentile25,percentile50,percentile75,amplitude,variance,interquartile_range,semi_interquartile_range,coefficient_of_variation,skewness,kurtosis,label
3_89914198_89931731,11535807204.99986,791001.6618921392,151403651180483.0,220493.09407006064,5.066543296713095e-07,0.7541395540767376,1154059469603.42,1154092380200.9944,415568.11814311077,471687.02451694023,791001.6618921392,2654251.4547308395,151403650959989.9,1.3319292220379965e+24,2182564.4302138994,1091282.2151069497,100.04150113597828,0.029985498599916657,0.06919629387899971,z-curve
