nameseq,average,median,maximum,minimum,peak,none_levated_peak,sample_standard_deviation,population_standard_deviation,percentile15,percentile25,percentile50,percentile75,amplitude,variance,interquartile_range,semi_interquartile_range,coefficient_of_variation,skewness,kurtosis,label
3_93123469_93123557,31175.000000000015,822.2488899975986,1619667.0,199.0536384813592,0.0009516172146484893,0.25943650148845177,179034.3450067612,180048.7120194522,312.9547461212423,402.1826322834175,822.2488899975986,2268.8075787839766,1619467.9463615187,32417538699.863636,1866.6249465005592,933.3124732502796,5.742881956912947,0.5086077385127891,0.07276164382662062,z-curve
