nameseq,average,median,maximum,minimum,peak,none_levated_peak,sample_standard_deviation,population_standard_deviation,percentile15,percentile25,percentile50,percentile75,amplitude,variance,interquartile_range,semi_interquartile_range,coefficient_of_variation,skewness,kurtosis,label
4_105496348_105496409,10101.000000000004,288.1705468439916,475131.0,27.0,0.0020460020460020454,0.313056147178612,59951.65076959933,60441.06012078701,171.87796332052977,208.42601324583012,288.1705468439916,1016.3732935808039,475104.0,3653121748.52459,807.9472803349738,403.9736401674869,5.935219361409692,0.4910371604712492,0.06247160461287128,z-curve
