nameseq,average,median,maximum,minimum,peak,none_levated_peak,sample_standard_deviation,population_standard_deviation,percentile15,percentile25,percentile50,percentile75,amplitude,variance,interquartile_range,semi_interquartile_range,coefficient_of_variation,skewness,kurtosis,label
4_113426869_113427023,440358.0000000002,4602.112302160807,49668020.0,1991.186271093928,0.0001173287794627704,0.18259186650605885,4020474.5838199253,4033506.9505227893,2556.038494042572,3077.1946672132585,4602.112302160807,15641.46206914275,49666028.813728906,16269178319915.65,12564.267401929492,6282.133700964746,9.130013724787386,0.3251525748613139,0.07209389837041814,z-curve
