nameseq,average,median,maximum,minimum,peak,none_levated_peak,sample_standard_deviation,population_standard_deviation,percentile15,percentile25,percentile50,percentile75,amplitude,variance,interquartile_range,semi_interquartile_range,coefficient_of_variation,skewness,kurtosis,label
4_111002935_111017247,3337038590.999986,278333.880216881,19480985172819.0,51875.511058890515,1.4297107659669915e-06,0.9711262885193306,199328557212.1422,199335520776.82538,140084.01042605942,162671.78927540983,278333.880216881,941857.0347368186,19480985120943.49,3.973464984336818e+22,779185.2454614087,389592.6227307044,59.73217023912537,0.05022000315140757,0.07195309336681571,z-curve
