nameseq,average,median,maximum,minimum,peak,none_levated_peak,sample_standard_deviation,population_standard_deviation,percentile15,percentile25,percentile50,percentile75,amplitude,variance,interquartile_range,semi_interquartile_range,coefficient_of_variation,skewness,kurtosis,label
4_124626872_124630588,552766309.0000018,217902.39828029662,1445721627267.0,71305.59663756755,2.2414535398176665e-06,0.40233370027719867,24173881045.35829,24177133501.618607,116788.90283667631,130736.81964669813,217902.39828029662,734125.2495939977,1445721555961.4033,5.845337843550887e+20,603388.4299472996,301694.2149736498,43.732551444914876,0.06857174554201154,0.06751640529248547,z-curve
