nameseq,average,median,maximum,minimum,peak,none_levated_peak,sample_standard_deviation,population_standard_deviation,percentile15,percentile25,percentile50,percentile75,amplitude,variance,interquartile_range,semi_interquartile_range,coefficient_of_variation,skewness,kurtosis,label
4_129741020_129750028,5555779586.999988,849860.3809381309,38942827794467.0,313467.5197716298,5.405182032467133e-07,0.4915616276584707,413096010434.70734,413118939195.0522,458770.35284117295,511265.7401480174,849860.3809381309,2905438.364472242,38942827480999.48,1.706672579216452e+23,2394172.624324225,1197086.3121621124,74.35428349269182,0.04034120097727531,0.07099332178538735,z-curve
