nameseq,average,median,maximum,minimum,peak,none_levated_peak,sample_standard_deviation,population_standard_deviation,percentile15,percentile25,percentile50,percentile75,amplitude,variance,interquartile_range,semi_interquartile_range,coefficient_of_variation,skewness,kurtosis,label
4_126886697_126891165,411161564.9999988,138706.97127781677,1274611472227.0,35660.948484556146,3.6230688699384415e-06,0.5710684282419307,19481407017.05747,19483586998.826397,71470.66929153597,81015.72892234914,138706.97127781677,469729.6583802403,1274611436566.0515,3.7961016234083706e+20,388713.92945789115,194356.96472894558,47.381391344440296,0.06329463641956234,0.07297353377590637,z-curve
