nameseq,average,median,maximum,minimum,peak,none_levated_peak,sample_standard_deviation,population_standard_deviation,percentile15,percentile25,percentile50,percentile75,amplitude,variance,interquartile_range,semi_interquartile_range,coefficient_of_variation,skewness,kurtosis,label
4_127756481_127758775,354215611.99999976,226347.07687640307,604953907728.0,94015.56018355157,2.1597015322972284e-06,0.2832833388030978,12787161663.869099,12789948448.616987,123258.53533742762,135905.21663209284,226347.07687640307,771430.8098673654,604953813712.4398,1.635827813182801e+20,635525.5932352726,317762.7966176363,36.09993809044506,0.08304953223278819,0.07015370313353872,z-curve
