nameseq,average,median,maximum,minimum,peak,none_levated_peak,sample_standard_deviation,population_standard_deviation,percentile15,percentile25,percentile50,percentile75,amplitude,variance,interquartile_range,semi_interquartile_range,coefficient_of_variation,skewness,kurtosis,label
4_127002833_127003034,630547.0000000003,5512.296774318875,89494275.0,1655.261781742858,0.00010678558986615318,0.18432488975295067,6382324.270403377,6398181.001104247,2716.6443646928033,3156.639046969559,5512.296774318875,15992.963279676398,89492619.73821826,40936720122891.34,12836.32423270684,6418.16211635342,10.121885078199362,0.2937964337494456,0.05980621132471349,z-curve
