nameseq,average,median,maximum,minimum,peak,none_levated_peak,sample_standard_deviation,population_standard_deviation,percentile15,percentile25,percentile50,percentile75,amplitude,variance,interquartile_range,semi_interquartile_range,coefficient_of_variation,skewness,kurtosis,label
4_130215845_130215900,3316.000000000001,173.9490349801599,83112.0,8.0,0.005629272215520707,0.37855794903196255,12299.291036478484,12410.599106482257,42.23320615807654,75.24224414673319,173.9490349801599,873.7757920576428,83104.0,154022970.1818182,798.5335479109096,399.2667739554548,3.7090744983348856,0.7663980685636663,0.08726364531577202,z-curve
