nameseq,average,median,maximum,minimum,peak,none_levated_peak,sample_standard_deviation,population_standard_deviation,percentile15,percentile25,percentile50,percentile75,amplitude,variance,interquartile_range,semi_interquartile_range,coefficient_of_variation,skewness,kurtosis,label
4_131973732_131981250,2367713495.999989,156661.0709956643,13317584115304.0,29971.725579793834,1.0585458661140922e-06,0.7200114975368993,156729557559.24466,156739980833.12704,80905.08885214789,93585.4283666324,156661.0709956643,520906.74962663266,13317584085332.275,2.456742159156903e+22,427321.32126000023,213660.66063000011,66.19447742474894,0.04531800264989665,0.0681192457174974,z-curve
