nameseq,average,median,maximum,minimum,peak,none_levated_peak,sample_standard_deviation,population_standard_deviation,percentile15,percentile25,percentile50,percentile75,amplitude,variance,interquartile_range,semi_interquartile_range,coefficient_of_variation,skewness,kurtosis,label
4_131628187_131629180,11450343.000000007,10893.96902637694,9169236747.0,1395.9130137990428,2.893654219208395e-05,0.4706390856962619,292333162.6815962,292480322.60165507,4889.102923997615,6073.907949737415,10893.96902637694,36705.65293260706,9169235351.086987,8.554473910916822e+16,30631.744982869644,15315.872491434822,25.530515782941702,0.11739464239402694,0.06279404593243486,z-curve
