nameseq,average,median,maximum,minimum,peak,none_levated_peak,sample_standard_deviation,population_standard_deviation,percentile15,percentile25,percentile50,percentile75,amplitude,variance,interquartile_range,semi_interquartile_range,coefficient_of_variation,skewness,kurtosis,label
4_13120870_13124775,71914422.99999988,30238.442755519525,188339846715.0,4980.36393576192,1.8104852207463338e-05,0.9936624991688096,3067901985.057799,3068294777.0682507,14558.113851409402,17824.755980843576,30238.442755519525,99247.0982866259,188339841734.63608,9.414432838984305e+18,81422.34230578232,40711.17115289116,42.660454705418466,0.0702931693131227,0.06687265927883533,z-curve
