nameseq,average,median,maximum,minimum,peak,none_levated_peak,sample_standard_deviation,population_standard_deviation,percentile15,percentile25,percentile50,percentile75,amplitude,variance,interquartile_range,semi_interquartile_range,coefficient_of_variation,skewness,kurtosis,label
4_136318243_136319693,3065709.9999999953,5269.361322808458,1833795532.0,345.09403608120954,0.0001577666076265098,1.0897830269053268,55616716.95130074,55635891.82411705,2174.5724461526934,2966.410645562672,5269.361322808458,15099.970555621989,1833795186.905964,3095352459064854.5,12133.559910059317,6066.779955029659,18.141545335762622,0.16508205480864563,0.057734109268862355,z-curve
