nameseq,average,median,maximum,minimum,peak,none_levated_peak,sample_standard_deviation,population_standard_deviation,percentile15,percentile25,percentile50,percentile75,amplitude,variance,interquartile_range,semi_interquartile_range,coefficient_of_variation,skewness,kurtosis,label
4_145923270_145924158,14030742.99999997,28380.084802837777,8055015723.0,10096.514138886456,2.112028802276073e-05,0.3649349885915251,279361275.398592,279518529.1545853,14763.41330501526,17003.35975076689,28380.084802837777,95434.5507471872,8055005626.485861,7.813060814074275e+16,78431.19099642031,39215.595498210154,19.910654439226246,0.1503683310639808,0.06805825602528935,z-curve
