nameseq,average,median,maximum,minimum,peak,none_levated_peak,sample_standard_deviation,population_standard_deviation,percentile15,percentile25,percentile50,percentile75,amplitude,variance,interquartile_range,semi_interquartile_range,coefficient_of_variation,skewness,kurtosis,label
4_145821184_145822739,35932706.000000134,17833.56232918264,43644438452.0,3510.1953949262197,1.443438929054396e-05,0.5185555128893248,1116808518.6230514,1117167563.3256638,8738.538215258774,10445.500551810965,17833.56232918264,54068.57041125461,43644434941.8046,1.2480633645470008e+18,43623.06985944364,21811.53492972182,31.080557045245833,0.09647546156422107,0.06564563805853893,z-curve
