nameseq,average,median,maximum,minimum,peak,none_levated_peak,sample_standard_deviation,population_standard_deviation,percentile15,percentile25,percentile50,percentile75,amplitude,variance,interquartile_range,semi_interquartile_range,coefficient_of_variation,skewness,kurtosis,label
4_156287804_156287955,95396.0,721.7543389779825,10915800.0,104.0,0.0005311194040281213,0.37108172542840523,894238.1893254167,897194.3566920748,377.6251423144994,426.30804977113434,721.7543389779825,3423.7478242353936,10915696.0,804957713680.106,2997.4397744642592,1498.7198872321296,9.373958963954639,0.31761418867306845,0.1850477956266191,z-curve
