nameseq,average,median,maximum,minimum,peak,none_levated_peak,sample_standard_deviation,population_standard_deviation,percentile15,percentile25,percentile50,percentile75,amplitude,variance,interquartile_range,semi_interquartile_range,coefficient_of_variation,skewness,kurtosis,label
4_166186029_166186188,64232.000000000044,894.1713803388482,7649208.0,184.30550317417743,0.0008303234109685718,0.4229559172905194,606731.3630528753,608636.3327733761,407.3857665818498,512.2635874378857,894.1713803388482,2482.7855411961746,7649023.694496826,370438185571.8239,1970.5219537582889,985.2609768791444,9.445936029593891,0.31317564482392574,0.04741087348202727,z-curve
