nameseq,average,median,maximum,minimum,peak,none_levated_peak,sample_standard_deviation,population_standard_deviation,percentile15,percentile25,percentile50,percentile75,amplitude,variance,interquartile_range,semi_interquartile_range,coefficient_of_variation,skewness,kurtosis,label
4_168597027_168598504,2369809.0000000014,5445.3430942050545,758495267.0,245.14891548422605,0.00020789298490581578,1.058610368519756,34285757.51199326,34297362.10109252,2113.183445901798,2890.392066411561,5445.3430942050545,15153.707346718873,758495021.8510845,1176309047093457.2,12263.315280307312,6131.657640153656,14.467730315815848,0.20688155914992412,0.05544620999710515,z-curve
