nameseq,average,median,maximum,minimum,peak,none_levated_peak,sample_standard_deviation,population_standard_deviation,percentile15,percentile25,percentile50,percentile75,amplitude,variance,interquartile_range,semi_interquartile_range,coefficient_of_variation,skewness,kurtosis,label
4_166251879_166251910,599.9999999999999,48.70988700478319,6144.019765367766,5.307729195686297,0.01777777777777778,0.45855368353681225,1550.483795465144,1575.2931114864857,10.344816460630863,33.04673371163928,48.70988700478319,154.3592263215728,6138.71203617208,2481548.3870967734,121.31249260993353,60.656246304966764,2.584139659108574,1.0666801831937174,0.10337871546041377,z-curve
