nameseq,average,median,maximum,minimum,peak,none_levated_peak,sample_standard_deviation,population_standard_deviation,percentile15,percentile25,percentile50,percentile75,amplitude,variance,interquartile_range,semi_interquartile_range,coefficient_of_variation,skewness,kurtosis,label
4_168417629_168420873,56423041.00000011,42353.3369835268,80725003451.0,4877.267349283038,1.9170655241121525e-05,0.878820571058555,1652645556.181555,1652900259.975343,21684.469918836076,25866.80184888157,42353.3369835268,145510.3153219757,80724998573.73265,2.7320792694265564e+18,119643.51347309414,59821.75673654707,29.290260271181623,0.10234624257838641,0.07037284254794604,z-curve
