nameseq,average,median,maximum,minimum,peak,none_levated_peak,sample_standard_deviation,population_standard_deviation,percentile15,percentile25,percentile50,percentile75,amplitude,variance,interquartile_range,semi_interquartile_range,coefficient_of_variation,skewness,kurtosis,label
4_164067546_164068163,1396483.0000000023,5271.694324110527,542192339.0,866.8469113094645,0.000147513431957281,0.532786604437141,22372853.33963507,22390976.350577362,2450.47936966296,3016.4497193775114,5271.694324110527,17025.415610185813,542191472.1530887,501355821932114.7,14008.965890808302,7004.482945404151,16.02085620779847,0.18654902232044723,0.06340492511849218,z-curve
