nameseq,average,median,maximum,minimum,peak,none_levated_peak,sample_standard_deviation,population_standard_deviation,percentile15,percentile25,percentile50,percentile75,amplitude,variance,interquartile_range,semi_interquartile_range,coefficient_of_variation,skewness,kurtosis,label
4_163348124_163349568,21643468.999999933,14391.484964459409,24705834851.0,2523.77518490443,2.2254596371157885e-05,0.5701812910396122,655209970.185307,655436804.178665,7133.168517022454,8716.21181272993,14391.484964459409,48386.72911363224,24705832327.224815,4.295974042719417e+17,39670.517300902306,19835.258650451153,30.272872162281796,0.09903273072409896,0.06278277759787085,z-curve
