nameseq,average,median,maximum,minimum,peak,none_levated_peak,sample_standard_deviation,population_standard_deviation,percentile15,percentile25,percentile50,percentile75,amplitude,variance,interquartile_range,semi_interquartile_range,coefficient_of_variation,skewness,kurtosis,label
4_164185284_164194243,5465897087.999981,483577.8217217379,35331942466320.0,115387.82494658494,5.464183863292445e-07,0.4737762773131496,382000828230.8128,382022147025.8308,253379.74659199052,283362.0146768965,483577.8217217379,1621989.1600123567,35331942350932.17,1.459409208182255e+23,1338627.14533546,669313.57266773,69.88803888559677,0.04292200256861178,0.07373252957895542,z-curve
