nameseq,average,median,maximum,minimum,peak,none_levated_peak,sample_standard_deviation,population_standard_deviation,percentile15,percentile25,percentile50,percentile75,amplitude,variance,interquartile_range,semi_interquartile_range,coefficient_of_variation,skewness,kurtosis,label
4_171514286_171514911,6906743.000000009,15582.334058207165,2977200747.000001,4502.521982165874,3.0212021305362945e-05,0.29161813430418826,121960835.0877648,122058364.75955857,7877.192264028798,9148.792985188415,15582.334058207165,49988.902333559774,2977196244.4780188,1.489824440777745e+16,40840.10934837136,20420.05467418568,17.658226907786293,0.16950918696931247,0.06965183614037819,z-curve
