nameseq,average,median,maximum,minimum,peak,none_levated_peak,sample_standard_deviation,population_standard_deviation,percentile15,percentile25,percentile50,percentile75,amplitude,variance,interquartile_range,semi_interquartile_range,coefficient_of_variation,skewness,kurtosis,label
4_179130070_179132425,29987625.999999914,4925.45236959112,53841982516.0,213.6820579584819,2.618857969394895e-05,1.2263869913795915,1122574654.8455756,1122812968.1175194,1943.3013019706345,2582.3330320674845,4925.45236959112,16611.33368172512,53841982302.31794,1.2607089613728737e+18,14029.000649657633,7014.500324828817,37.43459568441926,0.08012661006965678,0.07596478666733794,z-curve
