nameseq,average,median,maximum,minimum,peak,none_levated_peak,sample_standard_deviation,population_standard_deviation,percentile15,percentile25,percentile50,percentile75,amplitude,variance,interquartile_range,semi_interquartile_range,coefficient_of_variation,skewness,kurtosis,label
4_188394081_188394376,521203.9999999994,2624.338349828581,109166120.0,386.3458800442361,0.0001893052752217304,0.4048846570211749,6468789.699161968,6479744.473646583,1192.5605785311927,1378.4447142419704,2624.338349828581,7954.738920243206,109165733.65411995,41987088443753.44,6576.294206001236,3288.147103000618,12.411243388696125,0.2404992366890608,0.06072556013390561,z-curve
