nameseq,average,median,maximum,minimum,peak,none_levated_peak,sample_standard_deviation,population_standard_deviation,percentile15,percentile25,percentile50,percentile75,amplitude,variance,interquartile_range,semi_interquartile_range,coefficient_of_variation,skewness,kurtosis,label
4_188369529_188386779,42075617546.000015,5071991.941522488,327458887238276.0,2137560.8650179375,1.366666413641265e-07,0.3863756671125109,2980360740890.4087,2980447126906.307,2714900.166976724,2986680.0739747835,5071991.941522488,17336589.61344152,327458885100715.1,8.883065076284061e+24,14349909.539466735,7174954.7697333675,70.83344023726019,0.042347771842031666,0.07122460519135851,z-curve
