nameseq,average,median,maximum,minimum,peak,none_levated_peak,sample_standard_deviation,population_standard_deviation,percentile15,percentile25,percentile50,percentile75,amplitude,variance,interquartile_range,semi_interquartile_range,coefficient_of_variation,skewness,kurtosis,label
4_182617166_182617381,545620.0,4742.643799335267,85045824.0,1344.5834880398031,0.00013195997214178365,0.2388161883288509,5849227.724386186,5862814.798963493,2283.243422393406,2678.8073640531684,4742.643799335267,14114.264310874052,85044479.41651195,34372597366945.34,11435.456946820883,5717.728473410441,10.720332327235413,0.2774096248359474,0.07602686508522177,z-curve
