nameseq,average,median,maximum,minimum,peak,none_levated_peak,sample_standard_deviation,population_standard_deviation,percentile15,percentile25,percentile50,percentile75,amplitude,variance,interquartile_range,semi_interquartile_range,coefficient_of_variation,skewness,kurtosis,label
4_185513001_185513164,50330.0,685.3067499343522,6498540.0,149.8923300659405,0.001086164646665342,0.5443138692702185,507121.4293756478,508674.63800304977,271.00013805726496,331.3843878240716,685.3067499343522,2082.5821356363085,6498390.107669934,258749887347.53375,1751.197747812237,875.5988739061185,10.0759274662358,0.2936852420801069,0.06455204893836054,z-curve
