nameseq,average,median,maximum,minimum,peak,none_levated_peak,sample_standard_deviation,population_standard_deviation,percentile15,percentile25,percentile50,percentile75,amplitude,variance,interquartile_range,semi_interquartile_range,coefficient_of_variation,skewness,kurtosis,label
4_188290610_188290657,9287.999999999993,240.139482648232,270488.0,104.0,0.0017226528854435844,0.22717034986149967,40283.59745603662,40709.89078208589,151.99999999999994,159.7883990400795,240.139482648232,1055.1775995834241,270384.0,1657295207.4893618,895.3892005433446,447.6946002716723,4.337165962105583,0.673812252782993,0.09648504318329088,z-curve
