nameseq,average,median,maximum,minimum,peak,none_levated_peak,sample_standard_deviation,population_standard_deviation,percentile15,percentile25,percentile50,percentile75,amplitude,variance,interquartile_range,semi_interquartile_range,coefficient_of_variation,skewness,kurtosis,label
4_193404844_193405110,2133326.000000001,12574.82988838836,447911916.0,5132.127191078908,4.171889340869607e-05,0.1985801382481443,27512814.82724496,27564482.13064676,6627.294252733558,7546.991046671922,12574.82988838836,38438.9100189953,447906783.87280893,759800675130744.6,30891.91897232338,15445.95948616169,12.896676282595791,0.23124691349409018,0.0741536754954059,z-curve
