nameseq,average,median,maximum,minimum,peak,none_levated_peak,sample_standard_deviation,population_standard_deviation,percentile15,percentile25,percentile50,percentile75,amplitude,variance,interquartile_range,semi_interquartile_range,coefficient_of_variation,skewness,kurtosis,label
4_199306346_199314639,2962898113.0000086,399756.88174418296,17934658958387.0,123234.92733732428,9.330954225312095e-07,0.5152910172490489,200356225757.283,200368305233.11813,211131.3995687953,237595.8185312671,399756.88174418296,1376913.1664635611,17934658835152.074,4.014745774199199e+22,1139317.347932294,569658.673966147,67.62170622006887,0.04435846719892472,0.07178708786765155,z-curve
