nameseq,average,median,maximum,minimum,peak,none_levated_peak,sample_standard_deviation,population_standard_deviation,percentile15,percentile25,percentile50,percentile75,amplitude,variance,interquartile_range,semi_interquartile_range,coefficient_of_variation,skewness,kurtosis,label
4_207212042_207213006,5771053.000000014,7123.279065634706,4441082283.0,1066.1355574563506,5.57379505380848e-05,0.6556314653885142,144049942.8516001,144124638.18607366,3438.532141482586,4150.692449913414,7123.279065634706,20301.9928057282,4441081216.864443,2.077191133226664e+16,16151.300355814787,8075.650177907393,24.96077281764693,0.1200402361882024,0.0514470558215522,z-curve
