nameseq,average,median,maximum,minimum,peak,none_levated_peak,sample_standard_deviation,population_standard_deviation,percentile15,percentile25,percentile50,percentile75,amplitude,variance,interquartile_range,semi_interquartile_range,coefficient_of_variation,skewness,kurtosis,label
4_202127502_202127651,85777.00000000003,1027.796278352779,7612523.0,121.09446180505394,0.0005829068398288584,0.3286115541269744,645965.0668031515,648129.1099395294,483.1924681147706,616.1099899051289,1027.796278352779,3209.4441531582625,7612401.905538195,420071343151.0067,2593.3341632531337,1296.6670816265669,7.530749114601249,0.3935934375262742,0.06557711428635803,z-curve
