nameseq,average,median,maximum,minimum,peak,none_levated_peak,sample_standard_deviation,population_standard_deviation,percentile15,percentile25,percentile50,percentile75,amplitude,variance,interquartile_range,semi_interquartile_range,coefficient_of_variation,skewness,kurtosis,label
4_206353173_206353679,1967245.9999999986,5828.170653427116,773423460.0,1442.4384478058191,8.59068972563676e-05,0.45972277118317706,34563011.4580052,34597147.77393859,3235.2224689285745,3696.4845593669065,5828.170653427116,19884.719111290317,773422017.5615522,1196962634091744.0,16188.23455192341,8094.117275961705,17.569237125405376,0.17024712951269336,0.07517628336061616,z-curve
