nameseq,average,median,maximum,minimum,peak,none_levated_peak,sample_standard_deviation,population_standard_deviation,percentile15,percentile25,percentile50,percentile75,amplitude,variance,interquartile_range,semi_interquartile_range,coefficient_of_variation,skewness,kurtosis,label
4_20673137_20685124,10139653409.999899,1213014.6564813522,89510927437396.0,456767.98279850476,3.940963106351423e-07,0.49913554444689096,827895318109.3942,827929850438.2631,650161.4012283435,724071.7313767148,1213014.6564813522,4142024.1297256975,89510926980628.02,6.854678372467246e+23,3417952.3983489824,1708976.1991744912,81.64927188664159,0.03673812439897301,0.06964976681807195,z-curve
