nameseq,average,median,maximum,minimum,peak,none_levated_peak,sample_standard_deviation,population_standard_deviation,percentile15,percentile25,percentile50,percentile75,amplitude,variance,interquartile_range,semi_interquartile_range,coefficient_of_variation,skewness,kurtosis,label
4_200420569_200421130,3402311.0000000014,5393.100039032857,1521219818.9999998,1133.330842005451,5.5060614192333756e-05,0.40700553657293576,64573014.48900739,64630540.57123042,2753.5157020794454,3431.313025444827,5393.100039032857,20117.53260399934,1521218685.6691577,4177106774529461.5,16686.219578554515,8343.109789277258,18.979162836380144,0.15781753075222674,0.08919615474826889,z-curve
