nameseq,average,median,maximum,minimum,peak,none_levated_peak,sample_standard_deviation,population_standard_deviation,percentile15,percentile25,percentile50,percentile75,amplitude,variance,interquartile_range,semi_interquartile_range,coefficient_of_variation,skewness,kurtosis,label
4_203369649_203369762,57295.000000000015,523.3705582420939,4605971.0,75.0,0.0006632341391046337,0.32510029558614434,439866.5304021209,441808.5554317306,238.7177628893993,314.4830329207115,523.3705582420939,1573.2505348464472,4605896.0,195194799652.67258,1258.7675019257358,629.3837509628679,7.677223674005075,0.3871967439067798,0.09255092689288383,z-curve
