nameseq,average,median,maximum,minimum,peak,none_levated_peak,sample_standard_deviation,population_standard_deviation,percentile15,percentile25,percentile50,percentile75,amplitude,variance,interquartile_range,semi_interquartile_range,coefficient_of_variation,skewness,kurtosis,label
4_205999647_205999785,33302.00000000002,655.9309532061809,2956436.0,65.11197464069404,0.001391307829359597,0.46348223494002816,254839.28927463284,255760.9533654254,254.30352757970542,319.748787071361,655.9309532061809,2185.095511422105,2956370.8880253593,65413665266.391304,1865.3467243507441,932.6733621753721,7.652371907832343,0.3843136096445332,0.09975495839328033,z-curve
