nameseq,average,median,maximum,minimum,peak,none_levated_peak,sample_standard_deviation,population_standard_deviation,percentile15,percentile25,percentile50,percentile75,amplitude,variance,interquartile_range,semi_interquartile_range,coefficient_of_variation,skewness,kurtosis,label
4_204653063_204656524,564826241.0000005,316760.0426257696,1367884905274.9995,119876.01732933245,2.0431062090119838e-06,0.3663699148688916,23646547181.176563,23649963078.22308,166156.12032096903,185653.99108374782,316760.0426257696,1085614.052996231,1367884785398.9822,5.593207536013149e+20,899960.0619124832,449980.0309562416,41.86517102907856,0.07161842403022074,0.07043455220258275,z-curve
