nameseq,average,median,maximum,minimum,peak,none_levated_peak,sample_standard_deviation,population_standard_deviation,percentile15,percentile25,percentile50,percentile75,amplitude,variance,interquartile_range,semi_interquartile_range,coefficient_of_variation,skewness,kurtosis,label
4_206927137_206927398,141545.00000000003,1580.1070739255588,16005299.0,314.5139771033815,0.0006170004827675532,0.4785508223426496,1179332.2305516796,1181589.3277946864,622.3656409377899,794.5726465675166,1580.1070739255588,4509.387035520639,16004984.486022897,1396153339558.2988,3714.8143889531225,1857.4071944765612,8.331853690004447,0.35604443591082136,0.09776880285078737,z-curve
