nameseq,average,median,maximum,minimum,peak,none_levated_peak,sample_standard_deviation,population_standard_deviation,percentile15,percentile25,percentile50,percentile75,amplitude,variance,interquartile_range,semi_interquartile_range,coefficient_of_variation,skewness,kurtosis,label
4_202358306_202376615,15569439697.000027,233777.8123238315,233319299423971.0,34691.9166571791,3.920072560163706e-07,1.1975229907929565,1734695013308.7104,1734742385402.4236,117431.97114936782,140570.38425286498,233777.8123238315,788106.0112899097,233319299389279.1,3.009331143711691e+24,647535.6270370447,323767.81351852237,111.41666283873771,0.026925550254781824,0.06985836703267255,z-curve
