nameseq,average,median,maximum,minimum,peak,none_levated_peak,sample_standard_deviation,population_standard_deviation,percentile15,percentile25,percentile50,percentile75,amplitude,variance,interquartile_range,semi_interquartile_range,coefficient_of_variation,skewness,kurtosis,label
4_213529590_213534817,386236054.0000005,30162.551707137543,1293520927468.0,2385.1084850484403,4.511921268403039e-06,1.0604098470846557,18854483915.00204,18856287395.221863,12902.492711796076,16652.199126705098,30162.551707137543,96974.57591576906,1293520925082.8916,3.5555957433120286e+20,80322.37678906397,40161.188394531986,48.81596039452603,0.06145051116583451,0.07666532167070636,z-curve
