nameseq,average,median,maximum,minimum,peak,none_levated_peak,sample_standard_deviation,population_standard_deviation,percentile15,percentile25,percentile50,percentile75,amplitude,variance,interquartile_range,semi_interquartile_range,coefficient_of_variation,skewness,kurtosis,label
4_213524486_213526209,68787574.00000016,74996.97177596086,50074466636.0,23133.876052085718,8.35422203822256e-06,0.3239414117838597,1508335729.1278253,1508773371.8844967,41617.068773362174,46525.67585881901,74996.97177596086,261685.98151895608,50074443502.12395,2.276397087707714e+18,215160.30566013706,107580.15283006853,21.927444760994504,0.13666568198571347,0.06735667025781121,z-curve
