nameseq,average,median,maximum,minimum,peak,none_levated_peak,sample_standard_deviation,population_standard_deviation,percentile15,percentile25,percentile50,percentile75,amplitude,variance,interquartile_range,semi_interquartile_range,coefficient_of_variation,skewness,kurtosis,label
4_237871851_237882884,11395043947.00002,1699187.7854314288,89548834706370.97,700763.6104475941,3.227719012850591e-07,0.4540210658337982,868255910863.3176,868295258105.1234,913063.947443958,1008228.9080659181,1699187.7854314288,5779210.772966955,89548834005607.36,7.539366552478429e+23,4770981.864901037,2385490.9324505185,76.19592472847847,0.03936631337603925,0.07058571174565856,z-curve
