nameseq,average,median,maximum,minimum,peak,none_levated_peak,sample_standard_deviation,population_standard_deviation,percentile15,percentile25,percentile50,percentile75,amplitude,variance,interquartile_range,semi_interquartile_range,coefficient_of_variation,skewness,kurtosis,label
4_237966273_237966354,14055.000000000004,424.53218908052736,575875.0,39.513384693005634,0.0019447408988497563,0.33773012539754405,69258.17421792174,69684.38238972228,200.47783357006057,278.68551016072,424.53218908052736,1721.517120054047,575835.486615307,4855913149.037037,1442.831609893327,721.4158049466635,4.927653804192225,0.5904198875369295,0.11934695035376161,z-curve
