nameseq,average,median,maximum,minimum,peak,none_levated_peak,sample_standard_deviation,population_standard_deviation,percentile15,percentile25,percentile50,percentile75,amplitude,variance,interquartile_range,semi_interquartile_range,coefficient_of_variation,skewness,kurtosis,label
4_237843498_237844074,4857938.999999996,8996.525619587468,2089549138.9999995,2286.0284178326656,3.9591549694908374e-05,0.3093815201478201,88114376.87260202,88190831.87776472,5022.973037701011,5654.487621507522,8996.525619587468,29338.920157822162,2089546852.9715817,7777622827292161.0,23684.43253631464,11842.21626815732,18.13822217047231,0.165090283100718,0.06326480460282523,z-curve
