nameseq,average,median,maximum,minimum,peak,none_levated_peak,sample_standard_deviation,population_standard_deviation,percentile15,percentile25,percentile50,percentile75,amplitude,variance,interquartile_range,semi_interquartile_range,coefficient_of_variation,skewness,kurtosis,label
4_239849005_239849047,7981.9999999999945,302.9569837884643,258276.0,109.72956749379978,0.001795707007433393,0.21747094838783623,38965.24972331116,39426.39299045876,169.08680496212767,195.54777754757572,302.9569837884643,918.9105101399975,258166.2704325062,1554440464.2380953,723.3627325924218,361.6813662962109,4.8816399052006,0.5912224151575888,0.060646584645353406,z-curve
