nameseq,average,median,maximum,minimum,peak,none_levated_peak,sample_standard_deviation,population_standard_deviation,percentile15,percentile25,percentile50,percentile75,amplitude,variance,interquartile_range,semi_interquartile_range,coefficient_of_variation,skewness,kurtosis,label
4_232633700_232635572,15137595.000000013,11288.837764342872,17707020323.0,1060.1623160807926,4.1243892000897955e-05,0.8497119881372845,422761941.9972329,422874844.10686946,5029.705724020185,6199.189068529957,11288.837764342872,36810.155788124466,17707019262.837685,1.7882313377840915e+17,30610.966719594508,15305.483359797254,27.927946414026305,0.10733917597294987,0.06629822806823873,z-curve
