nameseq,average,median,maximum,minimum,peak,none_levated_peak,sample_standard_deviation,population_standard_deviation,percentile15,percentile25,percentile50,percentile75,amplitude,variance,interquartile_range,semi_interquartile_range,coefficient_of_variation,skewness,kurtosis,label
4_233306425_233306634,265734.99999999994,2601.391040200545,38429427.0,691.9257688991897,0.000263420324759629,0.2983678236368263,2678199.6471286453,2684599.177512085,1377.1920292301224,1505.1094833268994,2601.391040200545,8077.681274472929,38428735.0742311,7207072743898.564,6572.571791146029,3286.2858955730144,10.07846029739645,0.2947505529416866,0.05364876253237425,z-curve
