nameseq,average,median,maximum,minimum,peak,none_levated_peak,sample_standard_deviation,population_standard_deviation,percentile15,percentile25,percentile50,percentile75,amplitude,variance,interquartile_range,semi_interquartile_range,coefficient_of_variation,skewness,kurtosis,label
4_239607932_239608211,745435.9999999995,1911.0156694178613,168385688.0,455.7235236232518,0.00012520636692262433,0.3712922835880244,10120678.669176292,10138799.863041062,975.0933604833593,1222.9382596748624,1911.0156694178613,5094.37968701855,168385232.27647638,102795262662801.44,3871.4414273436873,1935.7207136718437,13.576857931702115,0.2203977644093396,0.0578928871825704,z-curve
