nameseq,average,median,maximum,minimum,peak,none_levated_peak,sample_standard_deviation,population_standard_deviation,percentile15,percentile25,percentile50,percentile75,amplitude,variance,interquartile_range,semi_interquartile_range,coefficient_of_variation,skewness,kurtosis,label
4_232027366_232039202,4595634145.0,473440.77830420295,31378568316715.0,140988.09372847498,8.585684896086667e-07,0.6882183993626497,308812871296.0073,308825916511.8245,250763.68107885175,283667.82895088504,473440.77830420295,1624123.9429786075,31378568175726.906,9.537344670936843e+22,1340456.1140277225,670228.0570138613,67.19700949911176,0.04464024460771666,0.07314738165335889,z-curve
