nameseq,average,median,maximum,minimum,peak,none_levated_peak,sample_standard_deviation,population_standard_deviation,percentile15,percentile25,percentile50,percentile75,amplitude,variance,interquartile_range,semi_interquartile_range,coefficient_of_variation,skewness,kurtosis,label
4_237145820_237150994,1368327475.9999986,99397.15010269775,5766712884560.0,20385.703885552244,1.260663130906831e-06,0.5893313774255416,80775078621.94092,80782884108.6115,49540.527699207996,57495.413956222634,99397.15010269775,321818.9355809002,5766712864174.296,6.525874364905356e+21,264323.5216246775,132161.76081233876,59.031978849148686,0.0508162208762584,0.06996865552734519,z-curve
