nameseq,average,median,maximum,minimum,peak,none_levated_peak,sample_standard_deviation,population_standard_deviation,percentile15,percentile25,percentile50,percentile75,amplitude,variance,interquartile_range,semi_interquartile_range,coefficient_of_variation,skewness,kurtosis,label
4_237642125_237642329,324456.99999999965,2051.8018751851914,44125851.0,605.0918441110276,0.00021060828810391948,0.2778274923399239,3169441.454227227,3177200.1964469133,1124.3450987352026,1314.9124535068113,2051.8018751851914,9258.497064420782,44125245.90815589,10094601088302.305,7943.584610913971,3971.7923054569856,9.76844837444478,0.3051690994589676,0.07055906692775839,z-curve
