nameseq,average,median,maximum,minimum,peak,none_levated_peak,sample_standard_deviation,population_standard_deviation,percentile15,percentile25,percentile50,percentile75,amplitude,variance,interquartile_range,semi_interquartile_range,coefficient_of_variation,skewness,kurtosis,label
4_236589311_236589501,333208.0000000001,3010.1986834654335,41501791.99999999,888.80288381934,0.0001910718430129728,0.25825450251660254,3072615.5603719763,3080690.77944972,1458.1935965122161,1745.1308718005805,3010.1986834654335,9193.376396071408,41500903.197116174,9490655678586.523,7448.245524270827,3724.1227621354137,9.221313895140499,0.3223941897338049,0.058681556468706486,z-curve
