nameseq,average,median,maximum,minimum,peak,none_levated_peak,sample_standard_deviation,population_standard_deviation,percentile15,percentile25,percentile50,percentile75,amplitude,variance,interquartile_range,semi_interquartile_range,coefficient_of_variation,skewness,kurtosis,label
4_23609654_23610308,22421224.000000022,46082.37748574872,11154950248.0,17496.324667181358,9.737797246632616e-06,0.19220072323155948,439868644.47496885,440204807.03414124,26149.725437481644,28580.353817638348,46082.37748574872,157438.12750489463,11154932751.675333,1.9378027213596554e+17,128857.77368725628,64428.88684362814,19.618404618542165,0.15260334127172062,0.06856757828980987,z-curve
