nameseq,average,median,maximum,minimum,peak,none_levated_peak,sample_standard_deviation,population_standard_deviation,percentile15,percentile25,percentile50,percentile75,amplitude,variance,interquartile_range,semi_interquartile_range,coefficient_of_variation,skewness,kurtosis,label
4_23608865_23609091,160017.99999999997,981.3720047731149,25268044.0,129.39165731858074,0.00047286346952634507,0.4952149282781588,1711365.4674796963,1715147.4952248766,544.5919003758421,652.4273930584809,981.3720047731149,3581.8342904142255,25267914.60834268,2941730930376.168,2929.4068973557446,1464.7034486778723,10.694831003260237,0.278789009742211,0.07437212602970815,z-curve
