nameseq,average,median,maximum,minimum,peak,none_levated_peak,sample_standard_deviation,population_standard_deviation,percentile15,percentile25,percentile50,percentile75,amplitude,variance,interquartile_range,semi_interquartile_range,coefficient_of_variation,skewness,kurtosis,label
4_233100538_233100665,134455.99999999997,1315.2872841532035,13174304.0,403.4547682803829,0.00031732809741972595,0.2614716786066596,1167542.6014394504,1172130.212830865,633.6930893722928,811.2661468470646,1315.2872841532035,3653.076477383247,13173900.54523172,1373889235830.9292,2841.8103305361824,1420.9051652680912,8.683454821201364,0.342104979856921,0.05048794135676083,z-curve
