nameseq,average,median,maximum,minimum,peak,none_levated_peak,sample_standard_deviation,population_standard_deviation,percentile15,percentile25,percentile50,percentile75,amplitude,variance,interquartile_range,semi_interquartile_range,coefficient_of_variation,skewness,kurtosis,label
4_241201718_241201761,6246.0,312.61884580435316,223876.0,37.852074447147665,0.0023481694951435583,0.27264772498399914,33270.49942516643,33655.14225472902,120.90626334816997,134.9907973641332,312.61884580435316,735.4472053835113,223838.14792555285,1132668600.1860466,600.4564080193782,300.2282040096891,5.326688988979576,0.5350128122550086,0.0680164078232213,z-curve
