nameseq,average,median,maximum,minimum,peak,none_levated_peak,sample_standard_deviation,population_standard_deviation,percentile15,percentile25,percentile50,percentile75,amplitude,variance,interquartile_range,semi_interquartile_range,coefficient_of_variation,skewness,kurtosis,label
4_240092168_240092756,6864056.999999998,16221.576774076575,3101901467.0,4402.981857893597,2.8603103577568398e-05,0.28202404362450295,128798251.99587849,128907727.79294525,7983.940387205916,9215.466558945533,16221.576774076575,51747.96922966044,3101897064.018142,1.6617202284740068e+16,42532.50267071491,21266.251335357454,18.76415828071919,0.15950143694756938,0.07845312543676872,z-curve
