nameseq,average,median,maximum,minimum,peak,none_levated_peak,sample_standard_deviation,population_standard_deviation,percentile15,percentile25,percentile50,percentile75,amplitude,variance,interquartile_range,semi_interquartile_range,coefficient_of_variation,skewness,kurtosis,label
4_243706335_243707428,49492528.999999836,60620.746397034556,42263495530.99996,23551.630831847233,7.368115431455683e-06,0.291475277403937,1286987454.5836253,1287576060.8136127,32089.654915746265,35817.30242801407,60620.746397034556,203385.41084906587,42263471979.36913,1.6578521123803003e+18,167568.10842105182,83784.05421052591,26.003671272963835,0.11522701657475443,0.06582472006342448,z-curve
