nameseq,average,median,maximum,minimum,peak,none_levated_peak,sample_standard_deviation,population_standard_deviation,percentile15,percentile25,percentile50,percentile75,amplitude,variance,interquartile_range,semi_interquartile_range,coefficient_of_variation,skewness,kurtosis,label
4_240716457_240716538,21727.000000000007,364.51721575237275,1281731.0,102.02155530564981,0.0012580353170402413,0.31775877219417975,142672.9410925562,143550.9367093209,147.42677757167965,209.08706281680276,364.51721575237275,1471.2501665425937,1281628.9784446943,20606871430.123455,1262.163103725791,631.0815518628955,6.56661946391845,0.44919133132026384,0.1269128061292842,z-curve
