nameseq,average,median,maximum,minimum,peak,none_levated_peak,sample_standard_deviation,population_standard_deviation,percentile15,percentile25,percentile50,percentile75,amplitude,variance,interquartile_range,semi_interquartile_range,coefficient_of_variation,skewness,kurtosis,label
4_242516330_242516409,21088.000000000007,444.0421487001115,1293840.0,93.28633696909398,0.0012645422357106723,0.31081749801054676,144227.69531542822,145137.65825605232,189.20858879928517,279.7643946679918,444.0421487001115,1652.0773439350248,1293746.7136630309,21064939844.050632,1372.312949267033,686.1564746335165,6.839325460708848,0.42940347495988,0.08758145051927294,z-curve
