nameseq,average,median,maximum,minimum,peak,none_levated_peak,sample_standard_deviation,population_standard_deviation,percentile15,percentile25,percentile50,percentile75,amplitude,variance,interquartile_range,semi_interquartile_range,coefficient_of_variation,skewness,kurtosis,label
4_25850856_25864023,15369046383.999773,1098864.0086162398,141335403288424.0,384698.805475152,2.8559568522760975e-07,0.6202086690198226,1270450991939.4902,1270499234776.5442,585112.2232253227,653193.2721756641,1098864.0086162398,3707360.91937482,141335402903725.2,1.6141683055677842e+24,3054167.6471991558,1527083.8235995779,82.66296816321125,0.03628935146061056,0.07051326718558065,z-curve
