nameseq,average,median,maximum,minimum,peak,none_levated_peak,sample_standard_deviation,population_standard_deviation,percentile15,percentile25,percentile50,percentile75,amplitude,variance,interquartile_range,semi_interquartile_range,coefficient_of_variation,skewness,kurtosis,label
4_27925917_27926046,44934.99999999997,601.9041307355604,4637659.0,99.0,0.000964355921516265,0.3962931431423183,405682.6949624546,407252.07295012084,283.4901083298631,353.6491534235006,601.9041307355604,2650.2108655005777,4637560.0,165854250922.17053,2296.561712077077,1148.2808560385386,9.028211749470454,0.3278406726717839,0.08811140686992318,z-curve
