nameseq,average,median,maximum,minimum,peak,none_levated_peak,sample_standard_deviation,population_standard_deviation,percentile15,percentile25,percentile50,percentile75,amplitude,variance,interquartile_range,semi_interquartile_range,coefficient_of_variation,skewness,kurtosis,label
4_27441171_27454556,13480316579.000084,625352.728109071,136592978104387.0,213380.93394870893,3.310011284861808e-07,0.7547169172804257,1197088312713.086,1197133029409.1926,334734.5325331388,376918.701129197,625352.728109071,2137247.5372698586,136592977891006.06,1.433127490102431e+24,1760328.8361406615,880164.4180703308,88.80268543380761,0.03378119496227028,0.0705209717263438,z-curve
