nameseq,average,median,maximum,minimum,peak,none_levated_peak,sample_standard_deviation,population_standard_deviation,percentile15,percentile25,percentile50,percentile75,amplitude,variance,interquartile_range,semi_interquartile_range,coefficient_of_variation,skewness,kurtosis,label
4_27844729_27846630,207244973.00000033,143023.73814190278,310205971771.0,55016.980468811955,3.0591815609442985e-06,0.33506018262160053,7161967406.154087,7163850895.313845,77112.01026956938,85697.6927444985,143023.73814190278,477563.24527911784,310205916754.01953,5.132075965028897e+19,391865.55253461935,195932.77626730967,34.55797891007989,0.08675072260894455,0.07042043010809897,z-curve
