nameseq,average,median,maximum,minimum,peak,none_levated_peak,sample_standard_deviation,population_standard_deviation,percentile15,percentile25,percentile50,percentile75,amplitude,variance,interquartile_range,semi_interquartile_range,coefficient_of_variation,skewness,kurtosis,label
4_27942394_27942631,119813.00000000003,1030.4410853876107,22399931.0,59.0,0.0006621429505423728,0.5658057820463822,1454025.3350055492,1457089.6699851388,480.84092895016977,574.7977101822812,1030.4410853876107,3426.965924150387,22399872.0,2123110306377.401,2852.1682139681056,1426.0841069840528,12.135789396856342,0.24507666280964582,0.04817657286254561,z-curve
