nameseq,average,median,maximum,minimum,peak,none_levated_peak,sample_standard_deviation,population_standard_deviation,percentile15,percentile25,percentile50,percentile75,amplitude,variance,interquartile_range,semi_interquartile_range,coefficient_of_variation,skewness,kurtosis,label
4_27927614_27936687,4686814591.00005,731585.1579802716,33328821374059.0,252922.10304211348,6.453565866409232e-07,0.4748998815320667,351809600219.64484,351828987407.2836,394131.57915420714,437459.80045092024,731585.1579802716,2509125.9353738585,33328821121136.9,1.2378363638003453e+23,2071666.1349229384,1035833.0674614692,75.063690570396,0.03995982204223319,0.07257801953052384,z-curve
