nameseq,average,median,maximum,minimum,peak,none_levated_peak,sample_standard_deviation,population_standard_deviation,percentile15,percentile25,percentile50,percentile75,amplitude,variance,interquartile_range,semi_interquartile_range,coefficient_of_variation,skewness,kurtosis,label
4_28937849_28941621,360858304.999999,162858.10066511316,940997595899.0,53433.45588106466,3.485209150629553e-06,0.4332241508651681,15546215772.535414,15548276375.072472,89667.48472542284,99746.70249585093,162858.10066511316,565277.8148134626,940997542465.5441,2.4174889823563674e+20,465531.11231761164,232765.55615880582,43.08121929613192,0.06960448488111556,0.07238655046030837,z-curve
