nameseq,average,median,maximum,minimum,peak,none_levated_peak,sample_standard_deviation,population_standard_deviation,percentile15,percentile25,percentile50,percentile75,amplitude,variance,interquartile_range,semi_interquartile_range,coefficient_of_variation,skewness,kurtosis,label
4_29005795_29018024,15098129088.999886,874739.3688805632,98154479760403.0,298499.0510721712,2.700113797302755e-07,0.5073765078050932,1003376277221.9154,1003417300844.6904,462240.75186693517,517935.4282298224,874739.3688805632,2974390.032517075,98154479461903.95,1.006846279634444e+24,2456454.6042872528,1228227.3021436264,66.45699419492644,0.04513936005572503,0.07167416906626745,z-curve
