nameseq,average,median,maximum,minimum,peak,none_levated_peak,sample_standard_deviation,population_standard_deviation,percentile15,percentile25,percentile50,percentile75,amplitude,variance,interquartile_range,semi_interquartile_range,coefficient_of_variation,skewness,kurtosis,label
4_29097984_29098583,3882684.0000000093,4262.102248803563,1808832656.0,836.0956128448105,5.151075905224312e-05,0.43965410142512196,74547034.7978472,74609235.08801578,1896.621282720614,2441.2217291787674,4262.102248803563,15657.152090255995,1808831819.9043872,5566537960418805.0,13215.930361077228,6607.965180538614,19.19987173765545,0.1560795238174869,0.06885243314079435,z-curve
