nameseq,average,median,maximum,minimum,peak,none_levated_peak,sample_standard_deviation,population_standard_deviation,percentile15,percentile25,percentile50,percentile75,amplitude,variance,interquartile_range,semi_interquartile_range,coefficient_of_variation,skewness,kurtosis,label
4_45467564_45472469,1539745778.9999988,325588.68560725363,5663329421539.0,119901.66867078851,1.0620800885685263e-06,0.39337665145045747,81839143053.92094,81847485049.05539,176243.13335134625,196516.5660284098,325588.68560725363,1127937.9588190618,5663329301637.331,6.699010808855345e+21,931421.3927906519,465710.69639532594,53.15107478786016,0.056430949770580614,0.07449620003556412,z-curve
