nameseq,average,median,maximum,minimum,peak,none_levated_peak,sample_standard_deviation,population_standard_deviation,percentile15,percentile25,percentile50,percentile75,amplitude,variance,interquartile_range,semi_interquartile_range,coefficient_of_variation,skewness,kurtosis,label
4_49828590_49828638,4466.999999999999,188.28525864876457,132299.0,56.72620889415027,0.003656443548988882,0.3145671960271783,19232.161189008373,19431.46351925145,93.42659087403091,120.0761366864628,188.28525864876457,811.5216098692051,132242.27379110584,377581774.5,691.4454731827423,345.72273659137113,4.305386431387593,0.6674311897609229,0.09229396376580414,z-curve
