nameseq,average,median,maximum,minimum,peak,none_levated_peak,sample_standard_deviation,population_standard_deviation,percentile15,percentile25,percentile50,percentile75,amplitude,variance,interquartile_range,semi_interquartile_range,coefficient_of_variation,skewness,kurtosis,label
4_52310629_52310731,39756.00000000001,694.7485535055874,3261000.0,183.30648800497013,0.0008636013012710868,0.2901649856113753,320201.068898903,321766.8536343741,311.15019924583817,430.17292457469057,694.7485535055874,2753.585425073086,3260816.693511995,103533908097.76471,2323.4125004983953,1161.7062502491976,8.054157080664627,0.3659692790609692,0.08916100728138292,z-curve
