nameseq,average,median,maximum,minimum,peak,none_levated_peak,sample_standard_deviation,population_standard_deviation,percentile15,percentile25,percentile50,percentile75,amplitude,variance,interquartile_range,semi_interquartile_range,coefficient_of_variation,skewness,kurtosis,label
4_61519749_61535652,26457479904.00005,879056.4135610842,340645450899064.0,254622.30402399966,2.0037181744327192e-07,0.5920410366691464,2720255794751.4727,2720341319904.9917,472430.9196927248,529077.4409078626,879056.4135610842,3039397.5686737685,340645450644441.7,7.400256896782433e+24,2510320.127765906,1255160.063882953,102.81613383518825,0.02917733056424233,0.07141323900785798,z-curve
