nameseq,average,median,maximum,minimum,peak,none_levated_peak,sample_standard_deviation,population_standard_deviation,percentile15,percentile25,percentile50,percentile75,amplitude,variance,interquartile_range,semi_interquartile_range,coefficient_of_variation,skewness,kurtosis,label
4_61733736_61733993,603198.9999999992,3159.952720080482,116392283.0,979.0,0.0001425731806584562,0.3068616180311882,7306654.318333118,7320855.797851605,1837.2220113676435,2034.2950003599867,3159.952720080482,11632.867029984787,116391304.0,53594929612937.46,9598.5720296248,4799.2860148124,12.113173792286009,0.24636681351177162,0.06457087449972906,z-curve
