nameseq,average,median,maximum,minimum,peak,none_levated_peak,sample_standard_deviation,population_standard_deviation,percentile15,percentile25,percentile50,percentile75,amplitude,variance,interquartile_range,semi_interquartile_range,coefficient_of_variation,skewness,kurtosis,label
4_6103550_6103624,21222.00000000001,359.6253493409524,1202948.0,94.42913652566793,0.0011780228065215337,0.29161248848874605,138725.4987880743,139659.68778630276,164.01348706696393,202.0956926840006,359.6253493409524,1181.6583615491363,1202853.5708634744,19504828392.567566,979.5626688651357,489.78133443256786,6.536872056737076,0.4511580387077156,0.0944875076128974,z-curve
