nameseq,average,median,maximum,minimum,peak,none_levated_peak,sample_standard_deviation,population_standard_deviation,percentile15,percentile25,percentile50,percentile75,amplitude,variance,interquartile_range,semi_interquartile_range,coefficient_of_variation,skewness,kurtosis,label
4_63297061_63297228,80100.0,699.8058172493177,10495208.0,112.6618699442698,0.0006991260923845193,0.452130942887112,812368.2040158884,814796.8139304336,286.28847875314773,384.6040690056773,699.8058172493177,2408.8611819065986,10495095.338130055,663893847991.1857,2024.2571129009214,1012.1285564504607,10.141925143768894,0.2932175106937018,0.07769179721452901,z-curve
