nameseq,average,median,maximum,minimum,peak,none_levated_peak,sample_standard_deviation,population_standard_deviation,percentile15,percentile25,percentile50,percentile75,amplitude,variance,interquartile_range,semi_interquartile_range,coefficient_of_variation,skewness,kurtosis,label
4_63582490_63584204,85756938.00000015,82368.30796319188,100138402196.0,31206.369646033756,6.666127312832294e-06,0.3376382773647742,2468180953.733147,2468900854.8579016,44245.90240240297,49199.99082031683,82368.30796319188,294005.7498458362,100138370989.63036,6.095471431118078e+18,244805.75902551936,122402.87951275968,28.781122685760337,0.10413487256165722,0.07715195967979005,z-curve
