nameseq,average,median,maximum,minimum,peak,none_levated_peak,sample_standard_deviation,population_standard_deviation,percentile15,percentile25,percentile50,percentile75,amplitude,variance,interquartile_range,semi_interquartile_range,coefficient_of_variation,skewness,kurtosis,label
4_78907891_78908247,758045.000000001,3160.207286896823,195287891.0,584.8579300034597,0.00015698276487543595,0.41442991434647714,10444727.735643182,10459387.009854615,1777.8933108047677,1989.0745108690126,3160.207286896823,11510.11275638538,195287306.14207,109398776621915.45,9521.038245516367,4760.519122758184,13.778506204306034,0.21682272965441318,0.06651868462529296,z-curve
