nameseq,average,median,maximum,minimum,peak,none_levated_peak,sample_standard_deviation,population_standard_deviation,percentile15,percentile25,percentile50,percentile75,amplitude,variance,interquartile_range,semi_interquartile_range,coefficient_of_variation,skewness,kurtosis,label
4_92847817_92847896,55432.0,802.6919739163163,3589000.0,238.64646751654385,0.000481069899456391,0.22353173705888518,399459.12860266445,401979.4004722762,351.1777908103526,424.653382050206,802.6919739163163,2285.1298907593227,3588761.3535324833,161587438404.05063,1860.4765087091168,930.2382543545584,7.206291106268301,0.4102745746518356,0.06902286769150837,z-curve
