nameseq,average,median,maximum,minimum,peak,none_levated_peak,sample_standard_deviation,population_standard_deviation,percentile15,percentile25,percentile50,percentile75,amplitude,variance,interquartile_range,semi_interquartile_range,coefficient_of_variation,skewness,kurtosis,label
5_108313653_108314045,780878.9999999992,4207.599164441162,206012531.0,1048.7960541496257,0.00016775966571005256,0.39798712657712176,10567818.464278612,10581289.2389814,1999.7828483872897,2440.961606307586,4207.599164441162,14631.794218766889,206011482.20394585,111963681958983.58,12190.832612459302,6095.416306229651,13.533234296579398,0.22048204275864494,0.06943669954342897,z-curve
