nameseq,average,median,maximum,minimum,peak,none_levated_peak,sample_standard_deviation,population_standard_deviation,percentile15,percentile25,percentile50,percentile75,amplitude,variance,interquartile_range,semi_interquartile_range,coefficient_of_variation,skewness,kurtosis,label
5_119913648_119913788,102552.99999999997,997.3280572076569,10810691.0,282.8258834060999,0.0004582996109328836,0.29942352695720004,916099.7413546192,919365.704445617,504.4144017475794,581.6002512409482,997.3280572076569,4016.7322439036852,10810408.174116595,845233298510.7856,3435.131992662737,1717.5659963313685,8.932939468905047,0.33256969964631977,0.07108603881533834,z-curve
