nameseq,average,median,maximum,minimum,peak,none_levated_peak,sample_standard_deviation,population_standard_deviation,percentile15,percentile25,percentile50,percentile75,amplitude,variance,interquartile_range,semi_interquartile_range,coefficient_of_variation,skewness,kurtosis,label
5_131797553_131797892,572130.0000000003,2628.913590659236,153859820.0,272.64689034934963,0.00019809017764027976,0.5286136910989245,8378078.2925826125,8390426.240760885,1148.7377682564406,1426.9825306638409,2628.913590659236,7840.820766874751,153859547.35310966,70399252501648.84,6413.83823621091,3206.919118105455,14.643661917016425,0.20392543487456033,0.07489154218757955,z-curve
