nameseq,average,median,maximum,minimum,peak,none_levated_peak,sample_standard_deviation,population_standard_deviation,percentile15,percentile25,percentile50,percentile75,amplitude,variance,interquartile_range,semi_interquartile_range,coefficient_of_variation,skewness,kurtosis,label
5_130533717_130535853,43958047.00000009,26659.790763767087,69892331627.0,3663.6821397467565,1.6204844890705266e-05,0.6403732728382238,1532192671.5182338,1532551288.883359,13446.07552562426,15877.304531717844,26659.790763767087,90210.25846061402,69892327963.31786,2.348713453058045e+18,74332.95392889617,37166.476964448084,34.855794924606876,0.08601670278002016,0.06660651783687113,z-curve
