nameseq,average,median,maximum,minimum,peak,none_levated_peak,sample_standard_deviation,population_standard_deviation,percentile15,percentile25,percentile50,percentile75,amplitude,variance,interquartile_range,semi_interquartile_range,coefficient_of_variation,skewness,kurtosis,label
5_132943356_132974048,173013601924.9972,8823915.631696928,3748372620525012.0,3603549.7176250634,5.913407897510406e-08,0.5093554559854652,21739752889512.754,21740107046553.88,4706341.138987466,5184755.276120016,8823915.631696928,30137722.536801573,3748372616921462.5,4.726322543956217e+26,24952967.260681555,12476483.630340777,125.6534321442375,0.023873975783711362,0.06991002921067963,z-curve
