nameseq,average,median,maximum,minimum,peak,none_levated_peak,sample_standard_deviation,population_standard_deviation,percentile15,percentile25,percentile50,percentile75,amplitude,variance,interquartile_range,semi_interquartile_range,coefficient_of_variation,skewness,kurtosis,label
5_133704136_133715612,10367722004.99997,1247701.822028311,86322473635987.0,479645.0833261529,3.689978053830618e-07,0.560097394494088,819171164376.5045,819206854221.3915,664380.4068300073,736853.9896746175,1247701.822028311,4229793.092587761,86322473156341.92,6.710998700033081e+23,3492939.102913143,1746469.5514565716,79.01168298893899,0.0379644990716983,0.07017446559292823,z-curve
