nameseq,average,median,maximum,minimum,peak,none_levated_peak,sample_standard_deviation,population_standard_deviation,percentile15,percentile25,percentile50,percentile75,amplitude,variance,interquartile_range,semi_interquartile_range,coefficient_of_variation,skewness,kurtosis,label
5_13947587_13947790,1133302.0000000012,8616.484413289143,186716948.0,2908.911080938934,6.000165886939221e-05,0.14579939330438374,13084450.084419595,13116638.202146584,4513.200480123129,5357.785524836441,8616.484413289143,28006.719434911694,186714039.08891907,172046197726011.2,22648.933910075255,11324.466955037627,11.545422212631392,0.2578676616129109,0.08937643230474027,z-curve
