nameseq,average,median,maximum,minimum,peak,none_levated_peak,sample_standard_deviation,population_standard_deviation,percentile15,percentile25,percentile50,percentile75,amplitude,variance,interquartile_range,semi_interquartile_range,coefficient_of_variation,skewness,kurtosis,label
5_131166938_131167201,171995.99999999988,914.9354541831748,31575032.0,112.32897893185583,0.0005116398055768742,0.5707917032335804,1980517.0729645325,1984278.7422094315,360.60654146655014,467.5542614076336,914.9354541831748,2274.6546139359466,31574919.671021067,3937362126784.243,1807.1003525283131,903.5501762641566,11.514901933559699,0.2591460586952695,0.05461541218147155,z-curve
