nameseq,average,median,maximum,minimum,peak,none_levated_peak,sample_standard_deviation,population_standard_deviation,percentile15,percentile25,percentile50,percentile75,amplitude,variance,interquartile_range,semi_interquartile_range,coefficient_of_variation,skewness,kurtosis,label
5_132080576_132100041,77883113498.99933,5294682.215932464,1193914827186459.0,2197289.8409323697,8.331288228160057e-08,0.4788972583297755,8621769851459.075,8621991317144.151,2816783.535584155,3090030.825552953,5294682.215932464,18043343.280696258,1193914824989169.2,7.433873427290914e+25,14953312.455143305,7476656.227571652,110.70140193573349,0.027098085483088147,0.07122828335981823,z-curve
