nameseq,average,median,maximum,minimum,peak,none_levated_peak,sample_standard_deviation,population_standard_deviation,percentile15,percentile25,percentile50,percentile75,amplitude,variance,interquartile_range,semi_interquartile_range,coefficient_of_variation,skewness,kurtosis,label
5_131588901_131596176,4920699958.000011,839917.996749672,26441491240820.0,329902.84082959633,4.92883808001798e-07,0.41203813004875617,314155842242.0703,314177432966.9672,447961.8901330081,495133.55904770904,839917.996749672,2882003.782397656,26441490910917.16,9.870745938571317e+22,2386870.2233499466,1193435.1116749733,63.84373055124398,0.046981714599586874,0.07164376581302931,z-curve
