nameseq,average,median,maximum,minimum,peak,none_levated_peak,sample_standard_deviation,population_standard_deviation,percentile15,percentile25,percentile50,percentile75,amplitude,variance,interquartile_range,semi_interquartile_range,coefficient_of_variation,skewness,kurtosis,label
5_147673716_147674143,3796238.000000005,16022.39727113198,1156258964.0,5138.589517554786,3.75810649033771e-05,0.26405990131065943,56631452.137618266,56697726.533775195,7669.640633490188,8722.223950861837,16022.39727113198,49514.82026021664,1156253825.4104824,3214632194098756.0,40792.596309354805,20396.298154677403,14.917782324927517,0.20025350543065853,0.07021671429432672,z-curve
