nameseq,average,median,maximum,minimum,peak,none_levated_peak,sample_standard_deviation,population_standard_deviation,percentile15,percentile25,percentile50,percentile75,amplitude,variance,interquartile_range,semi_interquartile_range,coefficient_of_variation,skewness,kurtosis,label
5_1571714_1571773,7558.000000000002,215.99999999999997,328332.0,47.369293400908184,0.0026462026991267524,0.3576564579621883,42370.054189250215,42727.61372830519,104.90693744934734,139.00516482288936,215.99999999999997,644.7902432574931,328284.6307065991,1825648974.915254,505.78507843460375,252.89253921730187,5.605987587887034,0.5198482848669158,0.14420123757485048,z-curve
