nameseq,average,median,maximum,minimum,peak,none_levated_peak,sample_standard_deviation,population_standard_deviation,percentile15,percentile25,percentile50,percentile75,amplitude,variance,interquartile_range,semi_interquartile_range,coefficient_of_variation,skewness,kurtosis,label
5_154886136_154886443,426313.9999999998,2287.5426532075962,100496340.0,417.06110394791017,0.00024082405613389828,0.4337753818997581,5770221.661414751,5779611.776107243,1054.7352044070262,1361.7745955079904,2287.5426532075962,7517.319063722027,100495922.93889605,33403912282517.523,6155.544468214037,3077.7722341070184,13.535144661950472,0.220455893496557,0.057178290892459495,z-curve
