nameseq,average,median,maximum,minimum,peak,none_levated_peak,sample_standard_deviation,population_standard_deviation,percentile15,percentile25,percentile50,percentile75,amplitude,variance,interquartile_range,semi_interquartile_range,coefficient_of_variation,skewness,kurtosis,label
5_156904033_156907951,420021335.99999934,168449.05274886545,1204504808744.0002,42132.80670219222,3.1101594642166827e-06,0.4956942755144233,19527851646.327286,19530343556.201057,89188.62680402173,99899.90579956549,168449.05274886545,564616.7465649527,1204504766611.1936,3.814343194232442e+20,464716.84076538717,232358.42038269358,46.49252305203685,0.06450062626723427,0.07002887244540337,z-curve
