nameseq,average,median,maximum,minimum,peak,none_levated_peak,sample_standard_deviation,population_standard_deviation,percentile15,percentile25,percentile50,percentile75,amplitude,variance,interquartile_range,semi_interquartile_range,coefficient_of_variation,skewness,kurtosis,label
5_156898884_156899906,12441800.000000026,8862.830931740897,9542734872.0,1093.4891503972967,2.7407609831374825e-05,0.5070793480919078,302731246.50349873,302879317.55490744,4530.280108267891,5483.237291622653,8862.830931740897,29510.541821499563,9542733778.510849,9.173588100252645e+16,24027.30452987691,12013.652264938455,24.331788527664653,0.12320766996469848,0.06087766037137852,z-curve
