nameseq,average,median,maximum,minimum,peak,none_levated_peak,sample_standard_deviation,population_standard_deviation,percentile15,percentile25,percentile50,percentile75,amplitude,variance,interquartile_range,semi_interquartile_range,coefficient_of_variation,skewness,kurtosis,label
5_158522338_158524874,202938463.00000033,184951.21433173545,279876498371.0,68404.83057877379,4.1671088573616785e-06,0.29930388530925583,5936928436.020184,5938098850.705981,99133.67295731853,110048.36128147153,184951.21433173545,624151.8037543024,279876429966.16943,3.526101796075569e+19,514103.4424728309,257051.72123641544,29.254821132749854,0.10245374218537032,0.06978892496384459,z-curve
