nameseq,average,median,maximum,minimum,peak,none_levated_peak,sample_standard_deviation,population_standard_deviation,percentile15,percentile25,percentile50,percentile75,amplitude,variance,interquartile_range,semi_interquartile_range,coefficient_of_variation,skewness,kurtosis,label
5_152292970_152307302,5409293105.000038,465175.95976426045,30879389478219.0,127812.55140134477,8.832330905216558e-07,0.8420865903338667,348788105651.4649,348800273598.0803,243291.28696514253,277015.21425314783,465175.95976426045,1595872.7522873739,30879389350406.45,1.2166163086209568e+23,1318857.538034226,659428.769017113,64.47942436860471,0.04652246886920947,0.07224347879511056,z-curve
