nameseq,average,median,maximum,minimum,peak,none_levated_peak,sample_standard_deviation,population_standard_deviation,percentile15,percentile25,percentile50,percentile75,amplitude,variance,interquartile_range,semi_interquartile_range,coefficient_of_variation,skewness,kurtosis,label
5_158089121_158089482,1659586.9999999998,7220.978434568371,453196035.0,1931.0,7.270885266434763e-05,0.28675224216575623,24009129.512213223,24042360.157199744,3729.7245765112757,4368.8818721154075,7220.978434568371,23769.366622669197,453194104.0,578035081928505.6,19400.48475055379,9700.242375276895,14.466930334000704,0.20646721332294302,0.055021313859388736,z-curve
