nameseq,average,median,maximum,minimum,peak,none_levated_peak,sample_standard_deviation,population_standard_deviation,percentile15,percentile25,percentile50,percentile75,amplitude,variance,interquartile_range,semi_interquartile_range,coefficient_of_variation,skewness,kurtosis,label
5_155772796_155784794,25056166759.999973,2332021.5429737517,222477290662136.0,918501.1476868856,1.5962803508523068e-07,0.3326849257296269,2060802950699.8933,2060888830013.6099,1253262.7080686837,1376323.9094311576,2332021.5429737517,8072548.216840405,222477289743634.84,4.2472627696748656e+24,6696224.307409247,3348112.1537046237,82.24733537413188,0.03647195098873695,0.07129938301708297,z-curve
