nameseq,average,median,maximum,minimum,peak,none_levated_peak,sample_standard_deviation,population_standard_deviation,percentile15,percentile25,percentile50,percentile75,amplitude,variance,interquartile_range,semi_interquartile_range,coefficient_of_variation,skewness,kurtosis,label
5_179131111_179137250,1569687477.999997,86155.35789790693,6924320632396.0,18166.351719339524,1.3038688881397006e-06,0.7489291809051045,90732987921.45946,90740377503.90614,42362.418711664104,50951.65308688702,86155.35789790693,280371.3121585068,6924320614229.648,8.233816109551396e+21,229419.65907161974,114709.82953580987,57.8032182795177,0.0518973757593252,0.07328997870933252,z-curve
