nameseq,average,median,maximum,minimum,peak,none_levated_peak,sample_standard_deviation,population_standard_deviation,percentile15,percentile25,percentile50,percentile75,amplitude,variance,interquartile_range,semi_interquartile_range,coefficient_of_variation,skewness,kurtosis,label
5_175971112_175971250,67910.00000000003,799.7464048833519,6805684.0,202.53816064739112,0.0006822755607912431,0.3287428711398035,579528.7747937974,581624.726571205,369.0055584068813,428.05460118558557,799.7464048833519,2783.5876393382996,6805481.461839353,338287322559.029,2355.533038152714,1177.766519076357,8.533776686700003,0.34740425245836276,0.05805790875958311,z-curve
