nameseq,average,median,maximum,minimum,peak,none_levated_peak,sample_standard_deviation,population_standard_deviation,percentile15,percentile25,percentile50,percentile75,amplitude,variance,interquartile_range,semi_interquartile_range,coefficient_of_variation,skewness,kurtosis,label
5_17295355_17295530,159983.99999999997,1215.6924299455627,22636952.0,185.47108939436126,0.00036670333700036676,0.35678838440481886,1708163.2121738251,1713036.7262489884,593.3817672348091,732.5291557506478,1215.6924299455627,3209.056827164257,22636766.528910607,2934494825477.8516,2476.527671413609,1238.2638357068045,10.677087784864895,0.2788404054809335,0.04098617555501494,z-curve
