nameseq,average,median,maximum,minimum,peak,none_levated_peak,sample_standard_deviation,population_standard_deviation,percentile15,percentile25,percentile50,percentile75,amplitude,variance,interquartile_range,semi_interquartile_range,coefficient_of_variation,skewness,kurtosis,label
5_182193035_182193088,5904.999999999995,200.25718168512546,276771.0,19.0,0.003048264182895853,0.3740082482103742,37243.307613583405,37593.01770476724,68.96596886180656,97.55263986326386,200.25718168512546,556.3704459027801,276752.0,1413234980.1509433,458.8178060395163,229.40890301975816,6.307080036169929,0.459524933513228,0.10971678338822376,z-curve
