nameseq,average,median,maximum,minimum,peak,none_levated_peak,sample_standard_deviation,population_standard_deviation,percentile15,percentile25,percentile50,percentile75,amplitude,variance,interquartile_range,semi_interquartile_range,coefficient_of_variation,skewness,kurtosis,label
5_182291319_182292104,4252439.000000005,3267.1561274008945,2680346307.0,276.4751553443411,6.161170095561623e-05,0.6475616214803107,96431851.15539256,96493253.16808058,1386.8314350397595,1853.9297648606512,3267.1561274008945,11101.01295533849,2680346030.5248446,9310947906959294.0,9247.083190477839,4623.541595238919,22.67683349611657,0.13219196125433874,0.06041074119453803,z-curve
