nameseq,average,median,maximum,minimum,peak,none_levated_peak,sample_standard_deviation,population_standard_deviation,percentile15,percentile25,percentile50,percentile75,amplitude,variance,interquartile_range,semi_interquartile_range,coefficient_of_variation,skewness,kurtosis,label
5_189329584_189329636,7589.000000000002,284.70817971826455,262619.0,77.74293810577454,0.0023279307770018003,0.2612740684391832,36314.487604811395,36662.00258127249,119.56159949650015,139.52182017899213,284.70817971826455,917.631866973397,262541.2570618942,1344102433.2692308,778.1100467944049,389.05502339720243,4.785147925261746,0.6034196516638147,0.0846995059464999,z-curve
