nameseq,average,median,maximum,minimum,peak,none_levated_peak,sample_standard_deviation,population_standard_deviation,percentile15,percentile25,percentile50,percentile75,amplitude,variance,interquartile_range,semi_interquartile_range,coefficient_of_variation,skewness,kurtosis,label
5_181059517_181059909,66255.0000000001,808.435205291994,8670419.0,104.52509865363339,0.001977209267225112,0.9551693835135256,530109.1514282695,530784.8803850939,354.22657950647533,437.19139385205926,808.435205291994,3731.988215411638,8670314.474901346,281732589245.4184,3294.796821559579,1647.3984107797894,8.00104371637263,0.370375976070452,0.08651630685273247,z-curve
