nameseq,average,median,maximum,minimum,peak,none_levated_peak,sample_standard_deviation,population_standard_deviation,percentile15,percentile25,percentile50,percentile75,amplitude,variance,interquartile_range,semi_interquartile_range,coefficient_of_variation,skewness,kurtosis,label
5_183015622_183030084,7972747983.999962,1162163.635119286,38876400325351.99,397244.97579119384,6.046848601855948e-07,0.5645225759532684,486814593735.1759,486831424262.7176,626171.1432817249,695152.2871212673,1162163.635119286,3999892.491964236,38876399928107.016,2.3700483564966616e+23,3304740.204842969,1652370.1024214844,61.05982463162456,0.04912498057546731,0.0708295892326664,z-curve
