nameseq,average,median,maximum,minimum,peak,none_levated_peak,sample_standard_deviation,population_standard_deviation,percentile15,percentile25,percentile50,percentile75,amplitude,variance,interquartile_range,semi_interquartile_range,coefficient_of_variation,skewness,kurtosis,label
5_192051673_192051750,2629.0000000000014,133.76721491651682,116347.0,11.23193543763253,0.009889691898060094,0.6752361299167613,13569.452973498968,13657.282064986335,45.806822477295874,66.83300508729221,133.76721491651682,413.4048860571394,116335.76806456236,186521353.4025974,346.57188096984714,173.28594048492357,5.161450351273854,0.5516580786174624,0.06989328448440027,z-curve
