nameseq,average,median,maximum,minimum,peak,none_levated_peak,sample_standard_deviation,population_standard_deviation,percentile15,percentile25,percentile50,percentile75,amplitude,variance,interquartile_range,semi_interquartile_range,coefficient_of_variation,skewness,kurtosis,label
5_195877771_195877833,12552.0,376.73121392271537,633152.0,105.77260007254169,0.0016730401529636712,0.2772712685868598,79108.75673400513,79744.17864242404,201.87447039737305,235.652537039952,376.73121392271537,1394.3963192042293,633046.2273999274,6359134027.354838,1158.7437821642773,579.3718910821386,6.302482212715514,0.46171634931700456,0.08068952505176968,z-curve
