nameseq,average,median,maximum,minimum,peak,none_levated_peak,sample_standard_deviation,population_standard_deviation,percentile15,percentile25,percentile50,percentile75,amplitude,variance,interquartile_range,semi_interquartile_range,coefficient_of_variation,skewness,kurtosis,label
5_192192206_192192258,4924.999999999996,162.5500658390361,140523.0,48.9220111929846,0.003587140439932321,0.32699161526079396,20432.66389876758,20628.196238121778,91.95397700128288,98.62364218498199,162.5500658390361,373.51163184387286,140474.07798880702,425522480.0384615,274.8879896588909,137.44399482944544,4.148764243404588,0.6992406801809449,0.07324498284303685,z-curve
