nameseq,average,median,maximum,minimum,peak,none_levated_peak,sample_standard_deviation,population_standard_deviation,percentile15,percentile25,percentile50,percentile75,amplitude,variance,interquartile_range,semi_interquartile_range,coefficient_of_variation,skewness,kurtosis,label
5_202462589_202462980,761292.0,1818.0870986058626,251601768.0,238.86659257944117,0.0001716380398935844,0.5551710881851378,12732569.094525427,12748840.7549597,951.5796367280534,1117.0855422197442,1818.0870986058626,6869.903703043215,251601529.1334074,162532940595321.44,5752.81816082347,2876.409080411735,16.7249479759743,0.17894438441993823,0.08250782470476276,z-curve
