nameseq,average,median,maximum,minimum,peak,none_levated_peak,sample_standard_deviation,population_standard_deviation,percentile15,percentile25,percentile50,percentile75,amplitude,variance,interquartile_range,semi_interquartile_range,coefficient_of_variation,skewness,kurtosis,label
5_204534698_204534777,26599.999999999993,377.71855435082307,1765856.0,87.59263098123529,0.0010025062656641608,0.28712275159571404,196222.64293398964,197460.65296244322,185.68016284052064,248.0380751666135,377.71855435082307,1451.5088014401008,1765768.4073690188,38990709468.35443,1203.4707262734873,601.7353631367437,7.376791087743974,0.4009060481537366,0.07662095449792214,z-curve
