nameseq,average,median,maximum,minimum,peak,none_levated_peak,sample_standard_deviation,population_standard_deviation,percentile15,percentile25,percentile50,percentile75,amplitude,variance,interquartile_range,semi_interquartile_range,coefficient_of_variation,skewness,kurtosis,label
5_201887117_201902379,16804023416.000025,1529187.461449012,200888446214263.88,550392.3429474054,3.0276479273543637e-07,0.5266616792892147,1635465603886.4912,1635519182670.8882,818109.7506030482,908175.06457884,1529187.461449012,5197501.1964888945,200888445663871.53,2.6749229968844504e+24,4289326.131910054,2144663.065955027,97.32583461704031,0.030821487511463578,0.06960917729727058,z-curve
