nameseq,average,median,maximum,minimum,peak,none_levated_peak,sample_standard_deviation,population_standard_deviation,percentile15,percentile25,percentile50,percentile75,amplitude,variance,interquartile_range,semi_interquartile_range,coefficient_of_variation,skewness,kurtosis,label
5_219980083_219980190,78654.00000000001,971.8585497115408,5821836.0,276.1464339359125,0.0004577008162331222,0.28377728680930225,572714.9900779619,575385.00450576,506.5675709545379,537.5469136263607,971.8585497115408,2721.1310066783876,5821559.8535660645,331067903410.09344,2183.584093052027,1091.7920465260136,7.281447734100769,0.4069151818763143,0.07448169530568943,z-curve
