nameseq,average,median,maximum,minimum,peak,none_levated_peak,sample_standard_deviation,population_standard_deviation,percentile15,percentile25,percentile50,percentile75,amplitude,variance,interquartile_range,semi_interquartile_range,coefficient_of_variation,skewness,kurtosis,label
5_214615310_214615374,18218.999999999996,232.61076292880568,919987.0,60.09637927384817,0.0011892346817425035,0.2962889543075845,113930.38955432392,114817.02074387751,90.41283224507967,116.58114965166934,232.61076292880568,1074.6825077787646,919926.9036207262,13182948252.5,958.1013581270953,479.05067906354765,6.253383256727808,0.4736152305130576,0.06840341691598505,z-curve
