nameseq,average,median,maximum,minimum,peak,none_levated_peak,sample_standard_deviation,population_standard_deviation,percentile15,percentile25,percentile50,percentile75,amplitude,variance,interquartile_range,semi_interquartile_range,coefficient_of_variation,skewness,kurtosis,label
5_222349041_222349417,645222.9999999991,3382.182701005465,144523651.0,700.0776021835909,0.00019476470408938748,0.44393402191237225,7859446.875402111,7869891.32768519,1910.3127229483248,2326.8527795812633,3382.182701005465,11219.09825567468,144522950.92239782,61935189509574.56,8892.245476093416,4446.122738046708,12.180977546370979,0.24499465196759992,0.06854341668740614,z-curve
