nameseq,average,median,maximum,minimum,peak,none_levated_peak,sample_standard_deviation,population_standard_deviation,percentile15,percentile25,percentile50,percentile75,amplitude,variance,interquartile_range,semi_interquartile_range,coefficient_of_variation,skewness,kurtosis,label
5_35164898_35165163,372770.99999999965,1442.2947674376935,81243731.0,304.7357196653528,0.00023785827402525076,0.4582003735172433,4988437.9525174005,4997841.23692773,661.6383678374209,897.1312217832611,1442.2947674376935,4262.986766222134,81243426.26428033,24978417029535.305,3365.855544438873,1682.9277722194365,13.382044076705014,0.22331361566510335,0.062496110036763475,z-curve
