nameseq,average,median,maximum,minimum,peak,none_levated_peak,sample_standard_deviation,population_standard_deviation,percentile15,percentile25,percentile50,percentile75,amplitude,variance,interquartile_range,semi_interquartile_range,coefficient_of_variation,skewness,kurtosis,label
5_4149001_4149153,85214.9999999999,1104.6048057007483,9154379.0,192.98801471790517,0.0005984861820102101,0.39668048106295334,748838.4554361508,751297.7016470445,513.7922864421645,681.9917772256215,1104.6048057007483,3366.8172573525594,9154186.011985281,564448236500.1316,2684.8254801269377,1342.4127400634688,8.787636630125585,0.336963444853978,0.07723242564223275,z-curve
