nameseq,average,median,maximum,minimum,peak,none_levated_peak,sample_standard_deviation,population_standard_deviation,percentile15,percentile25,percentile50,percentile75,amplitude,variance,interquartile_range,semi_interquartile_range,coefficient_of_variation,skewness,kurtosis,label
5_41227690_41228949,35722549.99999992,38875.88020234592,34102855604.0,11942.360546863285,1.1757279365554838e-05,0.38739736574009404,973164704.7607478,973551111.2499715,20688.472601836816,23355.288275073184,38875.88020234592,133113.31164550222,34102843661.639454,9.478017662160544e+17,109758.02337042904,54879.01168521452,27.24230786326144,0.1100029849373865,0.07480677627936709,z-curve
