nameseq,average,median,maximum,minimum,peak,none_levated_peak,sample_standard_deviation,population_standard_deviation,percentile15,percentile25,percentile50,percentile75,amplitude,variance,interquartile_range,semi_interquartile_range,coefficient_of_variation,skewness,kurtosis,label
5_42612268_42613172,21006886.999999966,29478.69922474038,14967696371.0,11547.428939844513,1.4360369847596513e-05,0.34730889478961613,500441929.16866916,500718645.7666289,16136.81049110047,18749.816358160722,29478.69922474038,109849.44533904221,14967684823.57106,2.5071916221836682e+17,91099.62898088149,45549.814490440745,23.822755326320838,0.12575330170049553,0.07014796096110086,z-curve
