nameseq,average,median,maximum,minimum,peak,none_levated_peak,sample_standard_deviation,population_standard_deviation,percentile15,percentile25,percentile50,percentile75,amplitude,variance,interquartile_range,semi_interquartile_range,coefficient_of_variation,skewness,kurtosis,label
5_42126558_42126785,883330.0,5848.840350984081,152140836.0,1985.9321454672731,8.60380605209831e-05,0.22572808076668097,10147103.549144456,10169429.43652868,3002.211918325395,3431.5131067146135,5848.840350984081,18458.961641591202,152138850.06785452,103417295064536.03,15027.448534876588,7513.724267438294,11.487330385183856,0.25942806892603354,0.07380174059392933,z-curve
