nameseq,average,median,maximum,minimum,peak,none_levated_peak,sample_standard_deviation,population_standard_deviation,percentile15,percentile25,percentile50,percentile75,amplitude,variance,interquartile_range,semi_interquartile_range,coefficient_of_variation,skewness,kurtosis,label
5_42419578_42426930,2254059430.999996,370325.47899666417,12437825855099.0,103645.48974818627,1.0873715068429375e-06,0.53775707609965,146818688089.46057,146828672698.81552,196501.38251638744,221166.1317381017,370325.47899666417,1275376.624045067,12437825751453.51,2.155865912649589e+22,1054210.4923069654,527105.2461534827,65.13523382314972,0.04605045450646785,0.07317044270216146,z-curve
