nameseq,average,median,maximum,minimum,peak,none_levated_peak,sample_standard_deviation,population_standard_deviation,percentile15,percentile25,percentile50,percentile75,amplitude,variance,interquartile_range,semi_interquartile_range,coefficient_of_variation,skewness,kurtosis,label
5_43229171_43229394,101120.00000000013,634.4556296916323,15458312.0,56.0,0.0007383966244725729,0.5533499009356949,1052017.2367257106,1054373.3813046168,234.18828490954763,306.8065896706463,634.4556296916323,2023.597078109739,15458256.0,1111703227203.731,1716.7904884390928,858.3952442195464,10.403651470784308,0.28655103983768987,0.05809753475111143,z-curve
