nameseq,average,median,maximum,minimum,peak,none_levated_peak,sample_standard_deviation,population_standard_deviation,percentile15,percentile25,percentile50,percentile75,amplitude,variance,interquartile_range,semi_interquartile_range,coefficient_of_variation,skewness,kurtosis,label
5_4336097_4350675,11887858401.999855,1206645.3150877664,92120474984516.0,443521.73094623233,4.0879244203052936e-07,0.6069536114064128,827615137493.6349,827643522764.0802,640385.0772099267,713554.7333292882,1206645.3150877664,4122898.614455861,92120474540994.27,6.849938007733366e+23,3409343.881126573,1704671.9405632864,69.61852248798724,0.043087606369849124,0.07018424323156924,z-curve
