nameseq,average,median,maximum,minimum,peak,none_levated_peak,sample_standard_deviation,population_standard_deviation,percentile15,percentile25,percentile50,percentile75,amplitude,variance,interquartile_range,semi_interquartile_range,coefficient_of_variation,skewness,kurtosis,label
5_43753915_43773125,14075929166.000175,1199943.9214583621,93385105026791.47,312313.5175828505,4.5493740350260206e-07,0.7242335216028797,1031380153517.4174,1031406998044.5239,638861.3460345971,715646.3998581297,1199943.9214583621,4101364.6724913735,93385104714477.95,1.0638003956152165e+24,3385718.272633244,1692859.136316622,73.2726160635046,0.040939499875225285,0.07057850674077235,z-curve
