nameseq,average,median,maximum,minimum,peak,none_levated_peak,sample_standard_deviation,population_standard_deviation,percentile15,percentile25,percentile50,percentile75,amplitude,variance,interquartile_range,semi_interquartile_range,coefficient_of_variation,skewness,kurtosis,label
5_44468372_44468439,7554.0,208.553742835864,327364.0,31.21654638866147,0.0030006177742476392,0.39298950277237427,40773.407068823675,41076.559250752696,74.58102738760907,96.00000000000001,208.553742835864,571.249859393959,327332.78345361137,1687283719.880597,475.249859393959,237.6249296969795,5.39759161620647,0.5404586066181828,0.05132790779083915,z-curve
