nameseq,average,median,maximum,minimum,peak,none_levated_peak,sample_standard_deviation,population_standard_deviation,percentile15,percentile25,percentile50,percentile75,amplitude,variance,interquartile_range,semi_interquartile_range,coefficient_of_variation,skewness,kurtosis,label
5_45491764_45514897,49231991605.00031,993325.6406688673,916471431024579.0,238655.5395192266,1.5663256922862576e-07,0.8155953230190125,6066563237428.155,6066694359584.318,526040.7396066906,594435.8820804891,993325.6406688673,3353858.7212097566,916471430785923.5,3.680478045261219e+25,2759422.8391292673,1379711.4195646336,123.22400617268542,0.024345414208637103,0.06869706527474707,z-curve
