nameseq,average,median,maximum,minimum,peak,none_levated_peak,sample_standard_deviation,population_standard_deviation,percentile15,percentile25,percentile50,percentile75,amplitude,variance,interquartile_range,semi_interquartile_range,coefficient_of_variation,skewness,kurtosis,label
5_45903195_45905537,285016179.99999917,129574.115914065,516353472056.0,45759.02674274107,2.7401953110170877e-06,0.40536603066719756,10783833804.078157,10786135828.6116,69501.509689132,77414.10762614255,129574.115914065,425189.4258372343,516353426296.97327,1.1634072611325886e+20,347775.31821109174,173887.65910554587,37.83586533255126,0.07925380093757063,0.06630998810851177,z-curve
