nameseq,average,median,maximum,minimum,peak,none_levated_peak,sample_standard_deviation,population_standard_deviation,percentile15,percentile25,percentile50,percentile75,amplitude,variance,interquartile_range,semi_interquartile_range,coefficient_of_variation,skewness,kurtosis,label
5_45729895_45730154,912682.0,4811.673403142195,170839284.0,1717.2553362953936,9.495822933581102e-05,0.24739317062373498,10734216.516136613,10754918.97802365,2422.071552618694,3062.984302268266,4811.673403142195,15819.285457788148,170837566.74466372,115668282223853.28,12756.301155519883,6378.150577759941,11.76117915784097,0.2537316976694296,0.058643962438020454,z-curve
