nameseq,average,median,maximum,minimum,peak,none_levated_peak,sample_standard_deviation,population_standard_deviation,percentile15,percentile25,percentile50,percentile75,amplitude,variance,interquartile_range,semi_interquartile_range,coefficient_of_variation,skewness,kurtosis,label
5_55091813_55115518,53913969835.00001,3857508.2147582667,947733867722235.0,1514439.5265027795,1.46566836465271e-07,0.5103593509725773,6208445637276.185,6208576588133.863,2061557.9104299785,2281487.389228436,3857508.2147582667,13044809.419796284,947733866207795.5,3.8546423250723924e+25,10763322.030567847,5381661.015283924,115.15467431310854,0.026050052852087353,0.070455372260222,z-curve
