nameseq,average,median,maximum,minimum,peak,none_levated_peak,sample_standard_deviation,population_standard_deviation,percentile15,percentile25,percentile50,percentile75,amplitude,variance,interquartile_range,semi_interquartile_range,coefficient_of_variation,skewness,kurtosis,label
5_72144912_72145273,3478427.000000003,13130.535242768863,960861723.0,4733.052527061585,3.469000978507428e-05,0.21143005475627014,50854169.78799002,50924556.215846516,7000.040469429539,7987.233494344449,13130.535242768863,43917.711542697405,960856989.9474729,2593310425780912.0,35930.478048352954,17965.239024176477,14.619875532242009,0.20442550606197976,0.06757116924059905,z-curve
