nameseq,average,median,maximum,minimum,peak,none_levated_peak,sample_standard_deviation,population_standard_deviation,percentile15,percentile25,percentile50,percentile75,amplitude,variance,interquartile_range,semi_interquartile_range,coefficient_of_variation,skewness,kurtosis,label
5_7468795_7468991,43796.99999999997,357.5678794323208,5749891.0,17.939293809602198,0.0014993416596266118,0.7392189541331101,423137.4700519915,424215.5290477654,149.99213447766806,209.0685888522787,357.5678794323208,1013.8059360217546,5749873.060706191,179958815085.2755,804.7373471694759,402.36867358473796,9.661334567481603,0.3079809886505456,0.05716377392800016,z-curve
