nameseq,average,median,maximum,minimum,peak,none_levated_peak,sample_standard_deviation,population_standard_deviation,percentile15,percentile25,percentile50,percentile75,amplitude,variance,interquartile_range,semi_interquartile_range,coefficient_of_variation,skewness,kurtosis,label
5_75328833_75328893,8984.999999999998,315.4413926450919,341147.0,103.17521701079443,0.002263030977555185,0.30727911914441564,44295.47487046504,44663.07847540292,182.1103872491281,203.435987109775,315.4413926450919,714.4409232860544,341043.8247829892,1994790578.9,511.0049361762794,255.5024680881397,4.929935990035064,0.5871632688919779,0.043102165344873704,z-curve
