nameseq,average,median,maximum,minimum,peak,none_levated_peak,sample_standard_deviation,population_standard_deviation,percentile15,percentile25,percentile50,percentile75,amplitude,variance,interquartile_range,semi_interquartile_range,coefficient_of_variation,skewness,kurtosis,label
5_88443944_88444172,207685.00000000012,2283.967053357322,23049851.0,276.9662328225722,0.0003675437962940669,0.3220271026624384,1681867.8715862313,1685552.1429707976,1122.8524458418997,1367.0567012318459,2283.967053357322,8211.941470613161,23049574.03376718,2841086026673.4478,6844.884769381315,3422.4423846906575,8.098167280189857,0.3663802069414434,0.07866871754444321,z-curve
