nameseq,average,median,maximum,minimum,peak,none_levated_peak,sample_standard_deviation,population_standard_deviation,percentile15,percentile25,percentile50,percentile75,amplitude,variance,interquartile_range,semi_interquartile_range,coefficient_of_variation,skewness,kurtosis,label
5_95677521_95677577,11494.999999999996,470.16514310160943,477131.0,113.3307475344362,0.0016528925619834717,0.2755286658219252,62843.589871998876,63402.21054562237,182.18652307406427,232.99999999999997,470.16514310160943,1261.6636869705483,477017.66925246554,4019840302.071429,1028.6636869705483,514.3318434852741,5.467036961461409,0.5262987782534703,0.09816963273759184,z-curve
