nameseq,average,median,maximum,minimum,peak,none_levated_peak,sample_standard_deviation,population_standard_deviation,percentile15,percentile25,percentile50,percentile75,amplitude,variance,interquartile_range,semi_interquartile_range,coefficient_of_variation,skewness,kurtosis,label
5_95993455_96002478,7403935767.999981,208860.45285622374,53312479541880.0,46592.89508509734,4.0627040728806166e-07,0.6261475937492873,568068684410.6316,568100162463.7081,106883.56417556212,123167.87149478446,208860.45285622374,706168.1105021597,53312479495287.1,3.227377945912916e+23,583000.2390073752,291500.1195036876,76.72523131087124,0.03909946337859719,0.07082232575577825,z-curve
