nameseq,average,median,maximum,minimum,peak,none_levated_peak,sample_standard_deviation,population_standard_deviation,percentile15,percentile25,percentile50,percentile75,amplitude,variance,interquartile_range,semi_interquartile_range,coefficient_of_variation,skewness,kurtosis,label
5_95914062_95926196,16299290579.999987,1269570.0291684219,128016811272119.97,412765.1845015803,2.481703102442636e-07,0.3868119137302154,1214316959335.07,1214366996088.8806,681808.7153167059,750536.1320861112,1269570.0291684219,4304368.5557753295,128016810859354.78,1.4746872011899316e+24,3553832.4236892182,1776916.2118446091,74.50121545934616,0.04026466290702687,0.07024661305826585,z-curve
