nameseq,average,median,maximum,minimum,peak,none_levated_peak,sample_standard_deviation,population_standard_deviation,percentile15,percentile25,percentile50,percentile75,amplitude,variance,interquartile_range,semi_interquartile_range,coefficient_of_variation,skewness,kurtosis,label
5_98415023_98415688,2325083.0000000023,8553.698270279707,880501515.0,2329.21207967921,9.548046241790068e-05,0.46100913083769257,36202441.40461928,36229651.06002354,4202.057244779688,5191.381589556789,8553.698270279707,31053.613390915663,880499185.7879204,1312587615931064.8,25862.231801358874,12931.115900679437,15.57038669355857,0.19196461994141728,0.07022250894214518,z-curve
