nameseq,average,median,maximum,minimum,peak,none_levated_peak,sample_standard_deviation,population_standard_deviation,percentile15,percentile25,percentile50,percentile75,amplitude,variance,interquartile_range,semi_interquartile_range,coefficient_of_variation,skewness,kurtosis,label
6_115498752_115498855,17475.999999999993,433.9819708106238,934200.0,26.661988694355088,0.0019836728465705356,0.3893685420760097,98372.52079722263,98848.90382938925,211.7105433747434,264.5008947953239,433.9819708106238,1751.9261791208216,934173.3380113057,9771105788.271845,1487.4252843254976,743.7126421627488,5.629006683292668,0.51971885718935,0.14375438980640678,z-curve
