nameseq,average,median,maximum,minimum,peak,none_levated_peak,sample_standard_deviation,population_standard_deviation,percentile15,percentile25,percentile50,percentile75,amplitude,variance,interquartile_range,semi_interquartile_range,coefficient_of_variation,skewness,kurtosis,label
6_115690609_115691591,5944748.000000007,12621.76033724045,3146587615.999999,2479.3593503082593,5.5118680668493645e-05,0.5104151279842309,108951292.55393574,109006752.61991177,5984.80991084472,7205.084409027964,12621.76033724045,39234.72816555551,3146585136.640649,1.1882472116738642e+16,32029.64375652755,16014.821878263774,18.327318929908483,0.16334252033015859,0.06989438855259354,z-curve
