nameseq,average,median,maximum,minimum,peak,none_levated_peak,sample_standard_deviation,population_standard_deviation,percentile15,percentile25,percentile50,percentile75,amplitude,variance,interquartile_range,semi_interquartile_range,coefficient_of_variation,skewness,kurtosis,label
6_119174949_119175183,304733.9999999996,1954.9376181711896,50738212.0,458.35384116734724,0.00025705478657889647,0.38989048759566114,3374261.0966642755,3381463.369739694,847.6139976564982,1113.6829953469323,1954.9376181711896,5238.714695683564,50737753.64615883,11434294520891.326,4125.031700336632,2062.515850168316,11.072808077419257,0.2691958805569161,0.057923911250809125,z-curve
