nameseq,average,median,maximum,minimum,peak,none_levated_peak,sample_standard_deviation,population_standard_deviation,percentile15,percentile25,percentile50,percentile75,amplitude,variance,interquartile_range,semi_interquartile_range,coefficient_of_variation,skewness,kurtosis,label
6_119892409_119893635,23374373.999999944,27099.28812506303,11237152404.000002,7803.5947914831595,1.749779480725349e-05,0.39462288270252555,435225706.9757358,435403169.04507804,14447.47582288727,16618.582526839684,27099.28812506303,96800.56344640208,11237144600.40521,1.895759196144968e+17,80181.9809195624,40090.9904597812,18.6197802335043,0.16093218533051756,0.0745126731769952,z-curve
