nameseq,average,median,maximum,minimum,peak,none_levated_peak,sample_standard_deviation,population_standard_deviation,percentile15,percentile25,percentile50,percentile75,amplitude,variance,interquartile_range,semi_interquartile_range,coefficient_of_variation,skewness,kurtosis,label
6_124922414_124922480,44138.000000000015,1051.9695646946686,1949300.0,362.97807872300365,0.0005059887927258445,0.1536787402749121,241026.53782934358,242845.6318461536,641.1756875285155,672.015295710399,1051.9695646946686,3264.5733273743535,1948937.021921277,58974000906.757576,2592.5580316639544,1296.2790158319772,5.460748965275806,0.5362815749253135,0.06236899780769974,z-curve
