nameseq,average,median,maximum,minimum,peak,none_levated_peak,sample_standard_deviation,population_standard_deviation,percentile15,percentile25,percentile50,percentile75,amplitude,variance,interquartile_range,semi_interquartile_range,coefficient_of_variation,skewness,kurtosis,label
6_148504693_148505118,542826.9999999988,3566.6419662663793,135782139.0,632.136670452307,0.00026159347269019467,0.5100648815662879,6917598.67484346,6925732.244583919,1693.4932649652765,2091.5195011748337,3566.6419662663793,10470.191190860196,135781506.86332956,47965767123669.41,8378.671689685361,4189.335844842681,12.743652535418237,0.23386454608655172,0.0487752727495791,z-curve
