nameseq,average,median,maximum,minimum,peak,none_levated_peak,sample_standard_deviation,population_standard_deviation,percentile15,percentile25,percentile50,percentile75,amplitude,variance,interquartile_range,semi_interquartile_range,coefficient_of_variation,skewness,kurtosis,label
6_152199303_152199644,687232.9999999999,6713.4394012583325,128946011.0,1755.0,0.00016588260458970977,0.277712975400764,7327461.562540332,7338197.775715925,3166.7955824497885,3912.001815789198,6713.4394012583325,21863.41084996575,128944256.0,53849146595522.15,17951.40903417655,8975.704517088276,10.662266745834867,0.27861745358490064,0.07318361137578981,z-curve
