nameseq,average,median,maximum,minimum,peak,none_levated_peak,sample_standard_deviation,population_standard_deviation,percentile15,percentile25,percentile50,percentile75,amplitude,variance,interquartile_range,semi_interquartile_range,coefficient_of_variation,skewness,kurtosis,label
6_162592449_162592620,129542.00000000017,1070.7312769941916,17427284.0,146.46744980136015,0.0004425849016792489,0.3908744317685333,1331687.848140096,1335575.9961169523,575.2652957012101,658.0199772441342,1070.7312769941916,3294.189236663301,17427137.532550197,1783763241403.7896,2636.169259419167,1318.0846297095834,10.279969802381423,0.2894175288205165,0.06792464810159525,z-curve
