nameseq,average,median,maximum,minimum,peak,none_levated_peak,sample_standard_deviation,population_standard_deviation,percentile15,percentile25,percentile50,percentile75,amplitude,variance,interquartile_range,semi_interquartile_range,coefficient_of_variation,skewness,kurtosis,label
6_160993998_160994311,421490.9999999999,1823.922238541485,75344051.0,419.37244680566965,0.0002483247961799106,0.44894573394330545,4539767.900264066,4547014.1425458165,867.4494349784742,1060.595088284932,1823.922238541485,7137.32239043916,75343631.6275532,20675337612511.668,6076.727302154228,3038.363651077114,10.770735081565364,0.27732722485903794,0.07809708846045357,z-curve
