nameseq,average,median,maximum,minimum,peak,none_levated_peak,sample_standard_deviation,population_standard_deviation,percentile15,percentile25,percentile50,percentile75,amplitude,variance,interquartile_range,semi_interquartile_range,coefficient_of_variation,skewness,kurtosis,label
6_161636280_161636611,233637.9999999999,1337.3054332286947,47394244.0,174.14607621868345,0.0004736672402035059,0.5699534032176922,2719225.3460461856,2723329.839470706,600.1979755799421,749.3549485135352,1337.3054332286947,5142.264883037605,47394069.85392378,7416525414551.541,4392.909934524069,2196.4549672620346,11.63862619114265,0.25628699170284835,0.07465067395065143,z-curve
