nameseq,average,median,maximum,minimum,peak,none_levated_peak,sample_standard_deviation,population_standard_deviation,percentile15,percentile25,percentile50,percentile75,amplitude,variance,interquartile_range,semi_interquartile_range,coefficient_of_variation,skewness,kurtosis,label
6_167644870_167660438,3825563698.999964,276784.1560876289,41169912604786.99,47724.15794288945,1.356575677467687e-06,1.157482071538261,335365456566.19714,335376227380.4072,140819.06785251407,164342.80305786614,276784.1560876289,927252.3527844194,41169912557062.836,1.1247721389191463e+23,762909.5497265533,381454.77486327663,87.6643242547143,0.03421897073727518,0.07160251187064456,z-curve
