nameseq,average,median,maximum,minimum,peak,none_levated_peak,sample_standard_deviation,population_standard_deviation,percentile15,percentile25,percentile50,percentile75,amplitude,variance,interquartile_range,semi_interquartile_range,coefficient_of_variation,skewness,kurtosis,label
6_162946428_162958645,14487368195.000107,1794975.2468322408,130977521869379.0,720165.671332162,2.8111846208700823e-07,0.4898422106772816,1200555023992.7517,1200604157595.8333,966772.5616973825,1069485.3938751083,1794975.2468322408,6159450.272125482,130977521149213.33,1.4414503432364003e+24,5089964.8782503735,2544982.4391251868,82.8690903574252,0.0361971911247628,0.07059047975029835,z-curve
