nameseq,average,median,maximum,minimum,peak,none_levated_peak,sample_standard_deviation,population_standard_deviation,percentile15,percentile25,percentile50,percentile75,amplitude,variance,interquartile_range,semi_interquartile_range,coefficient_of_variation,skewness,kurtosis,label
6_173072533_173072716,437595.99999999994,3790.965266465814,59844872.0,1563.2392701364236,0.00014015972114309397,0.20477933231805218,4437056.4637939865,4449163.052363712,2056.0279106313583,2262.0922047744616,3790.965266465814,14827.184478430645,59843308.760729864,19795051866518.383,12565.092273656184,6282.546136828092,10.139618423829257,0.293305959664936,0.09238615752768803,z-curve
