nameseq,average,median,maximum,minimum,peak,none_levated_peak,sample_standard_deviation,population_standard_deviation,percentile15,percentile25,percentile50,percentile75,amplitude,variance,interquartile_range,semi_interquartile_range,coefficient_of_variation,skewness,kurtosis,label
6_28516066_28516108,1230.0,98.06316563966968,17373.659190712555,24.660467549603702,0.011653116531165313,0.4432444602025093,3773.7066658658036,3818.367470903913,44.70408086509363,49.3154073119134,98.06316563966968,329.21803016988656,17348.998723162953,14579930.142857144,279.90262285797314,139.95131142898657,3.0680541998908972,0.8998607480006368,0.1071384261393756,z-curve
