nameseq,average,median,maximum,minimum,peak,none_levated_peak,sample_standard_deviation,population_standard_deviation,percentile15,percentile25,percentile50,percentile75,amplitude,variance,interquartile_range,semi_interquartile_range,coefficient_of_variation,skewness,kurtosis,label
6_58714856_58715691,12883010.000000004,22488.22348086007,8092480772.0,5002.434605595528,2.1630555799201166e-05,0.32054260968392795,282940599.4863389,283109974.2991654,11055.206983985572,13565.612683787887,22488.22348086007,69930.83439204574,8092475769.565394,8.01512575476741e+16,56365.22170825786,28182.61085412893,21.962305353045508,0.1363592407720909,0.06286182864571141,z-curve
