nameseq,average,median,maximum,minimum,peak,none_levated_peak,sample_standard_deviation,population_standard_deviation,percentile15,percentile25,percentile50,percentile75,amplitude,variance,interquartile_range,semi_interquartile_range,coefficient_of_variation,skewness,kurtosis,label
6_59781117_59788169,2114905208.9999895,405779.8802459629,12064399958811.0,134348.2890541616,1.1116337460399208e-06,0.557182651756133,144427357351.1343,144437597158.1131,217445.40416617825,244008.3148833289,405779.8802459629,1392775.7601674222,12064399824462.71,2.0862219472809365e+22,1148767.4452840933,574383.7226420466,68.2902272577149,0.04392172233641863,0.07031247758788607,z-curve
