nameseq,average,median,maximum,minimum,peak,none_levated_peak,sample_standard_deviation,population_standard_deviation,percentile15,percentile25,percentile50,percentile75,amplitude,variance,interquartile_range,semi_interquartile_range,coefficient_of_variation,skewness,kurtosis,label
6_67404176_67429468,119474104705.00005,3601124.0054114144,2355513226335259.0,1318185.0375043135,7.056759304300657e-08,0.5706421445000358,14950627744682.787,14950923302170.676,1925326.593458815,2123462.091718382,3601124.0054114144,12255367.131806776,2355513225017074.0,2.2353010758739008e+26,10131905.040088393,5065952.520044196,125.13697241421636,0.023973007479264775,0.07065126666637887,z-curve
