nameseq,average,median,maximum,minimum,peak,none_levated_peak,sample_standard_deviation,population_standard_deviation,percentile15,percentile25,percentile50,percentile75,amplitude,variance,interquartile_range,semi_interquartile_range,coefficient_of_variation,skewness,kurtosis,label
6_73401325_73401550,191151.00000000015,1403.8501120223186,32568243.0,271.12233579297424,0.0003941037888022206,0.39510951051910675,2183465.987186427,2188312.75449801,611.0759831530149,763.4589729602028,1403.8501120223186,5169.604486555833,32567971.87766421,4788712711498.667,4406.14551359563,2203.072756797815,11.42272856111883,0.2607054348473947,0.06903075567987023,z-curve
