nameseq,average,median,maximum,minimum,peak,none_levated_peak,sample_standard_deviation,population_standard_deviation,percentile15,percentile25,percentile50,percentile75,amplitude,variance,interquartile_range,semi_interquartile_range,coefficient_of_variation,skewness,kurtosis,label
6_86753916_86754013,39119.0,697.932549746224,2799843.0,195.93854708232664,0.000835058837564014,0.2821871226811258,284503.10142421996,285965.851947396,364.82468775102507,389.8504098335763,697.932549746224,2579.65275335376,2799647.0614529178,81776468480.0,2189.802343520184,1094.901171760092,7.272760076285691,0.4051386497150814,0.06570209829524525,z-curve
