nameseq,average,median,maximum,minimum,peak,none_levated_peak,sample_standard_deviation,population_standard_deviation,percentile15,percentile25,percentile50,percentile75,amplitude,variance,interquartile_range,semi_interquartile_range,coefficient_of_variation,skewness,kurtosis,label
6_86963692_86963834,184328.00000000006,1635.262096228474,19019216.0,653.3935525408205,0.00025859699376473813,0.24915055014111606,1605085.5873479145,1610727.3818516254,929.8364780638865,1134.5529143741542,1635.262096228474,5869.838422501198,19018562.60644746,2594442698646.592,4735.285508127044,2367.642754063522,8.707768691397476,0.34146354439385707,0.08529710554212763,z-curve
