nameseq,average,median,maximum,minimum,peak,none_levated_peak,sample_standard_deviation,population_standard_deviation,percentile15,percentile25,percentile50,percentile75,amplitude,variance,interquartile_range,semi_interquartile_range,coefficient_of_variation,skewness,kurtosis,label
6_8788002_8791608,441794875.9999989,213989.4567083744,1137666207839.9998,76691.82169009771,2.7214741470503977e-06,0.42958354560002104,19215885988.191315,19218550235.828133,114005.32562166249,127139.80819626288,213989.4567083744,762619.4574463469,1137666131148.178,3.6935267316704956e+20,635479.649250084,317739.824625042,43.49504041824007,0.06893997291844685,0.0793964211746491,z-curve
