nameseq,average,median,maximum,minimum,peak,none_levated_peak,sample_standard_deviation,population_standard_deviation,percentile15,percentile25,percentile50,percentile75,amplitude,variance,interquartile_range,semi_interquartile_range,coefficient_of_variation,skewness,kurtosis,label
6_87039798_87040779,19428681.000000007,30353.021713993803,14447092315.0,9662.697480754856,1.6847944198236266e-05,0.3025734098113351,465667267.4576492,465904550.15710247,15267.160713942252,17665.652923611466,30353.021713993803,101016.13237266202,14447082652.302519,2.1706704985709203e+17,83350.47944905056,41675.23972452528,23.9680330053105,0.12497117148168606,0.06777031694059243,z-curve
