nameseq,average,median,maximum,minimum,peak,none_levated_peak,sample_standard_deviation,population_standard_deviation,percentile15,percentile25,percentile50,percentile75,amplitude,variance,interquartile_range,semi_interquartile_range,coefficient_of_variation,skewness,kurtosis,label
6_88676686_88677055,87031.0,809.0129016084984,11450291.0,77.07423830612116,0.0014171195704212674,0.887390027474623,765774.7798667699,766811.7130159321,303.7761565201731,420.6567280930567,809.0129016084984,2649.4411617938877,11450213.925761694,588000203218.4282,2228.784433700831,1114.3922168504155,8.79887373311544,0.33778333799420424,0.0886089089440789,z-curve
