nameseq,average,median,maximum,minimum,peak,none_levated_peak,sample_standard_deviation,population_standard_deviation,percentile15,percentile25,percentile50,percentile75,amplitude,variance,interquartile_range,semi_interquartile_range,coefficient_of_variation,skewness,kurtosis,label
6_91034597_91045309,18524718398.999977,2763249.7063429407,148572122784979.0,1160030.2673872244,1.9276946202824728e-07,0.29910711076010127,1449806664678.807,1449874335180.5906,1477404.660111853,1626949.6144890883,2763249.7063429407,9377899.526565306,148572121624948.72,2.1021355878153598e+24,7750949.912076218,3875474.956038109,78.26335782556738,0.03832639675455698,0.07058539909949742,z-curve
