nameseq,average,median,maximum,minimum,peak,none_levated_peak,sample_standard_deviation,population_standard_deviation,percentile15,percentile25,percentile50,percentile75,amplitude,variance,interquartile_range,semi_interquartile_range,coefficient_of_variation,skewness,kurtosis,label
6_97861495_97861793,376678.0000000003,1002.1091059912369,83536652.0,166.41024670909354,0.0002645938086818625,0.5343693724424585,4905993.675144517,4914218.3140704185,487.2508154167522,641.5158501478196,1002.1091059912369,3442.4585948939357,83536485.58975329,24149541638345.105,2800.942744746116,1400.471372373058,13.024370085708517,0.22972464852369137,0.06176020516232627,z-curve
