nameseq,average,median,maximum,minimum,peak,none_levated_peak,sample_standard_deviation,population_standard_deviation,percentile15,percentile25,percentile50,percentile75,amplitude,variance,interquartile_range,semi_interquartile_range,coefficient_of_variation,skewness,kurtosis,label
7_108934626_108934702,45521.000000000015,904.820217764148,2873771.0,197.13306220205678,0.0005638423291814033,0.23319604791196533,325774.3163326416,327910.564247206,364.05005797112324,416.81887757829884,904.820217764148,2750.9113353816783,2873573.866937798,107525338144.92105,2334.0924578033796,1167.0462289016898,7.15657205097958,0.41086277412378186,0.069765976597557,z-curve
