nameseq,average,median,maximum,minimum,peak,none_levated_peak,sample_standard_deviation,population_standard_deviation,percentile15,percentile25,percentile50,percentile75,amplitude,variance,interquartile_range,semi_interquartile_range,coefficient_of_variation,skewness,kurtosis,label
7_107079454_107079705,1019222.0000000002,4931.805572551211,200595892.0,1876.928654498208,8.241580342653513e-05,0.2620615568645169,12698433.750537425,12723704.290458739,2631.999999999999,3047.334349174119,4931.805572551211,16421.642845712486,200594015.0713455,161892650871038.12,13374.308496538368,6687.154248269184,12.45894785487109,0.23962566116892692,0.06613175705463288,z-curve
