nameseq,average,median,maximum,minimum,peak,none_levated_peak,sample_standard_deviation,population_standard_deviation,percentile15,percentile25,percentile50,percentile75,amplitude,variance,interquartile_range,semi_interquartile_range,coefficient_of_variation,skewness,kurtosis,label
7_112923941_112945029,14932307819.00016,716592.1652885949,88690280269877.53,194741.93034363422,4.7076893618024547e-07,0.9057634736804655,1038658967788.6865,1038683594274.2397,374287.9113602244,422490.0051023748,716592.1652885949,2413712.477068221,88690280075135.6,1.0788636090144536e+24,1991222.4719658464,995611.2359829232,69.55783261225545,0.04312750871046062,0.0727206835379156,z-curve
