nameseq,average,median,maximum,minimum,peak,none_levated_peak,sample_standard_deviation,population_standard_deviation,percentile15,percentile25,percentile50,percentile75,amplitude,variance,interquartile_range,semi_interquartile_range,coefficient_of_variation,skewness,kurtosis,label
7_114980645_114980798,244747.0000000001,2651.5405846324984,27160715.0,807.9636744875436,0.0002097403985884743,0.24381860565867186,2209566.203875322,2216775.2481638966,1382.7513878536581,1569.3455775481284,2651.5405846324984,9177.695335865454,27159907.036325514,4914092500872.1045,7608.349758317325,3804.1748791586624,9.027960317696728,0.3287008902345995,0.09680270458903498,z-curve
