nameseq,average,median,maximum,minimum,peak,none_levated_peak,sample_standard_deviation,population_standard_deviation,percentile15,percentile25,percentile50,percentile75,amplitude,variance,interquartile_range,semi_interquartile_range,coefficient_of_variation,skewness,kurtosis,label
7_124436057_124436176,31932.000000000015,480.0000000000001,2279696.0,144.2569986145922,0.0012526619065514211,0.38427104358104064,216232.13714894463,217138.77482407613,278.2853288599002,316.10614992625,480.0000000000001,1801.0492867291057,2279551.7430013856,47149247532.10084,1484.9431368028556,742.4715684014278,6.771644029467135,0.4363643686091208,0.04334348061680113,z-curve
