nameseq,average,median,maximum,minimum,peak,none_levated_peak,sample_standard_deviation,population_standard_deviation,percentile15,percentile25,percentile50,percentile75,amplitude,variance,interquartile_range,semi_interquartile_range,coefficient_of_variation,skewness,kurtosis,label
7_121236456_121236640,143655.0000000001,1145.720808798438,19568771.0,191.27025191344427,0.0004292691981947487,0.3896807435356817,1449281.2859193345,1453214.2138718707,515.9122787456577,704.3124848654602,1145.720808798438,3966.47943637944,19568579.729748085,2111831551399.239,3262.1669515139797,1631.0834757569899,10.088624036193197,0.29499300220550884,0.05735059929427356,z-curve
