nameseq,average,median,maximum,minimum,peak,none_levated_peak,sample_standard_deviation,population_standard_deviation,percentile15,percentile25,percentile50,percentile75,amplitude,variance,interquartile_range,semi_interquartile_range,coefficient_of_variation,skewness,kurtosis,label
7_136310595_136311158,843354.0000000002,2903.027674662628,260055532.0,224.5672218554085,0.00022291943833787465,0.606404265063371,11643839.360457186,11654175.660193836,1188.4049890676752,1500.9472640620652,2903.027674662628,8903.249037511687,260055307.43277815,135819810318654.44,7402.301773449622,3701.150886724811,13.806585799625285,0.21653965147772478,0.07691096702461385,z-curve
