nameseq,average,median,maximum,minimum,peak,none_levated_peak,sample_standard_deviation,population_standard_deviation,percentile15,percentile25,percentile50,percentile75,amplitude,variance,interquartile_range,semi_interquartile_range,coefficient_of_variation,skewness,kurtosis,label
7_133914607_133915384,3298059.0,5593.393186948517,1805546595.0000002,914.6438929109908,7.86321085624403e-05,0.5808691928633645,65707811.97306004,65750081.39652019,2487.8157661171426,3149.6250592223387,5593.393186948517,15740.533112844498,1805545680.3561072,4323073203649030.0,12590.908053622159,6295.4540268110795,19.923176623905164,0.15032302132490502,0.06081157418028144,z-curve
