nameseq,average,median,maximum,minimum,peak,none_levated_peak,sample_standard_deviation,population_standard_deviation,percentile15,percentile25,percentile50,percentile75,amplitude,variance,interquartile_range,semi_interquartile_range,coefficient_of_variation,skewness,kurtosis,label
7_130842785_130843478,15880920.999999998,31236.476183142928,6156933923.000002,11529.814504514745,1.4566745425742837e-05,0.21685776616668642,252475073.04973832,252657168.32984763,17650.832037731376,19961.542518904476,31236.476183142928,114425.84140195455,6156922393.185497,6.383564470845696e+16,94464.29888305007,47232.149441525034,15.898012026490047,0.18833167566638656,0.07061187639978261,z-curve
