nameseq,average,median,maximum,minimum,peak,none_levated_peak,sample_standard_deviation,population_standard_deviation,percentile15,percentile25,percentile50,percentile75,amplitude,variance,interquartile_range,semi_interquartile_range,coefficient_of_variation,skewness,kurtosis,label
7_138258119_138258542,1317732.0000000012,3982.7706208085137,431709800.0,620.3027575275734,0.00010725499064554342,0.4583833695921695,21102085.429370813,21127014.06822172,2002.8390160621282,2389.569650667869,3982.7706208085137,12993.434709909963,431709179.6972425,446350723438838.6,10603.865059242095,5301.932529621047,16.013943221664796,0.18677053039753008,0.07323717560144408,z-curve
