nameseq,average,median,maximum,minimum,peak,none_levated_peak,sample_standard_deviation,population_standard_deviation,percentile15,percentile25,percentile50,percentile75,amplitude,variance,interquartile_range,semi_interquartile_range,coefficient_of_variation,skewness,kurtosis,label
7_13835125_13854280,16096861057.99988,1332552.2422576463,180978684605452.0,349017.8772421393,3.9668189408642035e-07,0.6455091666147929,1391246804441.5525,1391283119467.581,711204.1091595535,791594.7786233592,1332552.2422576463,4557373.912122017,180978684256434.12,1.9356687185154432e+24,3765779.1334986575,1882889.5667493287,86.42969579153603,0.034707418815351845,0.07244517964590633,z-curve
