nameseq,average,median,maximum,minimum,peak,none_levated_peak,sample_standard_deviation,population_standard_deviation,percentile15,percentile25,percentile50,percentile75,amplitude,variance,interquartile_range,semi_interquartile_range,coefficient_of_variation,skewness,kurtosis,label
7_136112334_136114304,232860401.9999993,181490.48185825386,351037923156.0,70061.1874122396,2.8214329029630463e-06,0.2901692702391419,7966788206.015326,7968809976.941419,95456.22601561385,105101.74047857903,181490.48185825386,616896.415631281,351037853094.81256,6.350193244860109e+19,511794.67515270197,255897.33757635098,34.212722032556435,0.08761833708938947,0.07283150412764283,z-curve
