nameseq,average,median,maximum,minimum,peak,none_levated_peak,sample_standard_deviation,population_standard_deviation,percentile15,percentile25,percentile50,percentile75,amplitude,variance,interquartile_range,semi_interquartile_range,coefficient_of_variation,skewness,kurtosis,label
7_14302364_14302565,198426.99999999977,1134.6779215755785,30786651.0,214.51483124010454,0.00033933554069422715,0.39620624143063793,2180198.4768667277,2185615.127393627,455.0288960074228,627.5729780874324,1134.6779215755785,3433.2505212728597,30786436.48516876,4776913485091.86,2805.6775431854276,1402.8387715927138,10.987408351014379,0.27147847891623544,0.08493432816297632,z-curve
