nameseq,average,median,maximum,minimum,peak,none_levated_peak,sample_standard_deviation,population_standard_deviation,percentile15,percentile25,percentile50,percentile75,amplitude,variance,interquartile_range,semi_interquartile_range,coefficient_of_variation,skewness,kurtosis,label
7_151841873_151841953,33139.000000000015,554.6274599829729,2017051.0,134.16135259170034,0.0008147499924560182,0.3095764120243406,223532.83737294617,224925.57880619093,277.0,321.84251374648636,554.6274599829729,1396.8676877393962,2016916.8386474084,50591516001.3,1075.02517399291,537.512586996455,6.74531028012149,0.4373098770135418,0.03346356983130587,z-curve
