nameseq,average,median,maximum,minimum,peak,none_levated_peak,sample_standard_deviation,population_standard_deviation,percentile15,percentile25,percentile50,percentile75,amplitude,variance,interquartile_range,semi_interquartile_range,coefficient_of_variation,skewness,kurtosis,label
7_155982691_155982767,6168.999999999998,276.09423447413957,260587.0,29.300449453932877,0.004160587885664885,0.4163158466338527,30353.19656971898,30552.23605693939,100.61288058618592,116.72234138861258,276.09423447413957,952.4712857702821,260557.69955054607,933439128.0789474,835.7489443816695,417.87447219083475,4.920278257370561,0.5824334598819241,0.06733225423969483,z-curve
