nameseq,average,median,maximum,minimum,peak,none_levated_peak,sample_standard_deviation,population_standard_deviation,percentile15,percentile25,percentile50,percentile75,amplitude,variance,interquartile_range,semi_interquartile_range,coefficient_of_variation,skewness,kurtosis,label
7_161863493_161863986,427029.0,1447.1660399928253,125542299.0,102.84198517110966,0.0003856100327300175,0.7677931979424815,5974759.810775158,5980816.335199739,644.8994948756088,804.5748029732389,1447.1660399928253,4184.123864432884,125542196.15801483,35770164035392.04,3379.549061459645,1689.7745307298226,13.991461495062767,0.21368984567002672,0.06049892235330299,z-curve
