nameseq,average,median,maximum,minimum,peak,none_levated_peak,sample_standard_deviation,population_standard_deviation,percentile15,percentile25,percentile50,percentile75,amplitude,variance,interquartile_range,semi_interquartile_range,coefficient_of_variation,skewness,kurtosis,label
7_163773430_163773673,332241.9999999998,1626.4190820924878,58542788.0,290.9672198254659,0.0002448014800456696,0.36212370584170467,3799158.461824408,3806967.634425937,793.0928750375372,955.7525316762036,1626.4190820924878,4906.907283423197,58542497.03278018,14493002569566.617,3951.154751746994,1975.577375873497,11.434913291589895,0.26107011663773133,0.06630042290012592,z-curve
