nameseq,average,median,maximum,minimum,peak,none_levated_peak,sample_standard_deviation,population_standard_deviation,percentile15,percentile25,percentile50,percentile75,amplitude,variance,interquartile_range,semi_interquartile_range,coefficient_of_variation,skewness,kurtosis,label
7_17453313_17453891,18026562.000000007,25310.523096749726,8038086532.0,7300.305331752936,1.0706423110518795e-05,0.19337164941083682,337790682.0185883,338082762.2132534,13345.534402466477,15324.850012482166,25310.523096749726,84954.33733949478,8038079231.694668,1.1429995410574322e+17,69629.48732701261,34814.743663506306,18.738497225293884,0.15987342844388464,0.06648008743013298,z-curve
