nameseq,average,median,maximum,minimum,peak,none_levated_peak,sample_standard_deviation,population_standard_deviation,percentile15,percentile25,percentile50,percentile75,amplitude,variance,interquartile_range,semi_interquartile_range,coefficient_of_variation,skewness,kurtosis,label
7_175897034_175900444,775496881.9999987,189854.2276309873,2085487853635.9993,69650.99758623053,1.4661567652827803e-06,0.3602767808676278,36034764845.429245,36040048147.97878,103893.65152753054,115571.31150331646,189854.2276309873,660560.746683506,2085487783985.0017,1.2988850705086286e+21,544989.4351801894,272494.7175900947,46.466679211521715,0.06454658697771772,0.07270855532813844,z-curve
