nameseq,average,median,maximum,minimum,peak,none_levated_peak,sample_standard_deviation,population_standard_deviation,percentile15,percentile25,percentile50,percentile75,amplitude,variance,interquartile_range,semi_interquartile_range,coefficient_of_variation,skewness,kurtosis,label
7_178304297_178313906,2701999979.000022,449709.5026519488,17439325650587.0,143552.64731234123,1.1855415833566545e-06,0.6189257570848515,182995461309.23813,183004983148.16586,236914.1530401701,266708.21740023885,449709.5026519488,1495057.1824253292,17439325507034.354,3.349082385706047e+22,1228348.9650250904,614174.4825125452,67.72592995243566,0.044288807768823955,0.06956394397560367,z-curve
