nameseq,average,median,maximum,minimum,peak,none_levated_peak,sample_standard_deviation,population_standard_deviation,percentile15,percentile25,percentile50,percentile75,amplitude,variance,interquartile_range,semi_interquartile_range,coefficient_of_variation,skewness,kurtosis,label
7_1978006_1981827,523151933.00000215,292921.3961261867,666907448851.0,104779.24053531128,2.4352390187957018e-06,0.3991198587705845,16113605138.109806,16115713558.810764,154233.40280595364,170314.54730463575,292921.3961261867,981228.6532250887,666907344071.7595,2.5971622350963714e+20,810914.105920453,405457.0529602265,30.8010046827252,0.0973448847335742,0.0690666118662318,z-curve
