nameseq,average,median,maximum,minimum,peak,none_levated_peak,sample_standard_deviation,population_standard_deviation,percentile15,percentile25,percentile50,percentile75,amplitude,variance,interquartile_range,semi_interquartile_range,coefficient_of_variation,skewness,kurtosis,label
7_29423741_29423794,13792.999999999996,421.00166603115434,550971.0,123.0,0.001305009787573407,0.21359270805852362,74489.84721423451,75189.29774456439,225.0882222313557,267.2631295561012,421.00166603115434,1341.091903555129,550848.0,5653430495.320755,1073.8287739990278,536.9143869995139,5.400554427190207,0.5385431236894875,0.09356395393329311,z-curve
