nameseq,average,median,maximum,minimum,peak,none_levated_peak,sample_standard_deviation,population_standard_deviation,percentile15,percentile25,percentile50,percentile75,amplitude,variance,interquartile_range,semi_interquartile_range,coefficient_of_variation,skewness,kurtosis,label
7_34535470_34536001,4112698.0000000037,9917.111258567928,1774895860.0,2166.2275722900677,4.311849139745568e-05,0.3434403338022598,77202409.55184466,77275070.65927105,4964.226487535022,5570.11595402637,9917.111258567928,31358.402196987932,1774893693.7724278,5971436545395334.0,25788.286242961563,12894.143121480782,18.771718602203368,0.1594295144111887,0.07438957397737793,z-curve
