nameseq,average,median,maximum,minimum,peak,none_levated_peak,sample_standard_deviation,population_standard_deviation,percentile15,percentile25,percentile50,percentile75,amplitude,variance,interquartile_range,semi_interquartile_range,coefficient_of_variation,skewness,kurtosis,label
7_3710972_3725670,13668273141.999937,1196145.5537505017,149768922778628.0,417176.15282920114,3.584700580507824e-07,0.6990803697077674,1248496129020.3916,1248538599931.1936,645763.1510571549,720963.9720095566,1196145.5537505017,4132193.3842974845,149768922361451.84,1.558848635518145e+24,3411229.412287928,1705614.706143964,91.3426382433057,0.032840495085482875,0.07013265507774644,z-curve
