nameseq,average,median,maximum,minimum,peak,none_levated_peak,sample_standard_deviation,population_standard_deviation,percentile15,percentile25,percentile50,percentile75,amplitude,variance,interquartile_range,semi_interquartile_range,coefficient_of_variation,skewness,kurtosis,label
7_39994978_39997712,407420991.9999998,196603.0450599207,850319500935.9998,79580.522760935,2.237652660436964e-06,0.31982536348392177,16418834015.128376,16421836453.484852,107688.86253857668,119040.62328742545,196603.0450599207,684197.768159677,850319421355.477,2.6967671250500393e+20,565157.1448722515,282578.5724361258,40.29943065655385,0.07440681632685765,0.07356964211044915,z-curve
