nameseq,average,median,maximum,minimum,peak,none_levated_peak,sample_standard_deviation,population_standard_deviation,percentile15,percentile25,percentile50,percentile75,amplitude,variance,interquartile_range,semi_interquartile_range,coefficient_of_variation,skewness,kurtosis,label
7_50092659_50093681,43901432.00000003,41811.34550479143,39429182160.0,14553.608845741846,7.767400389126254e-06,0.2908432682467374,1233672076.6518292,1234275486.850126,22146.569112938178,24416.64447253163,41811.34550479143,136361.3515351516,39429167606.39115,1.5234359774391158e+18,111944.70706261997,55972.353531309986,28.100952986039918,0.10665626989028489,0.07170541758708655,z-curve
