nameseq,average,median,maximum,minimum,peak,none_levated_peak,sample_standard_deviation,population_standard_deviation,percentile15,percentile25,percentile50,percentile75,amplitude,variance,interquartile_range,semi_interquartile_range,coefficient_of_variation,skewness,kurtosis,label
7_50746563_50757479,2067354644.9999988,470925.44287163654,6479057680795.462,141037.36960215552,1.7602204869885797e-06,0.7183643422386203,94851713878.9225,94856058398.05356,247799.12922056834,278301.3617768107,470925.44287163654,1605289.4926071418,6479057539758.093,8.997671814814948e+21,1326988.1308303312,663494.0654151656,45.880717228815165,0.06537205185966873,0.07248647245545689,z-curve
