nameseq,average,median,maximum,minimum,peak,none_levated_peak,sample_standard_deviation,population_standard_deviation,percentile15,percentile25,percentile50,percentile75,amplitude,variance,interquartile_range,semi_interquartile_range,coefficient_of_variation,skewness,kurtosis,label
7_54960099_54987616,57887568573.00015,3303810.3412209414,898894977296290.8,1163376.9987125786,1.5845658908785073e-07,0.6696202178335368,5825940905940.941,5826046765736.278,1763377.7351843966,1958616.0034080497,3303810.3412209414,11423227.117846936,898894976132913.8,3.394282091654615e+25,9464611.114438886,4732305.557219443,100.64234946392737,0.029806823840402532,0.07122561672690224,z-curve
