nameseq,average,median,maximum,minimum,peak,none_levated_peak,sample_standard_deviation,population_standard_deviation,percentile15,percentile25,percentile50,percentile75,amplitude,variance,interquartile_range,semi_interquartile_range,coefficient_of_variation,skewness,kurtosis,label
7_57966292_57997566,33536448302.000168,878048.9737530199,538323095205348.0,183908.88050263101,3.10855815920681e-07,1.1338917115958882,3411236151157.5903,3411290688614.9453,451469.07886147575,520561.1231884173,878048.9737530199,2946989.7409954323,538323095021439.1,1.163690416223103e+25,2426428.617807015,1213214.3089035074,101.7172754979584,0.02949274289466554,0.07105258593304306,z-curve
