nameseq,average,median,maximum,minimum,peak,none_levated_peak,sample_standard_deviation,population_standard_deviation,percentile15,percentile25,percentile50,percentile75,amplitude,variance,interquartile_range,semi_interquartile_range,coefficient_of_variation,skewness,kurtosis,label
7_88538511_88538706,228177.99999999985,1752.0,30722220.0,407.4455336191492,0.00028632617225733144,0.3155787023681183,2239364.2284907564,2245098.8453796976,973.9538483240387,1141.3943474414386,1752.0,5824.075455605,30721812.55446638,5040468825525.251,4682.681108163561,2341.3405540817803,9.81411103827169,0.3033352017317014,0.08354204631388198,z-curve
