nameseq,average,median,maximum,minimum,peak,none_levated_peak,sample_standard_deviation,population_standard_deviation,percentile15,percentile25,percentile50,percentile75,amplitude,variance,interquartile_range,semi_interquartile_range,coefficient_of_variation,skewness,kurtosis,label
7_95218007_95218261,80039.99999999997,993.118806364331,5557964.7329806425,123.95025881526587,0.0010619690154922542,0.5669991051837214,587825.977268783,588981.9783406608,415.12408472261313,557.0469700426542,993.118806364331,2980.1116968314273,5557840.782721827,346899770810.0787,2423.064726788773,1211.5323633943865,7.34415263954002,0.40341980918014875,0.08393169771928259,z-curve
