nameseq,average,median,maximum,minimum,peak,none_levated_peak,sample_standard_deviation,population_standard_deviation,percentile15,percentile25,percentile50,percentile75,amplitude,variance,interquartile_range,semi_interquartile_range,coefficient_of_variation,skewness,kurtosis,label
7_96362185_96362367,216987.9999999999,1838.1180631200473,28904752.0,577.7579835968907,0.0002811215366748393,0.32870867374380314,2157447.394218455,2163366.328232969,953.0245128257847,1112.5754952368939,1838.1180631200473,7369.028117294403,28904174.242016405,4680153870132.198,6256.45262205751,3128.226311028755,9.94270371734131,0.2991728315324493,0.07959341802619607,z-curve
