nameseq,average,median,maximum,minimum,peak,none_levated_peak,sample_standard_deviation,population_standard_deviation,percentile15,percentile25,percentile50,percentile75,amplitude,variance,interquartile_range,semi_interquartile_range,coefficient_of_variation,skewness,kurtosis,label
7_96378821_96382390,228090014.9999998,120424.13110407387,482907261619.0,38622.88441516398,5.2172384661380335e-06,0.5193600561161031,8532938031.722106,8534133372.210105,63762.68298073221,72740.70946408421,120424.13110407387,414877.7815774765,482907222996.1156,7.2831432414670225e+19,342137.0721133923,171068.53605669615,37.41039708258213,0.08014927215739566,0.07170197866841987,z-curve
