nameseq,average,median,maximum,minimum,peak,none_levated_peak,sample_standard_deviation,population_standard_deviation,percentile15,percentile25,percentile50,percentile75,amplitude,variance,interquartile_range,semi_interquartile_range,coefficient_of_variation,skewness,kurtosis,label
7_96390553_96391427,18142070.00000005,33247.828414430915,11872023076.0,9953.591704024097,1.6076812991387746e-05,0.26592567390271277,404870254.3702285,405101807.2941451,17787.727535020695,20161.575146491683,33247.828414430915,109731.90599991237,11872013122.408297,1.641074742729827e+17,89570.33085342069,44785.165426710344,22.316651538122578,0.1341824101137316,0.06912269770451701,z-curve
