nameseq,average,median,maximum,minimum,peak,none_levated_peak,sample_standard_deviation,population_standard_deviation,percentile15,percentile25,percentile50,percentile75,amplitude,variance,interquartile_range,semi_interquartile_range,coefficient_of_variation,skewness,kurtosis,label
8_120365064_120368849,370615338.9999992,106362.43667852695,1148359443650.9995,32103.64398400053,3.4051477831574656e-06,0.501151451933229,18745279744.87258,18747755840.219864,56013.744784486014,63900.22125954966,106362.43667852695,367826.01034081896,1148359411547.3555,3.5147834904449804e+20,303925.7890812693,151962.89454063465,50.57880171784423,0.059296363928311044,0.07446226264886874,z-curve
