nameseq,average,median,maximum,minimum,peak,none_levated_peak,sample_standard_deviation,population_standard_deviation,percentile15,percentile25,percentile50,percentile75,amplitude,variance,interquartile_range,semi_interquartile_range,coefficient_of_variation,skewness,kurtosis,label
8_146311527_146311606,11319.999999999989,261.9275412372501,655544.0,40.0,0.002355712603062429,0.4214217277695592,73350.09398766984,73812.87519674413,76.58469684806786,98.37722811777876,261.9275412372501,778.3544685349675,655504.0,5448340544.810126,679.9772404171888,339.9886202085944,6.479690281596282,0.4522723226757529,0.13667897117450636,z-curve
