nameseq,average,median,maximum,minimum,peak,none_levated_peak,sample_standard_deviation,population_standard_deviation,percentile15,percentile25,percentile50,percentile75,amplitude,variance,interquartile_range,semi_interquartile_range,coefficient_of_variation,skewness,kurtosis,label
8_143274926_143275122,576189.0000000003,4810.457689835003,82556451.0,1818.100388572553,0.00011396723413093036,0.2035658899815554,5925994.791347188,5941092.891718531,2568.6562159599594,2789.349752710529,4810.457689835003,17853.10209469741,82554632.89961143,35296584748028.46,15063.752341986881,7531.876170993441,10.284810698134091,0.2892570255771036,0.10704826113386473,z-curve
