nameseq,average,median,maximum,minimum,peak,none_levated_peak,sample_standard_deviation,population_standard_deviation,percentile15,percentile25,percentile50,percentile75,amplitude,variance,interquartile_range,semi_interquartile_range,coefficient_of_variation,skewness,kurtosis,label
8_143388122_143389706,39830035.00000001,30084.21931833761,49742257627.000015,7551.832313391875,1.3264696687646227e-05,0.4697092389865849,1258194893.7870274,1258591988.6032221,15321.164613644502,17970.983452637243,30084.21931833761,97880.0282333454,49742250075.1677,1.584053793776213e+18,79909.04478070815,39954.522390354075,31.589098372296863,0.09489774035138918,0.059514124956811736,z-curve
