nameseq,average,median,maximum,minimum,peak,none_levated_peak,sample_standard_deviation,population_standard_deviation,percentile15,percentile25,percentile50,percentile75,amplitude,variance,interquartile_range,semi_interquartile_range,coefficient_of_variation,skewness,kurtosis,label
8_145472953_145474421,14690617.000000006,22754.700512114996,12478059555.0,4325.420442162078,3.333193334675232e-05,0.4997873428298568,344347727.08195066,344464991.76339585,11030.676859605166,12925.906750867143,22754.700512114996,68303.26216257043,12478055229.579557,1.1865613055055637e+17,55377.35541170329,27688.677705851645,23.439977169233295,0.12778823101681558,0.06276355500559337,z-curve
