nameseq,average,median,maximum,minimum,peak,none_levated_peak,sample_standard_deviation,population_standard_deviation,percentile15,percentile25,percentile50,percentile75,amplitude,variance,interquartile_range,semi_interquartile_range,coefficient_of_variation,skewness,kurtosis,label
8_147813104_147813263,204607.99999999985,1345.9470549447108,24287976.0,297.7306764100417,0.0002606610363882809,0.2816931032109272,1940188.1996136352,1946279.85730171,676.3391258324639,823.2097640924936,1345.9470549447108,3874.678236598687,24287678.26932359,3788005282938.3647,3051.4684725061934,1525.7342362530967,9.482465004367555,0.3142922727581772,0.05983601500813498,z-curve
