nameseq,average,median,maximum,minimum,peak,none_levated_peak,sample_standard_deviation,population_standard_deviation,percentile15,percentile25,percentile50,percentile75,amplitude,variance,interquartile_range,semi_interquartile_range,coefficient_of_variation,skewness,kurtosis,label
8_155243890_155244090,162487.0000000001,1821.7018327459086,18549915.0,382.23103019888345,0.00041234067956205704,0.39335980185532177,1378941.5022472853,1382384.5575501414,962.838719866841,1153.0503794435497,1821.7018327459086,7113.599174149484,18549532.7689698,1910987064953.1,5960.548794705934,2980.274397352967,8.486472777805513,0.34954049444174773,0.06781521000740508,z-curve
