nameseq,average,median,maximum,minimum,peak,none_levated_peak,sample_standard_deviation,population_standard_deviation,percentile15,percentile25,percentile50,percentile75,amplitude,variance,interquartile_range,semi_interquartile_range,coefficient_of_variation,skewness,kurtosis,label
8_159570130_159571174,27481765.000000037,37746.943651401416,18962415027.0,11720.896755926824,1.2675071391278283e-05,0.30998676338520353,606568805.7229123,606859238.4930729,19369.228052635503,21922.818242887293,37746.943651401416,126276.42702566364,18962403306.103245,3.6827813534439226e+17,104353.60878277634,52176.80439138817,22.071683013187528,0.13573407236285762,0.07511465298796509,z-curve
