nameseq,average,median,maximum,minimum,peak,none_levated_peak,sample_standard_deviation,population_standard_deviation,percentile15,percentile25,percentile50,percentile75,amplitude,variance,interquartile_range,semi_interquartile_range,coefficient_of_variation,skewness,kurtosis,label
8_165992562_165992769,290231.99999999994,1886.4859967815632,44695256.0,454.81313609803425,0.00023888934829148178,0.3061156089200662,3126762.091687822,3134305.55763704,895.4766887763135,1147.5268515987693,1886.4859967815632,5810.828293730692,44694801.1868639,9823871328634.436,4663.301442131923,2331.6507210659615,10.773319591526167,0.2766556957784753,0.06501442905976103,z-curve
