nameseq,average,median,maximum,minimum,peak,none_levated_peak,sample_standard_deviation,population_standard_deviation,percentile15,percentile25,percentile50,percentile75,amplitude,variance,interquartile_range,semi_interquartile_range,coefficient_of_variation,skewness,kurtosis,label
8_164779327_164779559,409087.0,1616.505381088595,83724547.0,237.65147406432607,0.00018985366600910483,0.3477845556397535,5476178.053026033,5487967.470445689,795.594205351486,914.9459086091958,1616.505381088595,4821.240896926897,83724309.34852594,30117786956670.05,3906.2949883177016,1953.1474941588508,13.386340932432546,0.2232234730171443,0.0835838111168826,z-curve
