nameseq,average,median,maximum,minimum,peak,none_levated_peak,sample_standard_deviation,population_standard_deviation,percentile15,percentile25,percentile50,percentile75,amplitude,variance,interquartile_range,semi_interquartile_range,coefficient_of_variation,skewness,kurtosis,label
8_163154720_163154891,128165.99999999983,1158.5780440171034,17163652.0,402.73129890241444,0.000447336527108074,0.3329812855520175,1309953.53112849,1313778.2211104152,651.051137887884,743.6893801594324,1158.5780440171034,3611.4132032096422,17163249.2687011,1726013214264.0469,2867.72382305021,1433.861911525105,10.220756917813553,0.29086700925925796,0.06268046100381634,z-curve
