nameseq,average,median,maximum,minimum,peak,none_levated_peak,sample_standard_deviation,population_standard_deviation,percentile15,percentile25,percentile50,percentile75,amplitude,variance,interquartile_range,semi_interquartile_range,coefficient_of_variation,skewness,kurtosis,label
8_16771604_16771945,1362816.9999999986,4786.602625936503,392490523.0,1030.8981373990255,8.365026265448708e-05,0.31646655272625057,21242200.667304363,21273324.787538417,2383.130197707116,2751.8225228665806,4786.602625936503,13594.977185025873,392489492.1018626,452554347516096.44,10843.154662159293,5421.577331079647,15.586979519116936,0.1917923314976004,0.0726960345590596,z-curve
