nameseq,average,median,maximum,minimum,peak,none_levated_peak,sample_standard_deviation,population_standard_deviation,percentile15,percentile25,percentile50,percentile75,amplitude,variance,interquartile_range,semi_interquartile_range,coefficient_of_variation,skewness,kurtosis,label
8_164677057_164677327,244063.99999999994,1801.1038847572818,43895671.999999985,420.0813468717427,0.0003701214981862682,0.5069023869937385,2742525.182622758,2747599.2391026528,776.4807002429452,916.1310133866441,1801.1038847572818,6220.2177329390015,43895251.918653116,7549301578717.476,5304.086719552357,2652.0433597761785,11.236909919622553,0.2650071156869664,0.09490619478506777,z-curve
