nameseq,average,median,maximum,minimum,peak,none_levated_peak,sample_standard_deviation,population_standard_deviation,percentile15,percentile25,percentile50,percentile75,amplitude,variance,interquartile_range,semi_interquartile_range,coefficient_of_variation,skewness,kurtosis,label
8_166048693_166059624,24499021369.99978,3870143.983910093,186842642030291.9,1594094.9274336006,1.487406351856263e-07,0.28458669875864606,1823396744714.05,1823480147652.6738,2065677.4379123002,2268087.2421304863,3870143.983910093,13295816.06122408,186842640436196.97,3.3250798488834174e+24,11027728.819093594,5513864.409546797,74.42732985844432,0.040301406641795774,0.07033759250436881,z-curve
