nameseq,average,median,maximum,minimum,peak,none_levated_peak,sample_standard_deviation,population_standard_deviation,percentile15,percentile25,percentile50,percentile75,amplitude,variance,interquartile_range,semi_interquartile_range,coefficient_of_variation,skewness,kurtosis,label
8_1689385_1689504,44340.000000000015,532.5863664824516,2998184.0,64.35744738263082,0.0009021199819576,0.35958883017808657,292537.4097649735,293763.98709328065,301.933488775082,365.20312380962395,532.5863664824516,2046.0665112249171,2998119.6425526175,86297280112.94118,1680.8633874152931,840.4316937076466,6.597596070477524,0.449249349018774,0.1233950971262472,z-curve
