nameseq,average,median,maximum,minimum,peak,none_levated_peak,sample_standard_deviation,population_standard_deviation,percentile15,percentile25,percentile50,percentile75,amplitude,variance,interquartile_range,semi_interquartile_range,coefficient_of_variation,skewness,kurtosis,label
8_171029127_171029284,216989.00000000006,2015.2842850466145,24541955.0,560.8919694947454,0.0002427158365938672,0.2477935468430025,1975520.307248194,1981801.7867157997,1062.5799314779363,1245.6533754319698,2015.2842850466145,6712.708526654051,24541394.108030505,3927538321829.9365,5467.055151222081,2733.5275756110404,9.104241723074411,0.3264563491342718,0.090067171828329,z-curve
