nameseq,average,median,maximum,minimum,peak,none_levated_peak,sample_standard_deviation,population_standard_deviation,percentile15,percentile25,percentile50,percentile75,amplitude,variance,interquartile_range,semi_interquartile_range,coefficient_of_variation,skewness,kurtosis,label
8_178013268_178013613,2789483.0,10768.94391965181,752270547.0,3915.0,4.1345773870402985e-05,0.21986281020303142,40642462.80316423,40701322.3022203,5777.902988791676,6387.098971511385,10768.94391965181,34427.48358288473,752266632.0,1656597637149215.8,28040.384611373345,14020.192305686673,14.569890837536644,0.205109178757544,0.06390890580229068,z-curve
