nameseq,average,median,maximum,minimum,peak,none_levated_peak,sample_standard_deviation,population_standard_deviation,percentile15,percentile25,percentile50,percentile75,amplitude,variance,interquartile_range,semi_interquartile_range,coefficient_of_variation,skewness,kurtosis,label
8_19178163_19178226,4239.999999999999,224.26956242639406,116984.0,24.0,0.005031446540880504,0.4358816919858969,17124.071478477308,17259.441739026704,59.66898778200908,90.79774843613416,224.26956242639406,327.3392145749977,116960.0,297888329.14285713,236.54146613886354,118.27073306943177,4.03869610341446,0.7035237693245172,0.04822972325917144,z-curve
