nameseq,average,median,maximum,minimum,peak,none_levated_peak,sample_standard_deviation,population_standard_deviation,percentile15,percentile25,percentile50,percentile75,amplitude,variance,interquartile_range,semi_interquartile_range,coefficient_of_variation,skewness,kurtosis,label
8_20530393_20531095,6028055.999999997,9119.153944468579,3225891216.0,2126.8025418783054,3.887378175208284e-05,0.3917035286979787,122943503.93336609,123031039.36911479,4244.597579686226,5261.43580376436,9119.153944468579,32775.355612780026,3225889089.1974583,1.5136636648244674e+16,27513.919809015664,13756.959904507832,20.39521595906975,0.1468707980533332,0.07446786381645717,z-curve
