nameseq,average,median,maximum,minimum,peak,none_levated_peak,sample_standard_deviation,population_standard_deviation,percentile15,percentile25,percentile50,percentile75,amplitude,variance,interquartile_range,semi_interquartile_range,coefficient_of_variation,skewness,kurtosis,label
8_2261318_2261604,653800.0000000002,4207.698359989512,112180472.0,1086.6177260796571,0.0001463240542469664,0.2991692692918505,6954255.861900969,6966403.04296948,2195.792059373474,2550.535247210997,4207.698359989512,14820.815974604984,112179385.38227393,48530771357094.43,12270.280727393987,6135.1403636969935,10.636671553840573,0.2802279558904994,0.06934845298565279,z-curve
