nameseq,average,median,maximum,minimum,peak,none_levated_peak,sample_standard_deviation,population_standard_deviation,percentile15,percentile25,percentile50,percentile75,amplitude,variance,interquartile_range,semi_interquartile_range,coefficient_of_variation,skewness,kurtosis,label
8_34244662_34255466,6215103428.999969,934403.795469576,47472762817347.0,331851.158670485,5.79502289513175e-07,0.49573638249151153,463410182351.06287,463431628086.889,504250.485854876,561371.1966565913,934403.795469576,3184455.8439159165,47472762485495.84,2.147688739112646e+23,2623084.6472593253,1311542.3236296626,74.56194215349159,0.04022895435968346,0.07037402519575585,z-curve
