nameseq,average,median,maximum,minimum,peak,none_levated_peak,sample_standard_deviation,population_standard_deviation,percentile15,percentile25,percentile50,percentile75,amplitude,variance,interquartile_range,semi_interquartile_range,coefficient_of_variation,skewness,kurtosis,label
8_40558700_40583415,127116795293.99944,6866407.521477822,2331556106995668.0,2851157.646866912,6.481178704680241e-08,0.4746169395160846,15029054803026.248,15029358847185.309,3686057.6218976364,4057457.6146624647,6866407.521477822,23493492.58279223,2331556104144510.5,2.258816273574673e+26,19436034.968129765,9718017.484064883,118.23028395474108,0.025372838921490216,0.07023083792292327,z-curve
