nameseq,average,median,maximum,minimum,peak,none_levated_peak,sample_standard_deviation,population_standard_deviation,percentile15,percentile25,percentile50,percentile75,amplitude,variance,interquartile_range,semi_interquartile_range,coefficient_of_variation,skewness,kurtosis,label
8_48357705_48358203,2983586.0000000023,10006.814441598188,1011766500.0000002,2631.0590258278353,5.5749468369047584e-05,0.3248312489054169,46312684.79939218,46359160.15960612,5297.248711900393,6151.528417724691,10006.814441598188,36436.03268769078,1011763868.9409744,2149171730704011.5,30284.504269966088,15142.252134983044,15.522490318493297,0.1926197454394242,0.07028497058281405,z-curve
