nameseq,average,median,maximum,minimum,peak,none_levated_peak,sample_standard_deviation,population_standard_deviation,percentile15,percentile25,percentile50,percentile75,amplitude,variance,interquartile_range,semi_interquartile_range,coefficient_of_variation,skewness,kurtosis,label
8_6899375_6905438,888291912.0000026,131189.25081139614,1744337212551.1597,28041.611873141377,2.2755282424921226e-06,0.7081563868689444,36919670614.48476,36922715159.133026,67379.14501668113,77604.24650208364,131189.25081139614,423567.088742919,1744337184509.5479,1.363286894722472e+21,345962.8422408353,172981.42112041765,41.5625428034795,0.07216971668220173,0.0684300716981037,z-curve
