nameseq,average,median,maximum,minimum,peak,none_levated_peak,sample_standard_deviation,population_standard_deviation,percentile15,percentile25,percentile50,percentile75,amplitude,variance,interquartile_range,semi_interquartile_range,coefficient_of_variation,skewness,kurtosis,label
8_76503089_76503634,5522295.000000008,14717.417097768055,2066245515.0,3455.1915802110307,3.295731213200304e-05,0.28432464768283466,90492045.93889806,90575028.11675596,7718.761604500513,9057.000094687945,14717.417097768055,53727.08867020464,2066242059.8084197,8203835718351133.0,44670.0885755167,22335.04428775835,16.386673645449566,0.1825876802460979,0.06615556830591075,z-curve
