nameseq,average,median,maximum,minimum,peak,none_levated_peak,sample_standard_deviation,population_standard_deviation,percentile15,percentile25,percentile50,percentile75,amplitude,variance,interquartile_range,semi_interquartile_range,coefficient_of_variation,skewness,kurtosis,label
8_8203278_8203509,187852.0,1946.9976724073435,31293336.0,69.04859486482135,0.000411671599628076,0.3914103880656832,2078858.338365556,2083353.172452874,713.3424112444617,903.5128766002654,1946.9976724073435,6074.079083038676,31293266.951405134,4340360441169.4546,5170.5662064384105,2585.2831032192053,11.066469020109214,0.26827946699882677,0.0944654450211092,z-curve
