nameseq,average,median,maximum,minimum,peak,none_levated_peak,sample_standard_deviation,population_standard_deviation,percentile15,percentile25,percentile50,percentile75,amplitude,variance,interquartile_range,semi_interquartile_range,coefficient_of_variation,skewness,kurtosis,label
8_96458535_96458675,61440.999999999985,641.9530131191589,5918459.0,86.8619678756408,0.0007649615077879593,0.35865820594069703,504711.6713352287,506511.0056388706,314.7637943857145,382.8974160355102,641.9530131191589,2568.398303870421,5918372.138032124,256553398833.3,2185.500887834911,1092.7504439174554,8.214574491548458,0.36138879150170194,0.05804230481104999,z-curve
