nameseq,average,median,maximum,minimum,peak,none_levated_peak,sample_standard_deviation,population_standard_deviation,percentile15,percentile25,percentile50,percentile75,amplitude,variance,interquartile_range,semi_interquartile_range,coefficient_of_variation,skewness,kurtosis,label
9_108411841_108412425,2396095.0,6952.939952929481,995482259.0,1468.13948278643,8.13824159726555e-05,0.4066831729243009,41639239.751882836,41674874.53782436,3379.6146682627423,4059.788993026239,6952.939952929481,23386.13803899631,995480790.8605173,1736795167743401.2,19326.34904597007,9663.174522985035,17.377958616783907,0.17213153320881935,0.05442161006279547,z-curve
