nameseq,average,median,maximum,minimum,peak,none_levated_peak,sample_standard_deviation,population_standard_deviation,percentile15,percentile25,percentile50,percentile75,amplitude,variance,interquartile_range,semi_interquartile_range,coefficient_of_variation,skewness,kurtosis,label
9_104452378_104452516,190606.0000000002,2732.450262985163,17174604.0,934.3594576547732,0.00024308433802363663,0.18334648427174055,1490695.115515577,1496086.4355204368,1446.521070028637,1624.8539227063234,2732.450262985163,9254.363299919953,17173669.640542347,2238274622548.2466,7629.50937721363,3814.754688606815,7.8208194679893355,0.37809250419131435,0.06155477704868145,z-curve
