nameseq,average,median,maximum,minimum,peak,none_levated_peak,sample_standard_deviation,population_standard_deviation,percentile15,percentile25,percentile50,percentile75,amplitude,variance,interquartile_range,semi_interquartile_range,coefficient_of_variation,skewness,kurtosis,label
9_137578824_137578988,82045.00000000007,533.0594863904204,11089811.0,85.60823805604342,0.0006703638247303304,0.4915723586441347,864885.3573890588,867518.1956174626,212.593405586396,267.1169926105212,533.0594863904204,1528.8565212224214,11089725.391761944,752587819727.378,1261.7395286119001,630.8697643059501,10.541597384228874,0.28273784433007493,0.059400032825037447,z-curve
