nameseq,average,median,maximum,minimum,peak,none_levated_peak,sample_standard_deviation,population_standard_deviation,percentile15,percentile25,percentile50,percentile75,amplitude,variance,interquartile_range,semi_interquartile_range,coefficient_of_variation,skewness,kurtosis,label
9_142515078_142515423,1816379.000000002,4298.938067404739,503562259.0,724.1303244070281,6.349629308273945e-05,0.2954389821461134,27192768.14854619,27232149.440937918,2054.413948979131,2529.04152229174,4298.938067404739,15448.251499897897,503561534.8696756,741589963173575.2,12919.209977606157,6459.604988803078,14.97086684472027,0.19991492429535646,0.06865902771324657,z-curve
