nameseq,average,median,maximum,minimum,peak,none_levated_peak,sample_standard_deviation,population_standard_deviation,percentile15,percentile25,percentile50,percentile75,amplitude,variance,interquartile_range,semi_interquartile_range,coefficient_of_variation,skewness,kurtosis,label
9_148991279_148991675,361488.99999999953,2136.1393845837056,88154027.0,158.20670571137737,0.0003660784514420453,0.6203863286773612,4569232.832347899,4574998.428120771,804.6048834716917,1104.1878203051028,2136.1393845837056,6050.225714070829,88153868.7932943,20930610617307.53,4946.037893765726,2473.018946882863,12.640032842902286,0.2359386403367603,0.06441178007967227,z-curve
