nameseq,average,median,maximum,minimum,peak,none_levated_peak,sample_standard_deviation,population_standard_deviation,percentile15,percentile25,percentile50,percentile75,amplitude,variance,interquartile_range,semi_interquartile_range,coefficient_of_variation,skewness,kurtosis,label
9_14705326_14706003,1842385.000000004,4058.3962584567366,956666499.0,566.9833768526598,0.0001226670864124488,0.6539883108518302,36929437.0474452,36956701.308853656,1803.6401886407293,2359.0286235298145,4058.3962584567366,14027.493030005535,956665932.0166231,1365797771631825.5,11668.46440647572,5834.23220323786,20.044364802929422,0.14933831252665064,0.08841102620938379,z-curve
