nameseq,average,median,maximum,minimum,peak,none_levated_peak,sample_standard_deviation,population_standard_deviation,percentile15,percentile25,percentile50,percentile75,amplitude,variance,interquartile_range,semi_interquartile_range,coefficient_of_variation,skewness,kurtosis,label
9_146610279_146610374,76831.99999999999,1209.0228021908651,5311376.0,336.0,0.0004164931278633903,0.22502843876470713,546828.472119,549698.9825093271,609.9154952191957,768.9420201081041,1209.0228021908651,4490.257798372423,5311040.0,302168971371.7895,3721.3157782643193,1860.6578891321597,7.117196898675033,0.41488134426192874,0.09465279715665417,z-curve
