nameseq,average,median,maximum,minimum,peak,none_levated_peak,sample_standard_deviation,population_standard_deviation,percentile15,percentile25,percentile50,percentile75,amplitude,variance,interquartile_range,semi_interquartile_range,coefficient_of_variation,skewness,kurtosis,label
9_157969504_157969647,231856.00000000015,2666.1490174934956,25432984.0,831.6182030408679,0.00020702505003105363,0.23559060744973026,2127840.42143766,2135267.461196837,1323.290173004384,1715.3334565864975,2666.1490174934956,8866.21914670537,25432152.38179696,4559367130845.986,7150.885690118874,3575.442845059437,9.177422285546456,0.3231302244380565,0.07625089599231737,z-curve
