nameseq,average,median,maximum,minimum,peak,none_levated_peak,sample_standard_deviation,population_standard_deviation,percentile15,percentile25,percentile50,percentile75,amplitude,variance,interquartile_range,semi_interquartile_range,coefficient_of_variation,skewness,kurtosis,label
9_158548217_158548277,11273.000000000004,283.7802297274994,547371.0,52.63464139693727,0.0018037198024778963,0.31201008695106924,69610.98848601419,70188.68294319249,100.83085986871222,112.94568995679647,283.7802297274994,533.6099122235388,547318.3653586031,4926451213.3,420.66422226674234,210.33211113337117,6.175018937817278,0.47359849397112314,0.026524575148204083,z-curve
