nameseq,average,median,maximum,minimum,peak,none_levated_peak,sample_standard_deviation,population_standard_deviation,percentile15,percentile25,percentile50,percentile75,amplitude,variance,interquartile_range,semi_interquartile_range,coefficient_of_variation,skewness,kurtosis,label
9_152946992_152947067,9045.999999999996,128.47776398371758,421772.0,12.0,0.0028005011423096774,0.46748653186319084,49794.012370966855,50124.873235816434,41.958252937627876,53.028351742063016,128.47776398371758,630.0116278344353,421760.0,2512502916.9066668,576.9832760923723,288.49163804618615,5.504533757568746,0.5372647319268314,0.052386571185689394,z-curve
