nameseq,average,median,maximum,minimum,peak,none_levated_peak,sample_standard_deviation,population_standard_deviation,percentile15,percentile25,percentile50,percentile75,amplitude,variance,interquartile_range,semi_interquartile_range,coefficient_of_variation,skewness,kurtosis,label
9_2016696_2021201,2510811979.000019,854437.9397177028,8407780218114.997,345308.97509451886,5.982128540736855e-07,0.30431776372248687,126732581617.89777,126746646606.74504,455184.2462507488,512064.3195154132,854437.9397177028,2908531.9064578777,8407779872806.022,1.6064712426055113e+22,2396467.5869424646,1198233.7934712323,50.474739915958004,0.05941544413482934,0.0707593030828546,z-curve
