nameseq,average,median,maximum,minimum,peak,none_levated_peak,sample_standard_deviation,population_standard_deviation,percentile15,percentile25,percentile50,percentile75,amplitude,variance,interquartile_range,semi_interquartile_range,coefficient_of_variation,skewness,kurtosis,label
9_20103662_20104075,421300.9999999996,2658.9476208726055,99152299.0,248.58151585600626,0.0003275567824429568,0.5979236882875333,5219619.0889586955,5225934.4198698485,1080.4358808221764,1416.526188451328,2658.9476208726055,8896.34589049923,99152050.41848415,27310390560780.41,7479.819702047902,3739.909851023951,12.389287205486578,0.24061643881142597,0.0925736363093438,z-curve
