nameseq,average,median,maximum,minimum,peak,none_levated_peak,sample_standard_deviation,population_standard_deviation,percentile15,percentile25,percentile50,percentile75,amplitude,variance,interquartile_range,semi_interquartile_range,coefficient_of_variation,skewness,kurtosis,label
9_22514589_22514789,65215.0,519.4912369462735,10118475.0,72.51137189283145,0.0010273710036034654,0.6090904214900282,714348.5597241729,716132.2043477028,253.28440964166884,280.2131061502364,519.4912369462735,2577.7256432184013,10118402.488628108,512845334103.9,2297.512537068165,1148.7562685340824,10.953746219798711,0.27169723190049216,0.1313275406601091,z-curve
