nameseq,average,median,maximum,minimum,peak,none_levated_peak,sample_standard_deviation,population_standard_deviation,percentile15,percentile25,percentile50,percentile75,amplitude,variance,interquartile_range,semi_interquartile_range,coefficient_of_variation,skewness,kurtosis,label
9_23977716_23982665,358121817.00000197,91648.11338025029,948871216659.0,19122.121296572503,4.607370793050542e-06,0.7131213606551399,14896255803.066208,14897760703.388584,45766.41409837513,52589.86926041187,91648.11338025029,302632.10430464504,948871197536.8787,2.2194327397542914e+20,250042.23504423315,125021.11752211658,41.59549934112539,0.07210473026643226,0.0777685379012316,z-curve
