nameseq,average,median,maximum,minimum,peak,none_levated_peak,sample_standard_deviation,population_standard_deviation,percentile15,percentile25,percentile50,percentile75,amplitude,variance,interquartile_range,semi_interquartile_range,coefficient_of_variation,skewness,kurtosis,label
9_24498928_24499583,4978056.0,13658.261267090002,2080485720.0,3595.541398801268,4.3926116272429774e-05,0.3172180562241492,84064326.40054734,84128473.1679132,6609.490973498257,7907.014131560076,13658.261267090002,42606.09596492007,2080482124.4586012,7077599997564291.0,34699.08183335999,17349.540916679995,16.886978852899073,0.17716424854504942,0.06577840816070363,z-curve
