nameseq,average,median,maximum,minimum,peak,none_levated_peak,sample_standard_deviation,population_standard_deviation,percentile15,percentile25,percentile50,percentile75,amplitude,variance,interquartile_range,semi_interquartile_range,coefficient_of_variation,skewness,kurtosis,label
9_39915913_39923308,1745620417.9999952,449506.97689020773,6306724360836.0,153937.94780905813,1.4122963434157886e-06,0.4740731650696454,83489408963.30229,83495053762.94116,238504.89323721782,267638.1453748052,449506.97689020773,1540967.1342280116,6306724206898.052,6.971424002876435e+21,1273328.9888532064,636664.4944266032,47.82792874235418,0.06270870518882916,0.07213626537496154,z-curve
