nameseq,average,median,maximum,minimum,peak,none_levated_peak,sample_standard_deviation,population_standard_deviation,percentile15,percentile25,percentile50,percentile75,amplitude,variance,interquartile_range,semi_interquartile_range,coefficient_of_variation,skewness,kurtosis,label
9_4155416_4156460,13145788.999999996,21147.32676945011,9960174667.0,5430.714770531731,2.649771218245884e-05,0.3842777746426831,312052545.7701424,312201960.4522833,10372.86301760798,11992.638133880886,21147.32676945011,67730.07293334835,9960169236.285229,9.747006411024909e+16,55737.43479946746,27868.71739973373,23.737833139581234,0.12617722737213122,0.07145290216176055,z-curve
