nameseq,average,median,maximum,minimum,peak,none_levated_peak,sample_standard_deviation,population_standard_deviation,percentile15,percentile25,percentile50,percentile75,amplitude,variance,interquartile_range,semi_interquartile_range,coefficient_of_variation,skewness,kurtosis,label
9_4965921_4966087,51604.0,585.0146454082129,5763848.0,153.71657006065072,0.0010787277472030592,0.48560705765504697,452799.1925213648,454160.9976789585,244.79686353262065,355.2795755768201,585.0146454082129,1900.6172746689729,5763694.283429939,206262211812.74698,1545.337699092153,772.6688495460764,8.774497955998852,0.33802391566003853,0.06405269762890332,z-curve
