nameseq,average,median,maximum,minimum,peak,none_levated_peak,sample_standard_deviation,population_standard_deviation,percentile15,percentile25,percentile50,percentile75,amplitude,variance,interquartile_range,semi_interquartile_range,coefficient_of_variation,skewness,kurtosis,label
9_49098912_49099083,48909.99999999998,468.88707086491604,5970676.0,52.0,0.0011722210863490772,0.5620363783770287,459157.0241780039,460497.6314810669,193.94709420633575,246.16355059568696,468.88707086491604,1197.786341687952,5970624.0,212058068599.67252,951.6227910922651,475.81139554613253,9.387794401513068,0.31650030628969944,0.05842557940006216,z-curve
