nameseq,average,median,maximum,minimum,peak,none_levated_peak,sample_standard_deviation,population_standard_deviation,percentile15,percentile25,percentile50,percentile75,amplitude,variance,interquartile_range,semi_interquartile_range,coefficient_of_variation,skewness,kurtosis,label
9_49571979_49572486,3712606.0,7529.238040391559,1451777508.0,2365.1244287751083,4.5610370002454706e-05,0.3316061398257246,65030486.204239845,65094587.24119664,3885.746446456531,4447.572464990864,7529.238040391559,24174.42308733235,1451775142.8755713,4237305288101760.5,19726.850622341488,9863.425311170744,17.516129156780938,0.1709233766293775,0.06721408800894604,z-curve
