nameseq,average,median,maximum,minimum,peak,none_levated_peak,sample_standard_deviation,population_standard_deviation,percentile15,percentile25,percentile50,percentile75,amplitude,variance,interquartile_range,semi_interquartile_range,coefficient_of_variation,skewness,kurtosis,label
9_50191206_50208350,9767242695.000032,536832.3552097033,133466405932643.0,121112.51248974625,5.851190738738966e-07,0.8542275134593293,1023748425356.5192,1023778282259.725,284950.38727597776,324526.7742963827,536832.3552097033,1845802.6410910934,133466405811530.48,1.0481219712266732e+24,1521275.8667947107,760637.9333973554,104.81447603227758,0.028620427501737784,0.06976226842207767,z-curve
