nameseq,average,median,maximum,minimum,peak,none_levated_peak,sample_standard_deviation,population_standard_deviation,percentile15,percentile25,percentile50,percentile75,amplitude,variance,interquartile_range,semi_interquartile_range,coefficient_of_variation,skewness,kurtosis,label
9_52187520_52200680,2941305223.000037,233254.3936426924,25990059475723.0,30837.89761796354,1.4915147077206085e-06,1.105582756981615,231611522656.58078,231620322319.30527,117651.06473145956,140084.99895323004,233254.3936426924,775589.2551646894,25990059444885.1,5.364797371129886e+22,635504.2562114594,317752.1281057297,78.74447059946552,0.038094891845695006,0.06841724657876594,z-curve
