nameseq,average,median,maximum,minimum,peak,none_levated_peak,sample_standard_deviation,population_standard_deviation,percentile15,percentile25,percentile50,percentile75,amplitude,variance,interquartile_range,semi_interquartile_range,coefficient_of_variation,skewness,kurtosis,label
9_58622565_58622641,11793.000000000004,310.1977509819312,624251.0,39.817225683451866,0.0021764323468724377,0.35128925764841906,71393.27216201818,71861.42978256651,137.8782368234328,151.40353057228506,310.1977509819312,1170.5732458316534,624211.1827743165,5164065090.394737,1019.1697152593683,509.58485762968417,6.053868579837036,0.48251614898498874,0.15356911519789926,z-curve
