nameseq,average,median,maximum,minimum,peak,none_levated_peak,sample_standard_deviation,population_standard_deviation,percentile15,percentile25,percentile50,percentile75,amplitude,variance,interquartile_range,semi_interquartile_range,coefficient_of_variation,skewness,kurtosis,label
9_64035561_64035687,20895.999999999996,517.8002910043784,934777.0702686554,69.70941497593932,0.0020259060745278206,0.4584326600157022,119619.02383818383,120092.76440041393,195.6952717091014,265.18106497248954,517.8002910043784,1326.7960329488387,934707.3608536795,14422272061.333328,1061.6149679763491,530.8074839881746,5.724493866681846,0.5110775624593582,0.09999321622107067,z-curve
