nameseq,average,median,maximum,minimum,peak,none_levated_peak,sample_standard_deviation,population_standard_deviation,percentile15,percentile25,percentile50,percentile75,amplitude,variance,interquartile_range,semi_interquartile_range,coefficient_of_variation,skewness,kurtosis,label
9_7154122_7154449,2150852.000000001,9080.17976754552,588879840.0,2355.2386482079196,5.083256929502043e-05,0.2355287346763435,32544336.203932256,32594060.199627552,5075.967174882142,5728.864007560125,9080.17976754552,31000.44200737406,588877484.7613518,1062372760296944.8,25271.577999813933,12635.788999906967,15.130904499208798,0.1974326783141151,0.07564288970003069,z-curve
