nameseq,average,median,maximum,minimum,peak,none_levated_peak,sample_standard_deviation,population_standard_deviation,percentile15,percentile25,percentile50,percentile75,amplitude,variance,interquartile_range,semi_interquartile_range,coefficient_of_variation,skewness,kurtosis,label
9_71478941_71501610,39467497197.00042,1667240.8704335953,701456527352699.0,527320.8255994577,1.91465565423312e-07,0.766796568980646,4689468735279.091,4689572167654.133,882672.5051982403,987378.9358174892,1667240.8704335953,5668594.713925436,701456526825378.1,2.1992087115636283e+25,4681215.778107947,2340607.8890539734,118.81849796230546,0.025247527289750365,0.07041373833872282,z-curve
