nameseq,average,median,maximum,minimum,peak,none_levated_peak,sample_standard_deviation,population_standard_deviation,percentile15,percentile25,percentile50,percentile75,amplitude,variance,interquartile_range,semi_interquartile_range,coefficient_of_variation,skewness,kurtosis,label
9_74556764_74557840,11482541.0,13402.036214585616,10094242499.0,3246.464889568941,3.1264856794328015e-05,0.5732903007637961,309130976.2077981,309274591.07092655,6302.148837737868,7845.013973146886,13402.036214585616,44290.26707038576,10094239252.53511,9.565077268208883e+16,36445.25309723887,18222.626548619435,26.921826467486433,0.1113036852969,0.06671371431769027,z-curve
