nameseq,average,median,maximum,minimum,peak,none_levated_peak,sample_standard_deviation,population_standard_deviation,percentile15,percentile25,percentile50,percentile75,amplitude,variance,interquartile_range,semi_interquartile_range,coefficient_of_variation,skewness,kurtosis,label
9_76871315_76880805,11654204729.999886,1694290.7852187413,78708964874291.97,692845.5301272001,2.7146139440324533e-07,0.35484958132192795,822274892132.3512,822318214220.4261,905085.1693868134,997747.1110680072,1694290.7852187413,5857549.250073428,78708964181446.44,6.762072454386707e+23,4859802.139005421,2429901.0695027104,70.55607063566312,0.04251319315732837,0.07239199222183666,z-curve
