nameseq,average,median,maximum,minimum,peak,none_levated_peak,sample_standard_deviation,population_standard_deviation,percentile15,percentile25,percentile50,percentile75,amplitude,variance,interquartile_range,semi_interquartile_range,coefficient_of_variation,skewness,kurtosis,label
9_7654274_7696223,48896559309.00003,1054605.6547011286,1306081580889114.8,240639.56817341223,2.8597785878892144e-07,1.2941871907542808,6641952509850.531,6642031676373.294,545056.5476989332,624380.7162575392,1054605.6547011286,3547530.263176982,1306081580648475.2,4.411658478994623e+25,2923149.5469194427,1461574.7734597214,135.836807409637,0.022084848377414396,0.07112557781228807,z-curve
