nameseq,average,median,maximum,minimum,peak,none_levated_peak,sample_standard_deviation,population_standard_deviation,percentile15,percentile25,percentile50,percentile75,amplitude,variance,interquartile_range,semi_interquartile_range,coefficient_of_variation,skewness,kurtosis,label
9_77032724_77032828,41663.00000000001,604.3555442607599,3097619.0,126.43766238245013,0.0008400739265055323,0.3292078870663733,305582.0474242556,307047.677163248,249.72637229097683,342.5667766541345,604.3555442607599,2297.940648177238,3097492.5623376174,94278276051.34616,1955.3738715231034,977.6869357615517,7.334614584265548,0.4030862886267862,0.09077069274841042,z-curve
