nameseq,average,median,maximum,minimum,peak,none_levated_peak,sample_standard_deviation,population_standard_deviation,percentile15,percentile25,percentile50,percentile75,amplitude,variance,interquartile_range,semi_interquartile_range,coefficient_of_variation,skewness,kurtosis,label
9_77322752_77338110,23766761439.99992,1132548.5230661128,304816573460920.0,396941.8466463808,2.1541288574766307e-07,0.5307056775150804,2472493300756.329,2472573794735.181,601590.2630208752,666636.5457928218,1132548.5230661128,3868141.644541998,304816573063978.1,6.113621170411134e+24,3201505.098749176,1600752.549374588,104.03156134664081,0.02883602825238031,0.07150430258624597,z-curve
