nameseq,average,median,maximum,minimum,peak,none_levated_peak,sample_standard_deviation,population_standard_deviation,percentile15,percentile25,percentile50,percentile75,amplitude,variance,interquartile_range,semi_interquartile_range,coefficient_of_variation,skewness,kurtosis,label
9_78802861_78814826,5192798676.999982,414377.6646756185,40726562502331.0,116534.90203306275,7.681150213531916e-07,0.7422399778046185,389811255585.9728,389827544892.74677,217429.54070733464,245541.77093466633,414377.6646756185,1407326.9660247243,40726562385796.1,1.519655147571065e+23,1161785.195090058,580892.597545029,75.06766193585173,0.03996075709663643,0.07149022544148852,z-curve
