nameseq,average,median,maximum,minimum,peak,none_levated_peak,sample_standard_deviation,population_standard_deviation,percentile15,percentile25,percentile50,percentile75,amplitude,variance,interquartile_range,semi_interquartile_range,coefficient_of_variation,skewness,kurtosis,label
9_78941620_78946957,1336419659.0000014,335121.6338286039,5315655605219.0,123262.79635198011,1.3314181075911062e-06,0.4970071415582957,73556296026.75122,73563186869.05653,182119.44287014578,206876.09056667789,335121.6338286039,1146207.2209003384,5315655481956.204,5.411542462331732e+21,939331.1303336605,469665.56516683026,55.03981891570718,0.05449232531557573,0.07035235624288137,z-curve
