nameseq,average,median,maximum,minimum,peak,none_levated_peak,sample_standard_deviation,population_standard_deviation,percentile15,percentile25,percentile50,percentile75,amplitude,variance,interquartile_range,semi_interquartile_range,coefficient_of_variation,skewness,kurtosis,label
9_78294660_78295477,11740279.000000015,25607.66566192414,5979426514.999998,8229.826117978428,2.3224888153566568e-05,0.32558286378042545,218366343.66078827,218499941.9257553,13742.813189060787,15602.764557344974,25607.66566192414,84259.4062888327,5979418285.173881,4.774222462155843e+16,68656.64173148773,34328.320865743866,18.599757608893963,0.1609406166437774,0.07348348391571168,z-curve
