nameseq,average,median,maximum,minimum,peak,none_levated_peak,sample_standard_deviation,population_standard_deviation,percentile15,percentile25,percentile50,percentile75,amplitude,variance,interquartile_range,semi_interquartile_range,coefficient_of_variation,skewness,kurtosis,label
9_78138215_78140246,74538312.00000016,58975.88101574949,92140753512.0,17743.335147074715,9.087049534115179e-06,0.3859863949496664,2148156890.2395372,2148685667.328221,30569.296374668644,35605.572516508575,58975.88101574949,200534.3990108872,92140735768.66486,4.616850096981721e+18,164928.82649437862,82464.41324718931,28.819500101364415,0.10401382197556254,0.07350396262406671,z-curve
