nameseq,average,median,maximum,minimum,peak,none_levated_peak,sample_standard_deviation,population_standard_deviation,percentile15,percentile25,percentile50,percentile75,amplitude,variance,interquartile_range,semi_interquartile_range,coefficient_of_variation,skewness,kurtosis,label
1_106014715_106014914,622.9999999999999,218.76319781994593,65025.0,4.463904886149393,0.10700909577314074,3.9581078853831007,4572.697453363824,4584.172245441852,68.48059072663243,103.30661692288649,218.76319781994593,415.56603377352775,65020.53609511385,21014635.175879396,312.2594168506413,156.12970842532064,7.339803295929093,0.2652067885331125,0.23922609316856291,integer
