nameseq,average,median,maximum,minimum,peak,none_levated_peak,sample_standard_deviation,population_standard_deviation,percentile15,percentile25,percentile50,percentile75,amplitude,variance,interquartile_range,semi_interquartile_range,coefficient_of_variation,skewness,kurtosis,label
1_10690482_10708484,56587.00000000063,14840.039848231896,621654489.0,3.3307269132816657,0.10604909254775713,45.5202034808752,4632926.684916781,4633055.36124018,3357.545998390522,5865.27430647767,14840.039848231896,30289.78682737291,621654485.6692731,21465201980316.38,24424.51252089524,12212.25626044762,81.8726330237816,0.027032778408311,0.25107222931286377,integer
