nameseq,average,median,maximum,minimum,peak,none_levated_peak,sample_standard_deviation,population_standard_deviation,percentile15,percentile25,percentile50,percentile75,amplitude,variance,interquartile_range,semi_interquartile_range,coefficient_of_variation,skewness,kurtosis,label
1_100348261_100348393,474.0000000000002,162.16967587345292,38416.0,3.9156037788871654,0.09353023909985932,3.2200189671309443,3306.76065054609,3319.2626257631196,40.209018074293006,73.180696401553,162.16967587345292,259.7489747403305,38412.084396221115,11017504.378787879,186.56827833877747,93.28413916938874,6.976288292291326,0.2829025355146741,0.32636637416743747,integer
