nameseq,average,median,maximum,minimum,peak,none_levated_peak,sample_standard_deviation,population_standard_deviation,percentile15,percentile25,percentile50,percentile75,amplitude,variance,interquartile_range,semi_interquartile_range,coefficient_of_variation,skewness,kurtosis,label
1_105970587_105971661,3829.000000000006,872.7548590952746,2712609.0,3.2017840473843795,0.0935840515365194,10.693936786355334,82666.430744287,82704.90709300489,223.46558290398957,367.8417606494331,872.7548590952746,1859.2289554165804,2712605.7982159527,6840101657.262569,1491.3871947671473,745.6935973835737,21.589561437525955,0.10728339596695485,0.25197033471246966,integer
