nameseq,average,median,maximum,minimum,peak,none_levated_peak,sample_standard_deviation,population_standard_deviation,percentile15,percentile25,percentile50,percentile75,amplitude,variance,interquartile_range,semi_interquartile_range,coefficient_of_variation,skewness,kurtosis,label
1_103902283_103902579,1044.9999999999998,238.07367606394595,201601.0,1.1192177250520863,0.09473684210526317,5.470299200632195,11665.894736367203,11685.584024193506,49.26217628499797,109.62026180256571,238.07367606394595,492.72648410490496,201599.88078227494,136552873.9864865,383.10622230233923,191.55311115116962,11.163535632887278,0.2075090703725996,0.263325596345375,integer
