nameseq,average,median,maximum,minimum,peak,none_levated_peak,sample_standard_deviation,population_standard_deviation,percentile15,percentile25,percentile50,percentile75,amplitude,variance,interquartile_range,semi_interquartile_range,coefficient_of_variation,skewness,kurtosis,label
1_107219827_107219879,151.99999999999997,54.60267529468126,5184.0,1.6926263814809106,0.11622807017543862,2.2451645361070867,699.7027940490161,706.3986671300257,10.461729575059485,22.133617704100285,54.60267529468126,76.79283708657297,5182.307373618519,498999.07692307694,54.659219382472685,27.329609691236342,4.6033078555856335,0.41759440808448056,0.25914964904056714,integer
