nameseq,average,median,maximum,minimum,peak,none_levated_peak,sample_standard_deviation,population_standard_deviation,percentile15,percentile25,percentile50,percentile75,amplitude,variance,interquartile_range,semi_interquartile_range,coefficient_of_variation,skewness,kurtosis,label
1_101852323_101880076,93608.00000000006,22849.736897787538,1647710464.0,1.9947165649402403,0.09883058428054577,56.450993964801654,9890192.95818752,9890371.138994435,5244.579331928816,9212.465793047897,22849.736897787538,46229.084938205706,1647710462.0052834,97819441267054.06,37016.619145157805,18508.309572578903,105.65542430334496,0.021463159536327093,0.24363934691751923,integer
