nameseq,average,median,maximum,minimum,peak,none_levated_peak,sample_standard_deviation,population_standard_deviation,percentile15,percentile25,percentile50,percentile75,amplitude,variance,interquartile_range,semi_interquartile_range,coefficient_of_variation,skewness,kurtosis,label
1_10320211_10320257,143.99999999999991,41.22007060222535,4096.0,3.402698171172792,0.10879629629629636,1.9757483504406252,586.9207782997634,593.2660522022579,9.851862902145598,18.705621342809458,41.22007060222535,69.06707543012776,4092.5973018288273,351964.60869565216,50.3614540873183,25.18072704365915,4.075838738192804,0.5253516310779553,0.23527916621654713,integer
