nameseq,average,median,maximum,minimum,peak,none_levated_peak,sample_standard_deviation,population_standard_deviation,percentile15,percentile25,percentile50,percentile75,amplitude,variance,interquartile_range,semi_interquartile_range,coefficient_of_variation,skewness,kurtosis,label
1_107011615_107026864,55119.00000000015,13100.009184516703,542936601.0,0.12155657036285414,0.09222470170600554,40.85573956185271,4396331.144189665,4396475.29328373,3115.6449794172145,5592.461846445828,13100.009184516703,26345.415085572487,542936600.8784435,19328995004454.26,20752.95323912666,10376.47661956333,79.76072033581256,0.02867322053595789,0.2491007388792642,integer
