nameseq,average,median,maximum,minimum,peak,none_levated_peak,sample_standard_deviation,population_standard_deviation,percentile15,percentile25,percentile50,percentile75,amplitude,variance,interquartile_range,semi_interquartile_range,coefficient_of_variation,skewness,kurtosis,label
1_102563549_102563957,1225.9999999999993,324.1834920770074,293764.0,2.6701857976427674,0.1112017400761284,6.4288107781396295,14492.217842690608,14509.967044495757,77.59842051892397,158.2011558146309,324.1834920770074,697.8773098741608,293761.3298142024,210539143.63235295,539.6761540595298,269.8380770297649,11.82073233498419,0.18668291859368608,0.2190911231629371,integer
