nameseq,average,median,maximum,minimum,peak,none_levated_peak,sample_standard_deviation,population_standard_deviation,percentile15,percentile25,percentile50,percentile75,amplitude,variance,interquartile_range,semi_interquartile_range,coefficient_of_variation,skewness,kurtosis,label
1_110119348_110119479,452.99999999999966,99.17560523292688,42849.0,0.7477892679337088,0.09713024282560714,3.782991509734386,3706.0051268178245,3720.123292711829,19.21288025389434,39.491285088313276,99.17560523292688,209.20994115666633,42848.25221073207,13839317.3129771,169.71865606835306,84.85932803417653,8.18102677001728,0.28641978302190213,0.31552556805984483,integer
