nameseq,average,median,maximum,minimum,peak,none_levated_peak,sample_standard_deviation,population_standard_deviation,percentile15,percentile25,percentile50,percentile75,amplitude,variance,interquartile_range,semi_interquartile_range,coefficient_of_variation,skewness,kurtosis,label
1_129037190_129037361,593.0000000000001,141.58782522221068,65025.0,1.0,0.09668353007307474,4.014707261450455,4932.887187033573,4947.289808010487,37.945453533987056,67.38072506524493,141.58782522221068,277.3754781197654,65024.0,24475676.444444444,209.99475305452046,104.99737652726023,8.318528140022888,0.2745322309200726,0.2127686570396447,integer
