nameseq,average,median,maximum,minimum,peak,none_levated_peak,sample_standard_deviation,population_standard_deviation,percentile15,percentile25,percentile50,percentile75,amplitude,variance,interquartile_range,semi_interquartile_range,coefficient_of_variation,skewness,kurtosis,label
1_128358082_128372866,54936.000000000226,11686.088916641043,556205056.0,3.4365445972589583,0.08971045094898268,42.00838225493206,4574042.075680108,4574196.768751349,2696.6363422796285,4817.642306082258,11686.088916641043,23425.14417214982,556205052.5634553,20923276079255.29,18607.501866067563,9303.750933033782,83.26128723751437,0.02836653688429074,0.2491360553082554,integer
