nameseq,average,median,maximum,minimum,peak,none_levated_peak,sample_standard_deviation,population_standard_deviation,percentile15,percentile25,percentile50,percentile75,amplitude,variance,interquartile_range,semi_interquartile_range,coefficient_of_variation,skewness,kurtosis,label
1_129625026_129636570,40585.00000000003,10155.211326452967,296769528.9999999,2.5997418777704495,0.09482156790275546,35.26966323183012,2761779.52548642,2761899.142591333,2387.503935949426,4250.9900859307945,10155.211326452967,20063.521391182818,296769526.400258,7628086873846.739,15812.531305252023,7906.265652626012,68.04926759853191,0.03305454515040001,0.24542381106726285,integer
