nameseq,average,median,maximum,minimum,peak,none_levated_peak,sample_standard_deviation,population_standard_deviation,percentile15,percentile25,percentile50,percentile75,amplitude,variance,interquartile_range,semi_interquartile_range,coefficient_of_variation,skewness,kurtosis,label
1_128407351_128430825,78737.9999999997,18194.144154719615,1178411584.0,4.485871650337364,0.09938022301811109,52.644465710754304,7690927.434910954,7691091.251165697,4235.0774187124825,7372.121809430923,18194.144154719615,37906.33099942276,1178411579.5141284,59152884633757.53,30534.209189991838,15267.104594995919,97.67745478563062,0.023616341341535903,0.24291854569787857,integer
