nameseq,average,median,maximum,minimum,peak,none_levated_peak,sample_standard_deviation,population_standard_deviation,percentile15,percentile25,percentile50,percentile75,amplitude,variance,interquartile_range,semi_interquartile_range,coefficient_of_variation,skewness,kurtosis,label
1_128844906_128845104,707.0000000000001,166.0262019246321,95481.0,1.0591383454391932,0.0938236680810938,4.440546999172718,6738.737122042972,6755.732702937214,34.96478687246746,72.96396321478358,166.0262019246321,343.10208376361487,95479.94086165456,45639924.353535354,270.1381205488313,135.06906027441565,9.531452789311134,0.24083464970274512,0.2752195893384909,integer
