nameseq,average,median,maximum,minimum,peak,none_levated_peak,sample_standard_deviation,population_standard_deviation,percentile15,percentile25,percentile50,percentile75,amplitude,variance,interquartile_range,semi_interquartile_range,coefficient_of_variation,skewness,kurtosis,label
1_126729262_126735199,20180.999999999905,5165.20488652834,75811848.99999997,2.925033334684488,0.09807905125282902,25.421206413892605,983674.973094263,983757.8123695874,1211.8832249817067,2190.8372406010553,5165.20488652834,10167.067122089544,75811846.07496664,967779433398.1962,7976.229881488489,3988.1149407442444,48.74262787246755,0.04579498978073311,0.25102291049343417,integer
