nameseq,average,median,maximum,minimum,peak,none_levated_peak,sample_standard_deviation,population_standard_deviation,percentile15,percentile25,percentile50,percentile75,amplitude,variance,interquartile_range,semi_interquartile_range,coefficient_of_variation,skewness,kurtosis,label
1_123180249_123180532,960.0000000000006,227.074184654435,156816.0,0.005547206701008044,0.09861111111111105,4.96720346080462,9275.178057590054,9291.550847133987,74.53903878709372,103.07117670315787,227.074184654435,622.1673083426259,156815.9944527933,86332917.14487633,519.096131639468,259.548065819734,9.661643809989634,0.2370604027636316,0.27922630745464416,integer
