nameseq,average,median,maximum,minimum,peak,none_levated_peak,sample_standard_deviation,population_standard_deviation,percentile15,percentile25,percentile50,percentile75,amplitude,variance,interquartile_range,semi_interquartile_range,coefficient_of_variation,skewness,kurtosis,label
1_172796444_172796621,629.0,118.86170851488039,80089.0,0.29282603211793246,0.09432962374138845,4.495120221761988,5976.036981143942,5992.8946647907,22.780568314347427,51.13068681946149,118.86170851488039,275.20953434412144,80088.70717396788,35914786.46327683,224.07884752465995,112.03942376232997,9.500853706111196,0.2560919350539903,0.30507764942056714,integer
