nameseq,average,median,maximum,minimum,peak,none_levated_peak,sample_standard_deviation,population_standard_deviation,percentile15,percentile25,percentile50,percentile75,amplitude,variance,interquartile_range,semi_interquartile_range,coefficient_of_variation,skewness,kurtosis,label
1_172852334_172852473,530.0000000000001,118.13090175575361,49284.0,4.983573549983204,0.08805031446540879,3.4948858500110793,4138.585990407834,4153.446311076237,24.95153657874362,45.27199454667822,118.13090175575361,271.57698425649164,49279.01642645002,17251116.258992806,226.3049897098134,113.1524948549067,7.808652812090251,0.29855784018902976,0.27153710810357706,integer
