nameseq,average,median,maximum,minimum,peak,none_levated_peak,sample_standard_deviation,population_standard_deviation,percentile15,percentile25,percentile50,percentile75,amplitude,variance,interquartile_range,semi_interquartile_range,coefficient_of_variation,skewness,kurtosis,label
1_180591492_180591622,387.0,107.98878288821746,27889.0,1.3770099908767373,0.11283376399655469,3.4893722780145526,2421.0059892532277,2430.2997124444737,24.576213578750167,35.660585588645716,107.98878288821746,238.0059322082086,27887.622990009124,5906356.692307692,202.3453466195629,101.17267330978144,6.255829429594903,0.34573795151722664,0.26107027145099776,integer
