nameseq,average,median,maximum,minimum,peak,none_levated_peak,sample_standard_deviation,population_standard_deviation,percentile15,percentile25,percentile50,percentile75,amplitude,variance,interquartile_range,semi_interquartile_range,coefficient_of_variation,skewness,kurtosis,label
1_183403726_183411287,26945.000000000084,6401.395266808494,131721529.0,0.6867464280172837,0.09354858662707956,28.892020392383625,1514571.6330421618,1514671.786564046,1453.9330566333535,2550.0931785730786,6401.395266808494,12819.059081708398,131721528.31325357,2294230621013.119,10268.965903135319,5134.482951567659,56.209747004719134,0.040691911069127444,0.24688910806887612,integer
