nameseq,average,median,maximum,minimum,peak,none_levated_peak,sample_standard_deviation,population_standard_deviation,percentile15,percentile25,percentile50,percentile75,amplitude,variance,interquartile_range,semi_interquartile_range,coefficient_of_variation,skewness,kurtosis,label
1_180460387_180462905,8550.999999999996,2280.205438885956,13271449.0,7.4137081594642344,0.09819514286828054,16.07948665182835,264329.4430176101,264381.92578255053,522.4789766536749,968.7755316713744,2280.205438885956,4410.168868827021,13271441.58629184,69897802680.49007,3441.393337155646,1720.696668577823,30.91210887821427,0.07117021648658643,0.24066784848395598,integer
