nameseq,average,median,maximum,minimum,peak,none_levated_peak,sample_standard_deviation,population_standard_deviation,percentile15,percentile25,percentile50,percentile75,amplitude,variance,interquartile_range,semi_interquartile_range,coefficient_of_variation,skewness,kurtosis,label
1_23606818_23606964,529.0000000000003,153.1402724513753,46225.0,2.81378212536042,0.09262759924385627,3.3927875986529825,3786.817661308767,3799.7640842413375,38.730488246446775,54.03527193651801,153.1402724513753,319.45399604196473,46222.18621787464,14438207.09589041,265.4187241054467,132.70936205272335,7.158445484515624,0.2977643191450024,0.27603139923066916,integer
