nameseq,average,median,maximum,minimum,peak,none_levated_peak,sample_standard_deviation,population_standard_deviation,percentile15,percentile25,percentile50,percentile75,amplitude,variance,interquartile_range,semi_interquartile_range,coefficient_of_variation,skewness,kurtosis,label
1_24416164_24416476,856.0000000000003,243.71923024862764,156816.0000000001,1.9334612195473,0.12188473520249216,5.745854681921082,8836.223627772222,8850.372914061238,83.30629127238325,121.483726486904,243.71923024862764,482.8724463099569,156814.06653878055,78329100.71794881,361.3887198230529,180.69435991152645,10.322691153939507,0.20787639455852255,0.25564622214241484,integer
