nameseq,average,median,maximum,minimum,peak,none_levated_peak,sample_standard_deviation,population_standard_deviation,percentile15,percentile25,percentile50,percentile75,amplitude,variance,interquartile_range,semi_interquartile_range,coefficient_of_variation,skewness,kurtosis,label
1_27346533_27346697,717.0,137.99566501022537,83521.0,0.026592373138063834,0.07670850767085077,3.7282115733152295,6468.483902739498,6488.174919072991,40.51025120473004,70.38831533821663,137.99566501022537,349.96755247607433,83520.97340762687,42096413.780487806,279.5792371378577,139.78961856892886,9.021595401310318,0.26853479595638685,0.29689965313391925,integer
