nameseq,average,median,maximum,minimum,peak,none_levated_peak,sample_standard_deviation,population_standard_deviation,percentile15,percentile25,percentile50,percentile75,amplitude,variance,interquartile_range,semi_interquartile_range,coefficient_of_variation,skewness,kurtosis,label
1_35902315_35902410,368.99999999999994,87.71681055575228,24025.0,0.05930225314857564,0.0867208672086721,2.969921522415637,2431.0763048493563,2443.837947939567,12.818671970287316,26.174307172351977,87.71681055575228,156.8141403201378,24024.94069774685,5972343.915789474,130.63983314778582,65.31991657389291,6.588282668968446,0.3471094538042618,0.17259841134566087,integer
