nameseq,average,median,maximum,minimum,peak,none_levated_peak,sample_standard_deviation,population_standard_deviation,percentile15,percentile25,percentile50,percentile75,amplitude,variance,interquartile_range,semi_interquartile_range,coefficient_of_variation,skewness,kurtosis,label
1_37918002_37918572,1764.9999999999984,418.67405905616135,635208.9999999998,1.4053380787954521,0.10783758262511814,8.04729330123394,26542.12109082467,26565.393450482657,91.87907171560501,156.8534950455548,418.67405905616135,875.1045114594202,635207.594661921,705720129.1789469,718.2510164138654,359.1255082069327,15.038028946642886,0.15217238324738647,0.23828872375300017,integer
