nameseq,average,median,maximum,minimum,peak,none_levated_peak,sample_standard_deviation,population_standard_deviation,percentile15,percentile25,percentile50,percentile75,amplitude,variance,interquartile_range,semi_interquartile_range,coefficient_of_variation,skewness,kurtosis,label
1_39306265_39307220,3476.9999999999955,863.5904471764923,2140368.9999999995,3.9779240881996976,0.09164988975170178,9.73182190507896,69159.44265246791,69195.64231087574,222.49951583272812,338.608723166136,863.5904471764923,1656.746671661428,2140365.0220759115,4788036914.814657,1318.1379484952922,659.0689742476461,19.890550086991087,0.11336454369460906,0.2392307731144362,integer
