nameseq,average,median,maximum,minimum,peak,none_levated_peak,sample_standard_deviation,population_standard_deviation,percentile15,percentile25,percentile50,percentile75,amplitude,variance,interquartile_range,semi_interquartile_range,coefficient_of_variation,skewness,kurtosis,label
1_39326825_39327135,927.9999999999998,281.0424950950382,161604.0,0.26753819865080847,0.11170977011494256,5.363873243380955,9133.293819865865,9148.013078118076,81.20733282211827,126.54589996019726,281.0424950950382,599.4601735501315,161603.73246180135,83686143.27741936,472.91427358993417,236.45713679496708,9.841911443820978,0.212505209291886,0.247549787211167,integer
