nameseq,average,median,maximum,minimum,peak,none_levated_peak,sample_standard_deviation,population_standard_deviation,percentile15,percentile25,percentile50,percentile75,amplitude,variance,interquartile_range,semi_interquartile_range,coefficient_of_variation,skewness,kurtosis,label
1_40805062_40806769,5533.000000000018,1392.4046679072067,5987809.0,2.6550225860419117,0.1028977649255976,13.864424896068863,144808.34243233368,144850.75225676972,305.80693011919743,497.0866008578396,1392.4046679072067,2795.061125023611,5987806.344977414,20981740429.35208,2297.9745241657715,1148.9872620828858,26.171758979275836,0.08578087275657416,0.2532396918416395,integer
