nameseq,average,median,maximum,minimum,peak,none_levated_peak,sample_standard_deviation,population_standard_deviation,percentile15,percentile25,percentile50,percentile75,amplitude,variance,interquartile_range,semi_interquartile_range,coefficient_of_variation,skewness,kurtosis,label
1_40568412_40569347,3112.000000000001,841.4349075712975,1747684.0,2.8187147993535504,0.10025706940874034,9.601795546102968,57067.96265857052,57098.47213022794,190.60871104648274,343.50329563575787,841.4349075712975,1705.630598562252,1747681.1812852006,3260235519.606417,1362.1273029264942,681.0636514632471,18.338034273319572,0.1193611084040184,0.23033310501265364,integer
