nameseq,average,median,maximum,minimum,peak,none_levated_peak,sample_standard_deviation,population_standard_deviation,percentile15,percentile25,percentile50,percentile75,amplitude,variance,interquartile_range,semi_interquartile_range,coefficient_of_variation,skewness,kurtosis,label
1_41728398_41786887,201468.99999999983,47864.72010686349,7588674768.999997,1.0748939989019604,0.09677253903412776,82.34864609901113,31377570.09586878,31377838.329519387,11348.787657394605,20051.576265752534,47864.72010686349,97314.8694814411,7588674767.925103,984568738233456.0,77263.29321568857,38631.64660784428,155.74391144974567,0.0146860588079789,0.2486636608425432,integer
