nameseq,average,median,maximum,minimum,peak,none_levated_peak,sample_standard_deviation,population_standard_deviation,percentile15,percentile25,percentile50,percentile75,amplitude,variance,interquartile_range,semi_interquartile_range,coefficient_of_variation,skewness,kurtosis,label
1_41843178_41843269,278.00000000000006,104.02570835835988,12544.0,0.14136128389819108,0.11031175059952036,2.6081874797363893,1292.390034006762,1299.4716762448643,25.105869969495295,51.06283020856841,104.02570835835988,197.87806462653023,12543.858638716101,1688626.6373626373,146.81523441796182,73.40761720898091,4.648885014412812,0.4038431597207671,0.22227592506627653,integer
