nameseq,average,median,maximum,minimum,peak,none_levated_peak,sample_standard_deviation,population_standard_deviation,percentile15,percentile25,percentile50,percentile75,amplitude,variance,interquartile_range,semi_interquartile_range,coefficient_of_variation,skewness,kurtosis,label
1_42904901_42904984,323.0000000000001,88.50271492177257,18225.0,3.900037009627569,0.08668730650154796,2.5790410579732956,1967.1359891985096,1978.950725991836,22.70155815225843,34.47578975526148,88.50271492177257,136.3342291451761,18221.09996299037,3916245.9759036144,101.85843938991462,50.92921969495731,6.090204300924176,0.3576223805052306,0.19481391939751333,integer
