nameseq,average,median,maximum,minimum,peak,none_levated_peak,sample_standard_deviation,population_standard_deviation,percentile15,percentile25,percentile50,percentile75,amplitude,variance,interquartile_range,semi_interquartile_range,coefficient_of_variation,skewness,kurtosis,label
1_4204828_4212063,22679.000000000036,6090.287075130378,97792321.0,2.1213937431779986,0.10635389567441228,28.32885705059774,1149491.0530917586,1149570.489949812,1331.1567487176658,2402.1940859624838,6090.287075130378,12367.696394430408,97792318.87860626,1321512311363.451,9965.502308467923,4982.751154233962,50.68526183216883,0.04329406361254764,0.25155623030148866,integer
