nameseq,average,median,maximum,minimum,peak,none_levated_peak,sample_standard_deviation,population_standard_deviation,percentile15,percentile25,percentile50,percentile75,amplitude,variance,interquartile_range,semi_interquartile_range,coefficient_of_variation,skewness,kurtosis,label
1_43003028_43004257,3550.9999999999964,956.7149996723001,2569609.0,1.2533641314637383,0.11546043368065345,11.743652926806098,73215.43930073765,73245.21983452998,266.02194680142225,427.9923056401498,956.7149996723001,1910.4817438427042,2569607.7466358687,5364862228.608624,1482.4894382025543,741.2447191012772,20.618259448250555,0.1063007348629632,0.24001559727194144,integer
