nameseq,average,median,maximum,minimum,peak,none_levated_peak,sample_standard_deviation,population_standard_deviation,percentile15,percentile25,percentile50,percentile75,amplitude,variance,interquartile_range,semi_interquartile_range,coefficient_of_variation,skewness,kurtosis,label
1_43669565_43672689,9365.000000000015,2637.30929127637,17214201.0,3.4804296521465306,0.11122975618437428,18.554022107297033,307843.17700413626,307892.4437367882,570.8407109054158,1064.5776419874164,2637.30929127637,5527.192425976899,17214197.519570347,94797756910.21127,4462.614783989483,2231.3073919947415,32.87166866034552,0.065562837294587,0.26787780479697076,integer
