nameseq,average,median,maximum,minimum,peak,none_levated_peak,sample_standard_deviation,population_standard_deviation,percentile15,percentile25,percentile50,percentile75,amplitude,variance,interquartile_range,semi_interquartile_range,coefficient_of_variation,skewness,kurtosis,label
1_44553579_44553696,396.99999999999983,110.7791150298504,27889.0,0.7105834687130758,0.09907640638119232,3.143181179014173,2546.9259902871145,2557.78713120287,25.79320113443917,48.16258673262264,110.7791150298504,190.24272086218016,27888.289416531286,6542275.008547009,142.0801341295575,71.04006706477875,6.415430706012885,0.3371368693809793,0.15930149111202418,integer
