nameseq,average,median,maximum,minimum,peak,none_levated_peak,sample_standard_deviation,population_standard_deviation,percentile15,percentile25,percentile50,percentile75,amplitude,variance,interquartile_range,semi_interquartile_range,coefficient_of_variation,skewness,kurtosis,label
1_4416216_4431446,50930.000000000386,12275.161990570905,495685695.9999998,0.8874207315356891,0.09968584331435228,42.060935379091845,4016226.405532186,4016358.2558434624,2782.597313405512,5064.888210228488,12275.161990570905,25171.21793055277,495685695.1125791,16131133639281.94,20106.329720324284,10053.164860162142,78.85777352311321,0.028873998206015508,0.2496897961375613,integer
