nameseq,average,median,maximum,minimum,peak,none_levated_peak,sample_standard_deviation,population_standard_deviation,percentile15,percentile25,percentile50,percentile75,amplitude,variance,interquartile_range,semi_interquartile_range,coefficient_of_variation,skewness,kurtosis,label
1_55247593_55247748,524.0000000000002,126.93534327688099,53824.0,0.5776478247875828,0.099236641221374,3.92689478754195,4284.880861821014,4298.6808359114375,27.72866045313035,48.591961139149284,126.93534327688099,253.82683038820534,53823.422352175214,18478656.92903226,205.23486924905606,102.61743462452803,8.177253553093536,0.27799932100401903,0.2403470140604858,integer
