nameseq,average,median,maximum,minimum,peak,none_levated_peak,sample_standard_deviation,population_standard_deviation,percentile15,percentile25,percentile50,percentile75,amplitude,variance,interquartile_range,semi_interquartile_range,coefficient_of_variation,skewness,kurtosis,label
1_58457257_58457648,1391.0000000000018,297.4103670685909,363609.0,2.1007213519054972,0.09393721543254241,6.49705065820239,18325.796353774098,18349.215911385963,64.4988775558669,104.86309883591741,297.4103670685909,607.0459006437424,363606.8992786481,336693724.56265986,502.18280180782494,251.09140090391247,13.174548061663604,0.1790246292963185,0.25405562755062067,integer
