nameseq,average,median,maximum,minimum,peak,none_levated_peak,sample_standard_deviation,population_standard_deviation,percentile15,percentile25,percentile50,percentile75,amplitude,variance,interquartile_range,semi_interquartile_range,coefficient_of_variation,skewness,kurtosis,label
1_82138959_82139178,893.000000000001,158.99132754289238,146689.0,0.41569253781770504,0.08212019410227687,4.9020983462692715,9854.825518496,9877.299494133184,36.61609873157041,54.25233835883575,158.99132754289238,316.22414691323934,146688.58430746218,97561045.29680365,261.9718085544036,130.9859042772018,11.035638878494948,0.2234464743427938,0.2577783289956516,integer
