nameseq,average,median,maximum,minimum,peak,none_levated_peak,sample_standard_deviation,population_standard_deviation,percentile15,percentile25,percentile50,percentile75,amplitude,variance,interquartile_range,semi_interquartile_range,coefficient_of_variation,skewness,kurtosis,label
1_8303496_8303847,1271.000000000002,357.8502623899901,292681.0,0.3455210438478492,0.09231576186729594,5.845881738245183,15559.902313318036,15582.051651666852,62.86537125722058,112.93638932936999,357.8502623899901,578.5092476129475,292680.65447895613,242800333.67521366,465.57285828357755,232.78642914178877,12.242252016772628,0.1760582526591626,0.2201158851124398,integer
