nameseq,average,median,maximum,minimum,peak,none_levated_peak,sample_standard_deviation,population_standard_deviation,percentile15,percentile25,percentile50,percentile75,amplitude,variance,interquartile_range,semi_interquartile_range,coefficient_of_variation,skewness,kurtosis,label
1_88699962_88700019,188.99999999999994,31.13209483062043,7921.0,0.2716824330261483,0.10229276895943565,2.522905202419178,1025.789452080689,1034.748482024802,8.594420522405372,12.189882307932713,31.13209483062043,77.07909027993458,7920.728317566974,1070704.4210526317,64.88920797200186,32.44460398600093,5.4274574184163455,0.461696807807383,0.25940032321944506,integer
