nameseq,average,median,maximum,minimum,peak,none_levated_peak,sample_standard_deviation,population_standard_deviation,percentile15,percentile25,percentile50,percentile75,amplitude,variance,interquartile_range,semi_interquartile_range,coefficient_of_variation,skewness,kurtosis,label
2_108544695_108544796,396.99999999999983,84.00186571940986,28561.0,0.11339713515222188,0.08564231738035268,3.049268996875544,2805.015507978522,2818.8675206561056,19.90718983263304,32.039700799792904,84.00186571940986,154.02664114611707,28560.886602864848,7946014.099009901,121.98694034632416,60.99347017316208,7.065530246797287,0.3347555121071223,0.18566083619953785,integer
