nameseq,average,median,maximum,minimum,peak,none_levated_peak,sample_standard_deviation,population_standard_deviation,percentile15,percentile25,percentile50,percentile75,amplitude,variance,interquartile_range,semi_interquartile_range,coefficient_of_variation,skewness,kurtosis,label
2_108969951_108974791,18353.99999999993,3720.750888023398,61685316.0,0.20562545934201817,0.0879190730449315,23.854425057857824,886419.5157790695,886511.0833136125,898.1058712972355,1607.0418201643604,3720.750888023398,7681.633144953163,61685315.79437454,785901900837.8748,6074.591324788802,3037.295662394401,48.295712966060414,0.049524797857531756,0.24474778109264322,integer
