nameseq,average,median,maximum,minimum,peak,none_levated_peak,sample_standard_deviation,population_standard_deviation,percentile15,percentile25,percentile50,percentile75,amplitude,variance,interquartile_range,semi_interquartile_range,coefficient_of_variation,skewness,kurtosis,label
2_108674159_108690360,61601.999999999614,14271.71296640456,651066255.9999998,1.9199968594686434,0.08767031373440312,41.36190138512773,5114669.641760061,5114827.489754597,3402.875414446001,6091.622289297192,14271.71296640456,29087.873586330916,651066254.0800029,26161460249949.31,22996.251297033723,11498.125648516861,83.02765562416955,0.027761492148283357,0.24440166852021897,integer
