nameseq,average,median,maximum,minimum,peak,none_levated_peak,sample_standard_deviation,population_standard_deviation,percentile15,percentile25,percentile50,percentile75,amplitude,variance,interquartile_range,semi_interquartile_range,coefficient_of_variation,skewness,kurtosis,label
2_106686358_106687899,5335.000000000012,1352.2905732294544,5212089.0,0.4698635907047082,0.09634489222118067,12.660859657771057,132651.1214728319,132694.15509001352,300.5965898253816,574.9523443931942,1352.2905732294544,2738.1232591372536,5212088.530136409,17607738795.052563,2163.1709147440597,1081.5854573720299,24.864315177662906,0.09007182259487155,0.2529850540044774,integer
