nameseq,average,median,maximum,minimum,peak,none_levated_peak,sample_standard_deviation,population_standard_deviation,percentile15,percentile25,percentile50,percentile75,amplitude,variance,interquartile_range,semi_interquartile_range,coefficient_of_variation,skewness,kurtosis,label
2_108645594_108648887,11550.000000000025,2889.6986981639484,23794884.0,1.496158374806129,0.09506493506493485,18.4394514305086,414482.0768935612,414545.00592708157,755.2642160980473,1256.8929041902668,2889.6986981639484,5900.12111045317,23794882.503841624,171847561939.0841,4643.228206262904,2321.614103131452,35.88589410333856,0.0626828163481243,0.24241796991625397,integer
