nameseq,average,median,maximum,minimum,peak,none_levated_peak,sample_standard_deviation,population_standard_deviation,percentile15,percentile25,percentile50,percentile75,amplitude,variance,interquartile_range,semi_interquartile_range,coefficient_of_variation,skewness,kurtosis,label
2_116202460_116215882,46333.000000000015,10986.136815309988,403326889.0000001,3.065393329868507,0.0965690400650364,39.165212169215614,3480997.805570698,3481127.4782338785,2673.8419547439785,4609.448487754277,10986.136815309988,22426.20651245461,403326885.9346068,12118248519714.963,17816.75802470033,8908.379012350166,75.12998954461608,0.030462699339933962,0.24758428044249908,integer
