nameseq,average,median,maximum,minimum,peak,none_levated_peak,sample_standard_deviation,population_standard_deviation,percentile15,percentile25,percentile50,percentile75,amplitude,variance,interquartile_range,semi_interquartile_range,coefficient_of_variation,skewness,kurtosis,label
2_129754823_129755147,1537.0000000000011,257.99769456977316,380689.0,2.8566864630180824,0.0704836261114725,5.7727348587497325,21067.37154938888,21099.857877936898,69.55331724945722,109.89305142320183,257.99769456977316,472.2391807795874,380686.143313537,445204002.4691358,362.3461293563856,181.1730646781928,13.706812979433224,0.18213031024280707,0.2156456996830823,integer
