nameseq,average,median,maximum,minimum,peak,none_levated_peak,sample_standard_deviation,population_standard_deviation,percentile15,percentile25,percentile50,percentile75,amplitude,variance,interquartile_range,semi_interquartile_range,coefficient_of_variation,skewness,kurtosis,label
2_121401475_121401589,447.0000000000001,110.45918676403132,34969.0,7.26218731451148,0.08575689783743473,3.096275706339893,3235.822306616975,3249.9835222254346,33.4773331683291,46.36895119597132,110.45918676403132,203.86770443094068,34961.73781268549,10562392.894736841,157.49875323496934,78.74937661748467,7.238976077442895,0.3120141787895202,0.2190732479479309,integer
