nameseq,average,median,maximum,minimum,peak,none_levated_peak,sample_standard_deviation,population_standard_deviation,percentile15,percentile25,percentile50,percentile75,amplitude,variance,interquartile_range,semi_interquartile_range,coefficient_of_variation,skewness,kurtosis,label
2_121924608_121949904,89685.99999999916,20218.989050659333,1501407503.9999995,0.7476761736207375,0.09402062008934965,54.80417175299814,9439546.23450121,9439732.814453483,4652.47903914838,8337.12436006752,20218.989050659333,40412.242913526716,1501407503.2523234,89108555608269.88,32075.118553459193,16037.559276729597,105.2510562908514,0.02207744182515056,0.2454954372653769,integer
