nameseq,average,median,maximum,minimum,peak,none_levated_peak,sample_standard_deviation,population_standard_deviation,percentile15,percentile25,percentile50,percentile75,amplitude,variance,interquartile_range,semi_interquartile_range,coefficient_of_variation,skewness,kurtosis,label
2_138436100_138440379,15093.000000000024,3428.6610843337053,42549529.0,0.07025026573177515,0.0945250557653657,22.07703956653045,650263.5735807443,650339.5522657708,839.3297757999043,1478.4987343659532,3428.6610843337053,6898.481922901689,42549528.929749735,422941533241.2433,5419.983188535736,2709.991594267868,43.08378543568166,0.053813589087123935,0.24590742922943015,integer
