nameseq,average,median,maximum,minimum,peak,none_levated_peak,sample_standard_deviation,population_standard_deviation,percentile15,percentile25,percentile50,percentile75,amplitude,variance,interquartile_range,semi_interquartile_range,coefficient_of_variation,skewness,kurtosis,label
2_134276888_134277525,1779.0000000000011,572.0015867009122,594441.0,2.6347089917795774,0.11954281431515824,7.937834874973293,23499.03844841316,23517.476300169677,128.64516103083957,236.41593844922645,572.0015867009122,1122.0060391560442,594438.3652910083,553071691.5290424,885.5901007068177,442.79505035340884,13.209127851834259,0.1540912087890892,0.23185296194950522,integer
