nameseq,average,median,maximum,minimum,peak,none_levated_peak,sample_standard_deviation,population_standard_deviation,percentile15,percentile25,percentile50,percentile75,amplitude,variance,interquartile_range,semi_interquartile_range,coefficient_of_variation,skewness,kurtosis,label
2_138897627_138897694,330.00000000000034,60.39732532638946,15376.0,0.04626910394376555,0.06868686868686862,2.1652957680940803,1841.4803827355856,1855.1718752091851,10.64665574497448,20.702282046419892,60.39732532638946,179.36171098325076,15375.953730896057,3441662.686567164,158.65942893683086,79.32971446841543,5.580243584047223,0.43921620431237995,0.2927731309266642,integer
