nameseq,average,median,maximum,minimum,peak,none_levated_peak,sample_standard_deviation,population_standard_deviation,percentile15,percentile25,percentile50,percentile75,amplitude,variance,interquartile_range,semi_interquartile_range,coefficient_of_variation,skewness,kurtosis,label
2_137164959_137165059,343.0000000000002,94.32532716073005,22801.0,1.1294909943456173,0.0981535471331389,3.0120964357021442,2248.043149052082,2259.255403888635,20.19594924310702,35.322520853689106,94.32532716073005,170.40557467308358,22799.870509005654,5104234.98,135.08305381939448,67.54152690969724,6.554061659043966,0.331854848441135,0.2583299074054775,integer
