nameseq,average,median,maximum,minimum,peak,none_levated_peak,sample_standard_deviation,population_standard_deviation,percentile15,percentile25,percentile50,percentile75,amplitude,variance,interquartile_range,semi_interquartile_range,coefficient_of_variation,skewness,kurtosis,label
2_137253285_137254795,5133.99999999999,1223.888058318071,5053503.999999998,1.9884671149149038,0.09810414231917952,12.966834521202978,129929.10689295139,129972.12265539226,263.49291854100284,522.4358417577757,1223.888058318071,2473.5933560826497,5053502.011532883,16892752667.548332,1951.157514324874,975.578757162437,25.307578280668416,0.09028258644701054,0.24243713425353525,integer
