nameseq,average,median,maximum,minimum,peak,none_levated_peak,sample_standard_deviation,population_standard_deviation,percentile15,percentile25,percentile50,percentile75,amplitude,variance,interquartile_range,semi_interquartile_range,coefficient_of_variation,skewness,kurtosis,label
2_137330954_137332140,3502.999999999986,921.2713366848394,2550408.999999999,1.9548993362942533,0.11295080407270006,11.626013448523175,73966.94576633537,73998.12256256334,211.00799804076806,384.98521868593457,921.2713366848394,1941.1309860580666,2550407.045100663,5475722142.784144,1556.145767372132,778.072883686066,21.11531423532277,0.10471144792719712,0.25640556828739586,integer
