nameseq,average,median,maximum,minimum,peak,none_levated_peak,sample_standard_deviation,population_standard_deviation,percentile15,percentile25,percentile50,percentile75,amplitude,variance,interquartile_range,semi_interquartile_range,coefficient_of_variation,skewness,kurtosis,label
2_134048041_134061192,48535.00000000008,11137.184359339308,410022001.0,3.2331618568745264,0.09032656845575343,37.81191167798488,3575087.408538147,3575223.3305003108,2594.5418248147153,4544.7235407008575,11137.184359339308,22676.232168709645,410021997.76683813,12782221862953.736,18131.508628008785,9065.754314004393,73.65998575333555,0.03138201506739054,0.24584133494258548,integer
