nameseq,average,median,maximum,minimum,peak,none_levated_peak,sample_standard_deviation,population_standard_deviation,percentile15,percentile25,percentile50,percentile75,amplitude,variance,interquartile_range,semi_interquartile_range,coefficient_of_variation,skewness,kurtosis,label
2_137776645_137800698,80443.99999999945,20706.50245571615,1204506436.0,2.924389289852755,0.09967182139127909,51.6285320133159,7766032.5355858505,7766193.969748312,4863.840033977488,8484.612632780128,20706.50245571615,41372.57155356805,1204506433.0756106,60313768775755.04,32887.95892078792,16443.97946039396,96.5396118490615,0.02307645400809933,0.24667546664916445,integer
