nameseq,average,median,maximum,minimum,peak,none_levated_peak,sample_standard_deviation,population_standard_deviation,percentile15,percentile25,percentile50,percentile75,amplitude,variance,interquartile_range,semi_interquartile_range,coefficient_of_variation,skewness,kurtosis,label
2_138001326_138028980,92248.99999999932,23981.841028690767,1586030624.9999995,1.3804333146496968,0.0999288158498564,55.307511741360386,9536970.372124052,9537142.80439708,5627.908374883174,10012.241967918464,23981.841028690767,47700.10173473252,1586030623.6195662,90957092871463.02,37687.85976681406,18843.92988340703,103.38291333373937,0.02147447972707844,0.24927190118300124,integer
