nameseq,average,median,maximum,minimum,peak,none_levated_peak,sample_standard_deviation,population_standard_deviation,percentile15,percentile25,percentile50,percentile75,amplitude,variance,interquartile_range,semi_interquartile_range,coefficient_of_variation,skewness,kurtosis,label
2_135456183_135456288,310.9999999999999,96.7454242040313,18769.0,0.636247424127617,0.1136120042872455,3.046521363773845,1806.5779806031069,1815.1603471082894,30.59095248360082,60.03610128620487,96.7454242040313,178.49464066481374,18768.36375257587,3294807.0857142857,118.45853937860888,59.22926968930444,5.808932413514815,0.3557907459789397,0.20120825371126175,integer
