nameseq,average,median,maximum,minimum,peak,none_levated_peak,sample_standard_deviation,population_standard_deviation,percentile15,percentile25,percentile50,percentile75,amplitude,variance,interquartile_range,semi_interquartile_range,coefficient_of_variation,skewness,kurtosis,label
2_136873997_136875073,3928.9999999999955,1007.0122711948034,2778889.0,0.844438068092338,0.09137185034359899,10.480330195415979,84606.46556853679,84645.77171029411,218.03121681503393,417.0317900721713,1007.0122711948034,1852.1304028828176,2778888.155561932,7164906668.431227,1435.0986128106463,717.5493064053231,21.53384208921784,0.10360866781882729,0.2616247070891102,integer
