nameseq,average,median,maximum,minimum,peak,none_levated_peak,sample_standard_deviation,population_standard_deviation,percentile15,percentile25,percentile50,percentile75,amplitude,variance,interquartile_range,semi_interquartile_range,coefficient_of_variation,skewness,kurtosis,label
2_145462753_145475273,41958.00000000006,10170.953671051115,333062500.0,6.686318659356019,0.09947248836137712,37.79949842442969,2976291.693252864,2976410.5523688737,2393.8083128629714,4143.113814791425,10170.953671051115,20956.41548784065,333062493.31368136,8859019776252.783,16813.301673049227,8406.650836524614,70.93502295754945,0.03204025304476264,0.24572322669713137,integer
