nameseq,average,median,maximum,minimum,peak,none_levated_peak,sample_standard_deviation,population_standard_deviation,percentile15,percentile25,percentile50,percentile75,amplitude,variance,interquartile_range,semi_interquartile_range,coefficient_of_variation,skewness,kurtosis,label
2_140490049_140502204,40249.00000000008,10649.198775072346,298494729.0,0.8771038616327954,0.10067330865363094,36.27794254174429,2707131.4162253,2707242.772693385,2491.8093217947176,4254.506925254853,10649.198775072346,21137.573240793066,298494728.12289613,7329163430300.566,16883.066315538214,8441.533157769107,67.25959443030374,0.03280202916731727,0.24242244362834808,integer
