nameseq,average,median,maximum,minimum,peak,none_levated_peak,sample_standard_deviation,population_standard_deviation,percentile15,percentile25,percentile50,percentile75,amplitude,variance,interquartile_range,semi_interquartile_range,coefficient_of_variation,skewness,kurtosis,label
2_145780446_145780790,1268.999999999998,274.56956578769586,294849.0,2.3175987408104457,0.09062253743104821,5.912771360135172,15834.237461905137,15857.235640273584,52.2697615582844,123.70450447027544,274.56956578769586,596.9282407686364,294846.6824012592,251451922.1511628,473.223736298361,236.6118681491805,12.477728496379166,0.18840763944675387,0.23229386901530485,integer
