nameseq,average,median,maximum,minimum,peak,none_levated_peak,sample_standard_deviation,population_standard_deviation,percentile15,percentile25,percentile50,percentile75,amplitude,variance,interquartile_range,semi_interquartile_range,coefficient_of_variation,skewness,kurtosis,label
2_141557455_141564440,24635.00000000015,5656.6669510222455,112338801.0,0.5586124082811439,0.09452675732359052,28.22394785431348,1343916.2700280107,1344012.4667476516,1408.0597549635372,2460.17856188552,5656.6669510222455,11225.49366798094,112338800.4413876,1806369510773.1074,8765.315106095419,4382.657553047709,54.55312644724995,0.04236498985591345,0.2473663628235724,integer
