nameseq,average,median,maximum,minimum,peak,none_levated_peak,sample_standard_deviation,population_standard_deviation,percentile15,percentile25,percentile50,percentile75,amplitude,variance,interquartile_range,semi_interquartile_range,coefficient_of_variation,skewness,kurtosis,label
2_143071206_143072778,5846.0,1225.7820118605707,6270016.0,0.8011634085330894,0.08969095677956439,13.319281329944424,158005.3295240385,158055.5776822571,258.6330437732182,482.4269708648734,1225.7820118605707,2531.657691476538,6270015.198836591,24981565636.47201,2049.2307206116643,1024.6153603058322,27.027938680129747,0.0877226990138302,0.24962712457753994,integer
