nameseq,average,median,maximum,minimum,peak,none_levated_peak,sample_standard_deviation,population_standard_deviation,percentile15,percentile25,percentile50,percentile75,amplitude,variance,interquartile_range,semi_interquartile_range,coefficient_of_variation,skewness,kurtosis,label
2_160159471_160165357,19602.99999999996,4966.217275376175,72641529.0,0.504546688127175,0.1001037256202284,25.675876531532584,946625.0233508515,946705.433206452,1206.0918934710608,2041.3820884897782,4966.217275376175,9779.06905087638,72641528.49545331,896251177262.6161,7737.686962386602,3868.843481193301,48.289803772425316,0.046386211108637346,0.2553612815565631,integer
