nameseq,average,median,maximum,minimum,peak,none_levated_peak,sample_standard_deviation,population_standard_deviation,percentile15,percentile25,percentile50,percentile75,amplitude,variance,interquartile_range,semi_interquartile_range,coefficient_of_variation,skewness,kurtosis,label
2_160877822_160878013,634.9999999999993,149.49528153446235,78961.0,0.593612044262767,0.10078740157480326,4.404958327863414,5672.265156002494,5687.094632697485,40.280202054276316,52.363496878418474,149.49528153446235,317.840607325254,78960.40638795574,32343045.361256544,265.4771104468355,132.73855522341776,8.932701033074803,0.2567782209291294,0.2644252337141779,integer
