nameseq,average,median,maximum,minimum,peak,none_levated_peak,sample_standard_deviation,population_standard_deviation,percentile15,percentile25,percentile50,percentile75,amplitude,variance,interquartile_range,semi_interquartile_range,coefficient_of_variation,skewness,kurtosis,label
2_162407986_162426374,60187.00000000004,15463.943044349227,681053409.0,12.804502229789977,0.10184369825156035,45.46545603502345,5022073.019144385,5022209.575723181,3489.4440747965104,6311.097643517112,15463.943044349227,31369.52247694118,681053396.1954978,25222589022485.613,25058.42483342407,12529.212416712035,83.44115870776716,0.026715894085070663,0.25178877656373194,integer
