nameseq,average,median,maximum,minimum,peak,none_levated_peak,sample_standard_deviation,population_standard_deviation,percentile15,percentile25,percentile50,percentile75,amplitude,variance,interquartile_range,semi_interquartile_range,coefficient_of_variation,skewness,kurtosis,label
2_23115721_23116144,1398.0000000000014,365.49289479506774,362404.0,0.09653983905476851,0.10109680495946581,6.5279421828652255,17562.68219834317,17583.42961514428,66.26706262623699,126.885428605778,365.49289479506774,733.9725698190274,362403.90346016095,309176997.03073287,607.0871412132494,303.5435706066247,12.562719741304115,0.17636949075506334,0.24935410364569813,integer
