nameseq,average,median,maximum,minimum,peak,none_levated_peak,sample_standard_deviation,population_standard_deviation,percentile15,percentile25,percentile50,percentile75,amplitude,variance,interquartile_range,semi_interquartile_range,coefficient_of_variation,skewness,kurtosis,label
2_25222704_25222833,420.99999999999955,100.20397598977395,34225.0,2.857475363949507,0.10292953285827407,3.4881482011945253,2980.942468414981,2992.474203809469,33.816771720775044,44.455830666868906,100.20397598977395,219.51973342624467,34222.14252463605,8954901.860465117,175.06390275937576,87.53195137968788,7.080623440415639,0.3228469124204183,0.23471299392405068,integer
