nameseq,average,median,maximum,minimum,peak,none_levated_peak,sample_standard_deviation,population_standard_deviation,percentile15,percentile25,percentile50,percentile75,amplitude,variance,interquartile_range,semi_interquartile_range,coefficient_of_variation,skewness,kurtosis,label
2_30079060_30079619,2404.9999999999964,511.37410051526217,962361.0,2.2860566584810558,0.07761607761607774,7.3954212823490995,40606.7166119104,40643.02123839486,107.78976165760864,258.910257343537,511.37410051526217,953.0585397359206,962358.7139433415,1651855175.3846154,694.1482823923836,347.0741411961918,16.88428965152202,0.13989995184166007,0.23146084751194182,integer
