nameseq,average,median,maximum,minimum,peak,none_levated_peak,sample_standard_deviation,population_standard_deviation,percentile15,percentile25,percentile50,percentile75,amplitude,variance,interquartile_range,semi_interquartile_range,coefficient_of_variation,skewness,kurtosis,label
2_34727052_34727904,2975.9999999999977,724.2669752732274,1623076.0,0.11523385641927893,0.09554211469534057,9.313923698068724,55513.87876918708,55546.447782707,185.281559177102,316.82954762727354,724.2669752732274,1458.1253841217513,1623075.8847661435,3085407861.276995,1141.2958364944777,570.6479182472389,18.653857113302124,0.12168486915257264,0.2303665527157902,integer
