nameseq,average,median,maximum,minimum,peak,none_levated_peak,sample_standard_deviation,population_standard_deviation,percentile15,percentile25,percentile50,percentile75,amplitude,variance,interquartile_range,semi_interquartile_range,coefficient_of_variation,skewness,kurtosis,label
2_35376155_35376664,1537.9999999999964,415.82793648775896,481636.0,1.5175913463518833,0.11053315994798465,7.459879978239282,21288.532405969185,21309.43425921808,97.64302073994072,153.2461600590654,415.82793648775896,823.0,481634.48240865365,454091988.44793713,669.7538399409345,334.87691997046727,13.841698573452039,0.15813754214418088,0.24318368703689602,integer
