nameseq,average,median,maximum,minimum,peak,none_levated_peak,sample_standard_deviation,population_standard_deviation,percentile15,percentile25,percentile50,percentile75,amplitude,variance,interquartile_range,semi_interquartile_range,coefficient_of_variation,skewness,kurtosis,label
2_39490720_39490982,1013.0000000000005,235.46488373581002,173889.0,1.4511625652069617,0.08654162553471534,4.783369000131473,10685.87628601417,10706.249757868654,72.05122519874658,105.0769962869085,235.46488373581002,496.3245394419834,173887.5488374348,114623783.8778626,391.24754315507494,195.62377157753747,10.548742631800756,0.21828863505050297,0.269784759376486,integer
