nameseq,average,median,maximum,minimum,peak,none_levated_peak,sample_standard_deviation,population_standard_deviation,percentile15,percentile25,percentile50,percentile75,amplitude,variance,interquartile_range,semi_interquartile_range,coefficient_of_variation,skewness,kurtosis,label
2_41363389_41363560,484.0,155.24646490335212,42436.0,4.041749286303798,0.1184573002754821,3.8825625725869672,3216.026741182355,3225.416620263033,42.78929584207866,54.203990118525354,155.24646490335212,352.87124199311677,42431.958250713695,10403312.374269007,298.66725187459144,149.33362593729572,6.644683349550321,0.3066705238052063,0.26829247829254615,integer
