nameseq,average,median,maximum,minimum,peak,none_levated_peak,sample_standard_deviation,population_standard_deviation,percentile15,percentile25,percentile50,percentile75,amplitude,variance,interquartile_range,semi_interquartile_range,coefficient_of_variation,skewness,kurtosis,label
2_45502524_45502760,892.0000000000002,202.41526373045875,145924.0,0.8006219611577488,0.08856502242152464,4.9330835672807725,9445.237741846415,9465.227685354073,30.707732707642172,60.135775477138054,202.41526373045875,381.0297763890006,145923.19937803884,89590535.13559322,320.8940009118625,160.44700045593126,10.58883154915517,0.2190261659209662,0.2596926492285419,integer
