nameseq,average,median,maximum,minimum,peak,none_levated_peak,sample_standard_deviation,population_standard_deviation,percentile15,percentile25,percentile50,percentile75,amplitude,variance,interquartile_range,semi_interquartile_range,coefficient_of_variation,skewness,kurtosis,label
2_49250697_49250783,377.00000000000017,82.1142534485769,22801.0,0.20017994521219296,0.07692307692307689,2.5305679068873843,2420.1223109586836,2434.152123048092,30.630826459069525,49.651731635920015,82.1142534485769,141.41879428005154,22800.799820054788,5925096.558139535,91.76706264413153,45.883531322065764,6.419422575487221,0.3655423676929082,0.17303707560071327,integer
