nameseq,average,median,maximum,minimum,peak,none_levated_peak,sample_standard_deviation,population_standard_deviation,percentile15,percentile25,percentile50,percentile75,amplitude,variance,interquartile_range,semi_interquartile_range,coefficient_of_variation,skewness,kurtosis,label
2_4914436_4929097,48207.00000000033,12463.299228863123,439866729.0,0.15619019484414276,0.10138223356220673,40.4960691085985,3632433.7215676764,3632557.6002861564,2952.5548330846404,5326.875982287191,12463.299228863123,24661.180624832126,439866728.8438098,13195474719396.719,19334.304642544936,9667.152321272468,75.35075241287888,0.029520456678045898,0.24103037053898,integer
