nameseq,average,median,maximum,minimum,peak,none_levated_peak,sample_standard_deviation,population_standard_deviation,percentile15,percentile25,percentile50,percentile75,amplitude,variance,interquartile_range,semi_interquartile_range,coefficient_of_variation,skewness,kurtosis,label
2_58846808_58846917,385.0000000000003,106.96739786501877,28561.0,3.2024866366273206,0.09523809523809516,3.1760360263422456,2700.7717415583274,2713.132317539464,15.655141525434448,40.4830963474132,106.96739786501877,196.55316966228193,28557.797513363374,7361086.9724770645,156.07007331486872,78.03503665743436,7.014991536515131,0.3088368385858761,0.2975281467530965,integer
