nameseq,average,median,maximum,minimum,peak,none_levated_peak,sample_standard_deviation,population_standard_deviation,percentile15,percentile25,percentile50,percentile75,amplitude,variance,interquartile_range,semi_interquartile_range,coefficient_of_variation,skewness,kurtosis,label
2_59002283_59002485,710.0000000000001,175.2625045139597,99856.0,0.747182863557843,0.09530516431924882,4.579644618134494,6978.420881546197,6995.67287544222,33.51345147716351,69.73584625209264,175.2625045139597,319.88066537796846,99855.25281713644,48939438.98019802,250.1448191258758,125.0724095629379,9.828761804994642,0.22988187638557545,0.2797338181572623,integer
