nameseq,average,median,maximum,minimum,peak,none_levated_peak,sample_standard_deviation,population_standard_deviation,percentile15,percentile25,percentile50,percentile75,amplitude,variance,interquartile_range,semi_interquartile_range,coefficient_of_variation,skewness,kurtosis,label
2_59727042_59733291,20511.99999999999,5491.5977452953075,78641424.0,16.40727112507378,0.10156656266250656,25.99032196482819,994600.0780172903,994679.6555729657,1306.8816690944693,2262.7772276102883,5491.5977452953075,10636.522219875094,78641407.59272887,989387617210.7537,8373.744992264807,4186.872496132403,48.488693351076975,0.045305854845640474,0.24159300044903304,integer
