nameseq,average,median,maximum,minimum,peak,none_levated_peak,sample_standard_deviation,population_standard_deviation,percentile15,percentile25,percentile50,percentile75,amplitude,variance,interquartile_range,semi_interquartile_range,coefficient_of_variation,skewness,kurtosis,label
2_59097644_59098039,1300.9999999999998,397.7725138176567,294849.0,0.8438605969861507,0.10146041506533438,5.9272405657483915,14779.208774491277,14797.904808246472,77.99295349254984,170.09595242175286,397.7725138176567,769.8272498851377,294848.156139403,218977986.71392405,599.7312974633849,299.86564873169243,11.359883762099368,0.1833442168584766,0.21946851572211942,integer
