nameseq,average,median,maximum,minimum,peak,none_levated_peak,sample_standard_deviation,population_standard_deviation,percentile15,percentile25,percentile50,percentile75,amplitude,variance,interquartile_range,semi_interquartile_range,coefficient_of_variation,skewness,kurtosis,label
2_60375459_60377900,7062.000000000014,2020.5187668179856,10227204.0,2.0195352555913684,0.11526479750778794,16.737924697715403,206880.42653184955,206922.79835544428,468.9994844775904,837.5029460526075,2020.5187668179856,3828.112493692927,10227201.980464745,42817044479.24785,2990.6095476403193,1495.3047738201597,29.29487773036663,0.07310717573959398,0.2391901871401698,integer
