nameseq,average,median,maximum,minimum,peak,none_levated_peak,sample_standard_deviation,population_standard_deviation,percentile15,percentile25,percentile50,percentile75,amplitude,variance,interquartile_range,semi_interquartile_range,coefficient_of_variation,skewness,kurtosis,label
2_60671048_60691460,74168.99999999942,17958.406520271248,970509409.0,1.8248978237763103,0.09174093399308858,46.868927089267764,6792481.34869666,6792647.731171638,4242.812345427094,7470.4391136046725,17958.406520271248,36086.83579645772,970509407.1751022,46140063199791.2,28616.39668285305,14308.198341426525,91.5811369803653,0.024826241219129963,0.24308972147043972,integer
