nameseq,average,median,maximum,minimum,peak,none_levated_peak,sample_standard_deviation,population_standard_deviation,percentile15,percentile25,percentile50,percentile75,amplitude,variance,interquartile_range,semi_interquartile_range,coefficient_of_variation,skewness,kurtosis,label
2_60465285_60474827,31780.00000000008,8248.534304250048,187525636.0,1.5940421179542783,0.10009439899307715,32.32434104872399,1919457.3479408182,1919557.9247098854,1890.539449989752,3411.1774629205365,8248.534304250048,16410.85554351829,187525634.40595788,3684702626316.522,12999.678080597754,6499.839040298877,60.39828030021439,0.03677830985042899,0.24410798437337325,integer
