nameseq,average,median,maximum,minimum,peak,none_levated_peak,sample_standard_deviation,population_standard_deviation,percentile15,percentile25,percentile50,percentile75,amplitude,variance,interquartile_range,semi_interquartile_range,coefficient_of_variation,skewness,kurtosis,label
2_61531393_61531611,778.0,199.5676429672495,102400.0,0.30069818321466907,0.09383033419023136,4.30661850701554,6890.751628088187,6906.538021350999,67.5279408406097,86.52398327596791,199.5676429672495,404.9126064151467,102399.69930181679,47700267.440366976,318.3886231391788,159.1943115695894,8.857007234046513,0.2518298677353,0.22545160753465265,integer
