nameseq,average,median,maximum,minimum,peak,none_levated_peak,sample_standard_deviation,population_standard_deviation,percentile15,percentile25,percentile50,percentile75,amplitude,variance,interquartile_range,semi_interquartile_range,coefficient_of_variation,skewness,kurtosis,label
2_86701092_86701354,800.9999999999994,244.29960826837882,127449.0,2.3455054561038127,0.10944652517686233,5.11004458996035,7829.9969348653,7844.925445911414,47.67679612198819,99.21572661725395,244.29960826837882,456.5934539555502,127446.6544945439,61542855.2519084,357.37772733829627,178.68886366914813,9.77527707224133,0.21329525274247027,0.2556619489360661,integer
