nameseq,average,median,maximum,minimum,peak,none_levated_peak,sample_standard_deviation,population_standard_deviation,percentile15,percentile25,percentile50,percentile75,amplitude,variance,interquartile_range,semi_interquartile_range,coefficient_of_variation,skewness,kurtosis,label
2_89683394_89703675,71900.99999999923,16417.117425779463,960814008.9999998,0.006484469672761386,0.09402743587247381,48.636202425310024,6746317.051628241,6746483.370692714,3811.8322359173894,6710.964873636376,16417.117425779463,33396.009285687585,960814008.9935153,45515037871033.33,26685.04441205121,13342.522206025606,93.82786124849882,0.024672965478621516,0.24873890161868928,integer
