nameseq,average,median,maximum,minimum,peak,none_levated_peak,sample_standard_deviation,population_standard_deviation,percentile15,percentile25,percentile50,percentile75,amplitude,variance,interquartile_range,semi_interquartile_range,coefficient_of_variation,skewness,kurtosis,label
2_89747469_89747986,1869.000000000001,436.61093210362947,670761.0,2.9517921579529287,0.09238451935081143,7.5695541848153365,29423.5601177016,29452.002425084705,89.09197814177085,170.2621432970948,436.61093210362947,769.0120086606516,670758.048207842,867420446.8471954,598.7498653635569,299.37493268177843,15.742942813109462,0.1460451144082963,0.2471431947011722,integer
