nameseq,average,median,maximum,minimum,peak,none_levated_peak,sample_standard_deviation,population_standard_deviation,percentile15,percentile25,percentile50,percentile75,amplitude,variance,interquartile_range,semi_interquartile_range,coefficient_of_variation,skewness,kurtosis,label
2_8990248_9007336,56849.99999999961,14169.460435355903,613453824.0,0.06754172654535051,0.10019935502785175,44.105602517347286,4692483.778877238,4692621.080349884,3453.6082551068994,6160.448522568815,14169.460435355903,28835.296118168928,613453823.9324583,22020692603744.11,22674.847595600113,11337.423797800056,82.54149127312701,0.02728653411020792,0.2483270155815288,integer
