nameseq,average,median,maximum,minimum,peak,none_levated_peak,sample_standard_deviation,population_standard_deviation,percentile15,percentile25,percentile50,percentile75,amplitude,variance,interquartile_range,semi_interquartile_range,coefficient_of_variation,skewness,kurtosis,label
2_90901767_90901869,394.0,98.22209193621708,26244.0,8.045005500212953,0.08714043993231811,2.8122130612495417,2563.475375344963,2576.010782007639,37.40361063222895,49.45013998859234,98.22209193621708,184.0733802049939,26235.954994499785,6635831.549019608,134.62324021640154,67.31162010820077,6.506282678540516,0.34614482070924574,0.24392122983715103,integer
