nameseq,average,median,maximum,minimum,peak,none_levated_peak,sample_standard_deviation,population_standard_deviation,percentile15,percentile25,percentile50,percentile75,amplitude,variance,interquartile_range,semi_interquartile_range,coefficient_of_variation,skewness,kurtosis,label
2_9130641_9130798,506.00000000000017,125.17012269006548,51984.0,2.186757298056339,0.10408432147562578,4.000192740977203,4113.316666632901,4126.395607958088,30.86514030435869,60.547625828377676,125.17012269006548,224.74057901963894,51981.813242701945,17027140.713375796,164.19295319126127,82.09647659563063,8.129084321408891,0.27775387224563697,0.24078378047137783,integer
