nameseq,average,median,maximum,minimum,peak,none_levated_peak,sample_standard_deviation,population_standard_deviation,percentile15,percentile25,percentile50,percentile75,amplitude,variance,interquartile_range,semi_interquartile_range,coefficient_of_variation,skewness,kurtosis,label
2_99791396_99791688,939.9999999999989,206.0121309252349,179776.0,0.8751423827191585,0.10390070921985829,5.663476931821256,10471.389783596062,10489.30492036192,49.972955930099275,85.86201285239169,206.0121309252349,452.744597493344,179775.12485761728,110025517.71232876,366.8825846409523,183.44129232047615,11.139776365527739,0.21028379734978203,0.22494462853964478,integer
