nameseq,average,median,maximum,minimum,peak,none_levated_peak,sample_standard_deviation,population_standard_deviation,percentile15,percentile25,percentile50,percentile75,amplitude,variance,interquartile_range,semi_interquartile_range,coefficient_of_variation,skewness,kurtosis,label
3_102305946_102306523,2128.000000000002,468.372700302558,799236.0,0.4667332007890035,0.0905388471177944,7.591355486020675,33194.50252677392,33223.2548080647,118.58905891229485,191.52863564729654,468.372700302558,937.8017088209467,799235.5332667992,1103784660.0415945,746.2730731736501,373.13653658682506,15.598920360326076,0.1499911587792732,0.2075469431829977,integer
