nameseq,average,median,maximum,minimum,peak,none_levated_peak,sample_standard_deviation,population_standard_deviation,percentile15,percentile25,percentile50,percentile75,amplitude,variance,interquartile_range,semi_interquartile_range,coefficient_of_variation,skewness,kurtosis,label
3_107933676_107934807,4042.000000000002,921.319907240509,2876416.0,2.64010142217451,0.09335312551542137,10.909767644704301,85502.75234166441,85540.5436152629,260.7588097945018,462.18804351064637,921.319907240509,1767.5489729978626,2876413.359898578,7317184601.994695,1305.3609294872163,652.6804647436081,21.153575542222754,0.1094940223779963,0.23836950891842645,integer
