nameseq,average,median,maximum,minimum,peak,none_levated_peak,sample_standard_deviation,population_standard_deviation,percentile15,percentile25,percentile50,percentile75,amplitude,variance,interquartile_range,semi_interquartile_range,coefficient_of_variation,skewness,kurtosis,label
3_115570545_115570593,164.99999999999997,27.407642278562058,6241.0,0.4096517966904505,0.098989898989899,2.2834484951326854,877.5215097078817,886.6152397366816,9.286522873203413,22.60438900675611,27.407642278562058,53.87849427596254,6240.59034820331,786086.5833333334,31.274105269206427,15.637052634603213,5.318312180047768,0.4703896925577621,0.18011217353513367,integer
