nameseq,average,median,maximum,minimum,peak,none_levated_peak,sample_standard_deviation,population_standard_deviation,percentile15,percentile25,percentile50,percentile75,amplitude,variance,interquartile_range,semi_interquartile_range,coefficient_of_variation,skewness,kurtosis,label
3_115676908_115686556,34276.00000000005,7769.554193950794,222248463.99999994,0.49705036919563866,0.09383630917648876,33.85692152088666,2262347.2437209985,2262464.4850468985,1696.8384599451294,3134.9198986442034,7769.554193950794,15391.561184062504,222248463.50294957,5118745546098.528,12256.6412854183,6128.32064270915,66.00382902675327,0.035149041615449905,0.24888273572781452,integer
