nameseq,average,median,maximum,minimum,peak,none_levated_peak,sample_standard_deviation,population_standard_deviation,percentile15,percentile25,percentile50,percentile75,amplitude,variance,interquartile_range,semi_interquartile_range,coefficient_of_variation,skewness,kurtosis,label
3_115324580_115325028,1584.0000000000002,393.43268327175446,438244.0,0.5333541041058244,0.09448653198653197,6.474731297899653,20639.451543100655,20662.47380518606,84.61021440594695,169.72051027759815,393.43268327175446,908.8717443998163,438243.4666458959,426937823.75,739.1512341222182,369.5756170611091,13.029956782260513,0.1730521735389177,0.27054992618601675,integer
