nameseq,average,median,maximum,minimum,peak,none_levated_peak,sample_standard_deviation,population_standard_deviation,percentile15,percentile25,percentile50,percentile75,amplitude,variance,interquartile_range,semi_interquartile_range,coefficient_of_variation,skewness,kurtosis,label
3_116959367_116964693,17584.999999999975,4239.138140676872,59768360.99999997,3.2461507550695967,0.10097621078570766,24.94603204523594,818764.749905612,818841.611182468,884.1695672317309,1638.850225943585,4239.138140676872,8655.102864442397,59768357.753849216,670501584203.9001,7016.252638498812,3508.126319249406,46.56040659116367,0.048899986940796954,0.24814295390117455,integer
