nameseq,average,median,maximum,minimum,peak,none_levated_peak,sample_standard_deviation,population_standard_deviation,percentile15,percentile25,percentile50,percentile75,amplitude,variance,interquartile_range,semi_interquartile_range,coefficient_of_variation,skewness,kurtosis,label
3_129425599_129425730,527.0000000000006,123.13263268491268,47961.0,1.0,0.08349146110056917,3.38775685616548,4146.849165330227,4162.646743166773,25.47118842457872,42.46785126153218,123.13263268491268,256.53660680991084,47960.0,17327627.908396948,214.06875554837865,107.03437777418932,7.868783994934009,0.29217414322056245,0.2891356113625289,integer
