nameseq,average,median,maximum,minimum,peak,none_levated_peak,sample_standard_deviation,population_standard_deviation,percentile15,percentile25,percentile50,percentile75,amplitude,variance,interquartile_range,semi_interquartile_range,coefficient_of_variation,skewness,kurtosis,label
3_134796666_134797262,2087.9999999999986,458.7551883194879,857476.0,0.0027714835401629165,0.09530651340996175,8.273802770142211,35044.80965849294,35074.19734471252,116.21964449193395,168.14701742005954,458.7551883194879,862.4715337111671,857475.9972285165,1230199319.375839,694.3245162911076,347.1622581455538,16.78391267169203,0.1394709939266859,0.24636276240976124,integer
