nameseq,average,median,maximum,minimum,peak,none_levated_peak,sample_standard_deviation,population_standard_deviation,percentile15,percentile25,percentile50,percentile75,amplitude,variance,interquartile_range,semi_interquartile_range,coefficient_of_variation,skewness,kurtosis,label
3_137114940_137115054,543.9999999999999,99.0126378957809,45796.0,2.2705122376160163,0.07046568627450982,3.136685356575367,4241.815177491824,4260.379008755631,17.224884055808616,37.37885489230983,99.0126378957809,186.53927324557452,45793.729487762386,18150829.298245613,149.16041835326467,74.58020917663234,7.797454370389384,0.3147148167596536,0.20025477795757396,integer
