nameseq,average,median,maximum,minimum,peak,none_levated_peak,sample_standard_deviation,population_standard_deviation,percentile15,percentile25,percentile50,percentile75,amplitude,variance,interquartile_range,semi_interquartile_range,coefficient_of_variation,skewness,kurtosis,label
3_130621220_130621332,356.00000000000006,109.04606980111173,22500.0,3.3754050165820813,0.10580524344569286,3.0828725319377397,2100.262840693993,2109.618178046174,26.63854816909314,44.888502169718706,109.04606980111173,175.18608427328172,22496.62459498342,4450488.857142857,130.297582103563,65.1487910517815,5.899614721050541,0.3527471782302547,0.16931003853806473,integer
