nameseq,average,median,maximum,minimum,peak,none_levated_peak,sample_standard_deviation,population_standard_deviation,percentile15,percentile25,percentile50,percentile75,amplitude,variance,interquartile_range,semi_interquartile_range,coefficient_of_variation,skewness,kurtosis,label
3_141052236_141052275,106.99999999999996,56.90983005625053,1849.0,8.174655850609744,0.12461059190031158,1.5998030855927394,282.2764602300376,285.8724836759861,23.771828279784074,31.68629150101524,56.90983005625053,77.67683843783698,1840.8253441493903,81723.07692307692,45.99054693682174,22.99527346841087,2.638097759159231,0.5323522539172669,0.1735565146586746,integer
