nameseq,average,median,maximum,minimum,peak,none_levated_peak,sample_standard_deviation,population_standard_deviation,percentile15,percentile25,percentile50,percentile75,amplitude,variance,interquartile_range,semi_interquartile_range,coefficient_of_variation,skewness,kurtosis,label
3_141389996_141396652,22218.0,5633.334546613391,93818596.0,1.4705342349317538,0.09987397605545054,27.314318788949233,1149715.6235356638,1149801.9871506991,1299.7845522813327,2294.1615486561846,5633.334546613391,11391.9219624382,93818594.52946576,1322044609655.6963,9097.760413782016,4548.880206891008,51.74703499575406,0.04327504588234942,0.25888880807069853,integer
