nameseq,average,median,maximum,minimum,peak,none_levated_peak,sample_standard_deviation,population_standard_deviation,percentile15,percentile25,percentile50,percentile75,amplitude,variance,interquartile_range,semi_interquartile_range,coefficient_of_variation,skewness,kurtosis,label
3_143643485_143643548,200.0,62.12713811734097,8100.0,0.0,0.10666666666666666,2.294425955867494,996.8971862734893,1004.7779190779755,22.625487877013086,39.147066824646465,62.12713811734097,112.29744953480284,8100.0,1009578.6666666666,73.15038271015638,36.57519135507819,4.9844859313674466,0.41490596156071885,0.2759993002295156,integer
