nameseq,average,median,maximum,minimum,peak,none_levated_peak,sample_standard_deviation,population_standard_deviation,percentile15,percentile25,percentile50,percentile75,amplitude,variance,interquartile_range,semi_interquartile_range,coefficient_of_variation,skewness,kurtosis,label
3_141239852_141240051,656.0000000000005,197.35160696363016,78400.0,0.8025983779397405,0.10162601626016254,4.1395495261535,5515.92984001791,5529.7715928731395,66.09081922399072,96.53587625882882,197.35160696363016,376.410972048986,78399.19740162206,30578373.869346734,279.8750957901572,139.9375478950786,8.408429634173636,0.2494493619419647,0.24453322020915463,integer
