nameseq,average,median,maximum,minimum,peak,none_levated_peak,sample_standard_deviation,population_standard_deviation,percentile15,percentile25,percentile50,percentile75,amplitude,variance,interquartile_range,semi_interquartile_range,coefficient_of_variation,skewness,kurtosis,label
3_142237214_142237491,996.9999999999985,243.32158972486184,172225.0,0.28338729428345394,0.09294550317619539,5.070546198467237,10296.668587460705,10315.237887644684,49.692870273631115,89.35781288851942,243.32158972486184,555.8226638161902,172224.71661270573,106404132.67870036,466.4648509276708,233.2324254638354,10.327651542086981,0.21958900702882692,0.28111265851377387,integer
