nameseq,average,median,maximum,minimum,peak,none_levated_peak,sample_standard_deviation,population_standard_deviation,percentile15,percentile25,percentile50,percentile75,amplitude,variance,interquartile_range,semi_interquartile_range,coefficient_of_variation,skewness,kurtosis,label
3_143714434_143714730,965.0000000000006,206.68371003282172,187489.0,1.1083391425873004,0.10259067357512948,5.6843316823023144,10847.277446437885,10865.585100724262,46.638799191103644,96.7286098583636,206.68371003282172,469.99118946639857,187487.89166085742,118060939.58108108,373.26257960803497,186.63128980401748,11.24070201703407,0.20972533256707673,0.23920453777929207,integer
