nameseq,average,median,maximum,minimum,peak,none_levated_peak,sample_standard_deviation,population_standard_deviation,percentile15,percentile25,percentile50,percentile75,amplitude,variance,interquartile_range,semi_interquartile_range,coefficient_of_variation,skewness,kurtosis,label
3_14086223_14106398,66832.9999999999,16444.632969351438,852464809.0,0.027773024692246198,0.10062893081761021,48.24798186789806,6001227.521614223,6001376.249077886,3928.244031737739,6838.714159399655,16444.632969351438,33488.50781545535,852464808.972227,36016516882996.164,26649.793656055692,13324.896828027846,89.79437585645164,0.025189030168828636,0.24620939634725625,integer
