nameseq,average,median,maximum,minimum,peak,none_levated_peak,sample_standard_deviation,population_standard_deviation,percentile15,percentile25,percentile50,percentile75,amplitude,variance,interquartile_range,semi_interquartile_range,coefficient_of_variation,skewness,kurtosis,label
3_142056534_142058040,5074.999999999987,1439.003340880124,4618201.0,4.3264672854271495,0.0989819376026275,12.20404827903458,118888.82481545521,118928.28998660544,330.7446683467155,516.6930765890772,1439.003340880124,2810.12381952018,4618196.673532714,14143938159.138115,2293.430742931103,1146.7153714655515,23.426369421764633,0.09174949785475196,0.2491897513723491,integer
