nameseq,average,median,maximum,minimum,peak,none_levated_peak,sample_standard_deviation,population_standard_deviation,percentile15,percentile25,percentile50,percentile75,amplitude,variance,interquartile_range,semi_interquartile_range,coefficient_of_variation,skewness,kurtosis,label
3_16321550_16322409,3636.000000000001,743.1300704234238,2160900.0,0.3778796620634542,0.07884121745507883,9.14559079841976,73613.99269160721,73656.82888533513,206.27603708156352,334.1133390709543,743.1300704234238,1489.8158863429303,2160899.622120338,5425328441.443539,1155.702547271976,577.851273635988,20.245872577449724,0.1178934801850408,0.22303829879158732,integer
