nameseq,average,median,maximum,minimum,peak,none_levated_peak,sample_standard_deviation,population_standard_deviation,percentile15,percentile25,percentile50,percentile75,amplitude,variance,interquartile_range,semi_interquartile_range,coefficient_of_variation,skewness,kurtosis,label
3_18885283_18913992,97475.99999999946,25103.885660238622,1725737764.0,1.012699537449107,0.09817801304936653,55.75944634768819,10184623.1019024,10184800.477192637,5811.521417882278,10462.326564568966,25103.885660238622,50985.41243730062,1725737762.9873004,103730160760223.38,40523.08587273165,20261.542936365826,104.48339182878304,0.02131805378038261,0.24540971565508626,integer
