nameseq,average,median,maximum,minimum,peak,none_levated_peak,sample_standard_deviation,population_standard_deviation,percentile15,percentile25,percentile50,percentile75,amplitude,variance,interquartile_range,semi_interquartile_range,coefficient_of_variation,skewness,kurtosis,label
3_2184634_2185235,2003.0000000000027,509.6417420134631,714025.0,4.911648978069157,0.10018305874521537,7.607334290886075,29057.645912909054,29081.810279590627,116.29542752675388,198.36128134765855,509.6417420134631,1127.0968643722633,714020.088351022,845751689.1381031,928.7355830246048,464.3677915123024,14.507062362910142,0.1541788618178913,0.25092985389806854,integer
