nameseq,average,median,maximum,minimum,peak,none_levated_peak,sample_standard_deviation,population_standard_deviation,percentile15,percentile25,percentile50,percentile75,amplitude,variance,interquartile_range,semi_interquartile_range,coefficient_of_variation,skewness,kurtosis,label
3_44319853_44320000,398.0,96.76368744933166,35344.0,4.814036124282403,0.12395309882747069,3.967787250236707,2886.662432637387,2896.464370631915,27.710260018694303,44.481026505961964,96.76368744933166,223.80397960900294,35339.185963875716,8389505.850340135,179.32295310304096,89.66147655152048,7.252920685018561,0.3130636015608985,0.25461506614524315,integer
