nameseq,average,median,maximum,minimum,peak,none_levated_peak,sample_standard_deviation,population_standard_deviation,percentile15,percentile25,percentile50,percentile75,amplitude,variance,interquartile_range,semi_interquartile_range,coefficient_of_variation,skewness,kurtosis,label
3_5112520_5112965,1405.9999999999993,368.5123657847743,391876.0,3.9574830948550903,0.1057373162636321,6.776168209782683,18517.496699068157,18538.291199386702,118.0721873519478,183.03820500720894,368.5123657847743,646.2528058895352,391872.0425169051,343668240.59325844,463.2146008823263,231.60730044116315,13.170339046278922,0.16808227122850258,0.20984522958105947,integer
