nameseq,average,median,maximum,minimum,peak,none_levated_peak,sample_standard_deviation,population_standard_deviation,percentile15,percentile25,percentile50,percentile75,amplitude,variance,interquartile_range,semi_interquartile_range,coefficient_of_variation,skewness,kurtosis,label
3_52923314_52928049,17251.999999999927,4288.115018243581,51811204.0,1.859662449969603,0.09150629878661451,22.1868808889865,752735.1326130594,752814.6147032036,935.6054520107285,1672.5000831221212,4288.115018243581,8455.026760845503,51811202.14033755,566729844110.7328,6782.526677723382,3391.263338861691,43.63176052707295,0.051667118034280916,0.24192649581914377,integer
