nameseq,average,median,maximum,minimum,peak,none_levated_peak,sample_standard_deviation,population_standard_deviation,percentile15,percentile25,percentile50,percentile75,amplitude,variance,interquartile_range,semi_interquartile_range,coefficient_of_variation,skewness,kurtosis,label
3_52092090_52092905,2599.9999999999977,702.9173943948276,1272384.0,3.014370500538483,0.10461538461538471,9.132517206674839,44491.98844735983,44519.275778012976,170.00433929147636,285.4336112569323,702.9173943948276,1379.9825142877924,1272380.9856294994,1981965915.798773,1094.54890303086,547.27445151543,17.112303248984563,0.12791623875271485,0.22526180005890628,integer
