nameseq,average,median,maximum,minimum,peak,none_levated_peak,sample_standard_deviation,population_standard_deviation,percentile15,percentile25,percentile50,percentile75,amplitude,variance,interquartile_range,semi_interquartile_range,coefficient_of_variation,skewness,kurtosis,label
3_52510919_52516053,16103.00000000002,1404.0165519236361,50282281.0,0.6853842080784657,0.10629489329110504,31.10614108427347,702069.8861267301,702138.2573482125,235.43550187350212,460.07043362597915,1404.0165519236361,4663.752029338921,50282280.31461579,492998132431.9848,4203.681595712942,2101.840797856471,43.598701243664486,0.0628099156730805,0.18587813161817854,integer
