nameseq,average,median,maximum,minimum,peak,none_levated_peak,sample_standard_deviation,population_standard_deviation,percentile15,percentile25,percentile50,percentile75,amplitude,variance,interquartile_range,semi_interquartile_range,coefficient_of_variation,skewness,kurtosis,label
3_56509916_56510746,2951.999999999998,405.3548449331346,1726596.0,1.0256719867247566,0.09383468834688352,10.743863053323775,59849.87321623999,59885.916503587876,93.41117495860055,171.969340309053,405.3548449331346,963.2843392235752,1726594.9743280134,3586322995.474699,791.3149989145222,395.6574994572611,20.274347295474264,0.12765165663087033,0.20833498588562957,integer
