nameseq,average,median,maximum,minimum,peak,none_levated_peak,sample_standard_deviation,population_standard_deviation,percentile15,percentile25,percentile50,percentile75,amplitude,variance,interquartile_range,semi_interquartile_range,coefficient_of_variation,skewness,kurtosis,label
3_56081646_56088898,26105.00000000004,5560.331799160966,126180289.0,1.419214909951443,0.09261316478324699,29.40691813716662,1481533.0124556792,1481635.155446766,1364.2490469399943,2386.5401200690085,5560.331799160966,11141.652412757123,126180287.5807851,2195242733855.7622,8755.112292688114,4377.556146344057,56.75284475984206,0.04160150606455759,0.2370529222992439,integer
