nameseq,average,median,maximum,minimum,peak,none_levated_peak,sample_standard_deviation,population_standard_deviation,percentile15,percentile25,percentile50,percentile75,amplitude,variance,interquartile_range,semi_interquartile_range,coefficient_of_variation,skewness,kurtosis,label
3_7803185_7807134,12807.999999999995,3093.838274142684,31629376.0,8.884345432932198,0.10280033312513018,21.260156079923586,503158.0075026134,503221.7104853974,752.158451434427,1265.7394512645262,3093.838274142684,6391.839335078799,31629367.115654565,253232089903.8491,5126.099883814273,2563.0499419071366,39.284666419629424,0.05791915212125599,0.24229578949223335,integer
