nameseq,average,median,maximum,minimum,peak,none_levated_peak,sample_standard_deviation,population_standard_deviation,percentile15,percentile25,percentile50,percentile75,amplitude,variance,interquartile_range,semi_interquartile_range,coefficient_of_variation,skewness,kurtosis,label
3_7989107_7989226,343.99999999999994,135.36867042217926,19044.0,3.8517303836267094,0.11627906976744189,2.9963749651240175,1725.1840481525442,1732.4175559706425,31.09305689784572,67.77206264125604,135.36867042217926,261.60254037844385,19040.148269616373,3001270.588235294,193.8304777371878,96.9152388685939,5.015069907420187,0.36279838629606853,0.3119214755488257,integer
