nameseq,average,median,maximum,minimum,peak,none_levated_peak,sample_standard_deviation,population_standard_deviation,percentile15,percentile25,percentile50,percentile75,amplitude,variance,interquartile_range,semi_interquartile_range,coefficient_of_variation,skewness,kurtosis,label
3_8736910_8739914,9969.999999999998,2421.013370955804,18783555.999999993,0.5726499688240281,0.1004680708793046,18.174642257305738,342550.65539858467,342607.66640928126,585.7616348334727,996.9823079243802,2421.013370955804,4954.650634971815,18783555.427350022,117380013082.41336,3957.6683270474346,1978.8341635237173,34.358139959737684,0.06611273261404525,0.22996114240347915,integer
