nameseq,average,median,maximum,minimum,peak,none_levated_peak,sample_standard_deviation,population_standard_deviation,percentile15,percentile25,percentile50,percentile75,amplitude,variance,interquartile_range,semi_interquartile_range,coefficient_of_variation,skewness,kurtosis,label
4_108432986_108451606,65389.00000000036,15706.08102527125,787419720.9999996,3.1029940649910692,0.09492422272859298,45.78298362897552,5770113.874095377,5770268.815996672,3675.1110841539003,6645.649610936181,15706.08102527125,31887.182693250586,787419717.8970056,33296002208863.633,25241.533082314407,12620.766541157203,88.24288296342421,0.025831163851606793,0.24816822428771038,integer
