nameseq,average,median,maximum,minimum,peak,none_levated_peak,sample_standard_deviation,population_standard_deviation,percentile15,percentile25,percentile50,percentile75,amplitude,variance,interquartile_range,semi_interquartile_range,coefficient_of_variation,skewness,kurtosis,label
4_127323761_127324562,2685.9999999999955,706.6289075582197,1392400.0,0.8474029214290735,0.09952841896252188,9.193404901948853,49111.05175008981,49141.698275225324,164.7749944398457,318.4073376974999,706.6289075582197,1304.1859085860774,1392399.1525970786,2414906509.3732834,985.7785708885775,492.88928544428876,18.28408479154501,0.12091195496163383,0.2588131366686749,integer
