nameseq,average,median,maximum,minimum,peak,none_levated_peak,sample_standard_deviation,population_standard_deviation,percentile15,percentile25,percentile50,percentile75,amplitude,variance,interquartile_range,semi_interquartile_range,coefficient_of_variation,skewness,kurtosis,label
4_127970309_127971059,2762.9999999999945,660.1520030019071,1390041.0,3.518844679846359,0.0906020026541201,8.73992742756298,50663.77030975883,50697.534905515866,173.80560689755072,292.17981869456173,660.1520030019071,1286.6621832397088,1390037.48115532,2570240045.496,994.4823645451471,497.24118227257355,18.336507531581226,0.12451785471992623,0.2642066791333062,integer
