nameseq,average,median,maximum,minimum,peak,none_levated_peak,sample_standard_deviation,population_standard_deviation,percentile15,percentile25,percentile50,percentile75,amplitude,variance,interquartile_range,semi_interquartile_range,coefficient_of_variation,skewness,kurtosis,label
4_128933737_128933891,604.0,117.59102655658765,65536.0,2.099976241064997,0.08554083885209712,3.8434806123106613,5235.566444999051,5252.537531468054,27.423005345779906,55.20836315808288,117.59102655658765,288.0229722241489,65533.900023758935,27589150.51948052,232.814609066066,116.407304533033,8.668156365892468,0.2787142395497765,0.25229708961948033,integer
