nameseq,average,median,maximum,minimum,peak,none_levated_peak,sample_standard_deviation,population_standard_deviation,percentile15,percentile25,percentile50,percentile75,amplitude,variance,interquartile_range,semi_interquartile_range,coefficient_of_variation,skewness,kurtosis,label
4_127388097_127388408,1074.0000000000002,277.7735691104582,213444.0,0.32002146916975405,0.09683426443202978,5.490898785674055,12048.924682310868,12068.28039708911,57.493042452962484,121.7217864661119,277.7735691104582,507.11740779747686,213443.67997853082,145643391.74276528,385.39562133136496,192.69781066568248,11.218738065466354,0.1982483379762069,0.21826754454359676,integer
