nameseq,average,median,maximum,minimum,peak,none_levated_peak,sample_standard_deviation,population_standard_deviation,percentile15,percentile25,percentile50,percentile75,amplitude,variance,interquartile_range,semi_interquartile_range,coefficient_of_variation,skewness,kurtosis,label
4_129452809_129454075,4724.999999999984,925.4989948257592,4272489.0,3.8145709499679463,0.08938271604938303,12.372176079582271,119952.89065295592,120000.25606078525,219.20766636451756,373.8521414860857,925.4989948257592,1892.431960400155,4272485.18542905,14400061454.654028,1518.5798189140694,759.2899094570347,25.386855164646843,0.09502482977672025,0.24607288479713624,integer
