nameseq,average,median,maximum,minimum,peak,none_levated_peak,sample_standard_deviation,population_standard_deviation,percentile15,percentile25,percentile50,percentile75,amplitude,variance,interquartile_range,semi_interquartile_range,coefficient_of_variation,skewness,kurtosis,label
4_128156142_128167259,36610.99999999978,8985.174279542454,261048649.0,3.451305066511616,0.10122640736390763,36.1478471707934,2475559.760854502,2475671.0995291793,2081.6384175602007,3634.4733006882984,8985.174279542454,18085.367648365347,261048645.54869494,6128947393044.016,14450.89434767705,7225.447173838525,67.6179225056545,0.03347827770991265,0.2495469416793439,integer
