nameseq,average,median,maximum,minimum,peak,none_levated_peak,sample_standard_deviation,population_standard_deviation,percentile15,percentile25,percentile50,percentile75,amplitude,variance,interquartile_range,semi_interquartile_range,coefficient_of_variation,skewness,kurtosis,label
4_12789994_12790456,1875.0000000000016,349.07008471226476,600625.0000000002,0.24900878140727767,0.08231111111111104,6.812262282063945,27864.08071334851,27894.220344348185,77.9637091084281,144.55533727867763,349.07008471226476,816.6256609999947,600624.7509912188,778087528.6190482,672.0703237213171,336.03516186065855,14.860843047119193,0.1642899973251292,0.2648452201847695,integer
