nameseq,average,median,maximum,minimum,peak,none_levated_peak,sample_standard_deviation,population_standard_deviation,percentile15,percentile25,percentile50,percentile75,amplitude,variance,interquartile_range,semi_interquartile_range,coefficient_of_variation,skewness,kurtosis,label
4_128312745_128319923,26784.999999999924,6159.213424503942,126225225.0,0.44346843639815403,0.08934104909464279,27.760891595035105,1489571.5066998294,1489675.2625949646,1474.4207232646236,2635.2547935145344,6159.213424503942,12764.099441281605,126225224.55653156,2219132387987.3765,10128.844647767071,5064.422323883536,55.61215257419577,0.04154037550273654,0.25010031081277834,integer
