nameseq,average,median,maximum,minimum,peak,none_levated_peak,sample_standard_deviation,population_standard_deviation,percentile15,percentile25,percentile50,percentile75,amplitude,variance,interquartile_range,semi_interquartile_range,coefficient_of_variation,skewness,kurtosis,label
4_131187368_131187841,1431.0000000000005,412.38462578305746,400689.0,3.815034945607292,0.11041229909154433,6.870906167401101,18367.106195587807,18386.511490166173,115.39546137631655,200.3324527949781,412.38462578305746,783.8666413411302,400685.1849650544,338063804.7780127,583.5341885461521,291.76709427307605,12.83515457413543,0.1663760251674764,0.23890848760107178,integer
