nameseq,average,median,maximum,minimum,peak,none_levated_peak,sample_standard_deviation,population_standard_deviation,percentile15,percentile25,percentile50,percentile75,amplitude,variance,interquartile_range,semi_interquartile_range,coefficient_of_variation,skewness,kurtosis,label
4_145723854_145723904,155.0,36.87220548007943,5041.0,1.4543453823066483,0.10967741935483871,2.086848655309194,692.7467069571677,699.6398787947983,17.367747195711164,25.402947212225968,36.87220548007943,83.8415437386297,5039.545654617694,489495.96,58.43859652640373,29.219298263201864,4.46933359327205,0.5115627111622966,0.28320242439710114,integer
