nameseq,average,median,maximum,minimum,peak,none_levated_peak,sample_standard_deviation,population_standard_deviation,percentile15,percentile25,percentile50,percentile75,amplitude,variance,interquartile_range,semi_interquartile_range,coefficient_of_variation,skewness,kurtosis,label
4_146311285_146311781,2012.000000000001,515.9388956642346,672400.0,1.2333560997237203,0.08233929754804502,6.709644319076207,30108.04543639457,30138.38100624218,113.66590347753188,218.63464386106182,515.9388956642346,875.0341906025744,672398.7666439003,908322009.6774193,656.3995467415126,328.1997733707563,14.964237294430694,0.14906923541380035,0.2423078766955935,integer
