nameseq,average,median,maximum,minimum,peak,none_levated_peak,sample_standard_deviation,population_standard_deviation,percentile15,percentile25,percentile50,percentile75,amplitude,variance,interquartile_range,semi_interquartile_range,coefficient_of_variation,skewness,kurtosis,label
4_15647511_15647597,326.00000000000034,92.28624742504957,17956.0,5.725694139124583,0.08895705521472383,2.5521612695778164,1904.0026260486093,1915.0404148992977,28.000000000000004,36.49714188825767,92.28624742504957,159.7729707975259,17950.274305860876,3667379.7906976743,123.27582890926821,61.63791445463411,5.840498852909838,0.3682459509942672,0.19687433303294155,integer
