nameseq,average,median,maximum,minimum,peak,none_levated_peak,sample_standard_deviation,population_standard_deviation,percentile15,percentile25,percentile50,percentile75,amplitude,variance,interquartile_range,semi_interquartile_range,coefficient_of_variation,skewness,kurtosis,label
4_157208710_157208831,499.0000000000002,106.52041844382413,40401.0,0.46281026550694354,0.0814963259853039,3.1184888513143276,3631.1474770380787,3646.121344594024,26.111124059308622,48.58402536535995,106.52041844382413,239.63378672745708,40400.537189734496,13294200.859504132,191.04976136209712,95.52488068104856,7.276848651378912,0.3242607886664419,0.24762566443718512,integer
