nameseq,average,median,maximum,minimum,peak,none_levated_peak,sample_standard_deviation,population_standard_deviation,percentile15,percentile25,percentile50,percentile75,amplitude,variance,interquartile_range,semi_interquartile_range,coefficient_of_variation,skewness,kurtosis,label
4_163361514_163361761,988.9999999999994,220.19351166300106,162409.0,1.6344128813880725,0.08358611391978435,4.690749388820442,10277.876337064967,10298.660739156472,56.86895198853436,84.02816386928589,220.19351166300106,454.7015780315554,162407.3655871186,106062413.02024291,370.6734141622695,185.33670708113476,10.392190431814937,0.22440622842419167,0.24686588708568405,integer
