nameseq,average,median,maximum,minimum,peak,none_levated_peak,sample_standard_deviation,population_standard_deviation,percentile15,percentile25,percentile50,percentile75,amplitude,variance,interquartile_range,semi_interquartile_range,coefficient_of_variation,skewness,kurtosis,label
4_165385856_165388545,8043.0,2218.631770099507,12737761.0,3.1667958013393482,0.11148410626217414,17.28339767788503,245510.65277091338,245556.2994484057,516.1877163717431,890.299616045706,2218.631770099507,4557.797701026316,12737757.833204199,60297896198.79509,3667.4980849806097,1833.7490424903049,30.524761005957153,0.07117045428576851,0.25298948444689145,integer
