nameseq,average,median,maximum,minimum,peak,none_levated_peak,sample_standard_deviation,population_standard_deviation,percentile15,percentile25,percentile50,percentile75,amplitude,variance,interquartile_range,semi_interquartile_range,coefficient_of_variation,skewness,kurtosis,label
4_164280191_164284078,12206.000000000045,3325.0231147567088,28451556.0,3.0808234894940556,0.10617728985744676,20.492649984760384,456188.02780213335,456246.7052771721,840.22604942867,1484.9831669316488,3325.0231147567088,6588.113383617421,28451552.91917651,208161056076.27475,5103.130216685772,2551.565108342886,37.374080599879704,0.05840339735370279,0.2430262655278424,integer
