nameseq,average,median,maximum,minimum,peak,none_levated_peak,sample_standard_deviation,population_standard_deviation,percentile15,percentile25,percentile50,percentile75,amplitude,variance,interquartile_range,semi_interquartile_range,coefficient_of_variation,skewness,kurtosis,label
4_164899386_164900284,2797.0000000000014,871.0224461821216,1399489.0,2.9914888255049314,0.10713860088189722,9.12921557281422,46624.20924798618,46650.16205224922,234.68042174830438,395.9045747663334,871.0224461821216,1733.6012293308497,1399486.0085111745,2176237619.5011134,1337.6966545645164,668.8483272822582,16.669363334996838,0.12392559047429211,0.24770716201098764,integer
