nameseq,average,median,maximum,minimum,peak,none_levated_peak,sample_standard_deviation,population_standard_deviation,percentile15,percentile25,percentile50,percentile75,amplitude,variance,interquartile_range,semi_interquartile_range,coefficient_of_variation,skewness,kurtosis,label
4_165443855_165445288,5345.0,1110.353381447262,5285401.0,1.0951578368303445,0.08942937324602432,12.821932289581575,139492.43266213403,139541.09564378607,224.26430642736094,408.737830371799,1110.353381447262,2267.732647132488,5285399.904842163,19471717373.46825,1858.9948167606892,929.4974083803446,26.09774231284079,0.09107260955458815,0.25292506334380327,integer
