nameseq,average,median,maximum,minimum,peak,none_levated_peak,sample_standard_deviation,population_standard_deviation,percentile15,percentile25,percentile50,percentile75,amplitude,variance,interquartile_range,semi_interquartile_range,coefficient_of_variation,skewness,kurtosis,label
4_166031685_166045171,44495.999999999956,10259.604742864796,394578496.0,0.5167451286014618,0.1010352990530985,40.7765661064811,3397408.055759568,3397534.01397838,2383.9162471428294,4224.22331320935,10259.604742864796,20831.361280531848,394578495.48325485,11543237376140.041,16607.1379673225,8303.56898366125,76.35311164508205,0.030231630727219936,0.24788077634722658,integer
