nameseq,average,median,maximum,minimum,peak,none_levated_peak,sample_standard_deviation,population_standard_deviation,percentile15,percentile25,percentile50,percentile75,amplitude,variance,interquartile_range,semi_interquartile_range,coefficient_of_variation,skewness,kurtosis,label
4_165780097_165780827,2737.9999999999973,583.9869527728382,1373584.0,2.4878250461393447,0.0889943998052107,8.917094625606392,50745.404540706935,50780.149772125056,132.6611007484599,240.13215597082595,583.9869527728382,1134.9550601328576,1373581.512174954,2578623610.879452,894.8229041620317,447.41145208101585,18.533748919177132,0.12734235149308465,0.23623260434109208,integer
