nameseq,average,median,maximum,minimum,peak,none_levated_peak,sample_standard_deviation,population_standard_deviation,percentile15,percentile25,percentile50,percentile75,amplitude,variance,interquartile_range,semi_interquartile_range,coefficient_of_variation,skewness,kurtosis,label
4_165605727_165606237,1894.9999999999995,468.04759216344587,613089.0,0.5277008764000809,0.08988566402814427,6.891038430299499,27073.856060783066,27100.386058389013,99.1682505067481,194.07620868542938,468.04759216344587,983.8440873135402,613088.4722991236,734430924.5137255,789.7678786281108,394.8839393140554,14.28699528273513,0.15811775071488815,0.24680507784463895,integer
