nameseq,average,median,maximum,minimum,peak,none_levated_peak,sample_standard_deviation,population_standard_deviation,percentile15,percentile25,percentile50,percentile75,amplitude,variance,interquartile_range,semi_interquartile_range,coefficient_of_variation,skewness,kurtosis,label
4_166365900_166366075,533.9999999999999,123.22135182446176,57600.0,3.205626749094688,0.10986267166042449,4.2438917230442845,4319.265215288359,4331.588393583648,29.195764384555776,44.353910818183714,123.22135182446176,291.71247397889977,57596.79437325091,18762658.011428572,247.35856316071605,123.67928158035802,8.08851163911678,0.2853114784812634,0.235527273960462,integer
