nameseq,average,median,maximum,minimum,peak,none_levated_peak,sample_standard_deviation,population_standard_deviation,percentile15,percentile25,percentile50,percentile75,amplitude,variance,interquartile_range,semi_interquartile_range,coefficient_of_variation,skewness,kurtosis,label
4_161930755_161930881,465.0000000000001,89.17522019524635,43681.0,5.556494921299629,0.09103942652329747,3.6576622328191624,3851.6541900850857,3866.908325781722,28.7440896346202,47.43738850396214,89.17522019524635,180.7689736251391,43675.4435050787,14952980.0,133.33158512117694,66.66579256058847,8.283127290505558,0.2927247057424318,0.2795577078316765,integer
