nameseq,average,median,maximum,minimum,peak,none_levated_peak,sample_standard_deviation,population_standard_deviation,percentile15,percentile25,percentile50,percentile75,amplitude,variance,interquartile_range,semi_interquartile_range,coefficient_of_variation,skewness,kurtosis,label
4_164928141_164928245,316.0000000000003,87.07723930741628,20736.0,7.450893216326865,0.11075949367088597,3.141522223547296,2005.2152004211418,2014.8325946875548,25.799598720165683,41.92960077597075,87.07723930741628,170.76936684152756,20728.549106783674,4059550.3846153845,128.8397660655568,64.4198830327784,6.345617722851709,0.3424910612753757,0.23967906198576758,integer
