nameseq,average,median,maximum,minimum,peak,none_levated_peak,sample_standard_deviation,population_standard_deviation,percentile15,percentile25,percentile50,percentile75,amplitude,variance,interquartile_range,semi_interquartile_range,coefficient_of_variation,skewness,kurtosis,label
4_163523612_163524631,3180.000000000008,886.4361247838943,1937664.0,5.982081938374111,0.10691823899371042,10.342451773918512,60615.832354262035,60645.567863705306,188.96898310918633,346.8111278349011,886.4361247838943,1710.4199981245733,1937658.0179180617,3677884901.511286,1363.6088702896723,681.8044351448361,19.061582501340215,0.11351310966803123,0.2394558513330597,integer
