nameseq,average,median,maximum,minimum,peak,none_levated_peak,sample_standard_deviation,population_standard_deviation,percentile15,percentile25,percentile50,percentile75,amplitude,variance,interquartile_range,semi_interquartile_range,coefficient_of_variation,skewness,kurtosis,label
4_161900409_161900588,638.0000000000003,165.89194193847672,72900.0,5.843144431215297,0.09404388714733537,4.03417058048504,5406.130964007438,5421.210856518864,28.520219005073706,53.20228449653285,165.89194193847672,334.08874947647473,72894.15685556878,29389527.150837988,280.8864649799419,140.44323248997094,8.473559504713847,0.26198480643811173,0.2557495956033457,integer
