nameseq,average,median,maximum,minimum,peak,none_levated_peak,sample_standard_deviation,population_standard_deviation,percentile15,percentile25,percentile50,percentile75,amplitude,variance,interquartile_range,semi_interquartile_range,coefficient_of_variation,skewness,kurtosis,label
4_174196575_174205905,34601.00000000003,7518.388983334368,221146641.0,0.9246428615728142,0.08989142895677382,33.15683030952213,2289165.7922859145,2289288.4666940994,1770.8470313818545,3068.3215448673695,7518.388983334368,15161.879924116478,221146640.07535714,5240841683738.621,12093.558379249109,6046.779189624554,66.15894894037493,0.035492332326381895,0.259452001381151,integer
