nameseq,average,median,maximum,minimum,peak,none_levated_peak,sample_standard_deviation,population_standard_deviation,percentile15,percentile25,percentile50,percentile75,amplitude,variance,interquartile_range,semi_interquartile_range,coefficient_of_variation,skewness,kurtosis,label
4_176246909_176246994,344.9999999999996,73.18233895763173,21609.0,2.669674298165259,0.08309178743961362,2.826288141803419,2308.5718528995367,2322.1119798706573,8.016759724720876,26.36132873955228,73.18233895763173,157.56819663694654,21606.330325701834,5392204.0470588235,131.20686789739426,65.60343394869713,6.6915126171001145,0.35322833123123504,0.3529188772503903,integer
