nameseq,average,median,maximum,minimum,peak,none_levated_peak,sample_standard_deviation,population_standard_deviation,percentile15,percentile25,percentile50,percentile75,amplitude,variance,interquartile_range,semi_interquartile_range,coefficient_of_variation,skewness,kurtosis,label
4_178983096_178983147,217.0000000000001,57.903223271459055,7569.0,1.0,0.0798771121351766,1.876137064574504,1031.070317679643,1041.129778503273,10.564090944272849,27.188550371701165,57.903223271459055,113.72732808165276,7568.0,1083951.2156862745,86.53877770995159,43.269388854975794,4.751476118339366,0.4629076426714854,0.29174755666344265,integer
