nameseq,average,median,maximum,minimum,peak,none_levated_peak,sample_standard_deviation,population_standard_deviation,percentile15,percentile25,percentile50,percentile75,amplitude,variance,interquartile_range,semi_interquartile_range,coefficient_of_variation,skewness,kurtosis,label
4_182576617_182578119,5193.999999999993,1061.498438839339,5244100.0,1.6862919966185939,0.0964574509048904,13.378995273953997,135196.40606909638,135241.40404207446,265.01905283304114,466.47048625171556,1061.498438839339,2338.091390095936,5244098.313708004,18290237367.271637,1871.6209038442203,935.8104519221101,26.029342716422136,0.09169995744669297,0.2501902935277243,integer
