nameseq,average,median,maximum,minimum,peak,none_levated_peak,sample_standard_deviation,population_standard_deviation,percentile15,percentile25,percentile50,percentile75,amplitude,variance,interquartile_range,semi_interquartile_range,coefficient_of_variation,skewness,kurtosis,label
4_184653443_184653493,172.99999999999991,47.974632105117394,4761.0,0.8146816166689809,0.09826589595375727,1.8605683139629885,652.8399497579786,659.3360296540756,13.063118942582438,22.517657248395288,47.974632105117394,151.49220089832727,4760.185318383331,434724.0,128.97454364993197,64.48727182496599,3.773641328080803,0.5745299499880424,0.3661003717188077,integer
