nameseq,average,median,maximum,minimum,peak,none_levated_peak,sample_standard_deviation,population_standard_deviation,percentile15,percentile25,percentile50,percentile75,amplitude,variance,interquartile_range,semi_interquartile_range,coefficient_of_variation,skewness,kurtosis,label
4_184432434_184434015,5499.999999999997,1251.332903275999,5513104.0,2.841254163467795,0.09587878787878794,12.96102311302057,138532.96409880213,138576.76898973054,299.2535156727262,543.6635592957804,1251.332903275999,2782.137026531129,5513101.1587458365,19203520903.633144,2238.4734672353484,1119.2367336176742,25.18781165432767,0.09200699178775609,0.23757492749712575,integer
