nameseq,average,median,maximum,minimum,peak,none_levated_peak,sample_standard_deviation,population_standard_deviation,percentile15,percentile25,percentile50,percentile75,amplitude,variance,interquartile_range,semi_interquartile_range,coefficient_of_variation,skewness,kurtosis,label
4_199659378_199660141,2442.9999999999977,706.7453648657593,1138489.0,17.479232452598662,0.10424341656433356,8.70082248473408,41136.20339798023,41163.15145419373,176.780573552155,320.4593856610278,706.7453648657593,1379.0284390526986,1138471.5207675474,1694405037.6408913,1058.5690533916709,529.2845266958354,16.838396806377514,0.12662237822507613,0.24638768394220087,integer
