nameseq,average,median,maximum,minimum,peak,none_levated_peak,sample_standard_deviation,population_standard_deviation,percentile15,percentile25,percentile50,percentile75,amplitude,variance,interquartile_range,semi_interquartile_range,coefficient_of_variation,skewness,kurtosis,label
4_196083339_196083706,1288.0000000000025,321.2804982077438,302500.0,0.0,0.09523809523809505,5.943434791908887,15729.624407467587,15751.039835230185,85.57380331351504,137.04760155678272,321.2804982077438,639.6338173862298,302500.0,248095255.89100817,502.58621582944704,251.29310791472352,12.212441310145618,0.18437557250254086,0.2281928169045256,integer
