nameseq,average,median,maximum,minimum,peak,none_levated_peak,sample_standard_deviation,population_standard_deviation,percentile15,percentile25,percentile50,percentile75,amplitude,variance,interquartile_range,semi_interquartile_range,coefficient_of_variation,skewness,kurtosis,label
4_200631917_200632179,1063.0,171.80758402142254,201601.0,2.263182442159325,0.08247099404201945,5.238362191675849,12393.560343985097,12417.189651127226,51.55287706412531,77.50576591657439,171.80758402142254,476.1552739484912,201598.73681755783,154186598.83206108,398.6495080319168,199.3247540159584,11.659040775150608,0.21572309923300495,0.30116406332055434,integer
