nameseq,average,median,maximum,minimum,peak,none_levated_peak,sample_standard_deviation,population_standard_deviation,percentile15,percentile25,percentile50,percentile75,amplitude,variance,interquartile_range,semi_interquartile_range,coefficient_of_variation,skewness,kurtosis,label
4_209064810_209072025,23360.99999999992,6242.639401773934,102556129.0,1.0240530543023678,0.10296362884008997,28.08049768156286,1207144.7330034622,1207228.3853186592,1398.722093542461,2553.3249999977925,6242.639401773934,12407.658272462422,102556127.97594695,1457400374319.0974,9854.33327246463,4927.166636232315,51.67350425938386,0.042542605199380565,0.24913278760257915,integer
