nameseq,average,median,maximum,minimum,peak,none_levated_peak,sample_standard_deviation,population_standard_deviation,percentile15,percentile25,percentile50,percentile75,amplitude,variance,interquartile_range,semi_interquartile_range,coefficient_of_variation,skewness,kurtosis,label
4_200216630_200216747,423.9999999999998,82.47168775468063,33856.0,0.0,0.09276729559748433,3.4098553709506594,3094.786260794111,3107.9837034409784,19.24791570830974,32.14365256333609,82.47168775468063,182.9040483408922,33856.0,9659562.7008547,150.76039577755608,75.38019788877804,7.299024199986115,0.3310680772096528,0.18841968974816534,integer
