nameseq,average,median,maximum,minimum,peak,none_levated_peak,sample_standard_deviation,population_standard_deviation,percentile15,percentile25,percentile50,percentile75,amplitude,variance,interquartile_range,semi_interquartile_range,coefficient_of_variation,skewness,kurtosis,label
4_204237375_204237468,267.99999999999994,84.67020583256597,14400.0,2.5231410220311856,0.11691542288557216,2.8887329474103054,1469.6366897978562,1477.5168357754844,25.104772781933203,44.11330472120513,84.67020583256597,151.12807863686132,14397.476858977969,2183056.0,107.01477391565618,53.50738695782809,5.4837189917830464,0.3742349291633099,0.22936826582269376,integer
