nameseq,average,median,maximum,minimum,peak,none_levated_peak,sample_standard_deviation,population_standard_deviation,percentile15,percentile25,percentile50,percentile75,amplitude,variance,interquartile_range,semi_interquartile_range,coefficient_of_variation,skewness,kurtosis,label
4_200618028_200626974,30070.000000000207,7824.771639351975,163942416.0,3.457713511064919,0.09917969183017336,30.86509386337006,1733071.09460922,1733167.9548074016,1919.3305543124648,3333.6217154668316,7824.771639351975,15784.411669337893,163942412.5422865,3003871159571.271,12450.78995387106,6225.39497693553,57.63455585664144,0.03850718259021712,0.24878098204206336,integer
