nameseq,average,median,maximum,minimum,peak,none_levated_peak,sample_standard_deviation,population_standard_deviation,percentile15,percentile25,percentile50,percentile75,amplitude,variance,interquartile_range,semi_interquartile_range,coefficient_of_variation,skewness,kurtosis,label
4_201858796_201863313,15949.000000000053,3524.9253489585744,47210641.0,1.0,0.0944259828202392,22.680649382353405,702237.5979097103,702315.3263506932,800.9193172767568,1386.1670334774349,3524.9253489585744,7386.43441342095,47210640.0,493246817627.0808,6000.267379943514,3000.133689971757,44.03019611948761,0.0530763719630926,0.24187504587554456,integer
