nameseq,average,median,maximum,minimum,peak,none_levated_peak,sample_standard_deviation,population_standard_deviation,percentile15,percentile25,percentile50,percentile75,amplitude,variance,interquartile_range,semi_interquartile_range,coefficient_of_variation,skewness,kurtosis,label
4_201280202_201280399,732.0000000000003,177.77402641251345,94864.0,4.1521443648803515,0.09016393442622947,4.226333802847893,6712.060041447781,6729.0741626389,46.2108981314646,79.41863877757915,177.77402641251345,332.7004061062731,94859.84785563512,45280439.08629441,253.28176732869395,126.64088366434697,9.169480930939587,0.24771499517215637,0.24662853660569717,integer
