nameseq,average,median,maximum,minimum,peak,none_levated_peak,sample_standard_deviation,population_standard_deviation,percentile15,percentile25,percentile50,percentile75,amplitude,variance,interquartile_range,semi_interquartile_range,coefficient_of_variation,skewness,kurtosis,label
4_206381371_206381653,720.9999999999995,176.9014928300797,114920.99999999996,0.9073196839076576,0.13083680073971343,5.785433828047336,6812.482954107112,6824.551135318829,41.94699095653524,80.7011734441306,176.9014928300797,379.11424347502157,114920.09268031605,46574498.198581524,298.41307003089094,149.20653501544547,9.448658743560495,0.23960361185574502,0.19425469113270627,integer
