nameseq,average,median,maximum,minimum,peak,none_levated_peak,sample_standard_deviation,population_standard_deviation,percentile15,percentile25,percentile50,percentile75,amplitude,variance,interquartile_range,semi_interquartile_range,coefficient_of_variation,skewness,kurtosis,label
4_207393210_207393776,1661.9999999999995,480.0309785622608,589824.0,2.0391350007736753,0.1137184115523466,7.966553319720942,24728.67942288872,24750.514905662192,111.55661159916394,179.86539762918144,480.0309785622608,938.2471245732617,589821.9608649992,612587988.0954064,758.3817269440802,379.1908634720401,14.878868485492616,0.14339249596285136,0.2779421327611432,integer
