nameseq,average,median,maximum,minimum,peak,none_levated_peak,sample_standard_deviation,population_standard_deviation,percentile15,percentile25,percentile50,percentile75,amplitude,variance,interquartile_range,semi_interquartile_range,coefficient_of_variation,skewness,kurtosis,label
4_206844057_206844433,1309.9999999999973,344.14366831574824,320356.0,0.5402200771490339,0.09592875318066178,6.034543169633494,16459.846961621486,16481.72052205173,107.55176500037776,161.7291332069348,344.14366831574824,579.0296810220518,320355.45977992285,271647111.36702126,417.30054781511706,208.65027390755853,12.564768672993527,0.17603863521992932,0.22816504294544088,integer
