nameseq,average,median,maximum,minimum,peak,none_levated_peak,sample_standard_deviation,population_standard_deviation,percentile15,percentile25,percentile50,percentile75,amplitude,variance,interquartile_range,semi_interquartile_range,coefficient_of_variation,skewness,kurtosis,label
4_200368169_200368776,2031.9999999999984,436.7631519149014,792100.0,0.5575647081741142,0.09973753280839902,8.09418584424678,32078.67001607143,32105.08308766538,103.42057936672178,215.52346386399896,436.7631519149014,1011.9044538169022,792099.4424352918,1030736360.0658978,796.3809899529033,398.19049497645165,15.786747055153276,0.1491866882840731,0.2632228762311986,integer
