nameseq,average,median,maximum,minimum,peak,none_levated_peak,sample_standard_deviation,population_standard_deviation,percentile15,percentile25,percentile50,percentile75,amplitude,variance,interquartile_range,semi_interquartile_range,coefficient_of_variation,skewness,kurtosis,label
4_208733007_208734275,4440.000000000001,1033.3135993854762,3640464.0,0.21589430270841295,0.09527027027027025,11.785555673141436,102127.20099953782,102167.46404111761,211.79925181884352,382.30224701055903,1033.3135993854762,2109.138847738145,3640463.784105697,10438190708.59306,1726.836600727586,863.418300363793,23.001621846742747,0.10007186236201486,0.2541522860823044,integer
