nameseq,average,median,maximum,minimum,peak,none_levated_peak,sample_standard_deviation,population_standard_deviation,percentile15,percentile25,percentile50,percentile75,amplitude,variance,interquartile_range,semi_interquartile_range,coefficient_of_variation,skewness,kurtosis,label
4_206877153_206879689,8354.999999999987,2056.623650319282,13786369.0,1.5200176460260617,0.10121683622581304,17.14861739012089,273613.28716639476,273667.22768681357,483.1080732899199,864.8701404162503,2056.623650319282,4024.7445884827903,13786367.479982354,74893751509.78627,3159.87444806654,1579.93722403327,32.74844849388332,0.0690577904484268,0.2399261594626703,integer
