nameseq,average,median,maximum,minimum,peak,none_levated_peak,sample_standard_deviation,population_standard_deviation,percentile15,percentile25,percentile50,percentile75,amplitude,variance,interquartile_range,semi_interquartile_range,coefficient_of_variation,skewness,kurtosis,label
4_207894725_207900155,17294.0,4732.943902305547,56280003.999999985,3.6081468993518473,0.10467985042982152,24.204381298546664,763556.9684849976,763627.274361348,1087.0191686898704,1859.2220650037102,4732.943902305547,9542.581462539078,56280000.39185309,583126614148.5415,7683.359397535367,3841.6796987676835,44.15155363044973,0.04935213723195004,0.2598473872679631,integer
