nameseq,average,median,maximum,minimum,peak,none_levated_peak,sample_standard_deviation,population_standard_deviation,percentile15,percentile25,percentile50,percentile75,amplitude,variance,interquartile_range,semi_interquartile_range,coefficient_of_variation,skewness,kurtosis,label
4_213520069_213523892,12639.999999999962,3266.0340190497964,29702500.0,4.852506005902237,0.10084388185654039,20.2287937418153,480208.85473093897,480271.65586306265,787.2235488237777,1335.7519435855322,3266.0340190497964,6543.470495674559,29702495.147493996,230660863425.4481,5207.718552089027,2603.8592760445135,37.99120686162503,0.058561806317809766,0.23973076381525138,integer
