nameseq,average,median,maximum,minimum,peak,none_levated_peak,sample_standard_deviation,population_standard_deviation,percentile15,percentile25,percentile50,percentile75,amplitude,variance,interquartile_range,semi_interquartile_range,coefficient_of_variation,skewness,kurtosis,label
4_215049807_215054105,13847.000000000031,3669.675053566266,36132121.0,0.505842901746549,0.1034881201704338,21.598144989738255,550955.3639288758,551019.4545897021,808.9261946953852,1495.7942395035082,3669.675053566266,7460.277906740101,36132120.4941571,303622439336.3327,5964.483667236593,2982.2418336182964,39.78878919107926,0.05541642179790583,0.24222029003995965,integer
