nameseq,average,median,maximum,minimum,peak,none_levated_peak,sample_standard_deviation,population_standard_deviation,percentile15,percentile25,percentile50,percentile75,amplitude,variance,interquartile_range,semi_interquartile_range,coefficient_of_variation,skewness,kurtosis,label
4_216752192_216752433,893.9999999999987,157.5189515795708,145924.0,0.15300870411824197,0.09023117076808365,4.9400776076858435,9347.939345117726,9367.313333455699,49.296317687954456,76.05863033650603,157.5189515795708,415.33752573412784,145923.84699129587,87746559.08713692,339.2788953976218,169.6394476988109,10.45630799230172,0.2363561704553891,0.22897122831262082,integer
