nameseq,average,median,maximum,minimum,peak,none_levated_peak,sample_standard_deviation,population_standard_deviation,percentile15,percentile25,percentile50,percentile75,amplitude,variance,interquartile_range,semi_interquartile_range,coefficient_of_variation,skewness,kurtosis,label
4_214989735_214990195,1420.000000000001,391.43718475878535,389376.0,0.6987172495561769,0.10821596244131448,6.816458766455027,18097.940435309207,18117.601430173054,90.52528608677802,178.25992024277747,391.43718475878535,781.6876422412189,389375.30128275044,328247481.5826087,603.4277219984415,301.71386099922074,12.745028475569855,0.1704994254320479,0.23349575597091587,integer
