nameseq,average,median,maximum,minimum,peak,none_levated_peak,sample_standard_deviation,population_standard_deviation,percentile15,percentile25,percentile50,percentile75,amplitude,variance,interquartile_range,semi_interquartile_range,coefficient_of_variation,skewness,kurtosis,label
4_215011348_215012824,4738.0,1153.798301514253,4384836.0,6.830941819280469,0.1039116364148023,12.773511318828678,114024.57886789147,114063.19854008027,290.9089858094449,470.66034005166983,1153.798301514253,2412.1129118944423,4384829.16905818,13010413261.193768,1941.4525718427724,970.7262859213862,24.065972745439314,0.09430076569644846,0.24687017124029387,integer
