nameseq,average,median,maximum,minimum,peak,none_levated_peak,sample_standard_deviation,population_standard_deviation,percentile15,percentile25,percentile50,percentile75,amplitude,variance,interquartile_range,semi_interquartile_range,coefficient_of_variation,skewness,kurtosis,label
4_235696404_235696919,1503.9999999999993,417.380175138996,448900.0,1.2533960398598767,0.11436170212765963,7.320999379610288,19724.501768105576,19743.642482719264,94.28883858596902,158.19764776434124,417.380175138996,863.3588983435293,448898.7466039601,389811418.4854369,705.161250579188,352.580625289594,13.114695324538287,0.16526954713016814,0.22413240447022598,integer
