nameseq,average,median,maximum,minimum,peak,none_levated_peak,sample_standard_deviation,population_standard_deviation,percentile15,percentile25,percentile50,percentile75,amplitude,variance,interquartile_range,semi_interquartile_range,coefficient_of_variation,skewness,kurtosis,label
4_23735876_23737902,6842.999999999983,1699.7980596681223,8946081.000000002,1.6992844472476039,0.09873837011057553,14.940787212569404,198615.18363408174,198664.194167495,410.6665522443568,709.5663034278449,1699.7980596681223,3413.259059175928,8946079.300715555,39467462044.22015,2703.692755748083,1351.8463778740415,29.024577471004275,0.07768593286111641,0.25039488284968736,integer
