nameseq,average,median,maximum,minimum,peak,none_levated_peak,sample_standard_deviation,population_standard_deviation,percentile15,percentile25,percentile50,percentile75,amplitude,variance,interquartile_range,semi_interquartile_range,coefficient_of_variation,skewness,kurtosis,label
4_238301883_238320358,58248.00000000071,15609.925994398483,645668100.0,1.83634759143289,0.10573181339559455,45.37127271878502,4749894.277721767,4750022.825218516,3559.30408580735,6540.801530370528,15609.925994398483,31828.301068484376,645668098.1636524,22562716840096.9,25287.499538113847,12643.749769056923,81.54604926730032,0.026929909285930316,0.24865869144250494,integer
