nameseq,average,median,maximum,minimum,peak,none_levated_peak,sample_standard_deviation,population_standard_deviation,percentile15,percentile25,percentile50,percentile75,amplitude,variance,interquartile_range,semi_interquartile_range,coefficient_of_variation,skewness,kurtosis,label
4_237331562_237335830,12748.000000000047,3601.7335303676196,31832164.0,0.5978265129088274,0.11162535299654806,21.808598370282574,487086.6409623651,487143.70025395224,740.9867755445883,1354.5236528348485,3601.7335303676196,7479.725259051113,31832163.402173486,237308984697.11246,6125.201606216265,3062.6008031081324,38.208867348789084,0.05633248194753375,0.2504706169933126,integer
