nameseq,average,median,maximum,minimum,peak,none_levated_peak,sample_standard_deviation,population_standard_deviation,percentile15,percentile25,percentile50,percentile75,amplitude,variance,interquartile_range,semi_interquartile_range,coefficient_of_variation,skewness,kurtosis,label
4_236487755_236487843,262.0,62.58937732117077,16384.0,1.1362209956922364,0.11323155216284987,3.1359954631639573,1720.0296509072161,1729.7749393805805,20.88583985364636,39.10618885460697,62.58937732117077,104.05496319876461,16382.863779004309,2992121.340909091,64.94877434415764,32.47438717207882,6.564998667584795,0.34780322985766843,0.24492346961338238,integer
