nameseq,average,median,maximum,minimum,peak,none_levated_peak,sample_standard_deviation,population_standard_deviation,percentile15,percentile25,percentile50,percentile75,amplitude,variance,interquartile_range,semi_interquartile_range,coefficient_of_variation,skewness,kurtosis,label
4_232326918_232328046,3850.9999999999977,921.1175224821616,2832489.0,0.9311110001704159,0.0977235350125509,11.110725631044922,84231.99483569173,84269.3234414841,201.9485748844682,360.39907148754907,921.1175224821616,1869.818131135417,2832488.068889,7101318873.285461,1509.419059647868,754.709529823934,21.872758980963848,0.10435046029361114,0.24343019054600262,integer
