nameseq,average,median,maximum,minimum,peak,none_levated_peak,sample_standard_deviation,population_standard_deviation,percentile15,percentile25,percentile50,percentile75,amplitude,variance,interquartile_range,semi_interquartile_range,coefficient_of_variation,skewness,kurtosis,label
4_235767640_235768460,3044.0,600.2987652045771,1737123.9999999993,0.12417934624193645,0.0899036355672361,9.660730736982874,60565.07194745167,60601.9906171084,149.83304455573509,268.8606671240378,600.2987652045771,1244.4805274156797,1737123.875820653,3672601266.7560945,975.619860291642,487.809930145821,19.896541375641153,0.12104507546440274,0.2397725348518781,integer
