nameseq,average,median,maximum,minimum,peak,none_levated_peak,sample_standard_deviation,population_standard_deviation,percentile15,percentile25,percentile50,percentile75,amplitude,variance,interquartile_range,semi_interquartile_range,coefficient_of_variation,skewness,kurtosis,label
4_233601100_233601419,1320.9999999999995,257.57544171691546,303601.0,4.9636167428017455,0.08074690890739342,5.613979286738608,16927.93141526749,16954.44346192019,80.12997582061564,119.24892233929378,257.57544171691546,566.87326532714,303596.0363832572,287453153.1034483,447.62434298784615,223.81217149392307,12.814482524805069,0.18846211014134362,0.2774178143167775,integer
