nameseq,average,median,maximum,minimum,peak,none_levated_peak,sample_standard_deviation,population_standard_deviation,percentile15,percentile25,percentile50,percentile75,amplitude,variance,interquartile_range,semi_interquartile_range,coefficient_of_variation,skewness,kurtosis,label
4_233133112_233134022,3492.999999999995,736.1672045165863,2205225.0,1.6044493684286854,0.08693577631453396,10.037652708609947,72996.17414632085,73036.27092174029,138.92037669349338,268.7540992167401,736.1672045165863,1419.608436493805,2205223.3955506315,5334296870.153846,1150.8543372770648,575.4271686385324,20.89784544698567,0.11330043640194086,0.24119506883138156,integer
