nameseq,average,median,maximum,minimum,peak,none_levated_peak,sample_standard_deviation,population_standard_deviation,percentile15,percentile25,percentile50,percentile75,amplitude,variance,interquartile_range,semi_interquartile_range,coefficient_of_variation,skewness,kurtosis,label
4_234471244_234490571,66513.9999999997,16064.754230518853,822198276.0,0.6453807095166075,0.0968618135530369,46.9397849843668,5913773.901127267,5913926.891695043,3645.85552192088,6531.640293263859,16064.754230518853,31985.588852283898,822198275.3546193,34974531280313.79,25453.94855902004,12726.97427951002,88.91021290446062,0.025592411857273248,0.2428356131855668,integer
