nameseq,average,median,maximum,minimum,peak,none_levated_peak,sample_standard_deviation,population_standard_deviation,percentile15,percentile25,percentile50,percentile75,amplitude,variance,interquartile_range,semi_interquartile_range,coefficient_of_variation,skewness,kurtosis,label
4_236575617_236575689,241.99999999999994,87.9961890036264,10816.0,1.2611237915728999,0.10055096418732784,2.404485038595138,1248.4013777627772,1257.0409367505367,11.178199120364864,38.71077210447147,87.9961890036264,150.39694078983044,10814.738876208427,1580151.9166666667,111.68616868535898,55.84308434267949,5.158683379185031,0.3700824440109779,0.26594186029930605,integer
