nameseq,average,median,maximum,minimum,peak,none_levated_peak,sample_standard_deviation,population_standard_deviation,percentile15,percentile25,percentile50,percentile75,amplitude,variance,interquartile_range,semi_interquartile_range,coefficient_of_variation,skewness,kurtosis,label
4_239878507_239878686,401.00000000000006,165.0147367968261,37249.0,0.2061754063380856,0.14962593516209474,4.445965609380503,2759.907607149196,2767.6061091526362,31.351523521015643,53.04317534147327,165.0147367968261,289.0,37248.79382459366,7659643.575418995,235.95682465852673,117.97841232926336,6.882562611344627,0.2565143078614845,0.2904649233236023,integer
