nameseq,average,median,maximum,minimum,peak,none_levated_peak,sample_standard_deviation,population_standard_deviation,percentile15,percentile25,percentile50,percentile75,amplitude,variance,interquartile_range,semi_interquartile_range,coefficient_of_variation,skewness,kurtosis,label
4_237639421_237639780,1262.9999999999986,314.763949499501,299209.0,0.4678038743829915,0.09501187648456068,6.062560811413129,15731.650962311616,15753.546102987146,65.92215588377766,115.77986170788643,314.763949499501,557.0611449806491,299208.5321961256,248174214.8189415,441.2812832727627,220.64064163638136,12.455780651078095,0.18082705739636434,0.2303526706468707,integer
