nameseq,average,median,maximum,minimum,peak,none_levated_peak,sample_standard_deviation,population_standard_deviation,percentile15,percentile25,percentile50,percentile75,amplitude,variance,interquartile_range,semi_interquartile_range,coefficient_of_variation,skewness,kurtosis,label
4_240728649_240750384,76519.99999999952,17677.60443763484,1080699876.0,0.16757658633851824,0.0946854852761811,50.14903221435547,7329933.510009896,7330102.128579063,3993.95706120831,7073.327355254879,17677.60443763484,36391.18390968627,1080699875.8324234,53730397215399.32,29317.85655443139,14658.928277215695,95.79108089401387,0.024083054293197226,0.25135530815069135,integer
