nameseq,average,median,maximum,minimum,peak,none_levated_peak,sample_standard_deviation,population_standard_deviation,percentile15,percentile25,percentile50,percentile75,amplitude,variance,interquartile_range,semi_interquartile_range,coefficient_of_variation,skewness,kurtosis,label
4_240343774_240344185,1161.9999999999998,345.3001983723147,285156.0,0.6234442905928296,0.11818703384968449,6.659339184548791,14014.920834596247,14031.960258317353,74.38167770380939,145.93682559766944,345.3001983723147,666.4576805676646,285155.3765557094,196895908.69099757,520.5208549699952,260.2604274849976,12.0610334204787,0.1748207809233508,0.2500125205440168,integer
