nameseq,average,median,maximum,minimum,peak,none_levated_peak,sample_standard_deviation,population_standard_deviation,percentile15,percentile25,percentile50,percentile75,amplitude,variance,interquartile_range,semi_interquartile_range,coefficient_of_variation,skewness,kurtosis,label
4_240877228_240877799,1752.0000000000005,460.7867715628945,595984.0,0.0,0.10882800608828003,7.72778775503131,24879.203604617254,24900.97971697397,112.36599335289475,183.00641961952903,460.7867715628945,910.9843600371429,595984.0,620058790.8651489,727.9779404176138,363.9889702088069,14.200458678434503,0.15569789720248203,0.21000312316015918,integer
