nameseq,average,median,maximum,minimum,peak,none_levated_peak,sample_standard_deviation,population_standard_deviation,percentile15,percentile25,percentile50,percentile75,amplitude,variance,interquartile_range,semi_interquartile_range,coefficient_of_variation,skewness,kurtosis,label
4_2591162_2591358,746.0,219.49845413182274,93636.0,2.310750466199866,0.08802502234137624,4.073063761862432,6641.122043751342,6658.0421273365155,37.156105003707204,77.5540950093043,219.49845413182274,369.1650369863067,93633.6892495338,44329524.969387755,291.61094197700237,145.80547098850118,8.902308369639869,0.2378370141670102,0.27009375222115073,integer
