nameseq,average,median,maximum,minimum,peak,none_levated_peak,sample_standard_deviation,population_standard_deviation,percentile15,percentile25,percentile50,percentile75,amplitude,variance,interquartile_range,semi_interquartile_range,coefficient_of_variation,skewness,kurtosis,label
4_26677387_26677529,632.9999999999994,119.21314989205233,69169.0,0.09650442320894176,0.07530279094260144,3.731681591503372,5753.065965204989,5773.287700542857,31.527461823429793,49.833247124938666,119.21314989205233,199.48170595796552,69168.90349557679,33330850.873239435,149.64845883302684,74.82422941651342,9.088571824968396,0.26791984650378,0.22536737327527423,integer
