nameseq,average,median,maximum,minimum,peak,none_levated_peak,sample_standard_deviation,population_standard_deviation,percentile15,percentile25,percentile50,percentile75,amplitude,variance,interquartile_range,semi_interquartile_range,coefficient_of_variation,skewness,kurtosis,label
4_26875427_26875581,596.0000000000002,137.30707040945308,58564.0,0.36465102311637937,0.08668903803131987,3.5585619754613083,4676.928906878958,4692.08916999888,37.80287630105749,72.93270984271221,137.30707040945308,299.0031567414365,58563.63534897688,22015700.77922078,226.0704468987243,113.03522344936215,7.8471961524814695,0.29422700583446254,0.24567543392780283,integer
