nameseq,average,median,maximum,minimum,peak,none_levated_peak,sample_standard_deviation,population_standard_deviation,percentile15,percentile25,percentile50,percentile75,amplitude,variance,interquartile_range,semi_interquartile_range,coefficient_of_variation,skewness,kurtosis,label
4_26795654_26795898,1087.0,213.42593195017534,194481.0,3.4572662752163787,0.07513032812020853,4.816707147551386,12384.121204187239,12409.47255355267,42.502053969721686,76.54079788832804,213.42593195017534,447.9472224397642,194477.54273372478,153995009.05737704,371.40642455143615,185.70321227571807,11.392935790420642,0.2116195538576748,0.27617827514708204,integer
