nameseq,average,median,maximum,minimum,peak,none_levated_peak,sample_standard_deviation,population_standard_deviation,percentile15,percentile25,percentile50,percentile75,amplitude,variance,interquartile_range,semi_interquartile_range,coefficient_of_variation,skewness,kurtosis,label
4_27566879_27566974,362.9999999999998,61.45948083315825,25281.0,1.0,0.08815426997245185,3.126607786615315,2558.576557384985,2572.0074977381096,12.427148650720245,21.063625482947113,61.45948083315825,164.68889257365782,25280.0,6615222.568421053,143.6252670907107,71.81263354535535,7.0484202682782,0.3535643891090368,0.2873848189721759,integer
