nameseq,average,median,maximum,minimum,peak,none_levated_peak,sample_standard_deviation,population_standard_deviation,percentile15,percentile25,percentile50,percentile75,amplitude,variance,interquartile_range,semi_interquartile_range,coefficient_of_variation,skewness,kurtosis,label
4_27938831_27938905,191.00000000000003,63.11823658162467,7225.0,1.1765838501778576,0.13089005235602091,2.5347060380939754,823.0540686977981,828.5965829626002,23.43052985118127,37.910490606791726,63.11823658162467,114.39486857541566,7223.823416149822,686572.2972972973,76.48437796862393,38.242188984311966,4.309183605747633,0.4661240431775201,0.17048447438566833,integer
