nameseq,average,median,maximum,minimum,peak,none_levated_peak,sample_standard_deviation,population_standard_deviation,percentile15,percentile25,percentile50,percentile75,amplitude,variance,interquartile_range,semi_interquartile_range,coefficient_of_variation,skewness,kurtosis,label
4_28252065_28283197,106170.00000000019,26041.00663200347,2103873424.0,0.8259860017128847,0.09774575366550482,59.524503027835344,11923319.718450312,11923511.213117724,6189.774263417445,10717.010193703612,26041.00663200347,52104.778132496234,2103873423.174014,142170119649344.12,41387.76793879262,20693.88396939631,112.30403803758398,0.020161078104113238,0.24675133710644254,integer
