nameseq,average,median,maximum,minimum,peak,none_levated_peak,sample_standard_deviation,population_standard_deviation,percentile15,percentile25,percentile50,percentile75,amplitude,variance,interquartile_range,semi_interquartile_range,coefficient_of_variation,skewness,kurtosis,label
4_2834870_2835048,533.9999999999999,152.14953937034335,54756.0,2.206838777182393,0.11173533083645446,4.110809826137601,4070.8227669600155,4082.241647081728,25.798168521957,51.34506724305633,152.14953937034335,331.7226379693581,54753.79316122282,16664696.86516854,280.37757072630177,140.18878536315088,7.623263608539356,0.28140536875901323,0.2786568937561277,integer
