nameseq,average,median,maximum,minimum,peak,none_levated_peak,sample_standard_deviation,population_standard_deviation,percentile15,percentile25,percentile50,percentile75,amplitude,variance,interquartile_range,semi_interquartile_range,coefficient_of_variation,skewness,kurtosis,label
4_28103871_28113165,29720.00000000006,7745.2841606182665,168117156.0,0.5723148556591775,0.10425078510542825,32.17574342199694,1743593.0103518998,1743686.809906012,1816.4841297309567,3303.434617443698,7745.2841606182665,15851.849446152177,168117155.42768514,3040443691040.2046,12548.414828708479,6274.2074143542395,58.66732874669907,0.03780936670814037,0.24573582179623824,integer
