nameseq,average,median,maximum,minimum,peak,none_levated_peak,sample_standard_deviation,population_standard_deviation,percentile15,percentile25,percentile50,percentile75,amplitude,variance,interquartile_range,semi_interquartile_range,coefficient_of_variation,skewness,kurtosis,label
4_28336261_28336325,210.99999999999986,69.1860090580324,8649.0,3.0679581732190315,0.10268562401263831,2.3276172273646045,1056.894507507727,1065.1194915360436,16.238182733225585,25.249265698664196,69.1860090580324,140.75580140374436,8645.932041826782,1134479.53125,115.50653570508015,57.75326785254008,5.0089787085674295,0.4025396761963889,0.3350707891665714,integer
