nameseq,average,median,maximum,minimum,peak,none_levated_peak,sample_standard_deviation,population_standard_deviation,percentile15,percentile25,percentile50,percentile75,amplitude,variance,interquartile_range,semi_interquartile_range,coefficient_of_variation,skewness,kurtosis,label
4_28575686_28576066,1731.9999999999998,238.7236613832985,465124.0,2.3084791453851237,0.0733256351039261,6.287752404624811,23785.84268004815,23817.119278279424,52.96697616982977,90.93764281510782,238.7236613832985,550.9288579082763,465121.6915208546,567255170.7157894,459.9912150931685,229.99560754658424,13.733165519658288,0.18834014317297398,0.2099210778330551,integer
