nameseq,average,median,maximum,minimum,peak,none_levated_peak,sample_standard_deviation,population_standard_deviation,percentile15,percentile25,percentile50,percentile75,amplitude,variance,interquartile_range,semi_interquartile_range,coefficient_of_variation,skewness,kurtosis,label
4_28353035_28353163,348.99999999999983,84.81179463984522,25281.0,1.336282329362464,0.12320916905444132,3.6539357727561166,2212.464688983759,2221.090315025483,21.202700302885685,37.177381367597995,84.81179463984522,206.71848941890897,25279.66371767064,4933242.1875,169.54110805131097,84.77055402565549,6.3394403695809745,0.35822701262839535,0.23080783243506822,integer
