nameseq,average,median,maximum,minimum,peak,none_levated_peak,sample_standard_deviation,population_standard_deviation,percentile15,percentile25,percentile50,percentile75,amplitude,variance,interquartile_range,semi_interquartile_range,coefficient_of_variation,skewness,kurtosis,label
4_43388455_43389164,2727.9999999999955,551.558938702864,1327104.0,0.6998560518903383,0.08675464320625625,8.682193174749527,49747.58321768004,49782.65377770571,118.89026797921707,234.11438532907266,551.558938702864,1197.5185471849563,1327103.300143948,2478312617.1509166,963.4041618558837,481.70208092794184,18.235917601788902,0.1312490529503935,0.2590482882153454,integer
