nameseq,average,median,maximum,minimum,peak,none_levated_peak,sample_standard_deviation,population_standard_deviation,percentile15,percentile25,percentile50,percentile75,amplitude,variance,interquartile_range,semi_interquartile_range,coefficient_of_variation,skewness,kurtosis,label
4_49674286_49675299,3707.0000000000055,825.1719169362007,2524921.0,5.502501794628177,0.0911788508227676,10.513760767882513,79226.8621239034,79265.95754307229,194.06662143855075,315.7613657575878,825.1719169362007,1638.4017625614301,2524915.4974982054,6283092025.220139,1322.6403968038423,661.3201984019212,21.372231487430074,0.10912314355793477,0.24544041493132826,integer
