nameseq,average,median,maximum,minimum,peak,none_levated_peak,sample_standard_deviation,population_standard_deviation,percentile15,percentile25,percentile50,percentile75,amplitude,variance,interquartile_range,semi_interquartile_range,coefficient_of_variation,skewness,kurtosis,label
4_55310269_55310376,243.0,52.851968065932994,12769.0,0.4451855406274189,0.14814814814814814,3.6400845836464892,1240.4450814123134,1246.2280735142156,18.534657017078256,24.66044884595269,52.851968065932994,134.7911474282952,12768.554814459372,1553084.4112149533,110.13069858234252,55.06534929117126,5.104712269186475,0.4598704967677567,0.21644461683857685,integer
