nameseq,average,median,maximum,minimum,peak,none_levated_peak,sample_standard_deviation,population_standard_deviation,percentile15,percentile25,percentile50,percentile75,amplitude,variance,interquartile_range,semi_interquartile_range,coefficient_of_variation,skewness,kurtosis,label
4_62870948_62879608,30585.999999999924,7300.254745697361,172291876.0,1.1529317405503914,0.09438959000850086,31.0652468787834,1851128.5936211997,1851235.4686303022,1715.5172847144445,3030.4523877931993,7300.254745697361,14755.313351291843,172291874.84706825,3427072760314.8545,11724.860963498644,5862.430481749322,60.52208832868647,0.03773764610607205,0.252001566932195,integer
