nameseq,average,median,maximum,minimum,peak,none_levated_peak,sample_standard_deviation,population_standard_deviation,percentile15,percentile25,percentile50,percentile75,amplitude,variance,interquartile_range,semi_interquartile_range,coefficient_of_variation,skewness,kurtosis,label
4_63446146_63446339,649.0,115.20211128767419,76729.0,0.4591160479682588,0.09964047252182846,4.305145054631134,5483.641673194922,5497.829644316697,35.060905256420014,65.21681485614626,115.20211128767419,425.1448597965483,76728.54088395204,30226130.79792746,359.92804494040206,179.96402247020103,8.449370836972145,0.29203105556019326,0.2779556493292374,integer
