nameseq,average,median,maximum,minimum,peak,none_levated_peak,sample_standard_deviation,population_standard_deviation,percentile15,percentile25,percentile50,percentile75,amplitude,variance,interquartile_range,semi_interquartile_range,coefficient_of_variation,skewness,kurtosis,label
5_114166010_114166686,2106.000000000001,484.5964608143889,813604.0,1.644659772338649,0.10715416270971821,8.507295985700253,31271.68492422498,31294.806321043074,128.40924436342016,201.19668423814448,484.5964608143889,1072.1305826912908,813602.3553402277,979364902.6715976,870.9338984531463,435.46694922657315,14.84885324037273,0.15554680310138064,0.2274532811391371,integer
