nameseq,average,median,maximum,minimum,peak,none_levated_peak,sample_standard_deviation,population_standard_deviation,percentile15,percentile25,percentile50,percentile75,amplitude,variance,interquartile_range,semi_interquartile_range,coefficient_of_variation,skewness,kurtosis,label
5_129605698_129609227,12758.000000000016,3098.309245551696,29052100.0,2.263915526050707,0.09222971207608287,19.3608299981887,488859.0067371164,488928.26493775245,704.9021419888145,1262.593139508856,3098.309245551696,5997.428061103366,29052097.736084472,239050848255.04108,4734.834921594511,2367.4174607972554,38.31784031487034,0.05927899836962284,0.23739781234020632,integer
