nameseq,average,median,maximum,minimum,peak,none_levated_peak,sample_standard_deviation,population_standard_deviation,percentile15,percentile25,percentile50,percentile75,amplitude,variance,interquartile_range,semi_interquartile_range,coefficient_of_variation,skewness,kurtosis,label
5_126274825_126275341,1488.9999999999986,424.28502227478066,452929.0,4.3389806917410985,0.11573763152003592,7.405235833519531,19883.23112575016,19902.488496971753,99.72112581157833,196.7583116464076,424.28502227478066,841.3906663323279,452924.66101930826,396109048.372093,644.6323546859203,322.31617734296015,13.353412441739543,0.1606451644088679,0.22035290345765055,integer
