nameseq,average,median,maximum,minimum,peak,none_levated_peak,sample_standard_deviation,population_standard_deviation,percentile15,percentile25,percentile50,percentile75,amplitude,variance,interquartile_range,semi_interquartile_range,coefficient_of_variation,skewness,kurtosis,label
5_124551476_124551704,808.9999999999999,237.87612425793708,114921.0,10.9199750924337,0.09435517099299548,4.398978249063122,7563.298486771495,7579.866520835589,86.53237721619087,123.51171021129412,237.87612425793708,380.3383281333731,114910.08002490757,57454376.473684214,256.826617922079,128.4133089610395,9.348947449655743,0.22653761850374446,0.23073733324253506,integer
