nameseq,average,median,maximum,minimum,peak,none_levated_peak,sample_standard_deviation,population_standard_deviation,percentile15,percentile25,percentile50,percentile75,amplitude,variance,interquartile_range,semi_interquartile_range,coefficient_of_variation,skewness,kurtosis,label
5_120755650_120766364,36158.999999999956,8128.781035182307,245204281.0,1.5104379774690544,0.09877669920812718,35.47268364673502,2368634.3559135506,2368744.892552009,1583.6370232814943,3030.0635281480395,8128.781035182307,17654.76342892839,245204279.48956203,5610952365991.228,14624.69990078035,7312.349950390175,65.50608025425353,0.03550174668560033,0.240909134988807,integer
