nameseq,average,median,maximum,minimum,peak,none_levated_peak,sample_standard_deviation,population_standard_deviation,percentile15,percentile25,percentile50,percentile75,amplitude,variance,interquartile_range,semi_interquartile_range,coefficient_of_variation,skewness,kurtosis,label
5_132115951_132115998,138.00000000000003,44.40376088693958,3844.0,3.43574626083568,0.11594202898550722,1.9539208632078142,542.5808695484941,548.322625949048,16.05292973132607,28.000000000000004,44.40376088693958,97.06846917145347,3840.5642537391645,300657.7021276596,69.06846917145347,34.534234585726736,3.931745431510826,0.5175057454068336,0.2689080649082523,integer
