nameseq,average,median,maximum,minimum,peak,none_levated_peak,sample_standard_deviation,population_standard_deviation,percentile15,percentile25,percentile50,percentile75,amplitude,variance,interquartile_range,semi_interquartile_range,coefficient_of_variation,skewness,kurtosis,label
5_135283267_135283415,512.0000000000002,129.8452757007709,49284.0,1.7931339539954918,0.09700520833333329,3.717069812114297,4012.6390318592075,4026.1724228326807,23.838719702991025,38.79608782993297,129.8452757007709,294.31424540955237,49282.206866046006,16210064.378378378,255.5181575796194,127.7590787898097,7.837185609100011,0.28571325848028944,0.3199939489564564,integer
