nameseq,average,median,maximum,minimum,peak,none_levated_peak,sample_standard_deviation,population_standard_deviation,percentile15,percentile25,percentile50,percentile75,amplitude,variance,interquartile_range,semi_interquartile_range,coefficient_of_variation,skewness,kurtosis,label
5_13015936_13025644,34524.999999999905,8423.76229226714,214827649.0,2.5858364775770633,0.09373883659184193,32.54048978021222,2180040.424739872,2180152.702463776,1838.0075875634884,3410.6197974256365,8423.76229226714,16846.257308008247,214827646.41416353,4753065806060.105,13435.637510582612,6717.818755291306,63.14382113656417,0.03591846840754877,0.24576649131580344,integer
