nameseq,average,median,maximum,minimum,peak,none_levated_peak,sample_standard_deviation,population_standard_deviation,percentile15,percentile25,percentile50,percentile75,amplitude,variance,interquartile_range,semi_interquartile_range,coefficient_of_variation,skewness,kurtosis,label
5_131462157_131471373,30671.999999999785,8225.4954047818,171295744.0,1.6853820446613803,0.10016736219787933,31.28691232979482,1784076.6066231574,1784173.396348259,1937.002018231593,3523.244627307222,8225.4954047818,16431.55300428032,171295742.31461796,3183274708236.8813,12908.308376973097,6454.154188486548,58.166295208110654,0.03774474343515552,0.24831648528453504,integer
