nameseq,average,median,maximum,minimum,peak,none_levated_peak,sample_standard_deviation,population_standard_deviation,percentile15,percentile25,percentile50,percentile75,amplitude,variance,interquartile_range,semi_interquartile_range,coefficient_of_variation,skewness,kurtosis,label
5_13378556_13384064,17753.000000000062,4398.433290758894,62236321.0,1.7397493772046468,0.10343791659625566,25.445867133152156,838378.2704984666,838454.3725519523,1012.393043229232,1808.7275991073038,4398.433290758894,8737.92062421599,62236319.26025062,703005734851.488,6929.193025108687,3464.5965125543435,47.22459699760399,0.04778714040847363,0.24901957902876298,integer
