nameseq,average,median,maximum,minimum,peak,none_levated_peak,sample_standard_deviation,population_standard_deviation,percentile15,percentile25,percentile50,percentile75,amplitude,variance,interquartile_range,semi_interquartile_range,coefficient_of_variation,skewness,kurtosis,label
5_134707676_134712414,17041.99999999992,4258.2773784727315,51065316.0,1.5396201019238538,0.0926925634706416,22.15257420139236,741654.4068054877,741732.6692872976,991.3838386447819,1753.7730520765979,4258.2773784727315,8387.090440180113,51065314.4603799,550167352688.0596,6633.3173881035145,3316.6586940517573,43.51921175950541,0.05171029459633461,0.23481965409121544,integer
