nameseq,average,median,maximum,minimum,peak,none_levated_peak,sample_standard_deviation,population_standard_deviation,percentile15,percentile25,percentile50,percentile75,amplitude,variance,interquartile_range,semi_interquartile_range,coefficient_of_variation,skewness,kurtosis,label
5_130026827_130026880,193.99999999999997,58.631235978945696,7396.0,0.41189678795854884,0.09278350515463919,2.1228108997047683,989.9585849923218,999.2541747025015,13.103317981910886,28.77272737993696,58.631235978945696,88.77228986139713,7395.5881032120415,998508.9056603773,59.99956248146017,29.999781240730083,5.102879304084134,0.41022553692618635,0.265169874046939,integer
