nameseq,average,median,maximum,minimum,peak,none_levated_peak,sample_standard_deviation,population_standard_deviation,percentile15,percentile25,percentile50,percentile75,amplitude,variance,interquartile_range,semi_interquartile_range,coefficient_of_variation,skewness,kurtosis,label
5_130995688_130996766,3635.0,977.7415701086138,2380849.0,0.48578316839642305,0.09894543787253554,10.321626468726201,72417.25246099854,72450.83338209898,214.40001736443492,418.61754078136755,977.7415701086138,2008.150472365336,2380848.5142168314,5249123257.760668,1589.5329315839685,794.7664657919843,19.92221525749616,0.11008116186080774,0.2547373895232575,integer
