nameseq,average,median,maximum,minimum,peak,none_levated_peak,sample_standard_deviation,population_standard_deviation,percentile15,percentile25,percentile50,percentile75,amplitude,variance,interquartile_range,semi_interquartile_range,coefficient_of_variation,skewness,kurtosis,label
5_13532346_13532670,1162.0000000000023,235.62478076189595,248004.0,1.8180500033965836,0.093230063109581,5.765770953381943,13720.381991766848,13741.539108407807,45.92908561005843,105.65556596080091,235.62478076189595,527.9788847323938,248002.1819499966,188829897.06790122,422.3233187715929,211.16165938579644,11.80755765212291,0.20255453961719005,0.2101174967395632,integer
