nameseq,average,median,maximum,minimum,peak,none_levated_peak,sample_standard_deviation,population_standard_deviation,percentile15,percentile25,percentile50,percentile75,amplitude,variance,interquartile_range,semi_interquartile_range,coefficient_of_variation,skewness,kurtosis,label
5_134935977_134936358,1342.9999999999998,325.8978149521804,339889.0,1.0548726984569097,0.0948126085877389,6.218561900148505,17349.602589108486,17372.356176051984,81.51587759446922,154.7209970808566,325.8978149521804,631.770849727467,339887.94512730156,301798759.10761154,477.04985264661036,238.52492632330518,12.9185425086437,0.1758718414137606,0.23761258743388794,integer
