nameseq,average,median,maximum,minimum,peak,none_levated_peak,sample_standard_deviation,population_standard_deviation,percentile15,percentile25,percentile50,percentile75,amplitude,variance,interquartile_range,semi_interquartile_range,coefficient_of_variation,skewness,kurtosis,label
5_146993120_146993848,2680.9999999999995,672.9818497473196,1216609.0,0.7249118533767592,0.0906378217083178,8.168060821181871,45002.44811118614,45033.34577916607,179.39640393262175,317.8546387811585,672.9818497473196,1375.4986830717064,1216608.2750881466,2028002232.0659342,1057.644044290548,528.822022145274,16.785694931438325,0.13386059433643693,0.22067290686768368,integer
