nameseq,average,median,maximum,minimum,peak,none_levated_peak,sample_standard_deviation,population_standard_deviation,percentile15,percentile25,percentile50,percentile75,amplitude,variance,interquartile_range,semi_interquartile_range,coefficient_of_variation,skewness,kurtosis,label
5_144521394_144530413,28636.999999999847,7684.809914055819,158785201.0,0.47922189530241355,0.1049923758308022,31.903693835455453,1671716.1935448255,1671808.868445445,1715.7527325513483,3210.062663523666,7684.809914055819,15019.82516444284,158785200.52077812,2794944892612.8394,11809.762500919174,5904.881250459587,58.376093639167316,0.03760002475333242,0.24269103481839155,integer
