nameseq,average,median,maximum,minimum,peak,none_levated_peak,sample_standard_deviation,population_standard_deviation,percentile15,percentile25,percentile50,percentile75,amplitude,variance,interquartile_range,semi_interquartile_range,coefficient_of_variation,skewness,kurtosis,label
5_155141451_155141583,477.9999999999999,110.1874948442818,41616.0,0.5235959530867964,0.09274755927475596,3.5760498198935715,3586.899775572214,3600.4608816936284,17.165830116517895,28.522718126165376,110.1874948442818,215.67767493716852,41615.476404046916,12963318.56060606,187.15495681100313,93.57747840550157,7.503974425883294,0.30762987106076145,0.2510143355979174,integer
