nameseq,average,median,maximum,minimum,peak,none_levated_peak,sample_standard_deviation,population_standard_deviation,percentile15,percentile25,percentile50,percentile75,amplitude,variance,interquartile_range,semi_interquartile_range,coefficient_of_variation,skewness,kurtosis,label
5_1577299_1577535,917.0000000000007,222.8652326504196,149769.0,2.6221855595156613,0.08615049073064333,4.744919580628268,9693.02780352971,9713.54217103496,50.20553570699224,81.2985169758816,222.8652326504196,427.6094874355542,149766.3778144405,94352901.50847457,346.3109704596726,173.1554852298363,10.5703683789855,0.2148352758557483,0.2608364391293274,integer
