nameseq,average,median,maximum,minimum,peak,none_levated_peak,sample_standard_deviation,population_standard_deviation,percentile15,percentile25,percentile50,percentile75,amplitude,variance,interquartile_range,semi_interquartile_range,coefficient_of_variation,skewness,kurtosis,label
5_158341697_158366350,82805.9999999996,20204.75781611813,1294272576.0,2.5406457098155415,0.09924401613409703,53.23105268588308,8242698.954176476,8242866.1268404275,4800.65945973503,8504.767693154965,20204.75781611813,41137.84626081025,1294272573.4593544,67944841985013.305,32633.078567655284,16316.539283827642,99.54229106799646,0.022784251565621787,0.2482660009585007,integer
