nameseq,average,median,maximum,minimum,peak,none_levated_peak,sample_standard_deviation,population_standard_deviation,percentile15,percentile25,percentile50,percentile75,amplitude,variance,interquartile_range,semi_interquartile_range,coefficient_of_variation,skewness,kurtosis,label
5_157670878_157672133,4107.000000000002,1125.6952659946364,3129361.0,4.855862581007934,0.10193977761545325,11.358704184537341,88236.04835893321,88271.19516309901,258.7879116985681,472.5612890583197,1125.6952659946364,2144.276381752279,3129356.144137419,7791803895.521913,1671.7150926939594,835.8575463469797,21.48430688067523,0.10136349449414792,0.24543555807671022,integer
