nameseq,average,median,maximum,minimum,peak,none_levated_peak,sample_standard_deviation,population_standard_deviation,percentile15,percentile25,percentile50,percentile75,amplitude,variance,interquartile_range,semi_interquartile_range,coefficient_of_variation,skewness,kurtosis,label
5_15986759_15989513,9055.999999999976,2312.8636130070004,15602500.0,2.918428451345022,0.10140606595995315,17.34968277922184,297159.8371853101,297213.782876448,526.9206543363467,968.960828551777,2312.8636130070004,4743.766941456106,15602497.08157155,88336032731.7284,3774.806112904329,1887.4030564521645,32.81358626162885,0.06807585221674416,0.25114368933743625,integer
