nameseq,average,median,maximum,minimum,peak,none_levated_peak,sample_standard_deviation,population_standard_deviation,percentile15,percentile25,percentile50,percentile75,amplitude,variance,interquartile_range,semi_interquartile_range,coefficient_of_variation,skewness,kurtosis,label
5_16767890_16767962,230.99999999999994,76.7946706176448,10201.0,4.679560285358035,0.10533910533910536,2.4064588527128397,1177.1584430313533,1185.3049654460708,20.150205962425677,38.67775807330585,76.7946706176448,138.8803999699646,10196.320439714642,1404947.861111111,100.20264189665875,50.10132094832937,5.095923995806725,0.3929938156462289,0.24479626704595753,integer
