nameseq,average,median,maximum,minimum,peak,none_levated_peak,sample_standard_deviation,population_standard_deviation,percentile15,percentile25,percentile50,percentile75,amplitude,variance,interquartile_range,semi_interquartile_range,coefficient_of_variation,skewness,kurtosis,label
5_1602871_1602992,429.9999999999999,108.02854357295084,35344.0,0.07799012125000182,0.09457364341085273,3.4088122045273,3176.84529053588,3189.9457390654497,21.325921207079197,30.683724554274278,108.02854357295084,207.37250636566617,35343.92200987875,10175753.818181818,176.6887818113919,88.34439090569595,7.3880123035718155,0.3040482871982141,0.2856718245223504,integer
