nameseq,average,median,maximum,minimum,peak,none_levated_peak,sample_standard_deviation,population_standard_deviation,percentile15,percentile25,percentile50,percentile75,amplitude,variance,interquartile_range,semi_interquartile_range,coefficient_of_variation,skewness,kurtosis,label
5_177541070_177541247,673.0,127.37932225423037,87025.0,2.0986900611586305,0.08816245666171373,4.344837341306358,6493.612707884571,6511.930410586126,31.20987504478412,61.77382516925823,127.37932225423037,255.62741183827612,87022.90130993884,42405237.67231639,193.8535866690179,96.92679333450894,9.648755880957758,0.25207262996295177,0.2439505484750148,integer
