nameseq,average,median,maximum,minimum,peak,none_levated_peak,sample_standard_deviation,population_standard_deviation,percentile15,percentile25,percentile50,percentile75,amplitude,variance,interquartile_range,semi_interquartile_range,coefficient_of_variation,skewness,kurtosis,label
5_182108516_182108620,303.0000000000002,91.90792455022186,18769.0,2.591638882715418,0.11551155115511542,3.1657566394993144,1814.93305661669,1823.6378214563751,18.134771834479448,33.11845640515974,91.90792455022186,175.0,18766.408361117283,3325654.903846154,141.88154359484025,70.94077179742013,5.989878074642537,0.34892539096172387,0.22267925614837858,integer
