nameseq,average,median,maximum,minimum,peak,none_levated_peak,sample_standard_deviation,population_standard_deviation,percentile15,percentile25,percentile50,percentile75,amplitude,variance,interquartile_range,semi_interquartile_range,coefficient_of_variation,skewness,kurtosis,label
5_2036868_2037430,1503.999999999998,408.90641743336886,490000.0,0.12048171071483528,0.12477836879432641,8.046113963448299,20617.04013674126,20635.37454688893,91.20077362036942,180.45390781442399,408.90641743336886,836.2858911925437,489999.8795182893,425818682.6903915,655.8319833781197,327.91599168905987,13.70813838879075,0.15934783683353493,0.2404643769536102,integer
