nameseq,average,median,maximum,minimum,peak,none_levated_peak,sample_standard_deviation,population_standard_deviation,percentile15,percentile25,percentile50,percentile75,amplitude,variance,interquartile_range,semi_interquartile_range,coefficient_of_variation,skewness,kurtosis,label
5_202843834_202844085,721.0000000000003,261.3873463844516,103041.0,3.794267729203962,0.11650485436893199,4.834591621425039,6463.318497490279,6476.180835580446,62.07588413858009,132.90370912182922,261.3873463844516,446.6565574107552,103037.2057322708,41940918.21513944,313.752848288926,156.876424144463,8.964380717739633,0.21333281987914599,0.25839588116792667,integer
