nameseq,average,median,maximum,minimum,peak,none_levated_peak,sample_standard_deviation,population_standard_deviation,percentile15,percentile25,percentile50,percentile75,amplitude,variance,interquartile_range,semi_interquartile_range,coefficient_of_variation,skewness,kurtosis,label
5_207656065_207656305,760.9999999999998,199.7651832771482,117649.0,2.364591972693026,0.10556285589137103,5.034701865460755,7550.411379520986,7566.125051834658,36.25877392010358,80.56672509945977,199.7651832771482,377.40699556943224,117646.6354080273,57246248.3,296.84027046997244,148.42013523498622,9.921696950750313,0.2229950615320476,0.21386369908675462,integer
