nameseq,average,median,maximum,minimum,peak,none_levated_peak,sample_standard_deviation,population_standard_deviation,percentile15,percentile25,percentile50,percentile75,amplitude,variance,interquartile_range,semi_interquartile_range,coefficient_of_variation,skewness,kurtosis,label
5_23729527_23729961,1529.0000000000011,362.1837409102685,408321.0,2.9727833609051153,0.09483322432962714,6.358876563004272,19537.00150995541,19559.496625650874,101.70386393926421,164.19138045318078,362.1837409102685,777.2399248065944,408318.0272166391,382573908.2488479,613.0485443534137,306.52427217670686,12.777633427047348,0.17917021583304302,0.21737276924328738,integer
