nameseq,average,median,maximum,minimum,peak,none_levated_peak,sample_standard_deviation,population_standard_deviation,percentile15,percentile25,percentile50,percentile75,amplitude,variance,interquartile_range,semi_interquartile_range,coefficient_of_variation,skewness,kurtosis,label
5_32304239_32304311,311.9999999999998,53.88570748967772,18496.0,0.5394672135909289,0.07799145299145305,2.845298073619444,2143.6772145078185,2158.51252795376,5.455974347193136,11.60158250759375,53.88570748967772,93.57566116260642,18495.46053278641,4659176.333333333,81.97407865501268,40.98703932750634,6.870760302909679,0.3612217699056679,0.30712732181842917,integer
