nameseq,average,median,maximum,minimum,peak,none_levated_peak,sample_standard_deviation,population_standard_deviation,percentile15,percentile25,percentile50,percentile75,amplitude,variance,interquartile_range,semi_interquartile_range,coefficient_of_variation,skewness,kurtosis,label
5_35164898_35165163,871.0000000000014,219.873214868817,146689.0,1.0,0.10179869881362404,5.1719681017153,8963.716974559158,8980.613722777294,41.48184235894332,89.41872318451315,219.873214868817,446.0091879632006,146688.0,80651422.83773585,356.5904647786874,178.2952323893437,10.291293885831394,0.21792079791649396,0.2832186273798441,integer
