nameseq,average,median,maximum,minimum,peak,none_levated_peak,sample_standard_deviation,population_standard_deviation,percentile15,percentile25,percentile50,percentile75,amplitude,variance,interquartile_range,semi_interquartile_range,coefficient_of_variation,skewness,kurtosis,label
5_37518931_37519355,1620.0000000000023,432.48594062959455,451584.0,1.1269013505403267,0.08744855967078176,6.238738125886967,21858.685779341813,21884.447350779883,91.46976146500057,210.17574432805196,432.48594062959455,754.4641936234361,451582.87309864943,478929035.8490566,544.2884492953842,272.1442246476921,13.49301591317394,0.16298062079642991,0.23755752428206434,integer
