nameseq,average,median,maximum,minimum,peak,none_levated_peak,sample_standard_deviation,population_standard_deviation,percentile15,percentile25,percentile50,percentile75,amplitude,variance,interquartile_range,semi_interquartile_range,coefficient_of_variation,skewness,kurtosis,label
5_42055509_42055869,1183.9999999999998,348.44749865119286,258064.0,0.14649207706396186,0.1016328828828829,5.8579847557625655,13546.666010498673,13565.467776674714,62.121551131573995,112.3946345242856,348.44749865119286,725.0608342359043,258063.85350792293,184021916.0,612.6661997116187,306.33309985580934,11.441440887245504,0.18503870266704442,0.3040409460609547,integer
