nameseq,average,median,maximum,minimum,peak,none_levated_peak,sample_standard_deviation,population_standard_deviation,percentile15,percentile25,percentile50,percentile75,amplitude,variance,interquartile_range,semi_interquartile_range,coefficient_of_variation,skewness,kurtosis,label
5_4285179_4302879,58571.99999999997,14839.017080258409,640697344.0,5.851826492223433,0.10073641557968545,44.36880058011592,4815403.024909546,4815539.051322333,3565.153811291918,6342.013955364254,14839.017080258409,30201.376632053085,640697338.1481735,23189416354810.39,23859.36267668883,11929.681338344415,82.21339590434931,0.027245683918988104,0.24892268753328525,integer
