nameseq,average,median,maximum,minimum,peak,none_levated_peak,sample_standard_deviation,population_standard_deviation,percentile15,percentile25,percentile50,percentile75,amplitude,variance,interquartile_range,semi_interquartile_range,coefficient_of_variation,skewness,kurtosis,label
5_43060632_43060741,366.9999999999999,101.76865865076545,23409.0,1.7908556788538972,0.09990917347865579,2.9538826706529515,2211.981012576736,2222.1045483624775,28.265139468036473,53.38694596170297,101.76865865076545,222.74015459841257,23407.209144321147,4937748.623853211,169.3532086367096,84.6766043183548,6.02719621955514,0.3597200968379017,0.24353947370208856,integer
