nameseq,average,median,maximum,minimum,peak,none_levated_peak,sample_standard_deviation,population_standard_deviation,percentile15,percentile25,percentile50,percentile75,amplitude,variance,interquartile_range,semi_interquartile_range,coefficient_of_variation,skewness,kurtosis,label
5_44898955_44899002,100.00000000000004,35.25142248468859,2116.0,3.9999999999999973,0.15999999999999992,2.2266505205125298,303.1270360756361,306.3348189099563,5.823332696662873,9.061696080189208,35.25142248468859,56.76099886907661,2112.0,93841.02127659574,47.6993027888874,23.8496513944437,3.03127036075636,0.6408063598044295,0.10937099483008485,integer
