nameseq,average,median,maximum,minimum,peak,none_levated_peak,sample_standard_deviation,population_standard_deviation,percentile15,percentile25,percentile50,percentile75,amplitude,variance,interquartile_range,semi_interquartile_range,coefficient_of_variation,skewness,kurtosis,label
5_44710672_44710755,280.00000000000006,77.88005540348121,14884.0,3.919243643399055,0.09999999999999998,2.7154519258013385,1605.8256443337798,1615.470329514649,14.856463803678082,21.21414045120573,77.88005540348121,189.0,14880.080756356601,2609744.3855421687,167.78585954879426,83.89292977439713,5.735091586906355,0.3776000438958747,0.36579985048441954,integer
