nameseq,average,median,maximum,minimum,peak,none_levated_peak,sample_standard_deviation,population_standard_deviation,percentile15,percentile25,percentile50,percentile75,amplitude,variance,interquartile_range,semi_interquartile_range,coefficient_of_variation,skewness,kurtosis,label
5_47300332_47346969,153020.9999999981,39138.3922962669,4423713120.999998,0.004689697315484708,0.10159389887662604,72.76173576469532,20483715.238048196,20483934.844856467,9101.56962507913,16089.94120924778,39138.3922962669,78678.64213773527,4423713120.995308,419591586728324.94,62588.70092848749,31294.350464243744,133.86211851999693,0.016678996907581876,0.24689365977331137,integer
