nameseq,average,median,maximum,minimum,peak,none_levated_peak,sample_standard_deviation,population_standard_deviation,percentile15,percentile25,percentile50,percentile75,amplitude,variance,interquartile_range,semi_interquartile_range,coefficient_of_variation,skewness,kurtosis,label
5_59633737_59633852,323.99999999999994,107.07540598468665,22500.0,0.0,0.11934156378600824,3.4144080170057407,2072.905690088191,2081.8988155673824,22.38188664832481,40.9894519270916,107.07540598468665,163.36428781807598,22500.0,4334302.678260869,122.37483589098437,61.187417945492186,6.397857068173431,0.3139427833874357,0.21477938548081849,integer
