nameseq,average,median,maximum,minimum,peak,none_levated_peak,sample_standard_deviation,population_standard_deviation,percentile15,percentile25,percentile50,percentile75,amplitude,variance,interquartile_range,semi_interquartile_range,coefficient_of_variation,skewness,kurtosis,label
5_60855565_60855843,1066.0000000000005,194.07801750704792,204304.0,0.1338058832943398,0.08724202626641647,5.276910871535464,12193.800638029143,12215.712247144495,46.89302081067991,82.30294622469458,194.07801750704792,501.1078963667924,204303.8661941167,149223625.70503598,418.8049501420978,209.4024750710489,11.43883737150951,0.21451605000995314,0.26947369853605924,integer
