nameseq,average,median,maximum,minimum,peak,none_levated_peak,sample_standard_deviation,population_standard_deviation,percentile15,percentile25,percentile50,percentile75,amplitude,variance,interquartile_range,semi_interquartile_range,coefficient_of_variation,skewness,kurtosis,label
5_68110947_68112082,3400.999999999995,952.8364975681985,2277081.0,1.2312147676813452,0.11133980201901418,10.98607865427058,67505.88833575927,67535.62006516193,262.16338773973933,421.00571073768714,952.8364975681985,1939.3223222969423,2277079.768785232,4561059977.585903,1518.316611559255,759.1583057796275,19.848835147238862,0.10879777584387199,0.2632402543406014,integer
