nameseq,average,median,maximum,minimum,peak,none_levated_peak,sample_standard_deviation,population_standard_deviation,percentile15,percentile25,percentile50,percentile75,amplitude,variance,interquartile_range,semi_interquartile_range,coefficient_of_variation,skewness,kurtosis,label
5_74067249_74067395,438.0000000000001,116.82358128998035,37636.0,0.5795387280997505,0.11187214611872143,3.7796339431061394,3084.848456569626,3095.3949777844427,25.779792847893525,45.19506101183591,116.82358128998035,208.1923850118725,37635.4204612719,9581470.06849315,162.99732400003657,81.49866200001829,7.043033005866723,0.3123424925714215,0.1660346863142569,integer
