nameseq,average,median,maximum,minimum,peak,none_levated_peak,sample_standard_deviation,population_standard_deviation,percentile15,percentile25,percentile50,percentile75,amplitude,variance,interquartile_range,semi_interquartile_range,coefficient_of_variation,skewness,kurtosis,label
5_79404677_79405021,1309.0000000000002,297.28075225801115,286225.0,1.7818050353253077,0.08785332314744078,5.575333944738999,15371.39160908992,15393.71753459455,70.58938183705372,133.5289088195907,297.28075225801115,659.8315632931929,286223.2181949647,236966539.5348837,526.3026544736022,263.1513272368011,11.742850732689012,0.19745497482681512,0.2650713678850387,integer
