nameseq,average,median,maximum,minimum,peak,none_levated_peak,sample_standard_deviation,population_standard_deviation,percentile15,percentile25,percentile50,percentile75,amplitude,variance,interquartile_range,semi_interquartile_range,coefficient_of_variation,skewness,kurtosis,label
5_80590447_80591431,4874.9999999999845,798.8147910935882,3690241.0,3.0670922053950376,0.06735042735042757,10.297031066464738,117490.06195419253,117549.74702888509,183.0397910786489,342.06571825306327,798.8147910935882,1630.2181259330764,3690237.9329077946,13817943026.554878,1288.152407680013,644.0762038400065,24.10052552906521,0.10408161697528856,0.26803106046604475,integer
