nameseq,average,median,maximum,minimum,peak,none_levated_peak,sample_standard_deviation,population_standard_deviation,percentile15,percentile25,percentile50,percentile75,amplitude,variance,interquartile_range,semi_interquartile_range,coefficient_of_variation,skewness,kurtosis,label
5_80685893_80686056,513.0000000000001,169.94816694805604,49729.0,0.9257947650099311,0.10656270305393109,3.817840224287322,3859.234380029282,3871.054421122021,32.61669352790559,61.14534892473039,169.94816694805604,283.69451253003814,49728.07420523499,14985062.331288343,222.54916360530774,111.27458180265387,7.522874035144797,0.26667348956090703,0.24244067054476306,integer
