nameseq,average,median,maximum,minimum,peak,none_levated_peak,sample_standard_deviation,population_standard_deviation,percentile15,percentile25,percentile50,percentile75,amplitude,variance,interquartile_range,semi_interquartile_range,coefficient_of_variation,skewness,kurtosis,label
5_91773407_91773552,506.9999999999993,104.71914599815085,53361.0,1.0,0.09598948060486534,4.080057256272998,4391.426419741084,4406.543250745379,14.009428855416457,37.37519232442807,104.71914599815085,189.5628941901452,53360.0,19417623.420689654,152.18770186571712,76.09385093285856,8.66159057148144,0.2748178943817304,0.2202394133536938,integer
