nameseq,average,median,maximum,minimum,peak,none_levated_peak,sample_standard_deviation,population_standard_deviation,percentile15,percentile25,percentile50,percentile75,amplitude,variance,interquartile_range,semi_interquartile_range,coefficient_of_variation,skewness,kurtosis,label
5_94713738_94713931,565.0000000000003,167.37060049425284,65025.0,0.03627362244011995,0.11445427728613564,4.411201977719485,4645.741706121855,4657.761756499669,31.624451335897245,62.44244993694497,167.37060049425284,342.18314224097196,65024.96372637756,21694744.58031088,279.740692304027,139.8703461520135,8.222551692251065,0.25677023691294165,0.2630048753890513,integer
