nameseq,average,median,maximum,minimum,peak,none_levated_peak,sample_standard_deviation,population_standard_deviation,percentile15,percentile25,percentile50,percentile75,amplitude,variance,interquartile_range,semi_interquartile_range,coefficient_of_variation,skewness,kurtosis,label
5_9453668_9458330,15288.999999999945,3691.5720646733294,46416969.0,0.061821014312788185,0.10166350535243239,23.493470170050795,679611.8773123376,679684.7618508402,836.9396560175605,1509.5674769093634,3691.5720646733294,7509.583804566283,46416968.93817899,461971375492.2334,6000.01632765692,3000.00816382846,44.45103520912683,0.05119434337076767,0.2610802365294396,integer
