nameseq,average,median,maximum,minimum,peak,none_levated_peak,sample_standard_deviation,population_standard_deviation,percentile15,percentile25,percentile50,percentile75,amplitude,variance,interquartile_range,semi_interquartile_range,coefficient_of_variation,skewness,kurtosis,label
5_95675958_95676014,183.00000000000006,51.559040661973576,6889.0,0.6884389562732337,0.10382513661202182,2.3502929561786003,899.1651683645224,907.1579048245759,2.643754997150316,16.019607440186373,51.559040661973576,85.944424403098,6888.311561043727,822935.4642857143,69.92481696291162,34.96240848145581,4.913470865379902,0.4385433198344496,0.28248930530724486,integer
