nameseq,average,median,maximum,minimum,peak,none_levated_peak,sample_standard_deviation,population_standard_deviation,percentile15,percentile25,percentile50,percentile75,amplitude,variance,interquartile_range,semi_interquartile_range,coefficient_of_variation,skewness,kurtosis,label
5_9522403_9522840,1622.0,370.6678292914358,454276.0,0.44484054423690994,0.09001233045622688,6.3650350309429236,21660.94582422476,21685.715352985462,100.66350711219094,169.96593647710444,370.6678292914358,843.5733124889481,454275.55515945575,470270250.37070936,673.6073760118436,336.8036880059218,13.354467215921554,0.17330713730548963,0.24845449576014364,integer
