nameseq,average,median,maximum,minimum,peak,none_levated_peak,sample_standard_deviation,population_standard_deviation,percentile15,percentile25,percentile50,percentile75,amplitude,variance,interquartile_range,semi_interquartile_range,coefficient_of_variation,skewness,kurtosis,label
5_96575088_96581591,21258.000000000065,5238.334449282748,86229796.0,1.9723461200098396,0.10198513500799668,27.154766943252305,1069077.371142987,1069159.566766154,1280.1695253653352,2214.744393624297,5238.334449282748,10649.050230881323,86229794.02765387,1143102179207.5903,8434.305837257027,4217.152918628513,50.29059041974709,0.04495371237796423,0.23422533074994262,integer
