nameseq,average,median,maximum,minimum,peak,none_levated_peak,sample_standard_deviation,population_standard_deviation,percentile15,percentile25,percentile50,percentile75,amplitude,variance,interquartile_range,semi_interquartile_range,coefficient_of_variation,skewness,kurtosis,label
5_962414_962494,267.0,76.3006871267312,12321.0,0.18894540599852347,0.10112359550561797,2.5527319110341145,1353.485131059813,1361.9181418132296,12.543039075275008,37.89407918035729,76.3006871267312,166.75521465717094,12320.811054594002,1854821.025,128.86113547681364,64.43056773840682,5.069232700598551,0.4226850561497039,0.21441365552447464,integer
