nameseq,average,median,maximum,minimum,peak,none_levated_peak,sample_standard_deviation,population_standard_deviation,percentile15,percentile25,percentile50,percentile75,amplitude,variance,interquartile_range,semi_interquartile_range,coefficient_of_variation,skewness,kurtosis,label
6_119090270_119090434,595.0000000000005,145.1081944957253,61009.0,1.4685156049957055,0.0924369747899159,3.802913747455598,4724.211045243428,4738.592238464819,24.063393600700266,56.40780007224788,145.1081944957253,258.9316257738144,61007.531484395004,22454256.402439024,202.52382570156652,101.26191285078326,7.939850496207436,0.2856932943060929,0.18814421729057557,integer
