nameseq,average,median,maximum,minimum,peak,none_levated_peak,sample_standard_deviation,population_standard_deviation,percentile15,percentile25,percentile50,percentile75,amplitude,variance,interquartile_range,semi_interquartile_range,coefficient_of_variation,skewness,kurtosis,label
6_119620560_119620987,1218.0000000000014,355.82994409432683,304704.0,2.7926766936859186,0.11713191023535838,6.6406069816659645,14695.821242788716,14713.01940109356,107.16442338811459,165.77051471898213,355.82994409432683,689.1081293277717,304701.2073233063,216472939.8969555,523.3376146087896,261.6688073043948,12.065534682092528,0.17600310489529342,0.271989171734093,integer
