nameseq,average,median,maximum,minimum,peak,none_levated_peak,sample_standard_deviation,population_standard_deviation,percentile15,percentile25,percentile50,percentile75,amplitude,variance,interquartile_range,semi_interquartile_range,coefficient_of_variation,skewness,kurtosis,label
6_121795109_121795168,183.99999999999994,52.530733730572074,6724.0,2.7938295740771193,0.10869565217391308,2.3301273870648487,856.2289413468807,863.4546301370356,9.17434190511081,15.646964372517749,52.530733730572074,79.10691578024716,6721.206170425923,745553.8983050848,63.45995140772941,31.729975703864707,4.653418159493918,0.4606335756274077,0.15857002621769528,integer
