nameseq,average,median,maximum,minimum,peak,none_levated_peak,sample_standard_deviation,population_standard_deviation,percentile15,percentile25,percentile50,percentile75,amplitude,variance,interquartile_range,semi_interquartile_range,coefficient_of_variation,skewness,kurtosis,label
6_128833234_128833404,671.9999999999997,178.67274147665674,75076.0,9.129682270905892,0.08482142857142862,3.6836961603726563,5710.06654952462,5726.836237759698,58.073521736552536,82.0737894694609,178.67274147665674,315.2949535558916,75066.87031772909,32796653.29411765,233.2211640864307,116.61058204321535,8.497122841554498,0.2591881833134224,0.24165627954493388,integer
