nameseq,average,median,maximum,minimum,peak,none_levated_peak,sample_standard_deviation,population_standard_deviation,percentile15,percentile25,percentile50,percentile75,amplitude,variance,interquartile_range,semi_interquartile_range,coefficient_of_variation,skewness,kurtosis,label
6_121586459_121587553,3312.99999999999,884.7194941524499,2193361.0,2.900356511958612,0.1101720495019623,11.056364827017372,66228.24941065557,66258.51134936555,180.26601202764934,345.37245404385783,884.7194941524499,1793.1662539853016,2193358.099643488,4390190326.234004,1447.793799941444,723.896899970722,19.990416363011096,0.10999598483076543,0.24450911536095193,integer
