nameseq,average,median,maximum,minimum,peak,none_levated_peak,sample_standard_deviation,population_standard_deviation,percentile15,percentile25,percentile50,percentile75,amplitude,variance,interquartile_range,semi_interquartile_range,coefficient_of_variation,skewness,kurtosis,label
6_12730610_12730663,133.00000000000006,44.354278806012786,3969.0,2.3703926199668235,0.1353383458646616,2.2558744005325715,529.7942997050836,534.7690032083506,10.725118990101983,17.386260147645405,44.354278806012786,87.36032560459486,3966.629607380033,285977.88679245283,69.97406545694946,34.98703272847473,3.9834157872562663,0.501963051942988,0.27001927612143434,integer
