nameseq,average,median,maximum,minimum,peak,none_levated_peak,sample_standard_deviation,population_standard_deviation,percentile15,percentile25,percentile50,percentile75,amplitude,variance,interquartile_range,semi_interquartile_range,coefficient_of_variation,skewness,kurtosis,label
6_120708699_120714557,18481.999999999913,5033.828200556895,65060356.0,8.724169265014822,0.10567038199329126,25.298292537623464,849837.733552706,849910.2669658498,1176.4915350046863,2009.1417598026562,5033.828200556895,10060.855180598195,65060347.27583074,722347461893.9622,8051.713420795539,4025.8567103977693,45.98191394614814,0.04747319847716191,0.25236434670544794,integer
