nameseq,average,median,maximum,minimum,peak,none_levated_peak,sample_standard_deviation,population_standard_deviation,percentile15,percentile25,percentile50,percentile75,amplitude,variance,interquartile_range,semi_interquartile_range,coefficient_of_variation,skewness,kurtosis,label
6_138658115_138670529,41012.0,10234.914481128479,318336964.0,0.363886478350406,0.100905426054163,37.4248966660427,2856818.6463533174,2856933.7084250296,2385.0455327496406,4345.269390214187,10234.914481128479,21229.681995255978,318336963.6361135,8162070214335.192,16884.41260504179,8442.206302520895,69.65811582837505,0.032319607222696445,0.24901247350621936,integer
