nameseq,average,median,maximum,minimum,peak,none_levated_peak,sample_standard_deviation,population_standard_deviation,percentile15,percentile25,percentile50,percentile75,amplitude,variance,interquartile_range,semi_interquartile_range,coefficient_of_variation,skewness,kurtosis,label
6_143317003_143317427,1374.0,352.7644445554396,331776.0,0.5967243932977255,0.10310528869480834,6.245198205496629,16059.385231072827,16078.312032256488,112.02226443019299,149.8672663752194,352.7644445554396,783.1847610464945,331775.4032756067,258512117.80660376,633.3174946712751,316.65874733563754,11.688053297724037,0.19077359576665529,0.24872746404782273,integer
