nameseq,average,median,maximum,minimum,peak,none_levated_peak,sample_standard_deviation,population_standard_deviation,percentile15,percentile25,percentile50,percentile75,amplitude,variance,interquartile_range,semi_interquartile_range,coefficient_of_variation,skewness,kurtosis,label
6_141140596_141155849,52542.999999999454,13069.559036093802,513249025.0,0.6303026564618754,0.09677153315697086,41.32317146169072,4155381.098953501,4155517.311927787,2969.477658549191,5390.93997733357,13069.559036093802,26126.671504613078,513249024.36969733,17268324129731.54,20735.73152727951,10367.865763639755,79.08534150987846,0.02849806553760861,0.25687043134994014,integer
