nameseq,average,median,maximum,minimum,peak,none_levated_peak,sample_standard_deviation,population_standard_deviation,percentile15,percentile25,percentile50,percentile75,amplitude,variance,interquartile_range,semi_interquartile_range,coefficient_of_variation,skewness,kurtosis,label
6_141049918_141050080,482.9999999999999,100.4375107343156,49729.0,0.4794842327007757,0.1124913733609386,4.235192878924698,3874.5959789376743,3886.536210567114,26.726070097920584,41.11137033272045,100.4375107343156,243.18120418477724,49728.5205157673,15105163.716049382,202.0698338520568,101.0349169260284,8.02193784459146,0.2962082947579279,0.235810033816989,integer
