nameseq,average,median,maximum,minimum,peak,none_levated_peak,sample_standard_deviation,population_standard_deviation,percentile15,percentile25,percentile50,percentile75,amplitude,variance,interquartile_range,semi_interquartile_range,coefficient_of_variation,skewness,kurtosis,label
6_141485222_141485356,442.9999999999994,122.33475376231036,39601.0,10.855222262647198,0.10158013544018073,3.622244865592516,3385.84258346427,3398.452841576283,25.0,41.1528149130802,122.33475376231036,185.00383803148338,39590.144777737354,11549481.71641791,143.8510231184032,71.9255115592016,7.64298551572071,0.2841229959748419,0.2079093680732691,integer
