nameseq,average,median,maximum,minimum,peak,none_levated_peak,sample_standard_deviation,population_standard_deviation,percentile15,percentile25,percentile50,percentile75,amplitude,variance,interquartile_range,semi_interquartile_range,coefficient_of_variation,skewness,kurtosis,label
6_152604550_152604608,185.99999999999994,48.483246263641014,6084.0,5.282306030772261,0.10573476702508965,2.1830750269743735,780.8239238138134,787.5263980249848,9.390402049280722,15.073816092770127,48.483246263641014,117.98077389292564,6078.717693969228,620197.8275862068,102.90695780015551,51.453478900077755,4.1979780850205035,0.5283524859151842,0.2509266856340024,integer
