nameseq,average,median,maximum,minimum,peak,none_levated_peak,sample_standard_deviation,population_standard_deviation,percentile15,percentile25,percentile50,percentile75,amplitude,variance,interquartile_range,semi_interquartile_range,coefficient_of_variation,skewness,kurtosis,label
6_156203412_156203708,972.0000000000008,212.22511452438704,184900.0,4.751980096931819,0.10185185185185176,5.644520984559423,10697.59412204445,10715.64914606771,40.50164561425945,72.43354695987644,212.22511452438704,490.1994559047572,184895.24801990305,114825136.62162162,417.7659089448808,208.8829544724404,11.005755269593045,0.21306890413143031,0.24470368539885534,integer
