nameseq,average,median,maximum,minimum,peak,none_levated_peak,sample_standard_deviation,population_standard_deviation,percentile15,percentile25,percentile50,percentile75,amplitude,variance,interquartile_range,semi_interquartile_range,coefficient_of_variation,skewness,kurtosis,label
6_162612126_162612269,434.9999999999997,117.51107100853118,36481.0,0.9999999999999987,0.11034482758620696,3.6828803366259497,3020.4642027344075,3031.006867258903,24.14665631714599,52.728112141682765,117.51107100853118,226.18961393755592,36480.0,9187002.62937063,173.46150179587315,86.73075089793657,6.943595868354964,0.31533788286983944,0.18732751237991702,integer
