nameseq,average,median,maximum,minimum,peak,none_levated_peak,sample_standard_deviation,population_standard_deviation,percentile15,percentile25,percentile50,percentile75,amplitude,variance,interquartile_range,semi_interquartile_range,coefficient_of_variation,skewness,kurtosis,label
6_162852051_162852294,925.0,233.08342449576003,152881.0,0.3455183544347922,0.08792792792792792,4.765249453088974,9752.310495467216,9772.356375808367,52.42980807075485,99.31438783432353,233.08342449576003,444.9601011355174,152880.65448164556,95498949.13580246,345.64571330119384,172.82285665059692,10.54303837347807,0.2128469686724504,0.28308933828737715,integer
