nameseq,average,median,maximum,minimum,peak,none_levated_peak,sample_standard_deviation,population_standard_deviation,percentile15,percentile25,percentile50,percentile75,amplitude,variance,interquartile_range,semi_interquartile_range,coefficient_of_variation,skewness,kurtosis,label
6_165830101_165830173,265.9999999999999,58.48025845841358,12996.0,1.2617404627856856,0.09147869674185467,2.438422968846964,1502.4027422765173,1512.8001171484766,26.00898174752475,31.205928555418087,58.48025845841358,128.41547617816545,12994.738259537215,2288564.1944444445,97.20954762274737,48.60477381137368,5.648130610062098,0.4143757243689701,0.19977651473026017,integer
