nameseq,average,median,maximum,minimum,peak,none_levated_peak,sample_standard_deviation,population_standard_deviation,percentile15,percentile25,percentile50,percentile75,amplitude,variance,interquartile_range,semi_interquartile_range,coefficient_of_variation,skewness,kurtosis,label
6_161054771_161057200,7273.000000000012,2098.525645961833,10055241.0,1.5818572421121226,0.11137082359411504,15.875204411720329,203898.42369670246,203940.39105820417,537.6676624142882,884.7711638431143,2098.525645961833,4533.191815692012,10055239.418142758,41591683104.97324,3648.4206518488977,1824.2103259244489,28.03498194647355,0.07613311952428589,0.26465537710574616,integer
