nameseq,average,median,maximum,minimum,peak,none_levated_peak,sample_standard_deviation,population_standard_deviation,percentile15,percentile25,percentile50,percentile75,amplitude,variance,interquartile_range,semi_interquartile_range,coefficient_of_variation,skewness,kurtosis,label
6_164197171_164197310,605.0000000000006,153.54176812942515,59049.0,2.8899893148053826,0.07713498622589524,3.333021197000333,4959.330801630397,4977.138150851539,29.418815777586424,69.15792001235977,153.54176812942515,271.11305382719047,59046.110010685195,24771904.17266187,201.9551338148307,100.97756690741535,8.1972409944304,0.27309626031933,0.25002846829194453,integer
