nameseq,average,median,maximum,minimum,peak,none_levated_peak,sample_standard_deviation,population_standard_deviation,percentile15,percentile25,percentile50,percentile75,amplitude,variance,interquartile_range,semi_interquartile_range,coefficient_of_variation,skewness,kurtosis,label
6_16369166_16383869,52329.99999999965,12862.863470187463,484176016.0000002,2.03241415526697,0.0936620166889617,39.50931931441224,3992660.6240002434,3992796.3987651817,3086.0263191467347,5423.477770755353,12862.863470187463,26474.857630732728,484176013.96758604,15942423081992.203,21051.379859977373,10525.689929988686,76.29773789413855,0.02965476426363789,0.2503716625098767,integer
