nameseq,average,median,maximum,minimum,peak,none_levated_peak,sample_standard_deviation,population_standard_deviation,percentile15,percentile25,percentile50,percentile75,amplitude,variance,interquartile_range,semi_interquartile_range,coefficient_of_variation,skewness,kurtosis,label
6_164913577_164913843,844.9999999999995,221.12768575040752,137641.0,1.2456421757637337,0.1053254437869823,5.102873118109684,8393.193432776347,8408.955312261389,58.35945895555016,84.47643735319241,221.12768575040752,486.96064932181946,137639.75435782425,70710529.44360903,402.48421196862705,201.24210598431353,9.93277329322645,0.2229922326631846,0.24474636078584472,integer
