nameseq,average,median,maximum,minimum,peak,none_levated_peak,sample_standard_deviation,population_standard_deviation,percentile15,percentile25,percentile50,percentile75,amplitude,variance,interquartile_range,semi_interquartile_range,coefficient_of_variation,skewness,kurtosis,label
6_164365672_164368633,9390.000000000015,2464.19231392122,16728100.0,14.054599002929821,0.1051473198438053,17.85778227602865,307269.7833403083,307321.6651107651,581.7822645733263,1005.4110982956162,2464.19231392122,5031.232898843893,16728085.945400998,94446605846.45323,4025.8218005482768,2012.9109002741384,32.72308661771116,0.06761948028981722,0.24066300945232552,integer
