nameseq,average,median,maximum,minimum,peak,none_levated_peak,sample_standard_deviation,population_standard_deviation,percentile15,percentile25,percentile50,percentile75,amplitude,variance,interquartile_range,semi_interquartile_range,coefficient_of_variation,skewness,kurtosis,label
6_164032654_164056943,87933.99999999981,20901.150300814446,1368704016.0,2.7765002471947304,0.09207663323250033,51.42039713419533,8781760.713209966,8781941.487847185,4957.646867829122,8623.795358200021,20901.150300814446,42266.51675011559,1368704013.2234998,77122496295971.61,33642.72139191557,16821.360695957785,99.86763610446454,0.02289957056049746,0.2435259369301976,integer
