nameseq,average,median,maximum,minimum,peak,none_levated_peak,sample_standard_deviation,population_standard_deviation,percentile15,percentile25,percentile50,percentile75,amplitude,variance,interquartile_range,semi_interquartile_range,coefficient_of_variation,skewness,kurtosis,label
6_173086255_173090845,14982.000000000004,3885.6678794169366,43454464.0,3.3854927359155127,0.10214479597739506,22.763371176530242,641201.833735681,641271.6776260615,881.3962692748399,1578.5554156569567,3885.6678794169366,7561.678545713045,43454460.614507265,411229364525.3434,5983.1231300560885,2991.5615650280442,42.79814669174215,0.05191656450482288,0.2471695928425043,integer
