nameseq,average,median,maximum,minimum,peak,none_levated_peak,sample_standard_deviation,population_standard_deviation,percentile15,percentile25,percentile50,percentile75,amplitude,variance,interquartile_range,semi_interquartile_range,coefficient_of_variation,skewness,kurtosis,label
6_18373640_18373750,301.00000000000006,86.65461174243708,22201.0,1.6254087113490716,0.12292358803986708,3.625798919126941,2090.044018675205,2099.522724984722,11.990920402564633,19.659592081054694,86.65461174243708,159.43411922203853,22199.37459128865,4407995.672727273,139.77452714098385,69.88726357049192,6.943667836130247,0.3076663261763663,0.3325446603085711,integer
