nameseq,average,median,maximum,minimum,peak,none_levated_peak,sample_standard_deviation,population_standard_deviation,percentile15,percentile25,percentile50,percentile75,amplitude,variance,interquartile_range,semi_interquartile_range,coefficient_of_variation,skewness,kurtosis,label
6_57975878_57976024,348.99999999999983,132.44043705361645,27225.0,1.8628532260499222,0.14040114613180524,3.9067574554452436,2228.560970671433,2236.18000476228,22.418406278481143,41.70114636002412,132.44043705361645,247.6162341675003,27223.137146773952,5000501.01369863,205.91508780747617,102.95754390373808,6.385561520548522,0.2915238566003475,0.27066827496915596,integer
