nameseq,average,median,maximum,minimum,peak,none_levated_peak,sample_standard_deviation,population_standard_deviation,percentile15,percentile25,percentile50,percentile75,amplitude,variance,interquartile_range,semi_interquartile_range,coefficient_of_variation,skewness,kurtosis,label
6_58223178_58223618,1461.9999999999986,383.17129475486894,404496.0,1.003975628465134,0.10054719562243511,6.64666040908699,19221.342148767864,19243.172186636628,85.99910627443393,159.04657514228467,383.17129475486894,732.2490029320132,404494.99602437153,370299675.80454546,573.2024277897285,286.60121389486426,13.14729285141442,0.16837981919711345,0.2275870246030638,integer
