nameseq,average,median,maximum,minimum,peak,none_levated_peak,sample_standard_deviation,population_standard_deviation,percentile15,percentile25,percentile50,percentile75,amplitude,variance,interquartile_range,semi_interquartile_range,coefficient_of_variation,skewness,kurtosis,label
6_5873364_5873629,832.9999999999995,253.77959409027645,134689.0,2.5888551537858424,0.10644257703081239,5.075731472622998,8229.19267000111,8244.704828291937,62.140809293767255,114.29647155243849,253.77959409027645,432.7050429838573,134686.4111448462,67975157.70566037,318.4085714314188,159.2042857157094,9.878982797120186,0.21115816428307482,0.22201976927718972,integer
