nameseq,average,median,maximum,minimum,peak,none_levated_peak,sample_standard_deviation,population_standard_deviation,percentile15,percentile25,percentile50,percentile75,amplitude,variance,interquartile_range,semi_interquartile_range,coefficient_of_variation,skewness,kurtosis,label
6_59195288_59200074,15582.000000000031,3888.4816545527906,46321636.0,0.3404112229823785,0.10240448380610086,23.115910443685955,669380.3753756155,669450.3028112072,955.6997209841592,1659.138012409792,3888.4816545527906,8049.515521528696,46321635.65958878,448163707934.01715,6390.377509118904,3195.188754559452,42.958565997664884,0.052407504502438765,0.24988974921525003,integer
