nameseq,average,median,maximum,minimum,peak,none_levated_peak,sample_standard_deviation,population_standard_deviation,percentile15,percentile25,percentile50,percentile75,amplitude,variance,interquartile_range,semi_interquartile_range,coefficient_of_variation,skewness,kurtosis,label
6_59133473_59134814,5431.0000000000055,1268.1427550964747,4818025.0,3.810267748565305,0.08236666052906147,11.177119973361455,131433.63273530864,131482.62943141334,356.1532025120908,577.3912703983076,1268.1427550964747,2556.963216651121,4818021.189732252,17287681842.19836,1979.5719462528134,989.7859731264067,24.200632063212762,0.0950180823188617,0.2692674102354897,integer
