nameseq,average,median,maximum,minimum,peak,none_levated_peak,sample_standard_deviation,population_standard_deviation,percentile15,percentile25,percentile50,percentile75,amplitude,variance,interquartile_range,semi_interquartile_range,coefficient_of_variation,skewness,kurtosis,label
6_67705774_67716995,38137.999999999825,9626.789446922961,270076356.0,4.845154504382955,0.09808240250319061,35.241262137413436,2549278.396393379,2549391.9879450183,2257.8415847814495,3991.6789576068854,9626.789446922961,19280.29288780135,270076351.1548455,6499399508198.253,15288.613930194466,7644.306965097233,66.84352604733837,0.03355209528321437,0.2547801301752275,integer
