nameseq,average,median,maximum,minimum,peak,none_levated_peak,sample_standard_deviation,population_standard_deviation,percentile15,percentile25,percentile50,percentile75,amplitude,variance,interquartile_range,semi_interquartile_range,coefficient_of_variation,skewness,kurtosis,label
6_73480263_73480348,362.00000000000017,57.709029906726144,23104.0,7.764237281585175,0.07918968692449352,2.7518243178202364,2468.399076324572,2482.8766144037327,21.148988878124488,30.265645327242495,57.709029906726144,119.75854271627036,23096.235762718414,6164676.282352941,89.49289738902786,44.74644869451393,6.818781978797157,0.36982387452481275,0.19412346898030108,integer
