nameseq,average,median,maximum,minimum,peak,none_levated_peak,sample_standard_deviation,population_standard_deviation,percentile15,percentile25,percentile50,percentile75,amplitude,variance,interquartile_range,semi_interquartile_range,coefficient_of_variation,skewness,kurtosis,label
6_75432187_75432348,481.99999999999966,127.48889959766095,49284.0,1.6285275136327195,0.11203319502074696,4.131159876373724,3850.8123818228264,3862.7529139894723,25.131559547673028,50.23784813225156,127.48889959766095,210.19880177823632,49282.37147248637,14920860.074534161,159.96095364598477,79.98047682299239,7.989237306686367,0.27618413876180076,0.17389484137109426,integer
