nameseq,average,median,maximum,minimum,peak,none_levated_peak,sample_standard_deviation,population_standard_deviation,percentile15,percentile25,percentile50,percentile75,amplitude,variance,interquartile_range,semi_interquartile_range,coefficient_of_variation,skewness,kurtosis,label
6_77006464_77006516,184.00000000000003,43.40903639657854,6724.0,1.4886137856079742,0.09601449275362318,2.1382208823055686,908.629737571911,917.3249571024855,13.26812490702963,19.564578377917876,43.40903639657854,74.10338929410848,6722.511386214392,841485.0769230769,54.538810916190606,27.269405458095303,4.938205095499516,0.46418565601578093,0.20560288296597684,integer
