nameseq,average,median,maximum,minimum,peak,none_levated_peak,sample_standard_deviation,population_standard_deviation,percentile15,percentile25,percentile50,percentile75,amplitude,variance,interquartile_range,semi_interquartile_range,coefficient_of_variation,skewness,kurtosis,label
6_85767240_85767829,1989.9999999999993,485.47633562108086,732736.0,4.0027943090699925,0.0988274706867672,7.841773783273421,30122.64384146916,30148.204002064285,94.54741728371691,181.29061199712658,485.47633562108086,972.5212549352763,732731.997205691,908914204.550085,791.2306429381497,395.61532146907484,15.137006955512145,0.14983980213991127,0.21780475499915758,integer
