nameseq,average,median,maximum,minimum,peak,none_levated_peak,sample_standard_deviation,population_standard_deviation,percentile15,percentile25,percentile50,percentile75,amplitude,variance,interquartile_range,semi_interquartile_range,coefficient_of_variation,skewness,kurtosis,label
6_87694675_87698020,13063.999999999935,3062.636135808387,28879876.0,3.6740595054167877,0.08537456623800818,18.35220283230332,499135.6296278598,499210.2332647203,777.1189833824303,1337.6431819545026,3062.636135808387,6152.368970290472,28879872.325940493,249210856996.21643,4814.72578833597,2407.362894167985,38.20695266594169,0.06011210142410545,0.25046585440484903,integer
