nameseq,average,median,maximum,minimum,peak,none_levated_peak,sample_standard_deviation,population_standard_deviation,percentile15,percentile25,percentile50,percentile75,amplitude,variance,interquartile_range,semi_interquartile_range,coefficient_of_variation,skewness,kurtosis,label
6_87327516_87328203,2650.9999999999905,592.0988198806012,1203409.0,1.0,0.08650823588582957,8.207291617228135,45821.60924716634,45854.946180821076,138.36241461566138,239.8145337153427,592.0988198806012,1299.5376149034596,1203408.0,2102676089.2459972,1059.7230811881168,529.8615405940584,17.284650791085067,0.1347989222080877,0.2445124064300047,integer
