nameseq,average,median,maximum,minimum,peak,none_levated_peak,sample_standard_deviation,population_standard_deviation,percentile15,percentile25,percentile50,percentile75,amplitude,variance,interquartile_range,semi_interquartile_range,coefficient_of_variation,skewness,kurtosis,label
6_98961735_98961820,256.9999999999998,72.57620223487862,12321.0,2.0784205121082198,0.11154345006485095,2.7151638001689498,1317.191709661126,1324.9172404786825,30.895549415821957,38.20538025095608,72.57620223487862,141.5419328839525,12318.921579487891,1755405.6941176471,103.33655263299643,51.668276316498215,5.125259570665865,0.42003862401905306,0.2338706269711423,integer
