nameseq,average,median,maximum,minimum,peak,none_levated_peak,sample_standard_deviation,population_standard_deviation,percentile15,percentile25,percentile50,percentile75,amplitude,variance,interquartile_range,semi_interquartile_range,coefficient_of_variation,skewness,kurtosis,label
6_99167670_99170447,8258.999999999995,2297.9712942769684,13638249.000000007,2.1584897239969107,0.11212011139363126,17.67533553735921,258670.76503153594,258717.33461784024,496.19543965583733,903.3065623871812,2297.9712942769684,4780.707141763234,13638246.841510283,66934659231.75952,3877.400579376053,1938.7002896880265,31.31986499958059,0.06913454682437288,0.2674915551528262,integer
