nameseq,average,median,maximum,minimum,peak,none_levated_peak,sample_standard_deviation,population_standard_deviation,percentile15,percentile25,percentile50,percentile75,amplitude,variance,interquartile_range,semi_interquartile_range,coefficient_of_variation,skewness,kurtosis,label
7_10279411_10282113,8703.000000000024,2231.8755640869517,14938225.0,1.5599555071419284,0.10352751924623665,17.496822534353413,287229.5889040682,287282.7352804882,494.18816682344743,987.4285798110309,2231.8755640869517,4429.684112075724,14938223.440044492,82531369990.23907,3442.2555322646936,1721.1277661323468,33.003514754000626,0.06758834764138136,0.24582555425841945,integer
