nameseq,average,median,maximum,minimum,peak,none_levated_peak,sample_standard_deviation,population_standard_deviation,percentile15,percentile25,percentile50,percentile75,amplitude,variance,interquartile_range,semi_interquartile_range,coefficient_of_variation,skewness,kurtosis,label
7_104084268_104088209,13809.999999999905,3338.481498296458,35259844.0,3.135832922670319,0.09514844315713317,20.81485164611758,561466.9660202638,561538.1955753895,741.6078663157896,1392.6608658550117,3338.481498296458,6823.388716392654,35259840.86416708,315325145090.06445,5430.727850537642,2715.363925268821,40.65655076178622,0.05595085268823556,0.26024272288094563,integer
