nameseq,average,median,maximum,minimum,peak,none_levated_peak,sample_standard_deviation,population_standard_deviation,percentile15,percentile25,percentile50,percentile75,amplitude,variance,interquartile_range,semi_interquartile_range,coefficient_of_variation,skewness,kurtosis,label
7_10265787_10272487,24171.00000000002,5668.453611503134,105288121.00000007,2.1295493008929323,0.09241101595575958,27.11273532013574,1286044.724952442,1286140.6948585457,1319.1630111483112,2363.4448832439953,5668.453611503134,11415.74524428844,105288118.87045078,1654157886971.223,9052.300361044445,4526.150180522222,53.206103386390346,0.04316151537229261,0.24436359636708385,integer
