nameseq,average,median,maximum,minimum,peak,none_levated_peak,sample_standard_deviation,population_standard_deviation,percentile15,percentile25,percentile50,percentile75,amplitude,variance,interquartile_range,semi_interquartile_range,coefficient_of_variation,skewness,kurtosis,label
7_101187861_101187985,385.9999999999998,146.5805674037751,26896.0,0.5015528100075732,0.10794473229706396,3.216766998379984,2385.4806643525744,2395.0802229139526,24.537294819982144,46.6521949759778,146.5805674037751,228.88768817662458,26895.49844718999,5736409.274193549,182.23549320064677,91.11774660032339,6.180001721120663,0.30109583721300515,0.2253964980414734,integer
