nameseq,average,median,maximum,minimum,peak,none_levated_peak,sample_standard_deviation,population_standard_deviation,percentile15,percentile25,percentile50,percentile75,amplitude,variance,interquartile_range,semi_interquartile_range,coefficient_of_variation,skewness,kurtosis,label
7_106379510_106385977,20289.999999999913,5158.430772204877,82264900.0,5.989931500691044,0.10625924100542185,27.57667959300434,1022748.8987997005,1022827.9701901932,1214.6874772554274,2132.563713907122,5158.430772204877,10352.46184014635,82264894.0100685,1046177056603.3907,8219.898126239228,4109.949063119614,50.4065499654857,0.04438499785886878,0.24808703557390488,integer
