nameseq,average,median,maximum,minimum,peak,none_levated_peak,sample_standard_deviation,population_standard_deviation,percentile15,percentile25,percentile50,percentile75,amplitude,variance,interquartile_range,semi_interquartile_range,coefficient_of_variation,skewness,kurtosis,label
7_102767015_102796073,94497.00000000092,24547.11610646871,1691759161.0,3.1011389214677214,0.10250413593376763,57.21541506879971,9923954.363550046,9924125.123220094,5705.341358902559,10320.50935303091,24547.11610646871,49203.7879951942,1691759157.8988612,98488259461328.22,38883.27864216329,19441.639321081646,105.01872401822227,0.02114576951818309,0.2432504940792079,integer
