nameseq,average,median,maximum,minimum,peak,none_levated_peak,sample_standard_deviation,population_standard_deviation,percentile15,percentile25,percentile50,percentile75,amplitude,variance,interquartile_range,semi_interquartile_range,coefficient_of_variation,skewness,kurtosis,label
7_111776281_111784436,28821.999999999996,6974.9596484271015,149670755.99999997,0.2861138604603256,0.09432609349339625,29.765107290974864,1657119.184178374,1657220.7824853377,1577.6497312887054,2935.5159513568815,6974.9596484271015,14078.648801053088,149670755.7138861,2746380721901.315,11143.132849696207,5571.566424848103,57.49494081529298,0.03955124150422228,0.2508506885789943,integer
