nameseq,average,median,maximum,minimum,peak,none_levated_peak,sample_standard_deviation,population_standard_deviation,percentile15,percentile25,percentile50,percentile75,amplitude,variance,interquartile_range,semi_interquartile_range,coefficient_of_variation,skewness,kurtosis,label
7_119599169_119599500,977.9999999999993,260.8468089810043,193600.0,1.1766270606933984,0.11315610088616232,5.8734732558577605,10594.598151888538,10610.590007257599,63.80752558269903,120.62031153551368,260.8468089810043,557.7612127256873,193598.8233729393,112584620.3021148,437.1409011901736,218.5704505950868,10.832922445693809,0.2030713711093872,0.23959010806164305,integer
