nameseq,average,median,maximum,minimum,peak,none_levated_peak,sample_standard_deviation,population_standard_deviation,percentile15,percentile25,percentile50,percentile75,amplitude,variance,interquartile_range,semi_interquartile_range,coefficient_of_variation,skewness,kurtosis,label
7_12774044_12774124,310.0,38.5790303918161,17956.0,2.042698945442241,0.08709677419354839,3.0618657002234193,1985.844404780999,1998.217386822565,5.7038394952491105,15.89765441697642,38.5790303918161,87.54316916231265,17953.957301054557,3992872.725,71.64551474533623,35.822757372668114,6.405949692841932,0.41003358916951477,0.30131911486637425,integer
