nameseq,average,median,maximum,minimum,peak,none_levated_peak,sample_standard_deviation,population_standard_deviation,percentile15,percentile25,percentile50,percentile75,amplitude,variance,interquartile_range,semi_interquartile_range,coefficient_of_variation,skewness,kurtosis,label
7_133773189_133773650,1358.0000000000002,384.39345243737284,372100.0,0.7900575706840469,0.11340206185567009,6.945487665901212,17275.228044804502,17293.95458476873,96.22538518825773,143.85072936700476,384.39345243737284,799.6200803447973,372099.2099424293,299080865.1800434,655.7693509777926,327.8846754888963,12.721081034465758,0.16907560554989687,0.26571851606854463,integer
