nameseq,average,median,maximum,minimum,peak,none_levated_peak,sample_standard_deviation,population_standard_deviation,percentile15,percentile25,percentile50,percentile75,amplitude,variance,interquartile_range,semi_interquartile_range,coefficient_of_variation,skewness,kurtosis,label
7_137943885_137944704,3179.9999999999977,789.6186856916353,1648656.0,2.4044325188908933,0.08595387840670865,8.719376712942186,57519.70257224911,57554.80767321151,174.64141865142417,323.8020752608414,789.6186856916353,1524.3480436899479,1648653.5955674811,3312555886.3003664,1200.5459684291066,600.2729842145533,18.08795678372615,0.12467282726153855,0.25728456648632897,integer
