nameseq,average,median,maximum,minimum,peak,none_levated_peak,sample_standard_deviation,population_standard_deviation,percentile15,percentile25,percentile50,percentile75,amplitude,variance,interquartile_range,semi_interquartile_range,coefficient_of_variation,skewness,kurtosis,label
7_138124325_138131170,23808.0,6160.184862976762,103063104.0,1.562471686406514,0.09585013440860216,27.107115571045064,1245456.46100215,1245547.4333159928,1370.35834887151,2518.6727894977303,6160.184862976762,12122.669874164541,103063102.43752831,1551388408640.0574,9603.997084666811,4801.998542333406,52.31251936332956,0.04250927035094349,0.25629864751163145,integer
