nameseq,average,median,maximum,minimum,peak,none_levated_peak,sample_standard_deviation,population_standard_deviation,percentile15,percentile25,percentile50,percentile75,amplitude,variance,interquartile_range,semi_interquartile_range,coefficient_of_variation,skewness,kurtosis,label
7_1375889_1376750,3241.0,885.1850591275225,1734489.0,4.782542093931015,0.0886557646816826,8.777403847518148,59012.59230028791,59046.85215356585,211.63036226540305,388.48342549240846,885.1850591275225,1786.4352537685074,1734484.217457906,3486530749.245064,1397.951828276099,698.9759141380495,18.20814325834246,0.11976163979806988,0.2557397766976657,integer
