nameseq,average,median,maximum,minimum,peak,none_levated_peak,sample_standard_deviation,population_standard_deviation,percentile15,percentile25,percentile50,percentile75,amplitude,variance,interquartile_range,semi_interquartile_range,coefficient_of_variation,skewness,kurtosis,label
7_143302807_143304711,6774.000000000017,1472.375397386731,8526400.0,0.4871303958027499,0.0937407735459106,14.668884480650442,195267.11548542936,195318.3868833158,318.8997594579498,567.6772039614776,1472.375397386731,3110.67467364693,8526399.512869604,38149272254.70063,2542.9974696854524,1271.4987348427262,28.825969218398118,0.08145188076497534,0.2477767616223776,integer
