nameseq,average,median,maximum,minimum,peak,none_levated_peak,sample_standard_deviation,population_standard_deviation,percentile15,percentile25,percentile50,percentile75,amplitude,variance,interquartile_range,semi_interquartile_range,coefficient_of_variation,skewness,kurtosis,label
7_142727121_142727301,647.0000000000005,154.93476917773853,76729.0,0.09737795168963582,0.09325090159711483,4.187712781810865,5677.721197804626,5693.470801423914,40.36544661377125,54.75562081094361,154.93476917773853,255.35746670725194,76728.9026220483,32415609.766666666,200.60184589630833,100.30092294815417,8.775457801861858,0.2599979183616093,0.19327986028640723,integer
