nameseq,average,median,maximum,minimum,peak,none_levated_peak,sample_standard_deviation,population_standard_deviation,percentile15,percentile25,percentile50,percentile75,amplitude,variance,interquartile_range,semi_interquartile_range,coefficient_of_variation,skewness,kurtosis,label
7_154615058_154615108,202.99999999999991,35.6524846062697,7921.0,0.2461468868117847,0.08374384236453206,2.11554685577437,1092.2975785013898,1103.1664788235728,18.165182829076993,20.54550238713882,35.6524846062697,65.72267022819464,7920.753853113189,1216976.28,45.17716784105582,22.58858392052791,5.380776248775321,0.4596206712002263,0.2639255994460047,integer
