nameseq,average,median,maximum,minimum,peak,none_levated_peak,sample_standard_deviation,population_standard_deviation,percentile15,percentile25,percentile50,percentile75,amplitude,variance,interquartile_range,semi_interquartile_range,coefficient_of_variation,skewness,kurtosis,label
7_167436546_167436742,612.999999999999,206.15787398189963,67081.0,2.2902283609923604,0.10712343665035363,4.0620451065685454,4754.391654039453,4766.504773426965,60.25623470476023,92.02206897212659,206.15787398189963,389.0978349878829,67078.70977163901,22719567.755102042,297.0757660157563,148.53788300787815,7.755940708057848,0.2567155730675464,0.27892654216020046,integer
