nameseq,average,median,maximum,minimum,peak,none_levated_peak,sample_standard_deviation,population_standard_deviation,percentile15,percentile25,percentile50,percentile75,amplitude,variance,interquartile_range,semi_interquartile_range,coefficient_of_variation,skewness,kurtosis,label
7_163316229_163316427,664.000000000001,94.28422905511694,92416.00000000003,0.04568214390028447,0.09989959839357414,5.083318966653368,6528.468120470531,6544.9333877821155,21.07887770800098,39.888016390090314,94.28422905511694,193.56649404042037,92415.95431785613,42836153.05050508,153.67847765033005,76.83923882516503,9.832030301913436,0.2617991359221752,0.20035055962419066,integer
