nameseq,average,median,maximum,minimum,peak,none_levated_peak,sample_standard_deviation,population_standard_deviation,percentile15,percentile25,percentile50,percentile75,amplitude,variance,interquartile_range,semi_interquartile_range,coefficient_of_variation,skewness,kurtosis,label
7_160778159_160779975,5439.999999999989,1543.7743919762906,5866084.0,1.3016290563319441,0.1113357843137257,14.112868097518325,137545.24247679382,137583.107650939,360.87111583110834,653.1675041606799,1543.7743919762906,3108.9177961609926,5866082.698370944,18929111510.88987,2455.7502920003126,1227.8751460001563,25.28405192588127,0.0849805970282336,0.2638951822963878,integer
