nameseq,average,median,maximum,minimum,peak,none_levated_peak,sample_standard_deviation,population_standard_deviation,percentile15,percentile25,percentile50,percentile75,amplitude,variance,interquartile_range,semi_interquartile_range,coefficient_of_variation,skewness,kurtosis,label
7_172863703_172863927,718.9999999999999,174.72256814648046,100489.0,2.2659315541740153,0.10431154381084842,4.752488952278975,6673.440342132383,6688.3198262504075,44.13629369283039,78.08436223977587,174.72256814648046,348.2803494017793,100486.73406844583,44733622.09821428,270.1959871620034,135.0979935810017,9.281558194899004,0.2446762407167657,0.22191744737267075,integer
