nameseq,average,median,maximum,minimum,peak,none_levated_peak,sample_standard_deviation,population_standard_deviation,percentile15,percentile25,percentile50,percentile75,amplitude,variance,interquartile_range,semi_interquartile_range,coefficient_of_variation,skewness,kurtosis,label
7_178217361_178217406,149.99999999999991,36.19966565991986,4096.0,6.569832457628817,0.10222222222222228,1.8451272314426217,592.2482587564105,598.7926370808364,17.97562636422233,24.722489273806797,36.19966565991986,63.2858766365159,4089.4301675423712,358552.6222222222,38.56338736270911,19.281693681354554,3.9483217250427387,0.5764491460677424,0.12385407097129919,integer
