nameseq,average,median,maximum,minimum,peak,none_levated_peak,sample_standard_deviation,population_standard_deviation,percentile15,percentile25,percentile50,percentile75,amplitude,variance,interquartile_range,semi_interquartile_range,coefficient_of_variation,skewness,kurtosis,label
7_175717365_175717664,835.0000000000002,269.6654088139873,137641.0,0.20812012181816283,0.11976047904191614,5.476473864132231,7920.622071529482,7933.856202849383,57.68130586822181,88.00393200862827,269.6654088139873,533.5106033034488,137640.79187987818,62946074.247491635,445.5066712948205,222.75333564741024,9.485774935963448,0.2141250722786396,0.24406808310507636,integer
