nameseq,average,median,maximum,minimum,peak,none_levated_peak,sample_standard_deviation,population_standard_deviation,percentile15,percentile25,percentile50,percentile75,amplitude,variance,interquartile_range,semi_interquartile_range,coefficient_of_variation,skewness,kurtosis,label
7_25894935_25911177,57730.000000000175,13613.13138897938,614841616.0,0.7236619365926257,0.09378717015993966,43.035277435346444,4824005.083370248,4824153.585119837,3145.0618710437993,5591.061835802704,13613.13138897938,26809.472602077058,614841615.2763381,23272457812824.58,21218.410766274355,10609.205383137178,83.5614946019441,0.027435834653100493,0.24977745756260064,integer
