nameseq,average,median,maximum,minimum,peak,none_levated_peak,sample_standard_deviation,population_standard_deviation,percentile15,percentile25,percentile50,percentile75,amplitude,variance,interquartile_range,semi_interquartile_range,coefficient_of_variation,skewness,kurtosis,label
7_26985880_26985994,288.0,68.99309903864285,19044.0,0.47433002502346655,0.13310185185185186,3.5165440897238085,1761.234794114629,1768.9426418557043,22.95529315934628,34.3615747988862,68.99309903864285,190.63559872912123,19043.525669974977,3129158.0701754387,156.27402393023502,78.13701196511751,6.115398590675795,0.3730454934683226,0.3087400619198695,integer
