nameseq,average,median,maximum,minimum,peak,none_levated_peak,sample_standard_deviation,population_standard_deviation,percentile15,percentile25,percentile50,percentile75,amplitude,variance,interquartile_range,semi_interquartile_range,coefficient_of_variation,skewness,kurtosis,label
7_27240662_27240853,656.9999999999992,146.69878214281786,84681.0,5.267138689178383,0.09741248097412493,4.406328479411191,6083.2198710880075,6099.1237410284575,30.448817824045967,52.240916301196606,146.69878214281786,342.0485726279918,84675.73286131083,37199310.40837696,289.8076563267952,144.9038281633976,9.259086561777801,0.2516600889025134,0.3091132227909468,integer
