nameseq,average,median,maximum,minimum,peak,none_levated_peak,sample_standard_deviation,population_standard_deviation,percentile15,percentile25,percentile50,percentile75,amplitude,variance,interquartile_range,semi_interquartile_range,coefficient_of_variation,skewness,kurtosis,label
7_31795025_31795110,294.0,48.725080020261004,17424.0,0.7568355194144338,0.09750566893424037,2.948992040611602,1860.4940204150075,1871.406102373293,11.128287059683192,18.610928846762537,48.725080020261004,141.4491037055831,17423.243164480584,3502160.8,122.83817485882057,61.41908742941028,6.328210953792542,0.3954996639952015,0.2444685801830921,integer
