nameseq,average,median,maximum,minimum,peak,none_levated_peak,sample_standard_deviation,population_standard_deviation,percentile15,percentile25,percentile50,percentile75,amplitude,variance,interquartile_range,semi_interquartile_range,coefficient_of_variation,skewness,kurtosis,label
7_36739830_36740952,4146.0,930.2397724771155,3111695.9999999986,5.920238748826631,0.09028782762502009,10.890691095373498,92784.18693937019,92825.5254074222,247.46492423044697,442.3205932804563,930.2397724771155,1891.5982520916314,3111690.07976125,8616578167.163986,1449.2776588111751,724.6388294055876,22.379205725849058,0.10397548333179517,0.23794789864861032,integer
