nameseq,average,median,maximum,minimum,peak,none_levated_peak,sample_standard_deviation,population_standard_deviation,percentile15,percentile25,percentile50,percentile75,amplitude,variance,interquartile_range,semi_interquartile_range,coefficient_of_variation,skewness,kurtosis,label
7_37912452_37912600,518.0000000000001,125.86430174132725,49284.0,5.856328623319972,0.09588159588159585,3.63715856313307,4012.5555447868883,4026.0886541842756,32.500324785167656,50.57756750557846,125.86430174132725,256.08477696965025,49278.14367137668,16209389.85135135,205.5072094640718,102.7536047320359,7.746246225457312,0.2931815102981955,0.27271114803735313,integer
