nameseq,average,median,maximum,minimum,peak,none_levated_peak,sample_standard_deviation,population_standard_deviation,percentile15,percentile25,percentile50,percentile75,amplitude,variance,interquartile_range,semi_interquartile_range,coefficient_of_variation,skewness,kurtosis,label
7_37514115_37514231,396.9999999999999,114.71947517421744,27225.0,4.445161561875141,0.09823677581863982,3.0479663941664614,2496.4767172957972,2507.2143011167072,35.393895614220604,50.69165471236508,114.71947517421744,207.91087323176328,27220.554838438125,6286123.551724138,157.2192185193982,78.6096092596991,6.288354451626695,0.33921468949033606,0.20851132181627144,integer
