nameseq,average,median,maximum,minimum,peak,none_levated_peak,sample_standard_deviation,population_standard_deviation,percentile15,percentile25,percentile50,percentile75,amplitude,variance,interquartile_range,semi_interquartile_range,coefficient_of_variation,skewness,kurtosis,label
7_4038316_4038448,478.00000000000034,100.35642764949058,44944.0,4.414085712370292,0.09274755927475586,3.625492857537368,3872.2807232947357,3886.9207782464046,22.08115624085277,36.681355248056995,100.35642764949058,196.01673932819278,44939.58591428763,15108153.136363637,159.33538408013578,79.66769204006789,8.101005697269315,0.2925745311377047,0.2397971498935244,integer
