nameseq,average,median,maximum,minimum,peak,none_levated_peak,sample_standard_deviation,population_standard_deviation,percentile15,percentile25,percentile50,percentile75,amplitude,variance,interquartile_range,semi_interquartile_range,coefficient_of_variation,skewness,kurtosis,label
7_41862624_41862675,217.99999999999994,37.0512302448542,8464.0,0.0,0.07951070336391439,2.149355610520107,1156.671085486276,1167.955948672387,7.443040552454294,11.897159200394043,37.0512302448542,86.56915669615026,8464.0,1364121.0980392157,74.67199749575622,37.33599874787811,5.30583066736824,0.46931778279667047,0.2877602130684659,integer
