nameseq,average,median,maximum,minimum,peak,none_levated_peak,sample_standard_deviation,population_standard_deviation,percentile15,percentile25,percentile50,percentile75,amplitude,variance,interquartile_range,semi_interquartile_range,coefficient_of_variation,skewness,kurtosis,label
7_4281684_4282038,1144.0000000000005,314.8637022592962,244036.0,0.8445886950364717,0.10343822843822839,5.837108628219116,12919.046559247317,12937.280931849804,96.46253774139768,144.92914542591032,314.8637022592962,603.8565005478681,244035.15541130496,167373237.90960452,458.9273551219578,229.4636775609789,11.292872866474923,0.19253811663382014,0.20278826469191308,integer
