nameseq,average,median,maximum,minimum,peak,none_levated_peak,sample_standard_deviation,population_standard_deviation,percentile15,percentile25,percentile50,percentile75,amplitude,variance,interquartile_range,semi_interquartile_range,coefficient_of_variation,skewness,kurtosis,label
7_51988247_51988485,754.9999999999999,207.24957559261563,105624.99999999996,5.996971248135162,0.10551876379690951,4.721432831235502,6806.913103602833,6821.198351432085,55.46202558432408,86.06970353348319,207.24957559261563,401.02501941393194,105619.00302875182,46528746.94957979,314.9553158804488,157.4776579402244,9.015778945169316,0.24140917449826055,0.2204405150584426,integer
