nameseq,average,median,maximum,minimum,peak,none_levated_peak,sample_standard_deviation,population_standard_deviation,percentile15,percentile25,percentile50,percentile75,amplitude,variance,interquartile_range,semi_interquartile_range,coefficient_of_variation,skewness,kurtosis,label
7_53593230_53593321,274.00000000000006,77.81295036127587,15876.0,2.4326948994900035,0.11192214111922139,3.0021182825849673,1638.9911531182834,1647.9719937874224,18.32429379085074,25.810058621339607,77.81295036127587,133.89814783574366,15873.56730510051,2715811.6923076925,108.08808921440405,54.044044607202025,5.98171953692804,0.3590996496816949,0.24676698023435195,integer
