nameseq,average,median,maximum,minimum,peak,none_levated_peak,sample_standard_deviation,population_standard_deviation,percentile15,percentile25,percentile50,percentile75,amplitude,variance,interquartile_range,semi_interquartile_range,coefficient_of_variation,skewness,kurtosis,label
7_65240456_65255630,48873.9999999999,12909.83778380129,450882756.0,5.841047901212273,0.10349742876239602,41.05284868501303,3659937.90889545,3660058.505890685,3077.0801975007644,5307.723017958131,12909.83778380129,25999.602182236267,450882750.1589521,13396028266542.754,20691.879164278136,10345.939582139068,74.88517225713994,0.029479321598971393,0.2517564875626864,integer
