nameseq,average,median,maximum,minimum,peak,none_levated_peak,sample_standard_deviation,population_standard_deviation,percentile15,percentile25,percentile50,percentile75,amplitude,variance,interquartile_range,semi_interquartile_range,coefficient_of_variation,skewness,kurtosis,label
7_65997174_65997398,741.9999999999998,196.4869727696717,104976.0,0.4666928205507584,0.10107816711590299,4.584938762379855,6968.853707748498,6984.391862395752,58.54333181952104,103.81396104253191,196.4869727696717,395.6191551177188,104975.53330717944,48781729.6875,291.8051940751869,145.90259703759344,9.391986129041106,0.23483619406034548,0.23333933138435792,integer
