nameseq,average,median,maximum,minimum,peak,none_levated_peak,sample_standard_deviation,population_standard_deviation,percentile15,percentile25,percentile50,percentile75,amplitude,variance,interquartile_range,semi_interquartile_range,coefficient_of_variation,skewness,kurtosis,label
7_96386107_96386482,1171.0000000000007,316.4900929420966,267289.0,0.868973796681854,0.10703102761172781,6.15000844783463,13749.805089527636,13768.125957200324,73.07653321720998,136.71980288632588,316.4900929420966,618.4972515669964,267288.13102620334,189561292.37333333,481.77744868067055,240.88872434033527,11.74193432068969,0.18644116803707944,0.22890650229420176,integer
