nameseq,average,median,maximum,minimum,peak,none_levated_peak,sample_standard_deviation,population_standard_deviation,percentile15,percentile25,percentile50,percentile75,amplitude,variance,interquartile_range,semi_interquartile_range,coefficient_of_variation,skewness,kurtosis,label
8_10661977_10662269,1003.0000000000003,273.66412082663294,173889.0,1.7758110426792342,0.09737454303755398,5.1905321273565805,10128.631793090317,10145.960517125448,51.82636610687783,88.38369407953022,273.66412082663294,543.6599497489507,173887.22418895733,102940514.8150685,455.2762556694205,227.63812783471025,10.098336782742088,0.21602203359912306,0.2364963568593154,integer
