nameseq,average,median,maximum,minimum,peak,none_levated_peak,sample_standard_deviation,population_standard_deviation,percentile15,percentile25,percentile50,percentile75,amplitude,variance,interquartile_range,semi_interquartile_range,coefficient_of_variation,skewness,kurtosis,label
8_113371333_113371435,335.0,84.56815698067547,21025.0,0.2194062523058796,0.10248756218905473,3.0030484309478447,2052.4760656338967,2062.512683264627,16.036750739210223,33.659116155626435,84.56815698067547,167.2275971864649,21024.780593747695,4253958.568627451,133.56848103083846,66.78424051541923,6.126794225772826,0.36604350308267286,0.18316317595322643,integer
