nameseq,average,median,maximum,minimum,peak,none_levated_peak,sample_standard_deviation,population_standard_deviation,percentile15,percentile25,percentile50,percentile75,amplitude,variance,interquartile_range,semi_interquartile_range,coefficient_of_variation,skewness,kurtosis,label
8_119555767_119556389,1953.0000000000011,592.3941929223041,687241.0,3.7947538261773044,0.10633213859020305,7.670340452586771,27496.659360729624,27518.753907774528,157.70934454813255,281.1678034469156,592.3941929223041,1078.0128013251792,687237.2052461738,757281816.6366559,796.8449978782636,398.4224989391318,14.079190660895856,0.14844775751423428,0.22620527534397483,integer
