nameseq,average,median,maximum,minimum,peak,none_levated_peak,sample_standard_deviation,population_standard_deviation,percentile15,percentile25,percentile50,percentile75,amplitude,variance,interquartile_range,semi_interquartile_range,coefficient_of_variation,skewness,kurtosis,label
8_122796722_122797619,3256.0000000000045,777.0598815003422,1855044.0,0.07906055203999082,0.0919328419328418,9.548088132241654,61851.17289106166,61885.63997252807,147.576392620763,303.9254553866901,777.0598815003422,1575.4441929087695,1855043.920939448,3829832434.8093643,1271.5187375220794,635.7593687610397,18.996060470227757,0.12023733759418666,0.25326798268924766,integer
