nameseq,average,median,maximum,minimum,peak,none_levated_peak,sample_standard_deviation,population_standard_deviation,percentile15,percentile25,percentile50,percentile75,amplitude,variance,interquartile_range,semi_interquartile_range,coefficient_of_variation,skewness,kurtosis,label
8_120650019_120654357,14742.00000000009,3756.3947967622285,40018276.0,0.14430076621983515,0.09810970922081973,21.783639781897865,607416.5342349516,607486.5413272412,866.7410658040722,1512.259770313454,3756.3947967622285,7268.514662314025,40018275.85569923,369039897893.734,5756.254892000571,2878.1274460002855,41.203129442066746,0.054257356776142227,0.24672584610104978,integer
