nameseq,average,median,maximum,minimum,peak,none_levated_peak,sample_standard_deviation,population_standard_deviation,percentile15,percentile25,percentile50,percentile75,amplitude,variance,interquartile_range,semi_interquartile_range,coefficient_of_variation,skewness,kurtosis,label
8_120218143_120224805,22330.0,5528.0503077547655,93624975.99999997,1.5179262142452907,0.09946260635915809,27.254143691614516,1146837.4067381998,1146923.4765650865,1344.7929575912121,2288.869809468272,5528.0503077547655,11190.58647468604,93624974.48207375,1315433461096.1448,8901.71666521777,4450.858332608885,51.35859412172861,0.043952044797787415,0.25009590478715643,integer
