nameseq,average,median,maximum,minimum,peak,none_levated_peak,sample_standard_deviation,population_standard_deviation,percentile15,percentile25,percentile50,percentile75,amplitude,variance,interquartile_range,semi_interquartile_range,coefficient_of_variation,skewness,kurtosis,label
8_122407569_122407743,621.0,132.2343234372594,78961.0,1.22053483554819,0.0939345142243693,4.348040694775563,5940.729584823736,5957.776189689974,35.15492507317,65.2209795421864,132.2343234372594,257.1765496810183,78959.77946516445,35495097.126436785,191.9555701388319,95.97778506941594,9.566392246092974,0.24682103582597714,0.3045372305574524,integer
