nameseq,average,median,maximum,minimum,peak,none_levated_peak,sample_standard_deviation,population_standard_deviation,percentile15,percentile25,percentile50,percentile75,amplitude,variance,interquartile_range,semi_interquartile_range,coefficient_of_variation,skewness,kurtosis,label
8_13222088_13222313,718.9999999999999,182.02779789993048,96721.0,1.3560164114679625,0.10477515067222996,4.629448594453572,6407.780270889443,6422.003995984777,51.31289565706351,78.54816268419549,182.02779789993048,390.85703799696114,96719.64398358852,41242135.32444444,312.3088753127656,156.1544376563828,8.912072699428991,0.25140010084593645,0.23024123088217224,integer
