nameseq,average,median,maximum,minimum,peak,none_levated_peak,sample_standard_deviation,population_standard_deviation,percentile15,percentile25,percentile50,percentile75,amplitude,variance,interquartile_range,semi_interquartile_range,coefficient_of_variation,skewness,kurtosis,label
8_145318339_145325643,25537.000000000033,5922.027522633215,121727089.0,2.1162568704448406,0.09535184242471695,28.92576196784662,1424053.9982135508,1424151.4794059992,1383.038030685961,2446.563214399735,5922.027522633215,11873.9665365454,121727086.88374312,2028207436294.2964,9427.403322145665,4713.701661072832,55.76434186527583,0.04132211103365484,0.24471131387275669,integer
