nameseq,average,median,maximum,minimum,peak,none_levated_peak,sample_standard_deviation,population_standard_deviation,percentile15,percentile25,percentile50,percentile75,amplitude,variance,interquartile_range,semi_interquartile_range,coefficient_of_variation,skewness,kurtosis,label
8_145553592_145553912,1286.9999999999995,247.26233917731955,281961.0,4.198930128868964,0.08313908313908316,5.601257427583057,15700.316493625216,15724.829102608715,58.228975926010655,104.4294367862278,247.26233917731955,504.67543294997824,281956.8010698711,247270250.30625,400.2459961637504,200.1229980818752,12.199158114704911,0.19867198114984058,0.2182696550118653,integer
