nameseq,average,median,maximum,minimum,peak,none_levated_peak,sample_standard_deviation,population_standard_deviation,percentile15,percentile25,percentile50,percentile75,amplitude,variance,interquartile_range,semi_interquartile_range,coefficient_of_variation,skewness,kurtosis,label
8_145917591_145918447,2546.9999999999977,779.5431176569243,1212201.0,3.501757880276834,0.11215809449025008,9.296280922510615,41364.94856759766,41389.10328414821,166.24009102339753,315.5335941911114,779.5431176569243,1482.792916803397,1212197.4982421198,1713057870.6658878,1167.2593226122856,583.6296613061428,16.24065511095316,0.12818511398277713,0.22405509717535466,integer
