nameseq,average,median,maximum,minimum,peak,none_levated_peak,sample_standard_deviation,population_standard_deviation,percentile15,percentile25,percentile50,percentile75,amplitude,variance,interquartile_range,semi_interquartile_range,coefficient_of_variation,skewness,kurtosis,label
8_146689702_146690203,1643.0000000000039,406.6243697624613,522728.9999999998,0.7508359474561751,0.10184621627104866,7.276057463533998,23287.5898710021,23310.819392858473,89.5864627166331,138.9384851354351,406.6243697624613,982.8230034073315,522728.24916405237,543394300.7664667,843.8845182718965,421.94225913594823,14.17382219781013,0.1592748288362491,0.31042148999559416,integer
