nameseq,average,median,maximum,minimum,peak,none_levated_peak,sample_standard_deviation,population_standard_deviation,percentile15,percentile25,percentile50,percentile75,amplitude,variance,interquartile_range,semi_interquartile_range,coefficient_of_variation,skewness,kurtosis,label
8_146510816_146512015,4571.000000000002,1073.9324131508104,3418801.0,1.7409819219548348,0.08750820389411504,10.557561598024973,98620.62500308949,98661.7426304766,287.8879880333067,489.8218269407655,1073.9324131508104,2288.307450432273,3418799.259018078,9734139458.882402,1798.4856234915076,899.2428117457538,21.575284402338536,0.10637939842927295,0.22903431855640555,integer
