nameseq,average,median,maximum,minimum,peak,none_levated_peak,sample_standard_deviation,population_standard_deviation,percentile15,percentile25,percentile50,percentile75,amplitude,variance,interquartile_range,semi_interquartile_range,coefficient_of_variation,skewness,kurtosis,label
8_147414103_147423178,31024.00000000021,7783.069608101028,177422399.9999999,3.0819414759087667,0.09751590166752556,31.52477734826349,1862165.2214924423,1862267.8173009823,1766.3769085458114,3204.6184755225686,7783.069608101028,15988.498481886063,177422396.91805843,3468041423354.965,12783.880006363495,6391.940003181748,60.02337614403138,0.03744178570783201,0.25593505745809614,integer
