nameseq,average,median,maximum,minimum,peak,none_levated_peak,sample_standard_deviation,population_standard_deviation,percentile15,percentile25,percentile50,percentile75,amplitude,variance,interquartile_range,semi_interquartile_range,coefficient_of_variation,skewness,kurtosis,label
8_168372389_168372812,1273.0000000000025,314.4966359673373,319225.0,8.482282758862056,0.11102382822728442,6.706477016415906,15469.966645083627,15488.241863086212,63.31560821401949,121.36751849283257,314.4966359673373,744.5128527065881,319216.51771724113,239885636.00945628,623.1453342137555,311.57266710687776,12.152369713341395,0.18587694195267293,0.2601398840071289,integer
