nameseq,average,median,maximum,minimum,peak,none_levated_peak,sample_standard_deviation,population_standard_deviation,percentile15,percentile25,percentile50,percentile75,amplitude,variance,interquartile_range,semi_interquartile_range,coefficient_of_variation,skewness,kurtosis,label
8_165992562_165992769,710.9999999999992,172.3894302773231,97969.0,2.068704910558378,0.09751523675574318,4.550549059204559,6763.602886036406,6779.920407667004,28.57227132295251,68.94483167990137,172.3894302773231,355.679577541718,97966.93129508944,45967320.73429952,286.73474586181663,143.36737293090832,9.512802933947135,0.23890103194910295,0.2772937084357133,integer
