nameseq,average,median,maximum,minimum,peak,none_levated_peak,sample_standard_deviation,population_standard_deviation,percentile15,percentile25,percentile50,percentile75,amplitude,variance,interquartile_range,semi_interquartile_range,coefficient_of_variation,skewness,kurtosis,label
8_166124008_166124090,347.9999999999999,82.02489650107553,19600.0,2.741436077636979,0.07950191570881229,2.505680859693872,2129.3689205959595,2142.313531743821,22.49178427277904,44.66671310402726,82.02489650107553,134.9853475687191,19597.25856392236,4589507.268292683,90.31863446469185,45.15931723234593,6.118876208609081,0.3747238455389181,0.15372788257518558,integer
