nameseq,average,median,maximum,minimum,peak,none_levated_peak,sample_standard_deviation,population_standard_deviation,percentile15,percentile25,percentile50,percentile75,amplitude,variance,interquartile_range,semi_interquartile_range,coefficient_of_variation,skewness,kurtosis,label
8_169050486_169050677,727.0000000000005,182.0625581456407,93025.0,1.0,0.08803301237964231,4.125575873001988,6681.971266026218,6699.44050176201,44.79862353444061,69.16596198409141,182.0625581456407,356.9411254969542,93024.0,44882503.03664921,287.77516351286283,143.88758175643142,9.191157174726566,0.24466018491805125,0.2745639054148644,integer
