nameseq,average,median,maximum,minimum,peak,none_levated_peak,sample_standard_deviation,population_standard_deviation,percentile15,percentile25,percentile50,percentile75,amplitude,variance,interquartile_range,semi_interquartile_range,coefficient_of_variation,skewness,kurtosis,label
8_169170088_169170748,1924.9999999999995,571.856543007226,727609.0,0.7313691129385788,0.1144588744588745,8.22285604653619,28258.51312436661,28279.91298591474,140.79050232621086,258.97246053370844,571.856543007226,1129.0784004260447,727608.268630887,799753478.4909091,870.1059398923362,435.0529699461681,14.679747077593047,0.1436533604267372,0.23274891923469088,integer
