nameseq,average,median,maximum,minimum,peak,none_levated_peak,sample_standard_deviation,population_standard_deviation,percentile15,percentile25,percentile50,percentile75,amplitude,variance,interquartile_range,semi_interquartile_range,coefficient_of_variation,skewness,kurtosis,label
8_173982933_173983487,2446.9999999999973,516.5640406531377,954529.0,1.8090835425268037,0.07560277891295472,7.2399790362642085,40456.28146530524,40492.777892632825,101.57927194149934,181.49252857915081,516.5640406531377,1072.8964359617926,954527.1909164574,1639665061.4620938,891.4039073826418,445.7019536913209,16.53301245006346,0.14314978214216564,0.25589620263141927,integer
