nameseq,average,median,maximum,minimum,peak,none_levated_peak,sample_standard_deviation,population_standard_deviation,percentile15,percentile25,percentile50,percentile75,amplitude,variance,interquartile_range,semi_interquartile_range,coefficient_of_variation,skewness,kurtosis,label
8_3891272_3891628,1280.9999999999977,297.7169532101126,288369.0,0.1776593172424705,0.09289617486338814,5.853496237270241,15226.61222990853,15247.982924256801,68.35316523024886,132.0078969085023,297.7169532101126,544.1150506816389,288368.82234068273,232500983.25842696,412.1071537731366,206.0535768865683,11.886504472996531,0.19372983929908458,0.20140895843554996,integer
