nameseq,average,median,maximum,minimum,peak,none_levated_peak,sample_standard_deviation,population_standard_deviation,percentile15,percentile25,percentile50,percentile75,amplitude,variance,interquartile_range,semi_interquartile_range,coefficient_of_variation,skewness,kurtosis,label
9_102099618_102099985,1212.0000000000011,312.9413728430288,283024.0,1.7354742980955191,0.10121012101210113,6.155119542731005,14717.29798570376,14737.335160381872,60.72419445605602,116.94053341223415,312.9413728430288,644.1191448260946,283022.26452570193,217189047.6294278,527.1786114138605,263.58930570693025,12.142985136719263,0.18326569755473643,0.2643709330318972,integer
