nameseq,average,median,maximum,minimum,peak,none_levated_peak,sample_standard_deviation,population_standard_deviation,percentile15,percentile25,percentile50,percentile75,amplitude,variance,interquartile_range,semi_interquartile_range,coefficient_of_variation,skewness,kurtosis,label
9_103112229_103116520,12552.00000000005,3695.505124971351,30758116.0,1.33712561185134,0.11397917994476268,21.6951689067884,469396.56041560415,469451.2527036332,860.87305323611,1480.2437807551005,3695.505124971351,7383.750185470419,30758114.66287439,220384478665.0105,5903.506404715318,2951.753202357659,37.39615682087335,0.05660349236807668,0.25810053858028326,integer
