nameseq,average,median,maximum,minimum,peak,none_levated_peak,sample_standard_deviation,population_standard_deviation,percentile15,percentile25,percentile50,percentile75,amplitude,variance,interquartile_range,semi_interquartile_range,coefficient_of_variation,skewness,kurtosis,label
9_10098979_10099292,1162.9999999999986,259.94539210781113,241081.0,1.0,0.08999713384924057,5.484202711766801,13567.822522424149,13589.479076546128,69.5098116003666,136.92568453843296,259.94539210781113,501.44296698095997,241080.0,184673941.571885,364.517282442527,182.2586412212635,11.66622744834408,0.19967565312702212,0.21765754347034452,integer
