nameseq,average,median,maximum,minimum,peak,none_levated_peak,sample_standard_deviation,population_standard_deviation,percentile15,percentile25,percentile50,percentile75,amplitude,variance,interquartile_range,semi_interquartile_range,coefficient_of_variation,skewness,kurtosis,label
9_11541537_11544566,10936.999999999995,2593.167602515512,21409129.0,1.0270610642796054,0.09234707872359883,17.90552556347443,388822.2646711476,388886.442647102,623.9898645665785,1098.9611556824582,2593.167602515512,5207.604259204502,21409127.972938936,151232665274.71774,4108.643103522044,2054.321551761022,35.551089391162826,0.06437773622254944,0.24013647680785433,integer
