nameseq,average,median,maximum,minimum,peak,none_levated_peak,sample_standard_deviation,population_standard_deviation,percentile15,percentile25,percentile50,percentile75,amplitude,variance,interquartile_range,semi_interquartile_range,coefficient_of_variation,skewness,kurtosis,label
9_124229143_124229227,345.0000000000001,62.688409077599175,19321.0,0.6845582906740904,0.08212560386473428,2.61954616983825,2074.4001542614674,2086.71124248752,14.823164148982617,21.002993281447655,62.688409077599175,185.91021170937375,19320.315441709325,4354363.80952381,164.9072184279261,82.45360921396305,6.0127540703230915,0.4082793626038513,0.25952126336919346,integer
