nameseq,average,median,maximum,minimum,peak,none_levated_peak,sample_standard_deviation,population_standard_deviation,percentile15,percentile25,percentile50,percentile75,amplitude,variance,interquartile_range,semi_interquartile_range,coefficient_of_variation,skewness,kurtosis,label
9_124387437_124387590,596.9999999999998,125.84854449079829,65025.0,1.5003845904226838,0.08598548297040763,3.8031036106195715,5211.166855897055,5228.169076782506,31.11319080126885,60.92663710061052,125.84854449079829,253.67674460711686,65023.49961540958,27333751.895424835,192.75010750650634,96.37505375325317,8.728922706695238,0.27123567631078876,0.22910625657743272,integer
