nameseq,average,median,maximum,minimum,peak,none_levated_peak,sample_standard_deviation,population_standard_deviation,percentile15,percentile25,percentile50,percentile75,amplitude,variance,interquartile_range,semi_interquartile_range,coefficient_of_variation,skewness,kurtosis,label
9_124561877_124563575,5124.000000000009,1300.4212518017384,5326864.0,3.3221994870527993,0.11052563101743411,13.96046104905212,129164.13404656884,129202.16264566945,299.93358666397853,546.6967436873596,1300.4212518017384,2664.340907185233,5326860.677800513,16693198832.318022,2117.6441634978733,1058.8220817489366,25.20767643375656,0.08880744123952515,0.2344558011366806,integer
