nameseq,average,median,maximum,minimum,peak,none_levated_peak,sample_standard_deviation,population_standard_deviation,percentile15,percentile25,percentile50,percentile75,amplitude,variance,interquartile_range,semi_interquartile_range,coefficient_of_variation,skewness,kurtosis,label
9_137020772_137020917,522.9999999999998,121.13678365802119,48841.0,1.6171895350759393,0.09305289993626517,3.6247188079260506,4017.139529565783,4030.9679337298903,23.797670393390824,53.360257432141935,121.13678365802119,293.95551632754393,48839.38281046492,16248702.48275862,240.595258895402,120.297629447701,7.680955123452743,0.30011146990362303,0.23240599029810416,integer
