nameseq,average,median,maximum,minimum,peak,none_levated_peak,sample_standard_deviation,population_standard_deviation,percentile15,percentile25,percentile50,percentile75,amplitude,variance,interquartile_range,semi_interquartile_range,coefficient_of_variation,skewness,kurtosis,label
9_136495396_136495638,747.9999999999995,187.3871455830235,111556.0,1.6008650153436585,0.10828877005347601,4.964523402239393,7129.81009564771,7144.525921614961,64.67439008542637,87.89225660272166,187.3871455830235,360.14174105319887,111554.39913498466,51044250.6446281,272.2494844504772,136.1247422252386,9.531831678673415,0.23588826920896283,0.20347684669312274,integer
