nameseq,average,median,maximum,minimum,peak,none_levated_peak,sample_standard_deviation,population_standard_deviation,percentile15,percentile25,percentile50,percentile75,amplitude,variance,interquartile_range,semi_interquartile_range,coefficient_of_variation,skewness,kurtosis,label
9_146580968_146584234,10950.999999999956,2521.606906337931,23261329.0,3.1014633012881947,0.09944297324445296,19.452326838134912,406858.03658032865,406920.3187141156,632.1687235986847,1032.3892849135402,2521.606906337931,5128.843879983886,23261325.898536697,165584145782.39743,4096.454595070346,2048.227297535173,37.15259214503975,0.06215479849810775,0.235166692461113,integer
