nameseq,average,median,maximum,minimum,peak,none_levated_peak,sample_standard_deviation,population_standard_deviation,percentile15,percentile25,percentile50,percentile75,amplitude,variance,interquartile_range,semi_interquartile_range,coefficient_of_variation,skewness,kurtosis,label
9_142839948_142840018,196.9999999999999,65.10964051917489,7569.0,0.38339799916937334,0.1201353637901862,2.522709196708357,885.959367014086,892.2652072113985,8.048298552193016,24.251017075264137,65.10964051917489,146.86821807717715,7568.61660200083,796137.2,122.617201001913,61.3086005009565,4.497255670122266,0.4466018343211266,0.2851260311466239,integer
