nameseq,average,median,maximum,minimum,peak,none_levated_peak,sample_standard_deviation,population_standard_deviation,percentile15,percentile25,percentile50,percentile75,amplitude,variance,interquartile_range,semi_interquartile_range,coefficient_of_variation,skewness,kurtosis,label
9_143320759_143322888,7692.999999999991,1805.6240658717736,10778089.0,0.702145483007373,0.09229169374756283,15.144045559273756,233440.5214224814,233495.33896965536,440.4750024092496,736.7099259233754,1805.6240658717736,3555.0744053333765,10778088.297854517,54520073320.55425,2818.364479410001,1409.1822397050005,30.344536776612724,0.0756600768999298,0.2511015618284162,integer
