nameseq,average,median,maximum,minimum,peak,none_levated_peak,sample_standard_deviation,population_standard_deviation,percentile15,percentile25,percentile50,percentile75,amplitude,variance,interquartile_range,semi_interquartile_range,coefficient_of_variation,skewness,kurtosis,label
9_17142814_17148310,23361.000000000113,4440.99001387525,92102409.0,7.782419345377187,0.07843556925359892,24.99044890027003,1242066.6464791654,1242179.6386692086,1058.3440483956736,1876.6381098577458,4440.99001387525,8782.02424341641,92102401.21758066,1543010254724.3655,6905.386133558664,3452.693066779332,53.16838519237873,0.045698055027296555,0.24146442163278947,integer
