nameseq,average,median,maximum,minimum,peak,none_levated_peak,sample_standard_deviation,population_standard_deviation,percentile15,percentile25,percentile50,percentile75,amplitude,variance,interquartile_range,semi_interquartile_range,coefficient_of_variation,skewness,kurtosis,label
9_22950715_22950853,538.9999999999998,149.6490585182306,49729.0,0.6816851034432415,0.08596165739022886,3.4491328053356405,4190.828319079654,4205.9850713346395,21.428133917866,49.129742721804654,149.6490585182306,243.2632787594668,49728.318314896555,17690310.420289855,194.13353603766214,97.06676801883107,7.775191686604185,0.2787164578246964,0.2113248788346572,integer
