nameseq,average,median,maximum,minimum,peak,none_levated_peak,sample_standard_deviation,population_standard_deviation,percentile15,percentile25,percentile50,percentile75,amplitude,variance,interquartile_range,semi_interquartile_range,coefficient_of_variation,skewness,kurtosis,label
9_2294012_2295472,4705.999999999993,1038.7133855939917,4161599.999999999,2.73858474205363,0.10348491287717823,12.694887798743864,108815.21707004032,108852.47617644639,267.7798565498419,429.9358983308555,1038.7133855939917,2405.801358894234,4161597.261415257,11848861569.74383,1975.8654605633785,987.9327302816893,23.12265556099458,0.10110589437262725,0.2333258008464692,integer
