nameseq,average,median,maximum,minimum,peak,none_levated_peak,sample_standard_deviation,population_standard_deviation,percentile15,percentile25,percentile50,percentile75,amplitude,variance,interquartile_range,semi_interquartile_range,coefficient_of_variation,skewness,kurtosis,label
9_23093256_23093865,1814.0000000000011,557.4055401863749,643204.0,0.45805940356134395,0.1120911429621462,7.879481426144272,26001.049940338948,26022.38851589626,125.99279263687744,230.52935861471107,557.4055401863749,1044.8319475893336,643203.5419405964,677164704.0722495,814.3025889746225,407.15129448731125,14.33354461981198,0.14498581357640883,0.2491987530454223,integer
