nameseq,average,median,maximum,minimum,peak,none_levated_peak,sample_standard_deviation,population_standard_deviation,percentile15,percentile25,percentile50,percentile75,amplitude,variance,interquartile_range,semi_interquartile_range,coefficient_of_variation,skewness,kurtosis,label
9_23865136_23881637,55507.00000000082,14243.692397197525,564110001.0,3.624316311628346,0.09909861218705002,42.43164953261098,4391092.607098603,4391225.660431171,3226.7129668548973,5685.872926067099,14243.692397197525,28910.51803214344,564109997.3756837,19282862800829.176,23224.645106076343,11612.322553038171,79.1088080259884,0.028191143727711903,0.2502074655385024,integer
