nameseq,average,median,maximum,minimum,peak,none_levated_peak,sample_standard_deviation,population_standard_deviation,percentile15,percentile25,percentile50,percentile75,amplitude,variance,interquartile_range,semi_interquartile_range,coefficient_of_variation,skewness,kurtosis,label
9_30639105_30640909,6121.0,1370.7760251231034,7317025.0,3.821837549883561,0.09829548548712083,14.618198318872814,172147.33904420366,172195.04511108706,286.3506498356562,545.1540588306331,1370.7760251231034,2815.9239999072183,7317021.17816245,29651133560.80931,2270.7699410765854,1135.3849705382927,28.124054736840982,0.08278183098125863,0.26751150264764295,integer
