nameseq,average,median,maximum,minimum,peak,none_levated_peak,sample_standard_deviation,population_standard_deviation,percentile15,percentile25,percentile50,percentile75,amplitude,variance,interquartile_range,semi_interquartile_range,coefficient_of_variation,skewness,kurtosis,label
9_4691999_4692102,315.0,102.01854278043632,18769.0,0.17612028128982699,0.11005291005291004,3.004858443341095,1822.718299683196,1831.5450743083832,16.476648148720855,42.23156259033114,102.01854278043632,196.5807438119837,18768.82387971871,3354557.359223301,154.34918122165254,77.17459061082627,5.786407300581574,0.35054477248061044,0.2372310888301626,integer
