nameseq,average,median,maximum,minimum,peak,none_levated_peak,sample_standard_deviation,population_standard_deviation,percentile15,percentile25,percentile50,percentile75,amplitude,variance,interquartile_range,semi_interquartile_range,coefficient_of_variation,skewness,kurtosis,label
9_48824062_48836775,43040.999999999745,10643.837150031166,343397961.0,2.7596685100866263,0.09846425501266293,37.60389843238638,3045274.414993171,3045394.18273219,2416.2542606369975,4291.6583771655205,10643.837150031166,21619.34209047166,343397958.2403315,9274425728219.064,17327.683713306138,8663.841856653069,70.75287319052042,0.031915510822732765,0.241789735313918,integer
