nameseq,average,median,maximum,minimum,peak,none_levated_peak,sample_standard_deviation,population_standard_deviation,percentile15,percentile25,percentile50,percentile75,amplitude,variance,interquartile_range,semi_interquartile_range,coefficient_of_variation,skewness,kurtosis,label
9_48958908_48967849,28910.00000000008,7568.000737013596,159012100.0,3.2327570032959105,0.10310157961489652,31.67040754525317,1681395.529587848,1681489.5542225973,1682.5763970389855,3089.239067034443,7568.000737013596,15153.135576296994,159012096.767243,2827407120959.709,12063.896509262551,6031.948254631276,58.15965166336366,0.03807908172841033,0.24935753587253456,integer
