nameseq,average,median,maximum,minimum,peak,none_levated_peak,sample_standard_deviation,population_standard_deviation,percentile15,percentile25,percentile50,percentile75,amplitude,variance,interquartile_range,semi_interquartile_range,coefficient_of_variation,skewness,kurtosis,label
9_48337199_48338012,2903.0000000000023,669.1125719332001,1500625.0,1.8305634280755052,0.09346652887817193,9.10109645658789,52540.05641413035,52572.358941875595,145.02559946214708,262.4171499083511,669.1125719332001,1508.0457935439686,1500623.169436572,2763852924.713407,1245.6286436356174,622.8143218178087,18.09853820672763,0.1275533895772147,0.26507921871970663,integer
