nameseq,average,median,maximum,minimum,peak,none_levated_peak,sample_standard_deviation,population_standard_deviation,percentile15,percentile25,percentile50,percentile75,amplitude,variance,interquartile_range,semi_interquartile_range,coefficient_of_variation,skewness,kurtosis,label
9_51394334_51394442,314.0,101.12081569524008,19600.0,2.0910046381977807,0.11571125265392782,3.1129136117244713,1859.5897397006686,1868.1791144597737,35.86224020065496,41.441785941127314,101.12081569524008,218.58892983734282,19597.908995361802,3490093.203703704,177.1471438962155,88.57357194810776,5.922260317518053,0.34342927328534245,0.25932989806927625,integer
