nameseq,average,median,maximum,minimum,peak,none_levated_peak,sample_standard_deviation,population_standard_deviation,percentile15,percentile25,percentile50,percentile75,amplitude,variance,interquartile_range,semi_interquartile_range,coefficient_of_variation,skewness,kurtosis,label
9_52784481_52787099,9697.999999999965,2318.03806712141,16793604.0,1.8263411983105287,0.09001856052794423,16.681537485894008,328041.98144444876,328104.626719811,511.074622280506,947.2699030733776,2318.03806712141,4594.716146494595,16793602.173658803,107652646074.94652,3647.4462434212173,1823.7231217106087,33.82573535207774,0.06749101350122431,0.2533450625573837,integer
