nameseq,average,median,maximum,minimum,peak,none_levated_peak,sample_standard_deviation,population_standard_deviation,percentile15,percentile25,percentile50,percentile75,amplitude,variance,interquartile_range,semi_interquartile_range,coefficient_of_variation,skewness,kurtosis,label
9_70322496_70330668,28104.999999999887,6746.260631780236,146918641.00000003,4.496265454125348,0.0969341161121987,30.36246076281291,1624957.9124531199,1625057.3317020398,1633.3325879455326,2804.8555546315024,6746.260631780236,13563.362634473408,146918636.5037346,2640811331318.5537,10758.507079841906,5379.253539920953,57.81739592432401,0.03943254013756344,0.2444830171508003,integer
