nameseq,average,median,maximum,minimum,peak,none_levated_peak,sample_standard_deviation,population_standard_deviation,percentile15,percentile25,percentile50,percentile75,amplitude,variance,interquartile_range,semi_interquartile_range,coefficient_of_variation,skewness,kurtosis,label
9_72862393_72862664,827.0000000000001,239.03210340712974,130321.0,0.5026601510764346,0.10963321241434905,5.067688647184959,7873.581904063741,7888.095431411524,75.26013068357943,102.31513914953231,239.03210340712974,518.7340467941748,130320.49733984892,62222049.535055354,416.41890764464245,208.20945382232122,9.52065526488965,0.2240281121440064,0.24587110075712854,integer
