nameseq,average,median,maximum,minimum,peak,none_levated_peak,sample_standard_deviation,population_standard_deviation,percentile15,percentile25,percentile50,percentile75,amplitude,variance,interquartile_range,semi_interquartile_range,coefficient_of_variation,skewness,kurtosis,label
9_7732948_7733070,449.00000000000034,136.1374081242058,35721.0,0.11514121324265497,0.09131403118040082,3.166409300966872,3195.954943362,3209.0263882766276,35.83287466020368,70.04847085409112,136.1374081242058,223.15392643214358,35720.884858786754,10297850.360655738,153.10545557805244,76.55272778902622,7.1179397402271665,0.293679914848872,0.223287133791098,integer
