nameseq,average,median,maximum,minimum,peak,none_levated_peak,sample_standard_deviation,population_standard_deviation,percentile15,percentile25,percentile50,percentile75,amplitude,variance,interquartile_range,semi_interquartile_range,coefficient_of_variation,skewness,kurtosis,label
9_7965896_7966040,525.9999999999995,117.22189415494188,53824.0,0.06898348491589834,0.09188846641318132,3.8304663698625676,4444.373746659928,4459.778901158916,34.04596088936844,62.95550814877005,117.22189415494188,172.05234898611272,53823.93101651508,19889627.847222224,109.09684083734267,54.548420418671334,8.449379746501771,0.275929610658149,0.16627318106688896,integer
