nameseq,average,median,maximum,minimum,peak,none_levated_peak,sample_standard_deviation,population_standard_deviation,percentile15,percentile25,percentile50,percentile75,amplitude,variance,interquartile_range,semi_interquartile_range,coefficient_of_variation,skewness,kurtosis,label
9_8157818_8158015,605.9999999999995,145.83274999256085,80656.0,4.000000000000002,0.108910891089109,4.644179204504737,5705.994742374024,5720.458630578709,39.778827754890614,69.76825467985392,145.83274999256085,271.8994701554758,80652.0,32723646.944162436,202.13121547562187,101.06560773781094,9.415832908207967,0.2419388401763489,0.24744555559558362,integer
