nameseq,average,median,maximum,minimum,peak,none_levated_peak,sample_standard_deviation,population_standard_deviation,percentile15,percentile25,percentile50,percentile75,amplitude,variance,interquartile_range,semi_interquartile_range,coefficient_of_variation,skewness,kurtosis,label
1_105551371_105551496,165.5,122.91467702702569,574.0364830245583,0.3708913240482401,0.2537764350453172,3.726025379944408,149.06122903022094,149.65628620275191,17.067946949879616,46.970342119972884,122.91467702702569,218.89766353904844,573.66559170051,22397.00399999999,171.92732141907555,85.96366070953778,0.9006720787324528,0.8570704116026137,0.20743825030192412,real
