nameseq,average,median,maximum,minimum,peak,none_levated_peak,sample_standard_deviation,population_standard_deviation,percentile15,percentile25,percentile50,percentile75,amplitude,variance,interquartile_range,semi_interquartile_range,coefficient_of_variation,skewness,kurtosis,label
1_101218551_101223818,7208.999999999998,4853.675376406285,226013.55538463462,1.254859260012372,0.24358440837841594,23.585801018052205,8812.167383793842,8813.003889314146,1154.5258584729063,2003.4463472653622,4853.675376406285,9555.257642200999,226012.3005253746,77669037.55306627,7551.811294935636,3775.905647467818,1.2223841564424807,0.8018429023234321,0.24104216064810197,real
