nameseq,average,median,maximum,minimum,peak,none_levated_peak,sample_standard_deviation,population_standard_deviation,percentile15,percentile25,percentile50,percentile75,amplitude,variance,interquartile_range,semi_interquartile_range,coefficient_of_variation,skewness,kurtosis,label
1_10543258_10543341,109.00000000000003,86.0,322.4508873041463,8.041850126723762,0.2568807339449541,2.9270068172443127,80.80222769206303,81.28753072029195,16.0,45.885385353798206,86.0,175.49275267019556,314.40903717742253,6607.662650602409,129.60736731639736,64.80368365819868,0.7413048412115872,0.8539368526194453,0.32620244277820654,real
