nameseq,average,median,maximum,minimum,peak,none_levated_peak,sample_standard_deviation,population_standard_deviation,percentile15,percentile25,percentile50,percentile75,amplitude,variance,interquartile_range,semi_interquartile_range,coefficient_of_variation,skewness,kurtosis,label
1_101165013_101165186,209.49999999999991,131.22097520749486,1643.5302421346753,0.060966499588508916,0.27684964200477336,4.6433816627495865,244.4161410381892,245.1215281932924,26.858506111906227,42.434719371844736,131.22097520749486,292.7839040423528,1643.469275635087,60084.563583815034,250.34918467050807,125.17459233525403,1.1666641577001877,0.9608083712475546,0.2555447737192661,real
