nameseq,average,median,maximum,minimum,peak,none_levated_peak,sample_standard_deviation,population_standard_deviation,percentile15,percentile25,percentile50,percentile75,amplitude,variance,interquartile_range,semi_interquartile_range,coefficient_of_variation,skewness,kurtosis,label
1_101476390_101477151,1020.5000000000003,649.6756311234898,8649.0,0.09369857644947359,0.24889759921607046,9.013696426654207,1029.4621168357776,1030.1382825026596,153.28814313465725,301.25601811856836,649.6756311234898,1401.480287622332,8648.90630142355,1061184.8810775294,1100.2242695037637,550.1121347518819,1.0087820841114916,1.0806353030735139,0.23324996127034803,real
