nameseq,average,median,maximum,minimum,peak,none_levated_peak,sample_standard_deviation,population_standard_deviation,percentile15,percentile25,percentile50,percentile75,amplitude,variance,interquartile_range,semi_interquartile_range,coefficient_of_variation,skewness,kurtosis,label
1_105751642_105777777,36823.99999999968,25218.292483113994,1054729.0,3.2088806773291516,0.2365848359765391,51.36921657831562,39069.387364021975,39070.13481023672,6005.7778506614995,10399.137680818114,25218.292483113994,50803.593706965265,1054725.7911193226,1526475434.0900707,40404.45602614715,20202.228013073574,1.0609761938958917,0.8911612108542885,0.25041083515255397,real
