nameseq,average,median,maximum,minimum,peak,none_levated_peak,sample_standard_deviation,population_standard_deviation,percentile15,percentile25,percentile50,percentile75,amplitude,variance,interquartile_range,semi_interquartile_range,coefficient_of_variation,skewness,kurtosis,label
1_106017093_106017164,120.0,68.50908942187424,553.0,7.833477758629539,0.2,2.536966899096757,135.06294828708576,136.0107700789345,16.68394241520751,19.74174585822076,68.50908942187424,157.1984101934358,545.1665222413704,18498.929577464787,137.45666433521504,68.72833216760752,1.125524569059048,1.1437091644559298,0.23550040613961964,real
