nameseq,average,median,maximum,minimum,peak,none_levated_peak,sample_standard_deviation,population_standard_deviation,percentile15,percentile25,percentile50,percentile75,amplitude,variance,interquartile_range,semi_interquartile_range,coefficient_of_variation,skewness,kurtosis,label
1_104328315_104336268,10582.500000000015,7058.546767290557,106256.43084819039,1.5012917270681407,0.2505394125521691,29.20361002958893,10972.58493929302,10973.274756974479,1716.040155572855,2940.825955204848,7058.546767290557,14640.263593356878,106254.92955646332,120412758.89205332,11699.43763815203,5849.718819076015,1.0368613219270497,0.9634794131572733,0.2486600510046982,real
