nameseq,average,median,maximum,minimum,peak,none_levated_peak,sample_standard_deviation,population_standard_deviation,percentile15,percentile25,percentile50,percentile75,amplitude,variance,interquartile_range,semi_interquartile_range,coefficient_of_variation,skewness,kurtosis,label
1_108489673_108498451,12116.74999999997,8341.871643525317,292140.2500000001,0.2586097964309739,0.2415114063864766,30.163293682237374,12890.834326179205,12891.568574710327,1908.964336470016,3444.815850403796,8341.871643525317,16421.390461662966,292139.9913902037,166192540.31645885,12976.57461125917,6488.287305629585,1.0638854747501794,0.8785028790902583,0.24243762457616672,real
