nameseq,average,median,maximum,minimum,peak,none_levated_peak,sample_standard_deviation,population_standard_deviation,percentile15,percentile25,percentile50,percentile75,amplitude,variance,interquartile_range,semi_interquartile_range,coefficient_of_variation,skewness,kurtosis,label
1_102855220_102868339,18346.000000000022,12014.695491911083,964324.0,0.7907241001056686,0.23838075511464776,36.80907689906115,21641.32602221962,21642.15081502523,2804.217531954356,5054.611724975158,12014.695491911083,24474.9506558601,964323.2092758999,468382691.9002973,19420.33893088494,9710.16946544247,1.179620954007391,0.8776686560132847,0.23837964040523552,real
