nameseq,average,median,maximum,minimum,peak,none_levated_peak,sample_standard_deviation,population_standard_deviation,percentile15,percentile25,percentile50,percentile75,amplitude,variance,interquartile_range,semi_interquartile_range,coefficient_of_variation,skewness,kurtosis,label
1_11967540_11968211,907.9999999999991,605.581492733859,8035.401005024996,1.785525626049601,0.246696035242291,8.422649691739293,952.1727784388712,952.8820320034647,140.88369246874075,239.07607779030315,605.581492733859,1235.6517174319354,8033.615479398946,907984.1669150519,996.5756396416323,498.28781982081614,1.0486484344040443,0.9528265692345304,0.2657631883596859,real
