nameseq,average,median,maximum,minimum,peak,none_levated_peak,sample_standard_deviation,population_standard_deviation,percentile15,percentile25,percentile50,percentile75,amplitude,variance,interquartile_range,semi_interquartile_range,coefficient_of_variation,skewness,kurtosis,label
1_127454339_127454845,646.7500000000007,432.8320408923432,4204.154170561159,2.16741087353345,0.2613065326633163,7.6240072111451465,720.4655612865891,721.1771323847585,91.3318078206026,173.7299450391478,432.8320408923432,810.6528153453373,4201.986759687626,520096.4562747035,636.9228703061896,318.4614351530948,1.11397844806585,0.8907488599135047,0.22054498340009362,real
