nameseq,average,median,maximum,minimum,peak,none_levated_peak,sample_standard_deviation,population_standard_deviation,percentile15,percentile25,percentile50,percentile75,amplitude,variance,interquartile_range,semi_interquartile_range,coefficient_of_variation,skewness,kurtosis,label
1_12746860_12760970,18317.750000000015,12642.730382377133,907256.25,1.8891743937200893,0.25678190097946874,39.30605291489729,20060.009343841295,20060.72017495166,2999.7693870163075,5358.218913048955,12642.730382377133,24698.214273639845,907254.3608256063,402432493.9377126,19339.99536059089,9669.997680295444,1.0951131740438251,0.8487064268539625,0.24453165427057139,real
