nameseq,average,median,maximum,minimum,peak,none_levated_peak,sample_standard_deviation,population_standard_deviation,percentile15,percentile25,percentile50,percentile75,amplitude,variance,interquartile_range,semi_interquartile_range,coefficient_of_variation,skewness,kurtosis,label
1_1498656_1498812,205.25000000000003,124.91402723036951,906.7087335188646,4.488385748974277,0.2549736094194072,4.116058982479924,203.66332512261505,204.31504942876072,42.954826832393955,68.46907153864467,124.91402723036951,293.7737474568307,902.2203477698904,41744.63942307693,225.304675918186,112.652337959093,0.9922695499274787,1.183364349785575,0.2152051113644041,real
