nameseq,average,median,maximum,minimum,peak,none_levated_peak,sample_standard_deviation,population_standard_deviation,percentile15,percentile25,percentile50,percentile75,amplitude,variance,interquartile_range,semi_interquartile_range,coefficient_of_variation,skewness,kurtosis,label
1_15545699_15554305,11461.750000000033,7765.6748160795505,279538.1269833115,3.292083232389772,0.2503108164111058,30.337313301832307,12214.65619143658,12215.36583014111,1814.7059754087823,3177.71675685048,7765.6748160795505,15707.322574726788,279534.8349000791,149215162.36417904,12529.605817876309,6264.802908938154,1.0656885895641193,0.9077804056028325,0.24729884918407938,real
