nameseq,average,median,maximum,minimum,peak,none_levated_peak,sample_standard_deviation,population_standard_deviation,percentile15,percentile25,percentile50,percentile75,amplitude,variance,interquartile_range,semi_interquartile_range,coefficient_of_variation,skewness,kurtosis,label
1_159026440_159026599,225.99999999999994,152.42289245737925,1418.0007331374354,4.51471862576143,0.23598820058997058,4.045370163737545,245.42004808083627,246.19059957836467,33.316361869827205,54.24019351943958,152.42289245737925,313.85018364552644,1413.486014511674,60609.81132075469,259.60999012608687,129.80499506304344,1.0859294162868864,0.8994021652019144,0.2830274736072109,real
