nameseq,average,median,maximum,minimum,peak,none_levated_peak,sample_standard_deviation,population_standard_deviation,percentile15,percentile25,percentile50,percentile75,amplitude,variance,interquartile_range,semi_interquartile_range,coefficient_of_variation,skewness,kurtosis,label
1_15638905_15639813,1087.2499999999995,758.1963280725303,10506.25,0.7338882118350787,0.2786847551161188,10.391628294775627,1123.1868722523425,1123.805197029291,164.1761002236182,285.2752336573042,758.1963280725303,1511.5590086038226,10505.516111788165,1262938.120870044,1226.2837749465184,613.1418874732592,1.0330529981626515,0.8788929430797565,0.26429393995522144,real
