nameseq,average,median,maximum,minimum,peak,none_levated_peak,sample_standard_deviation,population_standard_deviation,percentile15,percentile25,percentile50,percentile75,amplitude,variance,interquartile_range,semi_interquartile_range,coefficient_of_variation,skewness,kurtosis,label
1_156585323_156585579,396.2499999999999,237.11874953693592,3838.402375128221,2.1982113596675306,0.2161934805467929,5.106119172270512,571.7875479581554,572.9032320394517,47.78664944463357,85.30614197827765,237.11874953693592,412.1278818444581,3836.204163768554,328218.1132812499,326.82173986618045,163.41086993309023,1.442996966455913,0.8349145641487956,0.19754861360155843,real
