nameseq,average,median,maximum,minimum,peak,none_levated_peak,sample_standard_deviation,population_standard_deviation,percentile15,percentile25,percentile50,percentile75,amplitude,variance,interquartile_range,semi_interquartile_range,coefficient_of_variation,skewness,kurtosis,label
1_16296839_16297055,208.2499999999999,146.98368776608254,1421.620028680611,3.6597705976913417,0.34733893557422985,5.766624467594481,243.18614269731736,243.748423546659,23.703331616111655,60.18274058840819,146.98368776608254,251.3738128372883,1417.9602580829198,59413.293981481474,191.19107224888012,95.59553612444006,1.1677605891827971,0.755795271322339,0.21100937006736212,real
