nameseq,average,median,maximum,minimum,peak,none_levated_peak,sample_standard_deviation,population_standard_deviation,percentile15,percentile25,percentile50,percentile75,amplitude,variance,interquartile_range,semi_interquartile_range,coefficient_of_variation,skewness,kurtosis,label
1_16727151_16727315,223.25,131.16380803616138,1427.7346262521332,0.7722106570873993,0.24636058230683092,4.297067407217345,251.55565984489394,252.3214322702826,22.045705841803745,39.96583147238042,131.16380803616138,329.07806799539543,1426.9624155950457,63666.10518292681,289.112236523015,144.5561182615075,1.1267890698539482,1.0982005972827382,0.26544319935967653,real
