nameseq,average,median,maximum,minimum,peak,none_levated_peak,sample_standard_deviation,population_standard_deviation,percentile15,percentile25,percentile50,percentile75,amplitude,variance,interquartile_range,semi_interquartile_range,coefficient_of_variation,skewness,kurtosis,label
1_176040136_176040176,60.25,46.55941950576912,182.25,0.6093911257532425,0.2268326417704011,1.9598116100386258,48.72884156226166,49.33419199703183,15.62444780034569,18.864543212131412,46.55941950576912,85.43515200422733,181.64060887424677,2433.8624999999993,66.57060879209592,33.28530439604796,0.8087774533155462,0.8428630799731733,0.23185311436086103,real
