nameseq,average,median,maximum,minimum,peak,none_levated_peak,sample_standard_deviation,population_standard_deviation,percentile15,percentile25,percentile50,percentile75,amplitude,variance,interquartile_range,semi_interquartile_range,coefficient_of_variation,skewness,kurtosis,label
1_173723333_173724479,1558.7499999999984,981.3025009048392,19740.25,2.57362185084739,0.2452820101577121,11.181822345344688,1787.10089950176,1787.8804419159337,184.1320507802307,375.84785221073327,981.3025009048392,2142.2097797186425,19737.676378149154,3196516.4745855145,1766.3619275079093,883.1809637539546,1.1464961664806812,0.9693590875414203,0.25652650104274316,real
