nameseq,average,median,maximum,minimum,peak,none_levated_peak,sample_standard_deviation,population_standard_deviation,percentile15,percentile25,percentile50,percentile75,amplitude,variance,interquartile_range,semi_interquartile_range,coefficient_of_variation,skewness,kurtosis,label
1_182820331_182820383,63.249999999999986,43.669308034628756,227.6478124609285,0.25,0.2793148880105403,2.521484204777328,61.654278034861456,62.24428456925553,12.143497751089615,18.46954611459634,43.669308034628756,91.39659784339945,227.3978124609285,3874.3509615384614,72.92705172880311,36.463525864401554,0.9747711942270588,0.9527656112183958,0.24901678070907005,real
