nameseq,average,median,maximum,minimum,peak,none_levated_peak,sample_standard_deviation,population_standard_deviation,percentile15,percentile25,percentile50,percentile75,amplitude,variance,interquartile_range,semi_interquartile_range,coefficient_of_variation,skewness,kurtosis,label
1_1881435_1881603,172.24999999999986,116.83415555312979,973.5904821156817,1.9276970269361897,0.32704402515723296,4.923422012552099,197.2650501229247,197.8512774186471,31.59407600743536,43.20996345072908,116.83415555312979,186.36503248964252,971.6627850887454,39145.12797619046,143.15506903891344,71.57753451945672,1.1452252547049337,0.8427622289757558,0.16373129033431486,real
