nameseq,average,median,maximum,minimum,peak,none_levated_peak,sample_standard_deviation,population_standard_deviation,percentile15,percentile25,percentile50,percentile75,amplitude,variance,interquartile_range,semi_interquartile_range,coefficient_of_variation,skewness,kurtosis,label
1_18820373_18821500,1152.0000000000002,750.3149135222011,17689.0,1.0677429239898322,0.32638888888888884,12.732827244108638,1438.158197139661,1438.7961027807614,178.146931871397,291.42800546968425,750.3149135222011,1514.9909631020355,17687.93225707601,2070134.2253771075,1223.5629576323513,611.7814788161756,1.2484012127948445,0.8379156492172559,0.25234211543260193,real
