nameseq,average,median,maximum,minimum,peak,none_levated_peak,sample_standard_deviation,population_standard_deviation,percentile15,percentile25,percentile50,percentile75,amplitude,variance,interquartile_range,semi_interquartile_range,coefficient_of_variation,skewness,kurtosis,label
1_18445009_18445348,291.00000000000006,188.92032185419822,1497.3191724597882,3.1643983707261456,0.38946162657502853,7.536921586501072,283.8062719532463,284.2245570320394,40.45320588848101,82.82405297222009,188.92032185419822,425.8712914662314,1494.1547740890621,80783.598820059,343.0472384940113,171.52361924700566,0.975279285062702,1.0790425184396726,0.2674334943049004,real
