nameseq,average,median,maximum,minimum,peak,none_levated_peak,sample_standard_deviation,population_standard_deviation,percentile15,percentile25,percentile50,percentile75,amplitude,variance,interquartile_range,semi_interquartile_range,coefficient_of_variation,skewness,kurtosis,label
1_25050339_25050629,370.74999999999994,254.09620016910293,1637.8308651408254,3.432698224397149,0.2616318273769387,5.701794750794611,368.82668694117024,369.46204776861634,50.04602624773754,99.07510798720621,254.09620016910293,518.6756374517494,1634.3981669164282,136502.20474137933,419.6005294645432,209.8002647322716,0.9948123720597986,0.9488505357219764,0.25820098109540285,real
