nameseq,average,median,maximum,minimum,peak,none_levated_peak,sample_standard_deviation,population_standard_deviation,percentile15,percentile25,percentile50,percentile75,amplitude,variance,interquartile_range,semi_interquartile_range,coefficient_of_variation,skewness,kurtosis,label
1_2970063_2970362,432.99999999999966,301.7549805598869,3102.2535417168465,0.6572647203377285,0.23094688221709025,5.4820246973244755,453.5438236819017,454.3016250853434,60.57616708620867,93.76232822152038,301.7549805598869,583.2301555382774,3101.5962769965085,206389.9665551839,489.467827316757,244.7339136583785,1.047445320281529,0.8681301293532528,0.24055428593664085,real
