nameseq,average,median,maximum,minimum,peak,none_levated_peak,sample_standard_deviation,population_standard_deviation,percentile15,percentile25,percentile50,percentile75,amplitude,variance,interquartile_range,semi_interquartile_range,coefficient_of_variation,skewness,kurtosis,label
1_29161582_29161691,169.50000000000003,126.08088197773745,845.2967761790131,3.061962884627632,0.21632251720747292,3.1931991011759626,170.84861720248134,171.63053715584437,26.354414177415073,37.371892240462714,126.08088197773745,243.29978880382154,842.2348132943855,29457.04128440367,205.92789656335884,102.96394828167942,1.0079564436724562,0.7624138620473185,0.29372160209741005,real
