nameseq,average,median,maximum,minimum,peak,none_levated_peak,sample_standard_deviation,population_standard_deviation,percentile15,percentile25,percentile50,percentile75,amplitude,variance,interquartile_range,semi_interquartile_range,coefficient_of_variation,skewness,kurtosis,label
1_33114762_33114842,98.25000000000003,60.44271608550513,489.67858472457027,3.4763883654446506,0.2748091603053434,3.182889310591284,111.88386836358491,112.58097086097631,10.372456431757838,17.618824667220593,60.44271608550513,131.81893937000814,486.2021963591256,12674.474999999997,114.20011470278754,57.10005735139377,1.138767108026309,1.013746247804928,0.26143295282210266,real
