nameseq,average,median,maximum,minimum,peak,none_levated_peak,sample_standard_deviation,population_standard_deviation,percentile15,percentile25,percentile50,percentile75,amplitude,variance,interquartile_range,semi_interquartile_range,coefficient_of_variation,skewness,kurtosis,label
1_35789952_35790078,145.74999999999997,106.46151473671796,726.5204977893162,3.2771463947430424,0.29045168667810184,3.9598662199163903,144.69925708171414,145.2723256890696,21.22390361037344,37.846976472492344,106.46151473671796,220.70834950627602,723.2433513945732,21104.04861111111,182.86137303378368,91.43068651689184,0.9927907861524128,0.8145546713020468,0.31657586417370476,real
