nameseq,average,median,maximum,minimum,peak,none_levated_peak,sample_standard_deviation,population_standard_deviation,percentile15,percentile25,percentile50,percentile75,amplitude,variance,interquartile_range,semi_interquartile_range,coefficient_of_variation,skewness,kurtosis,label
1_35258215_35258525,469.7500000000003,357.71986889519775,2652.249999999999,3.705595027898816,0.22068476139790658,5.397581481151473,454.4066185697564,455.13894236248217,61.752641158400024,136.27999907025585,357.71986889519775,625.1918768173356,2648.5444049721004,207151.45685483885,488.91187774707976,244.45593887353988,0.9673371337301887,0.7396247756519286,0.2322138448936741,real
