nameseq,average,median,maximum,minimum,peak,none_levated_peak,sample_standard_deviation,population_standard_deviation,percentile15,percentile25,percentile50,percentile75,amplitude,variance,interquartile_range,semi_interquartile_range,coefficient_of_variation,skewness,kurtosis,label
1_36777324_36777374,68.74999999999999,60.927695736397816,229.20212450619448,0.23835469883915583,0.2472727272727273,2.3291238061613204,59.76725692216433,60.36197064377537,4.870665140225622,19.096937562754217,60.927695736397816,104.51970411037415,228.96376980735533,3643.5674999999997,85.42276654761993,42.711383273809965,0.869341918867845,0.39263827719863026,0.30287360910927535,real
