nameseq,average,median,maximum,minimum,peak,none_levated_peak,sample_standard_deviation,population_standard_deviation,percentile15,percentile25,percentile50,percentile75,amplitude,variance,interquartile_range,semi_interquartile_range,coefficient_of_variation,skewness,kurtosis,label
1_40045958_40046630,960.249999999999,593.5847427649611,10100.25,1.389860694456522,0.23361971708756427,8.277407522254032,1066.1125644133454,1066.9055080442868,147.47025360648072,261.324171910987,593.5847427649611,1248.647725229889,10098.860139305543,1138287.3630952376,987.323553318902,493.661776659451,1.1102447950152008,1.0317820166676428,0.23661738751116504,real
