nameseq,average,median,maximum,minimum,peak,none_levated_peak,sample_standard_deviation,population_standard_deviation,percentile15,percentile25,percentile50,percentile75,amplitude,variance,interquartile_range,semi_interquartile_range,coefficient_of_variation,skewness,kurtosis,label
1_40015491_40015706,283.99999999999994,172.12255024975468,2477.938451531908,1.4622220204492529,0.25352112676056343,4.90565473301424,336.50408615646853,337.28574594637803,55.56682978120565,74.26458787965728,172.12255024975468,363.84306909166554,2476.4762295114588,113761.67441860466,289.5784812120082,144.7892406060041,1.184873542804467,0.9974094314405222,0.23648221678598122,real
