nameseq,average,median,maximum,minimum,peak,none_levated_peak,sample_standard_deviation,population_standard_deviation,percentile15,percentile25,percentile50,percentile75,amplitude,variance,interquartile_range,semi_interquartile_range,coefficient_of_variation,skewness,kurtosis,label
1_40259357_40259488,116.99999999999991,74.62516406813094,739.6067788089285,0.15728632786134286,0.37606837606837634,4.713928182140474,134.3167897174437,134.82847457882144,17.210905879170557,28.175933337527262,74.62516406813094,152.7066601802907,739.4494924810672,18178.717557251897,124.53072684276344,62.26536342138172,1.1480067497217419,0.9464528452700004,0.20566552627281623,real
