nameseq,average,median,maximum,minimum,peak,none_levated_peak,sample_standard_deviation,population_standard_deviation,percentile15,percentile25,percentile50,percentile75,amplitude,variance,interquartile_range,semi_interquartile_range,coefficient_of_variation,skewness,kurtosis,label
1_40734605_40734886,402.49999999999994,264.78267637610253,2034.2729316823823,1.0134361692527247,0.2335403726708075,5.2706972498777285,386.17903878900523,386.8655798443788,67.06213014383431,134.12134909344326,264.78267637610253,541.3191980566664,2033.2594955131294,149664.97686832742,407.1978489632232,203.5989244816116,0.9594510280472182,1.0698456658012039,0.22053273096907494,real
