nameseq,average,median,maximum,minimum,peak,none_levated_peak,sample_standard_deviation,population_standard_deviation,percentile15,percentile25,percentile50,percentile75,amplitude,variance,interquartile_range,semi_interquartile_range,coefficient_of_variation,skewness,kurtosis,label
1_42154370_42170444,21670.750000000065,14666.560543524718,617237.219236774,8.990855129385782,0.24726109310168393,41.26080611670411,23880.1449247068,23880.887732145107,3501.0022180820997,6009.875043282242,14666.560543524718,29439.390873293596,617228.2283816446,570296798.8753188,23429.515830011354,11714.757915005677,1.1019528592552972,0.8799179584411184,0.24677105515099537,real
