nameseq,average,median,maximum,minimum,peak,none_levated_peak,sample_standard_deviation,population_standard_deviation,percentile15,percentile25,percentile50,percentile75,amplitude,variance,interquartile_range,semi_interquartile_range,coefficient_of_variation,skewness,kurtosis,label
1_42716208_42723606,8045.749999999999,5457.988335812756,123211.98284754278,2.585963780218934,0.3065386487690189,31.243684685577392,8565.756789391116,8566.335693645446,1249.7965724042183,2127.4711534815297,5457.988335812756,10978.651813254379,123209.39688376256,73382107.21622398,8851.18065977285,4425.590329886425,1.0646312387771328,0.9063162991245248,0.24454355073158895,real
