nameseq,average,median,maximum,minimum,peak,none_levated_peak,sample_standard_deviation,population_standard_deviation,percentile15,percentile25,percentile50,percentile75,amplitude,variance,interquartile_range,semi_interquartile_range,coefficient_of_variation,skewness,kurtosis,label
1_42744431_42744710,396.0000000000002,293.2005441842446,1862.1544001511086,2.1203909705861332,0.23569023569023553,5.175902349470128,353.90676738372775,354.54044160177665,97.80838719101357,131.09648720207505,293.2005441842446,577.8096447825933,1860.0340091805224,125698.9247311828,446.7131575805182,223.3565787902591,0.893703958039716,0.8714113316541419,0.278520455817331,real
