nameseq,average,median,maximum,minimum,peak,none_levated_peak,sample_standard_deviation,population_standard_deviation,percentile15,percentile25,percentile50,percentile75,amplitude,variance,interquartile_range,semi_interquartile_range,coefficient_of_variation,skewness,kurtosis,label
1_44312306_44312620,396.75000000000006,280.8206332513601,2163.2852037569924,3.342499158760821,0.2646502835538752,5.961844052385179,395.92755019068835,396.5575069139519,77.65418681013523,102.04889095662801,280.8206332513601,533.278991387969,2159.9427045982316,157257.856289809,431.23010043134093,215.61505021567046,0.9979270326167317,0.8784134877161658,0.22769726446869412,real
