nameseq,average,median,maximum,minimum,peak,none_levated_peak,sample_standard_deviation,population_standard_deviation,percentile15,percentile25,percentile50,percentile75,amplitude,variance,interquartile_range,semi_interquartile_range,coefficient_of_variation,skewness,kurtosis,label
1_4901819_4902026,318.00000000000006,233.09067555257107,1764.0,7.419288798270611,0.21802935010482175,4.273125970539754,287.13063229129693,287.82334893687255,84.19006110757476,129.3737062583925,233.09067555257107,417.448936692659,1756.5807112017294,82842.28019323669,288.0752304342665,144.03761521713324,0.9029265166392983,0.8871501145996253,0.23332221655809451,real
