nameseq,average,median,maximum,minimum,peak,none_levated_peak,sample_standard_deviation,population_standard_deviation,percentile15,percentile25,percentile50,percentile75,amplitude,variance,interquartile_range,semi_interquartile_range,coefficient_of_variation,skewness,kurtosis,label
1_58693219_58703196,14084.499999999995,9400.966335057881,113542.71214589383,0.9502279300302635,0.23614611807305913,31.802960165047647,14498.71105478,14499.43764332213,2169.6959116845806,3936.8510134407616,9400.966335057881,19656.382480769174,113541.7619179638,210233691.97258678,15719.531467328412,7859.765733664206,1.0294089995938802,0.9690931105350965,0.24765004012596137,real
