nameseq,average,median,maximum,minimum,peak,none_levated_peak,sample_standard_deviation,population_standard_deviation,percentile15,percentile25,percentile50,percentile75,amplitude,variance,interquartile_range,semi_interquartile_range,coefficient_of_variation,skewness,kurtosis,label
1_58993932_58994019,91.99999999999997,67.20370279882756,729.0,0.4829813386922657,0.318840579710145,3.442112414030688,101.44456614328831,102.02591512121731,16.840724693964514,26.957472389102534,67.20370279882756,138.4039837217792,728.5170186613077,10409.287356321838,111.44651133267668,55.72325566633834,1.1026583276444386,0.7332959707121669,0.3328283523143797,real
