nameseq,average,median,maximum,minimum,peak,none_levated_peak,sample_standard_deviation,population_standard_deviation,percentile15,percentile25,percentile50,percentile75,amplitude,variance,interquartile_range,semi_interquartile_range,coefficient_of_variation,skewness,kurtosis,label
1_58490731_58494145,4661.750000000002,3034.567293057454,120264.31350723772,0.9347954718682605,0.24418583865143623,19.167863818979164,5863.572663061315,5864.431354237196,663.535486800256,1173.150111331779,3034.567293057454,6415.5575669073005,120263.37871176585,34391555.10856031,5242.407455575521,2621.2037277877607,1.2578050438271706,0.8325211268515318,0.26161549318243993,real
