nameseq,average,median,maximum,minimum,peak,none_levated_peak,sample_standard_deviation,population_standard_deviation,percentile15,percentile25,percentile50,percentile75,amplitude,variance,interquartile_range,semi_interquartile_range,coefficient_of_variation,skewness,kurtosis,label
1_59104808_59132260,38181.2499999998,25592.086215295218,1012126.1956566353,10.864517618042445,0.23967261417580743,53.228900821335415,42430.641719752486,42431.4145278415,6031.372396732587,10537.851979138328,25592.086215295218,51789.04969097626,1012115.3311390172,1800424938.833519,41251.19771183793,20625.598855918965,1.111295248839488,0.8900994616947328,0.24716713238043483,real
