nameseq,average,median,maximum,minimum,peak,none_levated_peak,sample_standard_deviation,population_standard_deviation,percentile15,percentile25,percentile50,percentile75,amplitude,variance,interquartile_range,semi_interquartile_range,coefficient_of_variation,skewness,kurtosis,label
1_60212587_60214492,2726.500000000001,1929.1965330443008,23324.12618158207,1.367384289379626,0.23302157833608406,13.79871562391537,2857.4895012930488,2858.239400138472,406.25959979235677,760.7015012248751,1929.1965330443008,3700.984324266549,23322.75879729269,8169532.468503932,2940.2828230416735,1470.1414115208368,1.0480430960179894,0.8370670827608401,0.24875402618080414,real
