nameseq,average,median,maximum,minimum,peak,none_levated_peak,sample_standard_deviation,population_standard_deviation,percentile15,percentile25,percentile50,percentile75,amplitude,variance,interquartile_range,semi_interquartile_range,coefficient_of_variation,skewness,kurtosis,label
1_66641648_66641848,252.25,168.87305387329482,2162.25,1.1655345886265842,0.26560951437066405,4.7925587743788896,262.0734629831872,262.7278297021463,43.1179814685304,59.1791284948764,168.87305387329482,389.4565445514658,2161.0844654113735,69025.91249999999,330.2774160565894,165.1387080282947,1.03894336167765,0.9544302407915378,0.2866357214841819,real
