nameseq,average,median,maximum,minimum,peak,none_levated_peak,sample_standard_deviation,population_standard_deviation,percentile15,percentile25,percentile50,percentile75,amplitude,variance,interquartile_range,semi_interquartile_range,coefficient_of_variation,skewness,kurtosis,label
1_6873482_6873528,57.75,32.31042899555107,167.27859756768413,0.25,0.2712842712842713,2.301912570111913,47.74803660884917,48.26424660139222,7.492293314370061,20.232245639633074,32.31042899555107,92.1551851446105,167.02859756768413,2329.4375000000005,71.92293950497742,35.96146975248871,0.8268058287246609,1.5983633764577159,0.3206926819922695,real
