nameseq,average,median,maximum,minimum,peak,none_levated_peak,sample_standard_deviation,population_standard_deviation,percentile15,percentile25,percentile50,percentile75,amplitude,variance,interquartile_range,semi_interquartile_range,coefficient_of_variation,skewness,kurtosis,label
1_73633707_73633840,169.5,117.91354492261945,819.4901006571113,0.01471886315424835,0.263520157325467,3.968887443320936,175.0292832642584,175.68605586546676,18.939657166651436,43.33564154194134,117.91354492261945,233.60386834882,819.475381793957,30865.59022556391,190.26822680687866,95.13411340343933,1.0326211402021144,0.884191275573509,0.2428248216719627,real
