nameseq,average,median,maximum,minimum,peak,none_levated_peak,sample_standard_deviation,population_standard_deviation,percentile15,percentile25,percentile50,percentile75,amplitude,variance,interquartile_range,semi_interquartile_range,coefficient_of_variation,skewness,kurtosis,label
1_8041359_8041447,72.25,63.91915115315873,233.24822524841758,3.73501490157563,0.4106113033448674,3.754463633390428,53.00471677124593,53.30502918453038,21.261815859465898,35.059693163046646,63.91915115315873,101.35789221643819,229.51321034684196,2841.426136363636,66.29819905339154,33.14909952669577,0.733629297871916,0.47151551905059513,0.2623669000095271,real
