nameseq,average,median,maximum,minimum,peak,none_levated_peak,sample_standard_deviation,population_standard_deviation,percentile15,percentile25,percentile50,percentile75,amplitude,variance,interquartile_range,semi_interquartile_range,coefficient_of_variation,skewness,kurtosis,label
1_8275978_8279185,3384.0000000000023,2160.7789643784827,38809.0,1.3638221609488521,0.3159968479117413,21.01522876446462,3680.7188156663083,3681.292627941315,524.0580935561621,935.3136239415958,2160.7789643784827,4550.582023109291,38807.63617783905,13551915.412535073,3615.2683991676954,1807.6341995838477,1.0876828651496175,0.9969963180141083,0.2292670932609206,real
