nameseq,average,median,maximum,minimum,peak,none_levated_peak,sample_standard_deviation,population_standard_deviation,percentile15,percentile25,percentile50,percentile75,amplitude,variance,interquartile_range,semi_interquartile_range,coefficient_of_variation,skewness,kurtosis,label
1_97905385_97905536,171.99999999999983,105.1980807971859,745.2880837194729,0.6645799133799188,0.294573643410853,4.420413901601346,166.43917808016232,166.98939173984186,19.696193352402194,37.19327891161664,105.1980807971859,300.57695412709376,744.6235038060929,27885.45695364237,263.3836752154771,131.69183760773856,0.9676696400009447,1.2040780297047617,0.340399920630492,real
