nameseq,average,median,maximum,minimum,peak,none_levated_peak,sample_standard_deviation,population_standard_deviation,percentile15,percentile25,percentile50,percentile75,amplitude,variance,interquartile_range,semi_interquartile_range,coefficient_of_variation,skewness,kurtosis,label
2_109076227_109085878,11900.999999999975,7836.19124562855,1245456.0,0.4724810072198797,0.27034142789121424,33.859415616726444,18743.214372140126,18744.185397364043,1748.348763172094,3131.1588606201385,7836.19124562855,15534.141209182777,1245455.5275189928,351344486.2107554,12402.982348562638,6201.491174281319,1.5749276844080469,0.6506048546955768,0.24047657556716043,real
