nameseq,average,median,maximum,minimum,peak,none_levated_peak,sample_standard_deviation,population_standard_deviation,percentile15,percentile25,percentile50,percentile75,amplitude,variance,interquartile_range,semi_interquartile_range,coefficient_of_variation,skewness,kurtosis,label
2_10795959_10797787,2373.249999999999,1548.8875871644461,22021.297805204522,0.25584219735825553,0.25689104252256056,14.138465838434954,2445.121111519836,2445.7898168821316,406.78534019863815,706.8663801304086,1548.8875871644461,3264.460563952108,22021.041963007163,5981887.828364331,2557.594183821699,1278.7970919108495,1.0302838350447012,1.0114375221967795,0.24449124605077271,real
