nameseq,average,median,maximum,minimum,peak,none_levated_peak,sample_standard_deviation,population_standard_deviation,percentile15,percentile25,percentile50,percentile75,amplitude,variance,interquartile_range,semi_interquartile_range,coefficient_of_variation,skewness,kurtosis,label
2_109238097_109238207,181.74999999999994,124.6024222277091,784.8076039703283,0.16516438701447078,0.20357634112792303,3.1164868402301127,174.43874282968213,175.22985229795643,23.215455982703254,64.05597820287062,124.6024222277091,219.56437818840024,784.6424395833138,30705.501136363622,155.50839998552962,77.75419999276481,0.9597730004384164,0.9828248618156185,0.15993118275852414,real
