nameseq,average,median,maximum,minimum,peak,none_levated_peak,sample_standard_deviation,population_standard_deviation,percentile15,percentile25,percentile50,percentile75,amplitude,variance,interquartile_range,semi_interquartile_range,coefficient_of_variation,skewness,kurtosis,label
2_106497064_106515168,24436.250000000106,16127.008638627105,524364.1406088907,0.14879730884131467,0.2469691544324507,44.05011089071734,27696.670964215173,27697.43588601446,3696.4169246231027,6507.361209856169,16127.008638627105,32626.003966018376,524363.9918115819,767147954.6598817,26118.642756162208,13059.321378081104,1.133425585522126,0.9000260037145358,0.24206439394289325,real
