nameseq,average,median,maximum,minimum,peak,none_levated_peak,sample_standard_deviation,population_standard_deviation,percentile15,percentile25,percentile50,percentile75,amplitude,variance,interquartile_range,semi_interquartile_range,coefficient_of_variation,skewness,kurtosis,label
2_107126308_107126778,701.75,450.95550467876694,8125.7034225794805,0.1688890698849203,0.2237263982899893,6.783972439327272,837.4552973144298,838.3457338204171,107.696201069416,188.26728655025772,450.95550467876694,940.5681239631047,8125.534533509595,702823.5694148936,752.3008374128469,376.15041870642347,1.1933812573059206,0.8984162956237296,0.2643898336002984,real
