nameseq,average,median,maximum,minimum,peak,none_levated_peak,sample_standard_deviation,population_standard_deviation,percentile15,percentile25,percentile50,percentile75,amplitude,variance,interquartile_range,semi_interquartile_range,coefficient_of_variation,skewness,kurtosis,label
2_117576212_117577252,1398.2499999999982,863.3244884956381,16256.249999999993,0.9273279098408105,0.2481673520472022,10.685880058212746,1675.4659053528962,1676.2712242676278,223.85478461032892,363.4833143603834,863.3244884956381,1895.0026410699634,16255.322672090151,2809885.217307692,1531.51932670958,765.75966335479,1.1982591849475404,0.9578091260383319,0.23916414576191583,real
