nameseq,average,median,maximum,minimum,peak,none_levated_peak,sample_standard_deviation,population_standard_deviation,percentile15,percentile25,percentile50,percentile75,amplitude,variance,interquartile_range,semi_interquartile_range,coefficient_of_variation,skewness,kurtosis,label
2_137265906_137266212,394.7499999999999,248.51291307265933,4692.25,1.5423123222929884,0.2592358032510028,5.863633761511213,466.98407360422897,467.7464970891986,80.758973011043,135.043194518007,248.51291307265933,469.62568186514187,4690.707687677707,218786.78553921566,334.5824873471349,167.29124367356744,1.1829868869011504,0.9394565801698654,0.20416362242166503,real
