nameseq,average,median,maximum,minimum,peak,none_levated_peak,sample_standard_deviation,population_standard_deviation,percentile15,percentile25,percentile50,percentile75,amplitude,variance,interquartile_range,semi_interquartile_range,coefficient_of_variation,skewness,kurtosis,label
2_135370677_135370798,166.49999999999997,135.35519807699586,626.3151093160864,9.279272376773033,0.24424424424424426,3.448634944278783,138.2253594677909,138.79536336838484,35.31399600402867,49.789677878877015,135.35519807699586,246.97077913271283,617.0358369393133,19264.152892561986,197.18110125383583,98.59055062691792,0.8301823391458915,0.6759570467297956,0.2760761936337749,real
