nameseq,average,median,maximum,minimum,peak,none_levated_peak,sample_standard_deviation,population_standard_deviation,percentile15,percentile25,percentile50,percentile75,amplitude,variance,interquartile_range,semi_interquartile_range,coefficient_of_variation,skewness,kurtosis,label
2_135348991_135370465,27134.74999999997,17097.304351562558,535092.25,13.123627130686389,0.26380686512067886,50.00172683451061,31345.08562956879,31345.815459146866,3817.282386157252,6765.96739041875,17097.304351562558,35770.87056444936,535079.1263728694,982560146.7988907,29004.90317403061,14502.451587015305,1.1551639734867218,0.9606717078771142,0.2351253185875946,real
