nameseq,average,median,maximum,minimum,peak,none_levated_peak,sample_standard_deviation,population_standard_deviation,percentile15,percentile25,percentile50,percentile75,amplitude,variance,interquartile_range,semi_interquartile_range,coefficient_of_variation,skewness,kurtosis,label
2_138313875_138315069,1600.7500000000023,1225.0540878347888,8845.884103162894,0.771704852377779,0.24884168879171184,11.097643896166588,1474.7846029166428,1475.4020551534152,273.01671327912084,482.14691711199237,1225.0540878347888,2215.740240166522,8845.112398310517,2176811.2243509213,1733.5933230545297,866.7966615272649,0.9213085134572174,0.7642388822521123,0.2579256072717352,real
