nameseq,average,median,maximum,minimum,peak,none_levated_peak,sample_standard_deviation,population_standard_deviation,percentile15,percentile25,percentile50,percentile75,amplitude,variance,interquartile_range,semi_interquartile_range,coefficient_of_variation,skewness,kurtosis,label
2_138312618_138313872,1845.7499999999982,1168.4483354998993,175142.25,2.7112017556130343,0.22664680120998712,11.352359209443641,5195.12650230964,5197.197511561651,263.8363873883322,476.45183788790354,1168.4483354998993,2294.501129598075,175139.53879824438,27010861.974182617,1818.0492917101712,909.0246458550856,2.8146425584773915,0.3911175199674071,0.24616169689755626,real
