nameseq,average,median,maximum,minimum,peak,none_levated_peak,sample_standard_deviation,population_standard_deviation,percentile15,percentile25,percentile50,percentile75,amplitude,variance,interquartile_range,semi_interquartile_range,coefficient_of_variation,skewness,kurtosis,label
2_135299062_135325995,35477.500000000175,24168.22093480817,699139.4824822537,3.259886171023783,0.2530617997322234,53.91229084250246,36714.4618270512,36715.14340951582,5800.237515278017,10089.072969066037,24168.22093480817,49075.81443042188,699136.2225960827,1348001755.5813127,38986.74146135584,19493.37073067792,1.0348660933563814,0.9241000822890448,0.24925854173589646,real
