nameseq,average,median,maximum,minimum,peak,none_levated_peak,sample_standard_deviation,population_standard_deviation,percentile15,percentile25,percentile50,percentile75,amplitude,variance,interquartile_range,semi_interquartile_range,coefficient_of_variation,skewness,kurtosis,label
2_139410416_139425983,18950.00000000012,12460.932186749242,199435.5059702485,2.2453969302719265,0.27384344766930346,42.85488646610627,19921.97957031379,19922.619438613438,2863.6108310612353,5189.004585505838,12460.932186749242,26072.842666661854,199433.26057331823,396910765.29581803,20883.838081156016,10441.919040578008,1.0512917979057341,0.9771721415055146,0.24704621145646768,real
