nameseq,average,median,maximum,minimum,peak,none_levated_peak,sample_standard_deviation,population_standard_deviation,percentile15,percentile25,percentile50,percentile75,amplitude,variance,interquartile_range,semi_interquartile_range,coefficient_of_variation,skewness,kurtosis,label
2_138900403_138900529,171.75,108.78803290900171,1194.5145940297632,6.157003635630122,0.24648229015041243,3.7477735273382677,212.58615900382608,213.42808768086533,23.936377112550915,40.03881220284481,108.78803290900171,204.10854264427337,1188.357590394133,45551.54861111113,164.06973044142856,82.03486522071428,1.2377651179262072,0.8885145776098966,0.19579824945231436,real
