nameseq,average,median,maximum,minimum,peak,none_levated_peak,sample_standard_deviation,population_standard_deviation,percentile15,percentile25,percentile50,percentile75,amplitude,variance,interquartile_range,semi_interquartile_range,coefficient_of_variation,skewness,kurtosis,label
2_141846160_141862135,15866.000000000045,10402.418531999361,267306.5750482925,1.7750985934325738,0.33564435480482274,48.280953332307135,17630.698397964847,17631.250210875514,2367.8185952595263,4331.637809253841,10402.418531999361,21187.763273221415,267304.7999496991,310860983.99849784,16856.125463967575,8428.062731983788,1.111225160592764,0.9296707387322828,0.23734050846778393,real
