nameseq,average,median,maximum,minimum,peak,none_levated_peak,sample_standard_deviation,population_standard_deviation,percentile15,percentile25,percentile50,percentile75,amplitude,variance,interquartile_range,semi_interquartile_range,coefficient_of_variation,skewness,kurtosis,label
2_145542816_145543182,343.7499999999998,235.60129935531393,2005.8946267374117,1.1154820775720902,0.3558787878787881,7.388287786261844,336.29284113700663,336.75194420556727,56.88885503691529,109.12120726297658,235.60129935531393,478.7281821641055,2004.7791446598396,113401.87192622949,369.60697490112886,184.80348745056443,0.9783064469440199,0.9647725501295381,0.23331371628387473,real
