nameseq,average,median,maximum,minimum,peak,none_levated_peak,sample_standard_deviation,population_standard_deviation,percentile15,percentile25,percentile50,percentile75,amplitude,variance,interquartile_range,semi_interquartile_range,coefficient_of_variation,skewness,kurtosis,label
2_141054934_141064641,12792.999999999956,8538.594604465408,574564.0,0.984088099073986,0.25295083248651695,32.71372312414072,15455.347068247931,15456.143140620567,1896.9557014812774,3412.7867428381037,8538.594604465408,17127.44894541932,574563.0159119009,238892360.78335217,13714.662202581218,6857.331101290609,1.2081096746852171,0.8258123308550537,0.24552081632462822,real
