nameseq,average,median,maximum,minimum,peak,none_levated_peak,sample_standard_deviation,population_standard_deviation,percentile15,percentile25,percentile50,percentile75,amplitude,variance,interquartile_range,semi_interquartile_range,coefficient_of_variation,skewness,kurtosis,label
2_140310585_140320268,12063.000000000035,8075.1931371874025,1042441.0,5.875009349838375,0.26759512559064835,33.50030479808229,16911.570358780995,16912.443597124013,1859.0985822543144,3319.9380405806114,8075.1931371874025,16150.758157154618,1042435.1249906501,286030748.42590106,12830.820116574007,6415.410058287003,1.4019373587648964,0.7074103903205021,0.24093960280742524,real
