nameseq,average,median,maximum,minimum,peak,none_levated_peak,sample_standard_deviation,population_standard_deviation,percentile15,percentile25,percentile50,percentile75,amplitude,variance,interquartile_range,semi_interquartile_range,coefficient_of_variation,skewness,kurtosis,label
2_159744514_159745034,498.25,294.0056513748687,5656.571796138674,1.2310827050968585,0.34855326977755474,8.879492612152866,583.7443789879266,584.305402066946,90.63327942614247,144.9469897780265,294.0056513748687,656.1810693513529,5655.340713433577,341412.80288461543,511.2340795733264,255.6170397866632,1.171589320597946,1.049659864712919,0.23322588703811897,real
