nameseq,average,median,maximum,minimum,peak,none_levated_peak,sample_standard_deviation,population_standard_deviation,percentile15,percentile25,percentile50,percentile75,amplitude,variance,interquartile_range,semi_interquartile_range,coefficient_of_variation,skewness,kurtosis,label
2_158779636_158782086,3142.7500000000005,2028.9422968316178,46577.18732513792,5.363618179339598,0.2599634078434492,16.689004454186108,3669.4255851563466,3670.174371121728,475.8627010582197,819.89727916449,2028.9422968316178,4259.947044257258,46571.82370695858,13470179.914438773,3440.049765092768,1720.024882546384,1.1675843083784412,0.9106120377592497,0.2600178044203908,real
