nameseq,average,median,maximum,minimum,peak,none_levated_peak,sample_standard_deviation,population_standard_deviation,percentile15,percentile25,percentile50,percentile75,amplitude,variance,interquartile_range,semi_interquartile_range,coefficient_of_variation,skewness,kurtosis,label
2_158877918_158883627,7857.499999999978,5248.256221558113,141980.17017489005,0.19291806433777509,0.24223141372361928,24.43100549862593,8522.931493916867,8523.677908201604,1179.6365280451803,2186.827875055414,5248.256221558113,10710.604263978927,141979.97725682572,72653085.08276407,8523.776388923512,4261.888194461756,1.0846874316152582,0.9184318025919296,0.24827162645842776,real
