nameseq,average,median,maximum,minimum,peak,none_levated_peak,sample_standard_deviation,population_standard_deviation,percentile15,percentile25,percentile50,percentile75,amplitude,variance,interquartile_range,semi_interquartile_range,coefficient_of_variation,skewness,kurtosis,label
2_162885869_162886153,335.2499999999998,235.11178744245467,1621.375185327041,3.999999999999999,0.28337061894108895,5.826199760839196,330.89839830376934,331.4804539836993,69.16309220691947,93.0512071152151,235.11178744245467,503.7251473965237,1617.375185327041,109879.29137323941,410.6739402813086,205.3369701406543,0.9870198308837272,0.9078757685519242,0.2939846153044454,real
