nameseq,average,median,maximum,minimum,peak,none_levated_peak,sample_standard_deviation,population_standard_deviation,percentile15,percentile25,percentile50,percentile75,amplitude,variance,interquartile_range,semi_interquartile_range,coefficient_of_variation,skewness,kurtosis,label
2_160849267_160866861,23432.750000000025,16012.776190365134,804442.7730922863,0.5009161539487024,0.250290725587052,43.38497610325357,25270.43898757993,25271.157132399763,3748.1672964414793,6571.672238770714,16012.776190365134,32005.46963839535,804442.2721761324,638631382.8104395,25433.797399624636,12716.898699812318,1.0784239573921073,0.880868014989574,0.24968284313560563,real
