nameseq,average,median,maximum,minimum,peak,none_levated_peak,sample_standard_deviation,population_standard_deviation,percentile15,percentile25,percentile50,percentile75,amplitude,variance,interquartile_range,semi_interquartile_range,coefficient_of_variation,skewness,kurtosis,label
2_22119912_22126198,6711.749999999995,4484.799792965393,61459.0024354626,1.1509108281533504,0.3122384872301066,29.07977161371197,7126.204731482252,7126.771540370122,1058.566649097512,1818.6075671616522,4484.799792965393,9116.453740832358,61457.85152463445,50790872.58862953,7297.846173670705,3648.9230868353525,1.061750621146833,0.9375047269676449,0.24354001013347576,real
