nameseq,average,median,maximum,minimum,peak,none_levated_peak,sample_standard_deviation,population_standard_deviation,percentile15,percentile25,percentile50,percentile75,amplitude,variance,interquartile_range,semi_interquartile_range,coefficient_of_variation,skewness,kurtosis,label
2_32311384_32311875,670.9999999999997,515.3739660885069,3425.962912329354,3.2323528964979755,0.24441132637853963,7.007574456664472,611.869267082438,612.4920349455087,135.69383159983596,250.3898753955093,515.3739660885069,917.6939066034012,3422.730559432856,375146.49287169025,667.3040312078919,333.6520156039459,0.9118767020602657,0.763035711796218,0.2549723856132239,real
