nameseq,average,median,maximum,minimum,peak,none_levated_peak,sample_standard_deviation,population_standard_deviation,percentile15,percentile25,percentile50,percentile75,amplitude,variance,interquartile_range,semi_interquartile_range,coefficient_of_variation,skewness,kurtosis,label
2_32661361_32661549,277.24999999999994,160.6149541750643,1355.0279042325594,0.980281776892161,0.22723174030658255,4.3168672613981,294.6722755876433,295.4549390527061,47.616394642091635,86.81696804457606,160.6149541750643,354.47118186267755,1354.0476224556674,87293.62101063828,267.6542138181015,133.82710690905074,1.0628395873314458,1.1874382711336409,0.18733751213743335,real
