nameseq,average,median,maximum,minimum,peak,none_levated_peak,sample_standard_deviation,population_standard_deviation,percentile15,percentile25,percentile50,percentile75,amplitude,variance,interquartile_range,semi_interquartile_range,coefficient_of_variation,skewness,kurtosis,label
2_35431147_35431527,467.2499999999998,302.26086280894793,2767.1643423169608,0.9595605088227429,0.27180310326377755,6.764185928352112,485.12446856451186,485.7623708368657,58.259950076642234,92.87486209089744,302.26086280894793,715.2091810081398,2766.204781808138,235965.08092105266,622.3343189172424,311.1671594586212,1.0382546143702773,1.0202895208270344,0.28452960191160614,real
