nameseq,average,median,maximum,minimum,peak,none_levated_peak,sample_standard_deviation,population_standard_deviation,percentile15,percentile25,percentile50,percentile75,amplitude,variance,interquartile_range,semi_interquartile_range,coefficient_of_variation,skewness,kurtosis,label
2_3570238_3571100,1271.7499999999986,815.5092181499115,9329.42077804966,0.036389712534630705,0.22619749688749125,9.193335855522633,1289.3780962153808,1290.1257785607418,173.85228863821638,337.0698991495906,815.5092181499115,1858.4387898378131,9329.384388337125,1664424.52450696,1521.3688906882226,760.6844453441113,1.0138612905173046,1.061536836687217,0.269467464200613,real
