nameseq,average,median,maximum,minimum,peak,none_levated_peak,sample_standard_deviation,population_standard_deviation,percentile15,percentile25,percentile50,percentile75,amplitude,variance,interquartile_range,semi_interquartile_range,coefficient_of_variation,skewness,kurtosis,label
2_55987733_56000135,16122.750000000038,10848.569707240906,335820.25,2.4303442693405244,0.2564285455851715,36.98618260164384,17726.074752324614,17726.7893837326,2566.1758276699647,4515.443552427581,10848.569707240906,21785.716807771045,335817.8196557307,314239061.8552149,17270.27325534346,8635.13662767173,1.0994448684203733,0.8926139091341931,0.24187947402250343,real
