nameseq,average,median,maximum,minimum,peak,none_levated_peak,sample_standard_deviation,population_standard_deviation,percentile15,percentile25,percentile50,percentile75,amplitude,variance,interquartile_range,semi_interquartile_range,coefficient_of_variation,skewness,kurtosis,label
2_57752426_57752507,106.49999999999997,54.35862543716599,596.8824217491103,13.981679657600095,0.25665101721439754,2.968728644084385,115.7421703615411,116.45443659418535,21.153250755225017,37.59767265724113,54.35862543716599,141.29370432438128,582.9007420915102,13561.635802469136,103.69603166714015,51.848015833570074,1.0867809423618886,1.3514877351952497,0.24127218681662022,real
