nameseq,average,median,maximum,minimum,peak,none_levated_peak,sample_standard_deviation,population_standard_deviation,percentile15,percentile25,percentile50,percentile75,amplitude,variance,interquartile_range,semi_interquartile_range,coefficient_of_variation,skewness,kurtosis,label
2_58996431_58996650,308.9999999999999,193.10184946965072,2014.7467269759804,0.6796654939316471,0.2373247033441209,4.805212689295603,321.33938445201517,322.0722004195721,33.038062009448815,78.7722704378583,193.10184946965072,413.71636094781707,2014.0670614820488,103730.50228310502,334.94409050995876,167.47204525497938,1.0399332830162307,1.0820162993215912,0.24723945589740873,real
