nameseq,average,median,maximum,minimum,peak,none_levated_peak,sample_standard_deviation,population_standard_deviation,percentile15,percentile25,percentile50,percentile75,amplitude,variance,interquartile_range,semi_interquartile_range,coefficient_of_variation,skewness,kurtosis,label
2_59375571_59375869,380.7500000000001,254.81365686412727,2141.7180985485656,0.7269359976135894,0.2617640621580214,5.721909307696068,367.30453985759556,367.92030649249324,64.17830036915389,120.15502661904821,254.81365686412727,541.8388733600185,2140.991162550952,135365.35192953018,421.6838467409703,210.84192337048515,0.964686907045556,1.0285988557454138,0.2734235194840797,real
