nameseq,average,median,maximum,minimum,peak,none_levated_peak,sample_standard_deviation,population_standard_deviation,percentile15,percentile25,percentile50,percentile75,amplitude,variance,interquartile_range,semi_interquartile_range,coefficient_of_variation,skewness,kurtosis,label
2_59852019_59852365,454.74999999999994,302.7063710727753,2769.7197486532186,0.5673957928614322,0.25435220817298887,6.183740538453448,482.5304394543415,483.2272346757474,59.60460484910142,125.66606590926968,302.7063710727753,640.1674688233876,2769.152352860357,233508.56033236985,514.5014029141179,257.25070145705894,1.0610894765351107,0.9452893527245225,0.2665486715667336,real
