nameseq,average,median,maximum,minimum,peak,none_levated_peak,sample_standard_deviation,population_standard_deviation,percentile15,percentile25,percentile50,percentile75,amplitude,variance,interquartile_range,semi_interquartile_range,coefficient_of_variation,skewness,kurtosis,label
2_59224438_59224528,116.74999999999999,103.43985897098243,456.68696119884254,4.643610735268237,0.2598144182726624,3.1703564927838017,107.43195520886698,108.0271506510182,16.371302712539404,21.454369700639685,103.43985897098243,157.15919474771283,452.0433504635743,11669.865277777782,135.70482504707314,67.85241252353657,0.9201880531808736,0.3716810609042791,0.22186778303827875,real
