nameseq,average,median,maximum,minimum,peak,none_levated_peak,sample_standard_deviation,population_standard_deviation,percentile15,percentile25,percentile50,percentile75,amplitude,variance,interquartile_range,semi_interquartile_range,coefficient_of_variation,skewness,kurtosis,label
2_60247611_60255407,10773.249999999975,7402.689912423491,102434.16379048073,0.7425449504351285,0.24124567795233623,28.319607285588845,11044.8126398776,11045.520981237307,1713.0772020794197,3092.878213136326,7402.689912423491,14838.222118709435,102433.42124553029,122003533.74695356,11745.343905573109,5872.671952786554,1.0252071231873043,0.9155139695372425,0.2545331333445361,real
