nameseq,average,median,maximum,minimum,peak,none_levated_peak,sample_standard_deviation,population_standard_deviation,percentile15,percentile25,percentile50,percentile75,amplitude,variance,interquartile_range,semi_interquartile_range,coefficient_of_variation,skewness,kurtosis,label
2_64030637_64030940,355.9999999999998,277.5272957705349,1922.404546424151,1.8115608920994772,0.2846441947565545,5.971337664087433,331.2431131359563,331.7892686810126,65.46517024934892,130.16477207657175,277.5272957705349,474.34877036788134,1920.5929855320514,110084.11881188116,344.1839982913096,172.0919991456548,0.93045818296617,0.7107109653077343,0.23148684134554232,real
