nameseq,average,median,maximum,minimum,peak,none_levated_peak,sample_standard_deviation,population_standard_deviation,percentile15,percentile25,percentile50,percentile75,amplitude,variance,interquartile_range,semi_interquartile_range,coefficient_of_variation,skewness,kurtosis,label
2_75420938_75421284,438.75,272.0274623238858,6162.249999999998,3.5125814448913895,0.26362773029439696,6.390637114757639,570.5073400053673,571.331177748624,71.22771748406761,100.20430908169592,272.0274623238858,559.1050995417579,6158.737418555107,326419.31466762983,458.900790460062,229.450395230031,1.3003016296418628,0.8767067098972593,0.27419640513083254,real
