nameseq,average,median,maximum,minimum,peak,none_levated_peak,sample_standard_deviation,population_standard_deviation,percentile15,percentile25,percentile50,percentile75,amplitude,variance,interquartile_range,semi_interquartile_range,coefficient_of_variation,skewness,kurtosis,label
2_75286874_75288507,2294.5000000000027,1505.2040678148685,21334.38813223338,3.2063130838570637,0.2373792402121011,12.96223692364055,2451.407401881621,2452.1578710257536,335.3741785772196,620.117599032293,1505.2040678148685,3125.9074775636536,21331.181819149522,6013078.224433556,2505.7898785313605,1252.8949392656803,1.068384136797393,0.9659299367122286,0.24378147526472127,real
