nameseq,average,median,maximum,minimum,peak,none_levated_peak,sample_standard_deviation,population_standard_deviation,percentile15,percentile25,percentile50,percentile75,amplitude,variance,interquartile_range,semi_interquartile_range,coefficient_of_variation,skewness,kurtosis,label
2_84438969_84447149,11533.249999999993,7815.097663258436,201152.25,1.2757016284042708,0.23644679513580316,28.766511643548245,12105.299510957997,12106.039421078243,1850.6345693836317,3231.7457408819937,7815.097663258436,15711.108768680526,201150.97429837158,146556190.46470046,12479.363027798532,6239.681513899266,1.0496000269618715,0.9214523771284963,0.24600369415079615,real
