nameseq,average,median,maximum,minimum,peak,none_levated_peak,sample_standard_deviation,population_standard_deviation,percentile15,percentile25,percentile50,percentile75,amplitude,variance,interquartile_range,semi_interquartile_range,coefficient_of_variation,skewness,kurtosis,label
2_8693942_8694015,104.50000000000001,78.10072657023801,676.0,0.11290501987398484,0.23604465709728867,2.6993862814700975,101.42115164007949,102.11345422737679,22.08152020879515,34.864752122277025,78.10072657023801,145.73297510819833,675.887094980126,10427.157534246575,110.8682229859213,55.43411149296065,0.9705373362687031,0.7808807039614478,0.30255068208212976,real
