nameseq,average,median,maximum,minimum,peak,none_levated_peak,sample_standard_deviation,population_standard_deviation,percentile15,percentile25,percentile50,percentile75,amplitude,variance,interquartile_range,semi_interquartile_range,coefficient_of_variation,skewness,kurtosis,label
2_87559473_87560382,1269.4999999999998,916.7892355481982,7597.571657353589,1.4582437933327832,0.23893921491400816,9.596400801831004,1290.5724505040391,1291.282141209589,221.71108652144864,375.9299837847915,916.7892355481982,1645.0664473000209,7596.113413560256,1667409.568206821,1269.1364635152295,634.5682317576147,1.0165990157574158,0.8198937556292529,0.2526793282496634,real
