nameseq,average,median,maximum,minimum,peak,none_levated_peak,sample_standard_deviation,population_standard_deviation,percentile15,percentile25,percentile50,percentile75,amplitude,variance,interquartile_range,semi_interquartile_range,coefficient_of_variation,skewness,kurtosis,label
2_88710098_88710620,714.7499999999997,466.4989564606548,6480.25,0.8054291835090965,0.24390812638451687,7.3938553905515425,748.6391821164585,749.355926351582,116.31401965442166,196.0023550995654,466.4989564606548,1042.1242248469107,6479.444570816491,561534.3043582375,846.1218697473453,423.06093487367264,1.0474140358397466,0.9948091796538916,0.26150400201708407,real
