nameseq,average,median,maximum,minimum,peak,none_levated_peak,sample_standard_deviation,population_standard_deviation,percentile15,percentile25,percentile50,percentile75,amplitude,variance,interquartile_range,semi_interquartile_range,coefficient_of_variation,skewness,kurtosis,label
2_90860980_90882008,29811.249999999898,19899.73305673161,731766.8136797411,1.1098877892318593,0.23513494625910322,46.13186968511608,32740.213167448986,32740.991649090876,4641.213577883052,8257.2707901403,19899.73305673161,40340.77927827096,731765.7037919519,1071972534.1658385,32083.50848813066,16041.75424406533,1.0982502634894242,0.9081966167333201,0.24566159253715134,real
