nameseq,average,median,maximum,minimum,peak,none_levated_peak,sample_standard_deviation,population_standard_deviation,percentile15,percentile25,percentile50,percentile75,amplitude,variance,interquartile_range,semi_interquartile_range,coefficient_of_variation,skewness,kurtosis,label
2_91745635_91747401,2251.7499999999986,1476.7547189434401,29412.25,2.183033437011348,0.26157433107583006,14.208004185144334,2552.4661359164,2553.188702423703,339.34854035560977,584.167277805694,1476.7547189434401,3001.705557324586,29410.06696656299,6518772.550184032,2417.538279518892,1208.769139759446,1.1335477454941276,0.9108782328016849,0.23970216398062008,real
