nameseq,average,median,maximum,minimum,peak,none_levated_peak,sample_standard_deviation,population_standard_deviation,percentile15,percentile25,percentile50,percentile75,amplitude,variance,interquartile_range,semi_interquartile_range,coefficient_of_variation,skewness,kurtosis,label
2_91971524_91971683,173.99999999999994,114.22823578574153,1089.0,0.48353859909180175,0.3065134099616859,4.619982433074847,178.70926109186397,179.27035905363755,22.61803398874991,38.727641616895106,114.22823578574153,235.34462938485544,1088.5164614009082,32137.861635220124,196.61698776796032,98.30849388398016,1.0270647189187587,1.0033911591778097,0.2281121695060214,real
