nameseq,average,median,maximum,minimum,peak,none_levated_peak,sample_standard_deviation,population_standard_deviation,percentile15,percentile25,percentile50,percentile75,amplitude,variance,interquartile_range,semi_interquartile_range,coefficient_of_variation,skewness,kurtosis,label
2_92159182_92159230,58.25,29.746932917703123,272.25,0.35890140228756684,0.2804005722460658,2.5148599374604794,67.77905281132216,68.48144517556075,6.686113445390431,12.645076832132363,29.746932917703123,68.16981597504457,271.8910985977124,4689.708333333332,55.52473914291221,27.762369571456105,1.1635888894647581,1.2615874329923762,0.18917389197127987,real
