nameseq,average,median,maximum,minimum,peak,none_levated_peak,sample_standard_deviation,population_standard_deviation,percentile15,percentile25,percentile50,percentile75,amplitude,variance,interquartile_range,semi_interquartile_range,coefficient_of_variation,skewness,kurtosis,label
3_115694757_115702098,9541.499999999985,6465.560598860924,332928.9999999999,4.777921746869733,0.25649356320634464,28.385827881726264,10261.685789869029,10262.38469576392,1501.4909549655465,2693.531524840426,6465.560598860924,13292.104960316654,332924.222078253,105316539.64384954,10598.573435476228,5299.286717738114,1.0754793051269762,0.8992497326830508,0.24958076092789222,real
