nameseq,average,median,maximum,minimum,peak,none_levated_peak,sample_standard_deviation,population_standard_deviation,percentile15,percentile25,percentile50,percentile75,amplitude,variance,interquartile_range,semi_interquartile_range,coefficient_of_variation,skewness,kurtosis,label
3_115663454_115675871,12690.49999999998,8646.268636261873,393128.9999999999,2.3159528082289333,0.32617574826313694,41.591385191667456,13534.449979589115,13534.99496539455,2058.72679547899,3619.373044936277,8646.268636261873,17364.055640879895,393126.68404719164,183196088.71325582,13744.682595943617,6872.341297971809,1.066502500263121,0.8964305242925468,0.2518422651685096,real
