nameseq,average,median,maximum,minimum,peak,none_levated_peak,sample_standard_deviation,population_standard_deviation,percentile15,percentile25,percentile50,percentile75,amplitude,variance,interquartile_range,semi_interquartile_range,coefficient_of_variation,skewness,kurtosis,label
3_11688004_11688052,46.24999999999998,41.83066803438863,125.64039761939284,1.414794587778139,0.35315315315315327,2.6013096275847443,34.0440890610984,34.396886971546316,12.589499021100057,25.00309360194755,41.83066803438863,72.69743406907877,124.22560303161471,1183.1458333333328,47.69434046713121,23.847170233565606,0.7360884121318576,0.38943605960612215,0.28582094681780185,real
