nameseq,average,median,maximum,minimum,peak,none_levated_peak,sample_standard_deviation,population_standard_deviation,percentile15,percentile25,percentile50,percentile75,amplitude,variance,interquartile_range,semi_interquartile_range,coefficient_of_variation,skewness,kurtosis,label
3_114173080_114175644,3399.250000000001,2214.604830917551,33549.241106141475,2.7563356074816148,0.25152607192763105,16.702104373170197,3725.114125768497,3725.840481264485,523.5242020190431,938.9939828583481,2214.604830917551,4622.016210723166,33546.48477053399,13881887.291829169,3683.022227864818,1841.511113932409,1.095863536300212,0.954047416336316,0.2594524789492222,real
