nameseq,average,median,maximum,minimum,peak,none_levated_peak,sample_standard_deviation,population_standard_deviation,percentile15,percentile25,percentile50,percentile75,amplitude,variance,interquartile_range,semi_interquartile_range,coefficient_of_variation,skewness,kurtosis,label
3_12678931_12679112,241.5000000000001,145.12470119731796,1239.000309993338,1.1387780072971287,0.25120772946859893,4.4488938686945465,248.0831513827572,248.76751999713483,53.43673824827868,75.15490531468149,145.12470119731796,339.32650782000053,1237.861531986041,61885.27900552488,264.171602505319,132.0858012526595,1.0272594260155572,1.1654394697766723,0.23348581214781008,real
