nameseq,average,median,maximum,minimum,peak,none_levated_peak,sample_standard_deviation,population_standard_deviation,percentile15,percentile25,percentile50,percentile75,amplitude,variance,interquartile_range,semi_interquartile_range,coefficient_of_variation,skewness,kurtosis,label
3_13406528_13406657,156.49999999999986,100.41802264600503,1132.8654757615957,0.7201955688619118,0.2768903088391909,4.033199094755142,200.53989628001702,201.31568214118084,25.4362087096304,38.37963459906543,100.41802264600503,187.65364298455535,1132.1452801927337,40528.00387596896,149.2740083854899,74.63700419274495,1.2814050880512282,0.8389648901935206,0.23688473523494752,real
