nameseq,average,median,maximum,minimum,peak,none_levated_peak,sample_standard_deviation,population_standard_deviation,percentile15,percentile25,percentile50,percentile75,amplitude,variance,interquartile_range,semi_interquartile_range,coefficient_of_variation,skewness,kurtosis,label
3_144006340_144023286,23500.749999999967,15820.956302097647,515606.3311812943,0.17430503908783232,0.24037530717104807,41.815713434621756,25208.052446093487,25208.79621101055,3746.291755599087,6552.473145886244,15820.956302097647,32128.489872867307,515606.1568762552,635483406.4082599,25576.016726981063,12788.008363490531,1.0726488493385753,0.9139691034432685,0.248907559481914,real
