nameseq,average,median,maximum,minimum,peak,none_levated_peak,sample_standard_deviation,population_standard_deviation,percentile15,percentile25,percentile50,percentile75,amplitude,variance,interquartile_range,semi_interquartile_range,coefficient_of_variation,skewness,kurtosis,label
3_140896886_140896936,72.75000000000001,63.00000000000001,182.51430470303504,6.3893044958557885,0.23367697594501713,2.1425010380091547,49.36724622662277,49.85847470591133,12.726956185179969,39.199671500317535,63.00000000000001,112.15363615226575,176.12500020717926,2485.8675,72.95396465194821,36.476982325974106,0.678587576998251,0.5924981082745928,0.2597785476926282,real
