nameseq,average,median,maximum,minimum,peak,none_levated_peak,sample_standard_deviation,population_standard_deviation,percentile15,percentile25,percentile50,percentile75,amplitude,variance,interquartile_range,semi_interquartile_range,coefficient_of_variation,skewness,kurtosis,label
3_143120626_143120743,171.50000000000006,131.3508201960532,689.7043190516043,1.5484115272885624,0.22934888241010684,3.4256968523370923,170.7373714217248,171.46546586093066,24.219656020645616,40.80444588949138,131.3508201960532,201.51960815265736,688.1559075243158,29400.40598290598,160.71516226316598,80.35758113158299,0.9955531861325058,0.7054550413238627,0.18139877200978746,real
