nameseq,average,median,maximum,minimum,peak,none_levated_peak,sample_standard_deviation,population_standard_deviation,percentile15,percentile25,percentile50,percentile75,amplitude,variance,interquartile_range,semi_interquartile_range,coefficient_of_variation,skewness,kurtosis,label
3_19240996_19241302,370.74999999999983,232.86812200356835,2038.7066246624415,1.1152427642501148,0.27601708249044743,6.170829406317799,396.3964240504699,397.04360231657535,34.09718698136617,83.39310928494683,232.86812200356835,548.0272105457549,2037.5913818981915,157643.6221405228,464.63410126080805,232.31705063040403,1.0691744411341066,1.0435150493099008,0.24526005381179708,real
