nameseq,average,median,maximum,minimum,peak,none_levated_peak,sample_standard_deviation,population_standard_deviation,percentile15,percentile25,percentile50,percentile75,amplitude,variance,interquartile_range,semi_interquartile_range,coefficient_of_variation,skewness,kurtosis,label
3_27960249_27966262,6077.499999999991,3963.3174766897855,167281.0,3.80428595145373,0.329850541615248,29.204864371783056,6557.487723968685,6558.03297717912,923.5253766035565,1664.1815459673392,3963.3174766897855,8327.247408197603,167277.19571404855,43007796.52976884,6663.065862230264,3331.532931115132,1.0789778237710728,0.9672221797301385,0.2474372929571866,real
