nameseq,average,median,maximum,minimum,peak,none_levated_peak,sample_standard_deviation,population_standard_deviation,percentile15,percentile25,percentile50,percentile75,amplitude,variance,interquartile_range,semi_interquartile_range,coefficient_of_variation,skewness,kurtosis,label
3_28527289_28527366,101.49999999999999,50.047356439826785,592.802657410409,1.0000000000000018,0.2561576354679803,2.992649994133918,125.96527299220209,126.78059071410803,15.663407448833292,32.60170955782048,50.047356439826785,128.35634440807488,591.802657410409,16073.318181818175,95.7546348502544,47.8773174251272,1.2410371723369666,1.2254006760265994,0.23336883699743965,real
