nameseq,average,median,maximum,minimum,peak,none_levated_peak,sample_standard_deviation,population_standard_deviation,percentile15,percentile25,percentile50,percentile75,amplitude,variance,interquartile_range,semi_interquartile_range,coefficient_of_variation,skewness,kurtosis,label
3_28492354_28492554,206.25,125.27393697304812,1347.0632357537575,0.25,0.32484848484848483,5.366942687124536,230.21837459247251,230.79320288951317,25.24566554087613,64.09716423003951,125.27393697304812,275.2157076911112,1346.8132357537575,53265.502499999995,211.1185434610717,105.55927173053585,1.1162103010544122,1.0552076458314057,0.23109462409284695,real
