nameseq,average,median,maximum,minimum,peak,none_levated_peak,sample_standard_deviation,population_standard_deviation,percentile15,percentile25,percentile50,percentile75,amplitude,variance,interquartile_range,semi_interquartile_range,coefficient_of_variation,skewness,kurtosis,label
3_28017876_28018177,355.5000000000003,245.69345690137607,2079.2892993701903,2.427094611278622,0.28316924519456144,6.112553177457202,399.37106805576184,400.03392505637976,60.24049876161666,86.17390625386386,245.69345690137607,454.23033885886366,2076.8622047589115,160027.14119601325,368.0564326049998,184.0282163024999,1.1234066611976414,0.8248460032409701,0.24353210380413257,real
