nameseq,average,median,maximum,minimum,peak,none_levated_peak,sample_standard_deviation,population_standard_deviation,percentile15,percentile25,percentile50,percentile75,amplitude,variance,interquartile_range,semi_interquartile_range,coefficient_of_variation,skewness,kurtosis,label
3_30622624_30622817,298.50000000000006,167.1973039677219,6889.0,0.9653645766839377,0.21663874930206586,4.417014703079781,548.587504414747,550.0068793728974,42.578082249712,66.14496396563302,167.1973039677219,346.8523218226306,6888.034635423316,302507.56735751295,280.70735785699753,140.35367892849877,1.8378140851415306,0.7180405768029112,0.22343644633828252,real
