nameseq,average,median,maximum,minimum,peak,none_levated_peak,sample_standard_deviation,population_standard_deviation,percentile15,percentile25,percentile50,percentile75,amplitude,variance,interquartile_range,semi_interquartile_range,coefficient_of_variation,skewness,kurtosis,label
3_36807819_36807921,171.74999999999997,136.69368575491575,812.25,4.376552295835608,0.19990295972828728,2.944873751168954,165.8052321249242,166.6160204911692,31.678320018361863,45.39805846681327,136.69368575491575,231.83395638845215,807.8734477041644,27760.898284313713,186.43589792163888,93.21794896081944,0.9653870866080013,0.6342920629670735,0.24224655316466667,real
