nameseq,average,median,maximum,minimum,peak,none_levated_peak,sample_standard_deviation,population_standard_deviation,percentile15,percentile25,percentile50,percentile75,amplitude,variance,interquartile_range,semi_interquartile_range,coefficient_of_variation,skewness,kurtosis,label
3_3942530_3942653,208.99999999999986,152.34918344045565,962.2805390113214,0.36701564279441723,0.19776714513556634,3.180364403794745,176.72860549441336,177.44556018471775,44.88900406571048,89.05635863309136,152.34918344045565,313.2218052026597,961.913523368527,31486.926829268286,224.16544656956836,112.08272328478418,0.8455914138488683,0.9616578436930239,0.2598055142537315,real
