nameseq,average,median,maximum,minimum,peak,none_levated_peak,sample_standard_deviation,population_standard_deviation,percentile15,percentile25,percentile50,percentile75,amplitude,variance,interquartile_range,semi_interquartile_range,coefficient_of_variation,skewness,kurtosis,label
3_4147093_4147428,277.99999999999994,133.9871497226337,1709.8327123195509,1.436508138959548,0.4028776978417267,7.8424176293413685,321.47006081437814,321.94950934449975,36.13166871681267,66.33147107016347,133.9871497226337,396.98318247064805,1708.3962041805912,103651.48656716415,330.6517114004846,165.3258557002423,1.1563671252315764,1.34394646188083,0.24757243550620625,real
