nameseq,average,median,maximum,minimum,peak,none_levated_peak,sample_standard_deviation,population_standard_deviation,percentile15,percentile25,percentile50,percentile75,amplitude,variance,interquartile_range,semi_interquartile_range,coefficient_of_variation,skewness,kurtosis,label
3_47884147_47884286,153.0,85.15120761845337,1034.288354276548,0.2502292058683471,0.30501089324618735,4.396421445902562,175.8465239918037,176.4779318545372,17.646709811907222,40.657997256489125,85.15120761845337,218.35531304072668,1034.0381250706796,31144.46043165467,177.69731578423756,88.84865789211878,1.1493236862209393,1.1575228928274255,0.27210118448099146,real
