nameseq,average,median,maximum,minimum,peak,none_levated_peak,sample_standard_deviation,population_standard_deviation,percentile15,percentile25,percentile50,percentile75,amplitude,variance,interquartile_range,semi_interquartile_range,coefficient_of_variation,skewness,kurtosis,label
3_51748791_51757078,12044.000000000051,8361.317645712554,148640.97702089112,0.28150434272350777,0.22938115797630812,28.401193810317896,12216.293668703285,12217.030722230078,1982.7615846714145,3334.2003945059932,8361.317645712554,16717.061768885484,148640.6955165484,149255839.6679136,13382.86137437949,6691.430687189745,1.0143053527651307,0.9043698000782591,0.25287689415211617,real
