nameseq,average,median,maximum,minimum,peak,none_levated_peak,sample_standard_deviation,population_standard_deviation,percentile15,percentile25,percentile50,percentile75,amplitude,variance,interquartile_range,semi_interquartile_range,coefficient_of_variation,skewness,kurtosis,label
3_53853962_53854272,423.75,296.58149728243137,2167.334296737321,0.22303684229400408,0.24464110127826943,5.624048945986408,403.8841108535963,404.5350123409314,76.9551319467766,136.52374649970014,296.58149728243137,587.9424955187626,2167.111259895027,163648.57620967753,451.4187490190625,225.70937450953124,0.9531188456722037,0.9445915248965997,0.25862370983605787,real
