nameseq,average,median,maximum,minimum,peak,none_levated_peak,sample_standard_deviation,population_standard_deviation,percentile15,percentile25,percentile50,percentile75,amplitude,variance,interquartile_range,semi_interquartile_range,coefficient_of_variation,skewness,kurtosis,label
3_54320511_54321000,710.4999999999993,445.79032567135124,4224.76492320619,8.593747480542095,0.22988505747126461,6.9579837821298725,732.969474125628,733.7185488986596,120.97845620627447,200.45984731672186,445.79032567135124,987.625767374067,4216.171175725648,538342.9089979548,787.1659200573451,393.5829600286726,1.0316248756166484,1.0834407857616095,0.23802809617686466,real
