nameseq,average,median,maximum,minimum,peak,none_levated_peak,sample_standard_deviation,population_standard_deviation,percentile15,percentile25,percentile50,percentile75,amplitude,variance,interquartile_range,semi_interquartile_range,coefficient_of_variation,skewness,kurtosis,label
3_56432893_56434142,904.5000000000003,490.1337377461173,104976.0,4.399550637749386,0.460659664639764,16.47832241855839,3083.654366170113,3084.888568487359,127.69657425363509,225.64144385163252,490.1337377461173,1065.517529480708,104971.60044936225,9516537.479983987,839.8760856290754,419.9380428145377,3.4092364468436838,0.4031252011896434,0.21473233335935207,real
