nameseq,average,median,maximum,minimum,peak,none_levated_peak,sample_standard_deviation,population_standard_deviation,percentile15,percentile25,percentile50,percentile75,amplitude,variance,interquartile_range,semi_interquartile_range,coefficient_of_variation,skewness,kurtosis,label
3_66429899_66436670,9229.000000000007,6164.5188303010045,240099.99999999994,2.073841290600824,0.24459132444829687,26.641469636819412,9976.737793487408,9977.474491867106,1561.5748310346914,2669.2270971932357,6164.5188303010045,12583.713416978258,240097.92615870934,99549997.23585877,9914.486319785023,4957.243159892511,1.08102045654864,0.9214879351743896,0.24719612291837081,real
