nameseq,average,median,maximum,minimum,peak,none_levated_peak,sample_standard_deviation,population_standard_deviation,percentile15,percentile25,percentile50,percentile75,amplitude,variance,interquartile_range,semi_interquartile_range,coefficient_of_variation,skewness,kurtosis,label
3_72408757_72409092,465.9999999999999,345.88763850912017,2495.27439288515,7.068203876138139,0.24034334763948503,5.89748868338726,474.3047543510395,475.01214438520697,81.44840314992582,114.35593973044162,345.88763850912017,632.8664425166539,2488.2061890090117,225636.53731343272,518.5105027862123,259.25525139310616,1.0178213612683253,0.7597163662541504,0.24516797173569188,real
