nameseq,average,median,maximum,minimum,peak,none_levated_peak,sample_standard_deviation,population_standard_deviation,percentile15,percentile25,percentile50,percentile75,amplitude,variance,interquartile_range,semi_interquartile_range,coefficient_of_variation,skewness,kurtosis,label
3_7841210_7841302,127.24999999999996,90.14589391418566,568.8868148101284,2.117464864633091,0.2436149312377211,3.140216261082805,127.22322901105753,127.91279085852744,13.681305373228048,26.784055436914606,90.14589391418566,175.2443704293627,566.7693499454953,16361.682065217381,148.4603149924481,74.23015749622405,0.9997896189474073,0.8749370623800803,0.2459974714004899,real
