nameseq,average,median,maximum,minimum,peak,none_levated_peak,sample_standard_deviation,population_standard_deviation,percentile15,percentile25,percentile50,percentile75,amplitude,variance,interquartile_range,semi_interquartile_range,coefficient_of_variation,skewness,kurtosis,label
3_8196916_8197150,218.75000000000006,128.12161185686378,1053.755983483442,0.4222185666562243,0.35809523809523797,6.0582407064266395,228.7173473963005,229.205538661245,40.2259681297006,60.66574406089637,128.12161185686378,296.8709175362536,1053.3337649167856,52535.17895299147,236.20517347535724,118.10258673767862,1.045565016668802,1.1887387096979185,0.22122099523403038,real
