nameseq,average,median,maximum,minimum,peak,none_levated_peak,sample_standard_deviation,population_standard_deviation,percentile15,percentile25,percentile50,percentile75,amplitude,variance,interquartile_range,semi_interquartile_range,coefficient_of_variation,skewness,kurtosis,label
4_103114669_103115283,623.7499999999999,439.19482925833586,3906.25,0.8464686577244298,0.32865731462925857,9.092373393273295,592.1692114590221,592.6512377589909,140.7480302215818,233.14434514490017,439.19482925833586,850.7980346997483,3905.4035313422755,351235.4896172639,617.6536895548481,308.82684477742407,0.9493694772890136,0.9349785526012704,0.2613348894778015,real
