nameseq,average,median,maximum,minimum,peak,none_levated_peak,sample_standard_deviation,population_standard_deviation,percentile15,percentile25,percentile50,percentile75,amplitude,variance,interquartile_range,semi_interquartile_range,coefficient_of_variation,skewness,kurtosis,label
4_127257606_127259214,2474.2499999999995,1702.4807325349027,22933.405131088195,0.7905079899148144,0.2167660233740865,12.209594846017712,2478.6860430478073,2479.4566589666424,369.41176115346366,659.8862578603819,1702.4807325349027,3613.736453002861,22932.61462309828,6147705.323694025,2953.8501951424787,1476.9250975712393,1.0017928839235355,0.9340867549116362,0.2668911315902984,real
