nameseq,average,median,maximum,minimum,peak,none_levated_peak,sample_standard_deviation,population_standard_deviation,percentile15,percentile25,percentile50,percentile75,amplitude,variance,interquartile_range,semi_interquartile_range,coefficient_of_variation,skewness,kurtosis,label
4_126992162_126992213,74.99999999999999,39.02941850584317,329.99788496385395,1.0,0.23111111111111113,2.4010477528492835,85.75546629807336,86.59212480607789,4.918841340429623,12.372380890423512,39.02941850584317,131.12825808759771,328.99788496385395,7498.19607843137,118.7558771971742,59.3779385985871,1.143406217307645,1.25836578285733,0.3297945121891063,real
