nameseq,average,median,maximum,minimum,peak,none_levated_peak,sample_standard_deviation,population_standard_deviation,percentile15,percentile25,percentile50,percentile75,amplitude,variance,interquartile_range,semi_interquartile_range,coefficient_of_variation,skewness,kurtosis,label
4_12962559_12962954,396.99999999999966,233.45444528808392,2694.4830288513645,0.0,0.33249370277078116,7.6036556061730876,445.0876318209707,445.65067775363974,60.86294245479852,104.3416366823198,233.45444528808392,573.0589478293653,2694.4830288513645,198604.52658227846,468.71731114704545,234.35865557352273,1.121127536072975,1.1023372231855182,0.2637782958949547,real
