nameseq,average,median,maximum,minimum,peak,none_levated_peak,sample_standard_deviation,population_standard_deviation,percentile15,percentile25,percentile50,percentile75,amplitude,variance,interquartile_range,semi_interquartile_range,coefficient_of_variation,skewness,kurtosis,label
4_127603503_127603999,716.2499999999999,413.0920492641946,5463.522729721413,3.201296334039165,0.2312972658522397,7.214883480368981,914.634899837088,915.5564465694284,113.40721162006275,176.36915579277326,413.0920492641946,846.2262242385206,5460.321433387374,838243.6068548387,669.8570684457472,334.9285342228736,1.276977172547418,0.9943572592401717,0.2046145471598135,real
