nameseq,average,median,maximum,minimum,peak,none_levated_peak,sample_standard_deviation,population_standard_deviation,percentile15,percentile25,percentile50,percentile75,amplitude,variance,interquartile_range,semi_interquartile_range,coefficient_of_variation,skewness,kurtosis,label
4_120124111_120124173,81.75,62.99090685215284,552.25,2.8204715506473583,0.25688073394495414,2.5435668021955915,81.45474203507123,82.10900750163302,23.57470822065199,32.801272207441464,62.99090685215284,95.45771445204451,549.4295284493527,6741.889112903226,62.65644224460305,31.328221122301525,0.9963882817745717,0.6909024329033008,0.20131456958872207,real
