nameseq,average,median,maximum,minimum,peak,none_levated_peak,sample_standard_deviation,population_standard_deviation,percentile15,percentile25,percentile50,percentile75,amplitude,variance,interquartile_range,semi_interquartile_range,coefficient_of_variation,skewness,kurtosis,label
4_126967652_126972853,7000.500000000012,4711.8960605146885,121801.0,1.6361086386680395,0.2476965931004924,23.55491415109407,7512.124882481654,7512.847028590746,1029.217012243366,1918.0074007149094,4711.8960605146885,9610.250220441805,121799.36389136132,56442870.47500481,7692.2428197268955,3846.1214098634478,1.0730840486367603,0.9139640149576197,0.25102925296056205,real
