nameseq,average,median,maximum,minimum,peak,none_levated_peak,sample_standard_deviation,population_standard_deviation,percentile15,percentile25,percentile50,percentile75,amplitude,variance,interquartile_range,semi_interquartile_range,coefficient_of_variation,skewness,kurtosis,label
4_12895647_12897185,1886.750000000001,1222.7430751214863,13726.338364774654,7.499683283076723,0.27189611766264726,13.434551857846483,1978.9214549850128,1979.564692920084,307.74286346203104,525.4675883570512,1222.7430751214863,2537.8503488245833,13718.838681491578,3918676.373455787,2012.382760467532,1006.191380233766,1.0488519703113883,1.0066194237358603,0.23670339014372352,real
