nameseq,average,median,maximum,minimum,peak,none_levated_peak,sample_standard_deviation,population_standard_deviation,percentile15,percentile25,percentile50,percentile75,amplitude,variance,interquartile_range,semi_interquartile_range,coefficient_of_variation,skewness,kurtosis,label
4_12989429_12991227,2179.7500000000014,1430.8722919421677,27798.732228560973,1.5690578579832655,0.2751080016821499,14.692553999031379,2446.150521738186,2446.8306692618926,298.5404458196019,578.4750169710971,1430.8722919421677,2820.3248385734873,27797.163170702992,5986980.324040601,2241.84982160239,1120.924910801195,1.1222160897984559,0.918436173166109,0.22582330046233998,real
