nameseq,average,median,maximum,minimum,peak,none_levated_peak,sample_standard_deviation,population_standard_deviation,percentile15,percentile25,percentile50,percentile75,amplitude,variance,interquartile_range,semi_interquartile_range,coefficient_of_variation,skewness,kurtosis,label
4_130667981_130673497,7631.250000000008,5446.614774958315,92720.25,0.6156493218419203,0.24098280098280073,23.670554764459585,7480.282731956059,7480.960754412195,1285.180239516395,2194.095147866579,5446.614774958315,10644.183851970238,92719.63435067816,55964773.80905548,8450.088704103659,4225.044352051829,0.9802172294127504,0.8761574809367216,0.255563072270895,real
