nameseq,average,median,maximum,minimum,peak,none_levated_peak,sample_standard_deviation,population_standard_deviation,percentile15,percentile25,percentile50,percentile75,amplitude,variance,interquartile_range,semi_interquartile_range,coefficient_of_variation,skewness,kurtosis,label
4_131710152_131719185,12588.500000000007,8344.124388070044,205208.99999999988,0.49964170098563765,0.23921303835511235,30.372865022994016,13147.988296693902,13148.716051837773,2077.10989938121,3622.6760961901446,8344.124388070044,17222.648006286225,205208.5003582989,172888733.81185633,13599.97191009608,6799.98595504804,1.044444397401906,0.9684467728794427,0.2435118271401969,real
