nameseq,average,median,maximum,minimum,peak,none_levated_peak,sample_standard_deviation,population_standard_deviation,percentile15,percentile25,percentile50,percentile75,amplitude,variance,interquartile_range,semi_interquartile_range,coefficient_of_variation,skewness,kurtosis,label
4_145779724_145780621,1270.4999999999993,808.3526607715369,11664.0,2.112686392593561,0.23560278105732663,9.451706993872612,1320.1379662747377,1320.8736241564507,231.98111547756906,398.0335289794554,808.3526607715369,1694.1126114877493,11661.887313607407,1744707.1309921965,1296.0790825082938,648.0395412541469,1.0390696310702388,1.0502250924558676,0.23570783265168072,real
