nameseq,average,median,maximum,minimum,peak,none_levated_peak,sample_standard_deviation,population_standard_deviation,percentile15,percentile25,percentile50,percentile75,amplitude,variance,interquartile_range,semi_interquartile_range,coefficient_of_variation,skewness,kurtosis,label
4_148720498_148720597,109.0,75.17877667524252,385.27056503547647,2.9943408873001554,0.30581039755351686,3.554593242365797,94.93682109698005,95.4150952629635,19.64185064566594,32.398536758992606,75.17877667524252,164.57540631201735,382.2762241481763,9104.040404040401,132.17686955302474,66.08843477651237,0.8709800100640372,1.0687493935638004,0.27931829268887054,real
