nameseq,average,median,maximum,minimum,peak,none_levated_peak,sample_standard_deviation,population_standard_deviation,percentile15,percentile25,percentile50,percentile75,amplitude,variance,interquartile_range,semi_interquartile_range,coefficient_of_variation,skewness,kurtosis,label
4_158648156_158652862,6540.750000000004,4433.194796480822,63228.476020087466,5.154757675699015,0.23988074762068556,21.973790099470765,6649.156873243403,6649.863290974294,1047.490105345119,1816.8981276147003,4433.194796480822,9083.729325370434,63223.321262411766,44220681.788647465,7266.831197755733,3633.4155988778666,1.0165740738055116,0.9508973439926377,0.23950948551275206,real
