nameseq,average,median,maximum,minimum,peak,none_levated_peak,sample_standard_deviation,population_standard_deviation,percentile15,percentile25,percentile50,percentile75,amplitude,variance,interquartile_range,semi_interquartile_range,coefficient_of_variation,skewness,kurtosis,label
4_152538938_152543250,4594.250000000001,3139.7747504033982,36312.75364561108,0.31780085668469094,0.31292739112296164,23.956491896092423,4661.626272021385,4662.166781765451,760.7860032810715,1356.658658769293,3139.7747504033982,6213.559069971457,36312.4358447544,21735799.10099722,4856.900411202164,2428.450205601082,1.014665347340999,0.9360307957286609,0.23782160798679586,real
