nameseq,average,median,maximum,minimum,peak,none_levated_peak,sample_standard_deviation,population_standard_deviation,percentile15,percentile25,percentile50,percentile75,amplitude,variance,interquartile_range,semi_interquartile_range,coefficient_of_variation,skewness,kurtosis,label
4_164658366_164661993,4183.000000000003,2795.5047933240467,255025.0,3.4750340381789555,0.28910670172922126,21.294493584944053,5997.481804891115,5998.308530624574,664.6377465825918,1185.4018346005898,2795.5047933240467,5763.553926643164,255021.5249659618,35979705.22856354,4578.152092042575,2289.0760460212873,1.4337752342555847,0.6940388908947159,0.2613604514556024,real
