nameseq,average,median,maximum,minimum,peak,none_levated_peak,sample_standard_deviation,population_standard_deviation,percentile15,percentile25,percentile50,percentile75,amplitude,variance,interquartile_range,semi_interquartile_range,coefficient_of_variation,skewness,kurtosis,label
4_160196411_160198474,2870.0000000000014,1953.205411681308,29395.056437636467,0.20900120361160232,0.2397212543554006,14.584557596525686,2992.489431894455,2993.2146201837613,447.9077361144882,792.6904895687045,1953.205411681308,3954.8796302256733,29394.847436432854,8959333.76248182,3162.189140656969,1581.0945703284845,1.0426792445625273,0.9190955649306655,0.2492958316481781,real
