nameseq,average,median,maximum,minimum,peak,none_levated_peak,sample_standard_deviation,population_standard_deviation,percentile15,percentile25,percentile50,percentile75,amplitude,variance,interquartile_range,semi_interquartile_range,coefficient_of_variation,skewness,kurtosis,label
4_163308986_163315293,8253.000000000011,5609.711387297131,112756.86622686367,1.4420659976564327,0.25477604103558266,26.197940649720707,8616.472015854284,8617.15507677857,1298.4471318700505,2369.8369096399856,5609.711387297131,11470.201646309884,112755.42416086601,74255361.61725068,9100.364736669899,4550.182368334949,1.0440411990614653,0.9203146976532516,0.2514619682204179,real
