nameseq,average,median,maximum,minimum,peak,none_levated_peak,sample_standard_deviation,population_standard_deviation,percentile15,percentile25,percentile50,percentile75,amplitude,variance,interquartile_range,semi_interquartile_range,coefficient_of_variation,skewness,kurtosis,label
4_188638528_188638700,173.24999999999997,128.26782643709154,951.7950534128045,1.4637535167110027,0.3328523328523329,4.959897678544063,174.17735214430147,174.68294784392052,23.916199729850085,41.73088389364601,128.26782643709154,242.38069887721926,950.3312998960935,30514.13226744186,200.64981498357326,100.32490749178663,1.0053526819295902,0.7747650255753432,0.2595168665594261,real
