nameseq,average,median,maximum,minimum,peak,none_levated_peak,sample_standard_deviation,population_standard_deviation,percentile15,percentile25,percentile50,percentile75,amplitude,variance,interquartile_range,semi_interquartile_range,coefficient_of_variation,skewness,kurtosis,label
4_186587641_186587950,325.5000000000001,252.380815726661,1449.2882355622721,1.1940418240006685,0.31746031746031733,6.4145689315702485,303.77829086358355,304.26944444358264,53.11575184106036,104.52091532541758,252.380815726661,469.52191265849325,1448.0941937382715,92579.89482200643,365.0009973330757,182.50049866653785,0.9332666385977986,0.7220975277608738,0.2497738313269091,real
