nameseq,average,median,maximum,minimum,peak,none_levated_peak,sample_standard_deviation,population_standard_deviation,percentile15,percentile25,percentile50,percentile75,amplitude,variance,interquartile_range,semi_interquartile_range,coefficient_of_variation,skewness,kurtosis,label
4_18672936_18673036,167.25,113.97130733322855,644.258313581708,7.457007500842782,0.20129546586945687,2.9265214034668716,161.26143370316416,162.0657351200432,23.770846620664763,53.37649344144011,113.97130733322855,232.12177586407435,636.8013060808652,26265.302500000005,178.74528242263423,89.37264121131712,0.9641939234867812,0.9911612115177303,0.22093601985381073,real
