nameseq,average,median,maximum,minimum,peak,none_levated_peak,sample_standard_deviation,population_standard_deviation,percentile15,percentile25,percentile50,percentile75,amplitude,variance,interquartile_range,semi_interquartile_range,coefficient_of_variation,skewness,kurtosis,label
4_180622819_180622913,73.75,62.261924296687425,293.1477560102839,0.29171131652028776,0.42937853107344637,4.097206195093531,63.394597561621914,63.730910784027735,17.012596753429566,21.14199500656169,62.261924296687425,116.24366334554131,292.85604469376364,4061.6289893617027,95.10166833897962,47.55083416948981,0.8595877635474158,0.5436461218392815,0.3240200083659645,real
