nameseq,average,median,maximum,minimum,peak,none_levated_peak,sample_standard_deviation,population_standard_deviation,percentile15,percentile25,percentile50,percentile75,amplitude,variance,interquartile_range,semi_interquartile_range,coefficient_of_variation,skewness,kurtosis,label
4_199831651_199831838,165.00000000000003,99.47655225327665,1151.1393692899394,0.19135891909920735,0.37979797979797975,5.826072070635054,208.89471032077378,209.45250760298018,13.303871043197224,31.706090824526157,99.47655225327665,176.49449686947472,1150.9480103708402,43870.35294117647,144.78840604494854,72.39420302247427,1.2660285473986288,0.9410020145475266,0.16686385907708495,real
