nameseq,average,median,maximum,minimum,peak,none_levated_peak,sample_standard_deviation,population_standard_deviation,percentile15,percentile25,percentile50,percentile75,amplitude,variance,interquartile_range,semi_interquartile_range,coefficient_of_variation,skewness,kurtosis,label
4_208164608_208164621,23.499999999999993,11.082769188806758,59.079048319998,4.0,0.198581560283688,1.060373351158348,20.180436070610565,20.942228226168368,4.633415453083598,9.411972486079918,11.082769188806758,42.27575014128914,55.079048319998,438.57692307692304,32.86377765520922,16.43188882760461,0.8587419604515136,1.8459309949119769,0.32091127980086864,real
