nameseq,average,median,maximum,minimum,peak,none_levated_peak,sample_standard_deviation,population_standard_deviation,percentile15,percentile25,percentile50,percentile75,amplitude,variance,interquartile_range,semi_interquartile_range,coefficient_of_variation,skewness,kurtosis,label
4_200395562_200395683,166.49999999999997,89.88419157628269,849.3361727503931,1.9074657735104301,0.24424424424424426,3.597452310442539,171.48833779589796,172.19550919936836,27.1482906214892,36.743426514499994,89.88419157628269,243.16909989978507,847.4287069768826,29651.293388429756,206.42567338528508,103.21283669264254,1.02995998676215,1.3403093657873792,0.2840393298908063,real
