nameseq,average,median,maximum,minimum,peak,none_levated_peak,sample_standard_deviation,population_standard_deviation,percentile15,percentile25,percentile50,percentile75,amplitude,variance,interquartile_range,semi_interquartile_range,coefficient_of_variation,skewness,kurtosis,label
4_200813650_200814097,521.9999999999999,359.2937548855875,2431.237491673957,1.3019946847752415,0.28607918263090687,7.374885361185547,506.0088932024812,506.57458247158826,89.4106881892037,138.22901809949025,359.2937548855875,703.4367741833097,2429.9354969891815,256617.807606264,565.2077560838195,282.60387804190975,0.969365695790194,0.9646445781890929,0.22440241658437307,real
