nameseq,average,median,maximum,minimum,peak,none_levated_peak,sample_standard_deviation,population_standard_deviation,percentile15,percentile25,percentile50,percentile75,amplitude,variance,interquartile_range,semi_interquartile_range,coefficient_of_variation,skewness,kurtosis,label
4_200618028_200626974,12022.749999999962,8221.077396844552,264328.3544674785,1.588776868953589,0.24805750209672023,30.83071897971552,13193.901019978892,13194.63841838774,1880.2900840089544,3409.241575722293,8221.077396844552,16377.214713113639,264326.7656906096,174098482.9919937,12967.973137391346,6483.986568695673,1.0974112428503406,0.8644158988456984,0.24930445303914023,real
