nameseq,average,median,maximum,minimum,peak,none_levated_peak,sample_standard_deviation,population_standard_deviation,percentile15,percentile25,percentile50,percentile75,amplitude,variance,interquartile_range,semi_interquartile_range,coefficient_of_variation,skewness,kurtosis,label
4_207943867_207944090,232.00000000000006,176.97979005149952,901.5686347727335,1.73067604465859,0.32183908045977005,5.432435927774759,199.05778055629978,199.50359921228167,36.19679756764383,84.56808361675081,176.97979005149952,338.9633596677249,899.8379587280749,39801.68609865471,254.39527605097408,127.19763802548704,0.8580076748116368,0.8292096364392915,0.2658452461879445,real
