nameseq,average,median,maximum,minimum,peak,none_levated_peak,sample_standard_deviation,population_standard_deviation,percentile15,percentile25,percentile50,percentile75,amplitude,variance,interquartile_range,semi_interquartile_range,coefficient_of_variation,skewness,kurtosis,label
4_200059252_200059494,298.74999999999994,174.062807252719,2026.2718563564054,1.1302315784356713,0.27112970711297074,5.364610777991094,335.85134360308876,336.5445359682469,56.06850345864794,80.02399383400757,174.062807252719,378.51872520787924,2025.1416247779696,113262.22469008264,298.4947313738717,149.24736568693584,1.124188597834607,1.1137712722206974,0.23177465573190018,real
