nameseq,average,median,maximum,minimum,peak,none_levated_peak,sample_standard_deviation,population_standard_deviation,percentile15,percentile25,percentile50,percentile75,amplitude,variance,interquartile_range,semi_interquartile_range,coefficient_of_variation,skewness,kurtosis,label
4_203565188_203565319,191.00000000000014,120.34730912436325,901.7651078634925,1.4396997432386875,0.23036649214659669,3.6649820949012453,201.49689823915404,202.26450825023633,17.179528754834987,50.47525365480315,120.34730912436325,260.32073611666755,900.3254081202539,40910.93129770992,209.8454824618644,104.9227412309322,1.054957582403947,1.0519172973836075,0.21580924690693676,real
