nameseq,average,median,maximum,minimum,peak,none_levated_peak,sample_standard_deviation,population_standard_deviation,percentile15,percentile25,percentile50,percentile75,amplitude,variance,interquartile_range,semi_interquartile_range,coefficient_of_variation,skewness,kurtosis,label
4_202974065_202976527,3687.7500000000014,2531.1828835987194,28185.490937952793,1.6033996118481761,0.22262897430682657,15.323108932305411,3717.8279781345464,3718.58294371815,520.0252839395524,1039.2955164854084,2531.1828835987194,5189.732466041525,28183.887538340943,13827859.109311543,4150.436949556117,2075.2184747780584,1.0081561868712752,0.9332603255476064,0.2558583374012126,real
