nameseq,average,median,maximum,minimum,peak,none_levated_peak,sample_standard_deviation,population_standard_deviation,percentile15,percentile25,percentile50,percentile75,amplitude,variance,interquartile_range,semi_interquartile_range,coefficient_of_variation,skewness,kurtosis,label
4_20213233_20213313,98.24999999999999,57.36377451639578,564.1999921953089,2.045369257286649,0.2748091603053435,3.0866602546965254,108.03703068855603,108.710165118079,25.597162175710267,29.20409167950899,57.36377451639578,103.31408172895249,562.1546229380223,11817.9,74.1099900494435,37.05499502472175,1.0996135439038783,1.1353392042438408,0.17649392666306885,real
