nameseq,average,median,maximum,minimum,peak,none_levated_peak,sample_standard_deviation,population_standard_deviation,percentile15,percentile25,percentile50,percentile75,amplitude,variance,interquartile_range,semi_interquartile_range,coefficient_of_variation,skewness,kurtosis,label
4_202689914_202697759,9629.50000000003,6429.315942629775,366025.0,11.624984382557846,0.2715959637918195,30.312165506531922,10979.193834248485,10979.89356936498,1523.4240768254012,2694.31355034555,6429.315942629775,12942.246443929438,366013.37501561746,120558062.79458246,10247.932893583888,5123.966446791944,1.1401624003581132,0.8744314306723332,0.24122587400945894,real
