nameseq,average,median,maximum,minimum,peak,none_levated_peak,sample_standard_deviation,population_standard_deviation,percentile15,percentile25,percentile50,percentile75,amplitude,variance,interquartile_range,semi_interquartile_range,coefficient_of_variation,skewness,kurtosis,label
4_208841501_208843821,3252.2499999999955,2215.759433436853,34282.5268702908,6.78804976901551,0.23788659133420484,15.418552202106211,3492.6174998129986,3493.3701380072353,493.92891426228016,910.2243456957609,2215.759433436853,4280.882463756916,34275.73882052179,12203634.92112069,3370.658118061155,1685.3290590305776,1.0739080635907459,0.8902983793260825,0.22932948365283254,real
