nameseq,average,median,maximum,minimum,peak,none_levated_peak,sample_standard_deviation,population_standard_deviation,percentile15,percentile25,percentile50,percentile75,amplitude,variance,interquartile_range,semi_interquartile_range,coefficient_of_variation,skewness,kurtosis,label
4_201075269_201090564,19818.000000000022,13209.641960977478,386884.0,2.10888014965067,0.25727453157062574,41.21816020597948,21263.655612335337,21264.350718842845,2949.3996990542287,5377.486963297657,13209.641960977478,27019.238969637547,386881.89111985033,452172611.4939522,21641.75200633989,10820.876003169946,1.0729465946278793,0.9323455232018917,0.24457758998702236,real
