nameseq,average,median,maximum,minimum,peak,none_levated_peak,sample_standard_deviation,population_standard_deviation,percentile15,percentile25,percentile50,percentile75,amplitude,variance,interquartile_range,semi_interquartile_range,coefficient_of_variation,skewness,kurtosis,label
4_201186884_201186932,76.24999999999999,55.82409093866281,242.18977450827245,1.466602286771173,0.21420765027322408,2.0981952384019373,67.52777206453652,68.22756041366273,7.437965204219307,29.808646895271924,55.82409093866281,103.92419860440941,240.72317222150127,4654.999999999998,74.11555170913749,37.057775854568746,0.8856101254365447,0.9074448232269263,0.20379694345418578,real
