nameseq,average,median,maximum,minimum,peak,none_levated_peak,sample_standard_deviation,population_standard_deviation,percentile15,percentile25,percentile50,percentile75,amplitude,variance,interquartile_range,semi_interquartile_range,coefficient_of_variation,skewness,kurtosis,label
4_204263446_204263566,170.25000000000003,133.39558203339226,649.2006891738863,0.2600750930539662,0.2369065100342633,3.450026844618437,144.60117565220554,145.20243053521293,20.51778395666967,52.07552326983646,133.39558203339226,244.6332364805019,648.9406140808323,21083.745833333338,192.55771321066544,96.27885660533272,0.8493461124945992,0.7646082640832038,0.26180389910109836,real
