nameseq,average,median,maximum,minimum,peak,none_levated_peak,sample_standard_deviation,population_standard_deviation,percentile15,percentile25,percentile50,percentile75,amplitude,variance,interquartile_range,semi_interquartile_range,coefficient_of_variation,skewness,kurtosis,label
4_204263763_204263859,116.25000000000007,67.87276143191069,650.4251569373007,1.1939772100394743,0.27813620071684575,3.454380969670316,138.62539449898782,139.34553126431197,15.966027674097958,31.9504520580518,67.87276143191069,147.0457834763221,649.2311797272612,19417.177083333343,115.0953314182703,57.54766570913515,1.1924765118192493,1.0469345550199882,0.28120903786437224,real
