nameseq,average,median,maximum,minimum,peak,none_levated_peak,sample_standard_deviation,population_standard_deviation,percentile15,percentile25,percentile50,percentile75,amplitude,variance,interquartile_range,semi_interquartile_range,coefficient_of_variation,skewness,kurtosis,label
4_210320933_210323598,3832.499999999992,2553.604127891293,27532.44847842093,2.6955318976461577,0.23187649489019402,16.367022303562333,3965.564051935108,3966.307990418707,534.071549924985,1004.4363689661537,2553.604127891293,5443.746352848306,27529.752946523284,15731599.074859282,4439.309983882152,2219.654991941076,1.034719909180722,0.967501108563327,0.2607920408099925,real
