nameseq,average,median,maximum,minimum,peak,none_levated_peak,sample_standard_deviation,population_standard_deviation,percentile15,percentile25,percentile50,percentile75,amplitude,variance,interquartile_range,semi_interquartile_range,coefficient_of_variation,skewness,kurtosis,label
4_217255050_217261930,7802.249999999996,5480.814414716409,223256.25000000006,1.4727518422461596,0.29397502857081836,29.441402981287425,8488.550347379698,8489.167225426178,1194.362802452024,2121.2662772485064,5480.814414716409,10637.560860964286,223254.7772481578,72065960.18124999,8516.294583715779,4258.147291857889,1.087961850412343,0.8204353477152373,0.2537804690977996,real
