nameseq,average,median,maximum,minimum,peak,none_levated_peak,sample_standard_deviation,population_standard_deviation,percentile15,percentile25,percentile50,percentile75,amplitude,variance,interquartile_range,semi_interquartile_range,coefficient_of_variation,skewness,kurtosis,label
4_214941828_214941954,159.75000000000006,93.88542169707573,659.8226819781021,0.4669659260623114,0.26499739175795506,3.779838599726747,145.04094249555882,145.6153643177698,25.728558124552546,40.7873271127291,93.88542169707573,238.17262819412062,659.3557160520397,21203.834325396823,197.3853010813915,98.69265054069575,0.9079245226639047,1.3623307426785602,0.26216228253324125,real
