nameseq,average,median,maximum,minimum,peak,none_levated_peak,sample_standard_deviation,population_standard_deviation,percentile15,percentile25,percentile50,percentile75,amplitude,variance,interquartile_range,semi_interquartile_range,coefficient_of_variation,skewness,kurtosis,label
4_234097507_234111145,18923.750000000015,12688.06533526105,437758.7594851832,0.8570673990105273,0.24024484223968978,37.72135611226601,21541.40588204493,21542.19562434652,2855.2147555588763,4978.844598611209,12688.06533526105,25581.123535521587,437757.9024177842,464066192.3176144,20602.278936910378,10301.139468455189,1.1383264882512671,0.8684230777068033,0.2508679371626307,real
