nameseq,average,median,maximum,minimum,peak,none_levated_peak,sample_standard_deviation,population_standard_deviation,percentile15,percentile25,percentile50,percentile75,amplitude,variance,interquartile_range,semi_interquartile_range,coefficient_of_variation,skewness,kurtosis,label
4_234273173_234308809,46385.25000000064,32458.574129182667,763240.3210589926,1.2589373059135758,0.2560943403344778,62.252085682439784,47121.916209445466,47122.57736088833,7453.8283643045925,13408.389696090991,32458.574129182667,64007.07621936078,763239.0621216868,2220537297.1329055,50598.68652326979,25299.343261634895,1.0158814754570649,0.886636855486773,0.25029251795529117,real
