nameseq,average,median,maximum,minimum,peak,none_levated_peak,sample_standard_deviation,population_standard_deviation,percentile15,percentile25,percentile50,percentile75,amplitude,variance,interquartile_range,semi_interquartile_range,coefficient_of_variation,skewness,kurtosis,label
4_23959244_23968701,12790.499999999978,8664.973449410358,253008.99999999994,3.2200245385946262,0.24648502143518017,31.689060839489635,13918.566170766298,13919.302038284894,1948.302973607154,3424.198445277946,8664.973449410358,17267.234790116374,253005.77997546134,193746969.233002,13843.036344838427,6921.518172419213,1.0881956272832431,0.889213694853416,0.2461431834299803,real
