nameseq,average,median,maximum,minimum,peak,none_levated_peak,sample_standard_deviation,population_standard_deviation,percentile15,percentile25,percentile50,percentile75,amplitude,variance,interquartile_range,semi_interquartile_range,coefficient_of_variation,skewness,kurtosis,label
4_233023016_233023150,171.7499999999999,94.1185673510056,1066.5549316679462,6.0932755637646165,0.2620087336244543,4.009069142420248,214.42568642772252,215.22429510046612,26.71777440295665,34.479218972656405,94.1185673510056,226.24186044851095,1060.4616561041817,46321.49720149253,191.76264147585454,95.88132073792727,1.248475612388487,1.0861305929664617,0.2502724355576985,real
