nameseq,average,median,maximum,minimum,peak,none_levated_peak,sample_standard_deviation,population_standard_deviation,percentile15,percentile25,percentile50,percentile75,amplitude,variance,interquartile_range,semi_interquartile_range,coefficient_of_variation,skewness,kurtosis,label
4_235608440_235609413,1195.5000000000002,729.5520365551176,8273.292358434848,0.37843222558257333,0.2715739578976718,10.791180658860089,1315.0403986189933,1315.7159909567108,147.72002228738862,319.545424533121,729.5520365551176,1577.005260008848,8272.913926209265,1731108.5688591993,1257.459835475727,628.7299177378635,1.0999919687319055,1.0629665003467663,0.2269762037390422,real
