nameseq,average,median,maximum,minimum,peak,none_levated_peak,sample_standard_deviation,population_standard_deviation,percentile15,percentile25,percentile50,percentile75,amplitude,variance,interquartile_range,semi_interquartile_range,coefficient_of_variation,skewness,kurtosis,label
4_238946049_238946169,134.24999999999997,67.4394557210931,1406.25,0.36500184076799663,0.3004345127250156,4.154536704592704,193.89301173585395,194.69922316229207,14.432446779063804,35.02685851055159,67.4394557210931,185.52270463588013,1405.884998159232,37907.787500000006,150.49584612532854,75.24792306266427,1.4442682438424879,1.0337228301439476,0.2444701991913517,real
