nameseq,average,median,maximum,minimum,peak,none_levated_peak,sample_standard_deviation,population_standard_deviation,percentile15,percentile25,percentile50,percentile75,amplitude,variance,interquartile_range,semi_interquartile_range,coefficient_of_variation,skewness,kurtosis,label
4_238991952_239002335,12621.999999999962,8470.809739847049,221841.0,1.9265606162110753,0.27423018010880557,34.98022676081057,13548.193274381643,13548.84568057827,1981.0715983635466,3468.9504157571655,8470.809739847049,17402.940159717607,221839.0734393838,183571219.27612442,13933.989743960443,6966.994871980221,1.073379280176017,0.9192052791280493,0.2511760438138509,real
