nameseq,average,median,maximum,minimum,peak,none_levated_peak,sample_standard_deviation,population_standard_deviation,percentile15,percentile25,percentile50,percentile75,amplitude,variance,interquartile_range,semi_interquartile_range,coefficient_of_variation,skewness,kurtosis,label
4_23990765_23992105,1719.2500000000032,1191.2318740370906,10859.287727059595,0.8842003157356678,0.2599970917551253,12.172377074410202,1697.689532865182,1698.3228809688655,256.43653678205607,506.8025697240027,1191.2318740370906,2396.644203316395,10858.40352674386,2884300.608022387,1889.841633592392,944.920816796196,0.9874593763938804,0.9330648196995932,0.2409360220394671,real
