nameseq,average,median,maximum,minimum,peak,none_levated_peak,sample_standard_deviation,population_standard_deviation,percentile15,percentile25,percentile50,percentile75,amplitude,variance,interquartile_range,semi_interquartile_range,coefficient_of_variation,skewness,kurtosis,label
4_232951529_232951998,717.4999999999999,486.8624740064466,5329.0,2.4127761731991386,0.2183507549361208,6.609604449378114,704.4325730685655,705.183167392388,106.0595064763794,206.01203642998672,486.8624740064466,979.7618694617768,5326.587223826801,497283.29957356065,773.7498330317901,386.87491651589505,0.9817875582837151,0.9822268367952274,0.24001375764909144,real
