nameseq,average,median,maximum,minimum,peak,none_levated_peak,sample_standard_deviation,population_standard_deviation,percentile15,percentile25,percentile50,percentile75,amplitude,variance,interquartile_range,semi_interquartile_range,coefficient_of_variation,skewness,kurtosis,label
4_232027993_232034727,7817.749999999994,5343.777984538374,115306.79051615139,2.7615064977767045,0.2871670237600335,28.806253111024954,8318.338949273466,8318.956563629981,1265.8475774109183,2159.2177512063377,5343.777984538374,10827.680121350839,115304.02900965362,69205038.30756234,8668.462370144502,4334.231185072251,1.064032355763931,0.8922353479035738,0.25852184450517546,real
