nameseq,average,median,maximum,minimum,peak,none_levated_peak,sample_standard_deviation,population_standard_deviation,percentile15,percentile25,percentile50,percentile75,amplitude,variance,interquartile_range,semi_interquartile_range,coefficient_of_variation,skewness,kurtosis,label
4_234355740_234355972,302.24999999999983,200.1050966038112,1645.560844125486,1.9845612358975988,0.2569616763165152,5.007768772376612,285.76476339814866,286.37997350397575,49.70803513363776,95.7252423915747,200.1050966038112,460.5189652619143,1643.5762828895884,82013.48922413784,364.7937228703396,182.3968614351698,0.9454582742701367,1.0723320347289225,0.29013880134822523,real
