nameseq,average,median,maximum,minimum,peak,none_levated_peak,sample_standard_deviation,population_standard_deviation,percentile15,percentile25,percentile50,percentile75,amplitude,variance,interquartile_range,semi_interquartile_range,coefficient_of_variation,skewness,kurtosis,label
4_235390460_235390564,174.25,114.94784323162573,843.5871521359228,0.25,0.20086083213773315,3.0570126939086384,187.74051241008158,188.64095168824332,17.480355484223885,39.52286152476662,114.94784323162573,211.05743751431893,843.3371521359228,35585.40865384615,171.5345759895523,85.76728799477615,1.0774204442472401,0.9476189663130445,0.20100538624366737,real
