nameseq,average,median,maximum,minimum,peak,none_levated_peak,sample_standard_deviation,population_standard_deviation,percentile15,percentile25,percentile50,percentile75,amplitude,variance,interquartile_range,semi_interquartile_range,coefficient_of_variation,skewness,kurtosis,label
4_23373643_23373988,318.49999999999994,189.89917642424712,3025.0,0.0,0.36211407639979076,7.507938315091816,375.84338493580015,376.387691354139,42.15616512533055,65.03298693355075,189.89917642424712,407.56714538582685,3025.0,141667.6942028986,342.5341584522761,171.26707922613804,1.1800420249161703,1.026497967479618,0.2173891316621241,real
