nameseq,average,median,maximum,minimum,peak,none_levated_peak,sample_standard_deviation,population_standard_deviation,percentile15,percentile25,percentile50,percentile75,amplitude,variance,interquartile_range,semi_interquartile_range,coefficient_of_variation,skewness,kurtosis,label
4_23619978_23622804,3274.750000000004,2277.321950689786,31407.86152944337,2.117305580416495,0.2877573351655339,18.68410420614413,3399.4365158067008,3400.0379198831984,498.03893050754505,901.2084111317911,2277.321950689786,4458.990899117995,31405.744223862952,11560257.856643667,3557.7824879862037,1778.8912439931019,1.0380751250650269,0.8802294539160038,0.24488354415861693,real
