nameseq,average,median,maximum,minimum,peak,none_levated_peak,sample_standard_deviation,population_standard_deviation,percentile15,percentile25,percentile50,percentile75,amplitude,variance,interquartile_range,semi_interquartile_range,coefficient_of_variation,skewness,kurtosis,label
4_236690606_236690817,284.9999999999999,180.87930605116114,2421.0682227102343,0.7540283288052769,0.24795321637426912,4.791667550804703,340.5774508096506,341.38355241256113,51.00797887540803,76.83423433218854,180.87930605116114,372.1134010504599,2420.314194381429,116542.72985781988,295.27916671827137,147.63958335913568,1.1950085993321078,0.9171543245271868,0.2392281867190158,real
