nameseq,average,median,maximum,minimum,peak,none_levated_peak,sample_standard_deviation,population_standard_deviation,percentile15,percentile25,percentile50,percentile75,amplitude,variance,interquartile_range,semi_interquartile_range,coefficient_of_variation,skewness,kurtosis,label
4_239349783_239350901,1595.749999999998,1075.3247851563224,11001.409146023034,7.0529189121135385,0.2337458875137086,10.582532682583638,1657.9438696771376,1658.6851815271373,223.06154711352747,451.0511431696927,1075.3247851563224,2181.062744713796,10994.35622711092,2751236.531417712,1730.011601544103,865.0058007720515,1.038974695082024,0.9416939095984379,0.25437773682976306,real
