nameseq,average,median,maximum,minimum,peak,none_levated_peak,sample_standard_deviation,population_standard_deviation,percentile15,percentile25,percentile50,percentile75,amplitude,variance,interquartile_range,semi_interquartile_range,coefficient_of_variation,skewness,kurtosis,label
4_23948402_23948806,605.2499999999995,388.0461492065469,3126.8806441471925,6.1175584995037005,0.22304832713754663,6.15897458747861,575.7102135623442,576.4222858364437,108.34046296440332,168.1530953069135,388.0461492065469,892.7193510045574,3120.763085647689,332262.6516089108,724.5662556976439,362.28312784882195,0.9511940744524487,1.1318394863074537,0.26217906420472564,real
