nameseq,average,median,maximum,minimum,peak,none_levated_peak,sample_standard_deviation,population_standard_deviation,percentile15,percentile25,percentile50,percentile75,amplitude,variance,interquartile_range,semi_interquartile_range,coefficient_of_variation,skewness,kurtosis,label
4_239872435_239872611,236.2499999999999,160.3387490976028,1722.25,0.19642671446269067,0.24973544973544987,4.322816743723824,243.87291772560556,244.56475718006763,48.96126982725874,73.20229592634995,160.3387490976028,299.4855040018897,1722.0535732855374,59811.92045454544,226.28320807553973,113.14160403776987,1.032266318415262,0.9338214133453993,0.205700352886414,real
