nameseq,average,median,maximum,minimum,peak,none_levated_peak,sample_standard_deviation,population_standard_deviation,percentile15,percentile25,percentile50,percentile75,amplitude,variance,interquartile_range,semi_interquartile_range,coefficient_of_variation,skewness,kurtosis,label
4_235647525_235647700,182.0000000000001,112.76532497820611,2648.519413061735,4.788303670728814,0.32234432234432214,5.149099811778084,305.8300181473362,306.70257346724134,21.420686877641884,34.78764615098201,112.76532497820611,211.17972897787746,2643.731109391006,94066.46857142857,176.39208282689543,88.19604141344772,1.680384715095253,0.6791485882374007,0.2483796624256047,real
