nameseq,average,median,maximum,minimum,peak,none_levated_peak,sample_standard_deviation,population_standard_deviation,percentile15,percentile25,percentile50,percentile75,amplitude,variance,interquartile_range,semi_interquartile_range,coefficient_of_variation,skewness,kurtosis,label
4_234358556_234358738,247.7499999999999,179.11474533221184,1225.0455195343575,2.399674757826155,0.24621594349142292,4.345181122230973,237.33178253238646,237.98289975736293,34.617659636681886,82.27582601201675,179.11474533221184,301.80443784857624,1222.6458447765312,56635.860576923056,219.5286118365595,109.76430591827975,0.9579486681428317,0.8675861353515352,0.19590175772273502,real
