nameseq,average,median,maximum,minimum,peak,none_levated_peak,sample_standard_deviation,population_standard_deviation,percentile15,percentile25,percentile50,percentile75,amplitude,variance,interquartile_range,semi_interquartile_range,coefficient_of_variation,skewness,kurtosis,label
4_240819492_240819886,474.7500000000003,300.5110224028556,9312.25,0.1543236664967563,0.2773389503247321,7.092904172827149,746.978329672287,747.9256709910492,77.2560852066272,131.84648713165316,300.5110224028556,528.1864093902341,9312.095676333503,559392.8093274111,396.33992225858094,198.16996112929047,1.5734140698731682,0.6997752304551587,0.203186714556138,real
