nameseq,average,median,maximum,minimum,peak,none_levated_peak,sample_standard_deviation,population_standard_deviation,percentile15,percentile25,percentile50,percentile75,amplitude,variance,interquartile_range,semi_interquartile_range,coefficient_of_variation,skewness,kurtosis,label
4_240334084_240334227,159.9999999999999,102.52652229871086,883.7406645578449,2.533053538007085,0.3000000000000002,4.372588324489886,175.91190977304518,176.52591481535677,18.871258687321436,31.43107448733702,102.52652229871086,230.61152040075535,881.2076110198378,31161.398601398596,199.18044591341834,99.59022295670917,1.0994494360815332,0.9801521302697318,0.2710614205380529,real
