nameseq,average,median,maximum,minimum,peak,none_levated_peak,sample_standard_deviation,population_standard_deviation,percentile15,percentile25,percentile50,percentile75,amplitude,variance,interquartile_range,semi_interquartile_range,coefficient_of_variation,skewness,kurtosis,label
4_241470178_241478028,7760.749999999977,5220.576029478364,86190.99999999994,5.246418520317308,0.33720967689978515,33.72993101610944,8244.497596882418,8245.022707395156,1179.6721024188935,2175.7414230571826,5220.576029478364,10498.558109699808,86185.75358147963,67980399.44546174,8322.816686642625,4161.408343321313,1.0623325834336168,0.9243161056225513,0.24667187024517276,real
