nameseq,average,median,maximum,minimum,peak,none_levated_peak,sample_standard_deviation,population_standard_deviation,percentile15,percentile25,percentile50,percentile75,amplitude,variance,interquartile_range,semi_interquartile_range,coefficient_of_variation,skewness,kurtosis,label
4_240705133_240705308,178.00000000000003,130.18393758979116,1225.0,0.3034051017639073,0.3295880149812733,5.073005051925223,198.79386308435178,199.3610364568334,28.215954640561367,41.047287750038436,130.18393758979116,254.88830052676218,1224.696594898236,39744.822857142855,213.84101277672374,106.92050638836187,1.1168194555300661,0.7215926337210872,0.26462178857594165,real
