nameseq,average,median,maximum,minimum,peak,none_levated_peak,sample_standard_deviation,population_standard_deviation,percentile15,percentile25,percentile50,percentile75,amplitude,variance,interquartile_range,semi_interquartile_range,coefficient_of_variation,skewness,kurtosis,label
4_26674890_26675026,136.25,83.94476416760472,975.7030633385145,0.476508775989832,0.3351681957186544,4.515340012706565,169.1463863048809,169.76710907454782,20.04429757848647,37.7385095093981,83.94476416760472,165.5265001869368,975.2265545625247,28820.871323529413,127.7879906775387,63.89399533876935,1.2414413673752727,0.9276917522455984,0.29706223266698284,real
