nameseq,average,median,maximum,minimum,peak,none_levated_peak,sample_standard_deviation,population_standard_deviation,percentile15,percentile25,percentile50,percentile75,amplitude,variance,interquartile_range,semi_interquartile_range,coefficient_of_variation,skewness,kurtosis,label
4_2604497_2604676,220.99999999999997,115.65197678084706,1759.3918408676009,1.0,0.2714932126696833,4.716682275438572,272.549078149239,273.30932810062603,23.60942991999134,50.334368540005045,115.65197678084706,302.71663697953915,1758.3918408676009,74697.98882681564,252.3822684395341,126.19113421976705,1.2332537472816245,1.1595859057883267,0.26312099182489734,real
