nameseq,average,median,maximum,minimum,peak,none_levated_peak,sample_standard_deviation,population_standard_deviation,percentile15,percentile25,percentile50,percentile75,amplitude,variance,interquartile_range,semi_interquartile_range,coefficient_of_variation,skewness,kurtosis,label
4_26881844_26882001,169.49999999999994,118.31988354962188,1182.7528096441806,1.2222334450385421,0.31071779744346123,4.611522319923236,196.61447047458125,197.23963730014557,31.292312251370348,40.83675060770662,118.31988354962188,210.03957355347342,1181.5305761991422,38903.47452229298,169.2028229457668,84.6014114728834,1.1599673774311583,0.7809209005854135,0.25800618188923713,real
