nameseq,average,median,maximum,minimum,peak,none_levated_peak,sample_standard_deviation,population_standard_deviation,percentile15,percentile25,percentile50,percentile75,amplitude,variance,interquartile_range,semi_interquartile_range,coefficient_of_variation,skewness,kurtosis,label
4_26187718_26187809,120.99999999999999,98.14172949543772,419.7627382665247,2.5783830025267034,0.25344352617079896,3.1278735037216148,110.93241185514718,111.54026523740549,18.844060610475513,33.904053226978824,98.14172949543772,148.79240356857943,417.184355263998,12441.230769230768,114.88835034160061,57.44417517080031,0.9167967921912991,0.6181674982712007,0.2051573665493748,real
