nameseq,average,median,maximum,minimum,peak,none_levated_peak,sample_standard_deviation,population_standard_deviation,percentile15,percentile25,percentile50,percentile75,amplitude,variance,interquartile_range,semi_interquartile_range,coefficient_of_variation,skewness,kurtosis,label
4_27009873_27010503,923.7500000000002,599.7088467204167,10366.630172528921,7.623948974616952,0.2276950834460983,7.909255945514585,1125.6026719051445,1126.4956531419105,156.8861788270599,246.5209006940414,599.7088467204167,1193.1452487815814,10359.006223554305,1268992.4565476195,946.6243480875399,473.31217404376997,1.2185143944845944,0.8636470791184053,0.2511466519542758,real
