nameseq,average,median,maximum,minimum,peak,none_levated_peak,sample_standard_deviation,population_standard_deviation,percentile15,percentile25,percentile50,percentile75,amplitude,variance,interquartile_range,semi_interquartile_range,coefficient_of_variation,skewness,kurtosis,label
4_28220611_28220793,205.74999999999991,155.2591413886067,1095.4229815667281,0.673331830163026,0.29647630619684096,4.863135774249541,207.3846064682719,207.9535639337476,16.42404048713495,57.45044913698676,155.2591413886067,265.5399092610385,1094.749649736565,43244.68475274726,208.0894601240517,104.04473006202585,1.0079446243901433,0.7303944994459058,0.2382501043913472,real
