nameseq,average,median,maximum,minimum,peak,none_levated_peak,sample_standard_deviation,population_standard_deviation,percentile15,percentile25,percentile50,percentile75,amplitude,variance,interquartile_range,semi_interquartile_range,coefficient_of_variation,skewness,kurtosis,label
4_28428671_28428762,140.99999999999991,80.77598582993137,655.3601701657087,6.61705370558474,0.2174940898345155,2.923341129238905,148.61695730972292,149.43130289773387,20.41800960414072,52.13838401950046,80.77598582993137,207.4813938842999,648.7431164601239,22329.71428571429,155.34300986479946,77.67150493239973,1.0540209738278228,1.2156892845927318,0.22571849453568324,real
