nameseq,average,median,maximum,minimum,peak,none_levated_peak,sample_standard_deviation,population_standard_deviation,percentile15,percentile25,percentile50,percentile75,amplitude,variance,interquartile_range,semi_interquartile_range,coefficient_of_variation,skewness,kurtosis,label
4_2918050_2933841,22222.000000000036,14611.18942704227,548286.9471727216,2.0540285232091824,0.23688236882368785,40.198980804743066,24714.13900988663,24714.921536254587,3573.907822942385,6110.0342942813495,14611.18942704227,30214.466833464016,548284.8931441985,610827346.5432209,24104.432539182664,12052.216269591332,1.1121473769186656,0.9238611027371589,0.24432610025238277,real
