nameseq,average,median,maximum,minimum,peak,none_levated_peak,sample_standard_deviation,population_standard_deviation,percentile15,percentile25,percentile50,percentile75,amplitude,variance,interquartile_range,semi_interquartile_range,coefficient_of_variation,skewness,kurtosis,label
4_29286598_29290181,4953.9999999999945,3040.1666858275576,199809.0,2.7199308003255385,0.24115193109944855,19.538096710837106,6342.441879907139,6343.326892383352,721.7054632164396,1216.0993693992784,3040.1666858275576,6451.319732681914,199806.28006919968,40237796.06363383,5235.220363282635,2617.6101816413175,1.2802668308250194,0.9052506985844659,0.22675091210434895,real
