nameseq,average,median,maximum,minimum,peak,none_levated_peak,sample_standard_deviation,population_standard_deviation,percentile15,percentile25,percentile50,percentile75,amplitude,variance,interquartile_range,semi_interquartile_range,coefficient_of_variation,skewness,kurtosis,label
4_43540584_43540841,274.4999999999999,177.48541277637557,1959.7649156660452,0.11522733363813446,0.313296903460838,5.9311689569756,290.5653971139716,291.1301506052571,41.04766449081211,64.2159945994162,177.48541277637557,362.4782941600283,1959.649688332407,84756.76459143969,298.2622995606121,149.13114978030606,1.05852603684507,1.001646323208657,0.23712505472629067,real
