nameseq,average,median,maximum,minimum,peak,none_levated_peak,sample_standard_deviation,population_standard_deviation,percentile15,percentile25,percentile50,percentile75,amplitude,variance,interquartile_range,semi_interquartile_range,coefficient_of_variation,skewness,kurtosis,label
4_43223010_43232346,13190.249999999955,8956.596678858323,321491.2335177614,1.0493361943179336,0.2359571147880703,30.806092663378692,14785.187300132513,14785.979116295894,1996.0332486372272,3749.5751203449117,8956.596678858323,18082.68698580465,321490.1841815671,218625178.4275383,14333.111865459738,7166.555932729869,1.1209178976996315,0.8590327403773277,0.24893987509963633,real
