nameseq,average,median,maximum,minimum,peak,none_levated_peak,sample_standard_deviation,population_standard_deviation,percentile15,percentile25,percentile50,percentile75,amplitude,variance,interquartile_range,semi_interquartile_range,coefficient_of_variation,skewness,kurtosis,label
4_43283015_43286091,3941.2499999999777,2623.8481994166796,63477.90882452581,2.222370817602763,0.2602389258906876,18.65667771759235,4491.139860881644,4491.869830794776,578.0380140354015,1067.3460928976385,2623.8481994166796,5132.4561449926405,63475.68645370821,20176894.57680429,4065.110052095002,2032.555026047501,1.1395216900429228,0.8800005175020417,0.2349718448809727,real
