nameseq,average,median,maximum,minimum,peak,none_levated_peak,sample_standard_deviation,population_standard_deviation,percentile15,percentile25,percentile50,percentile75,amplitude,variance,interquartile_range,semi_interquartile_range,coefficient_of_variation,skewness,kurtosis,label
4_48665863_48666088,310.49999999999994,203.5891468412009,1590.0555752099056,3.0819886977786317,0.24261943102522815,4.830583586624786,305.39523571922336,306.07313940734275,45.0129042800368,88.190920538696,203.5891468412009,421.9300002949747,1586.973586512127,93680.76666666668,333.7390797562787,166.86953987813936,0.9835595353276116,1.0502212279803695,0.23532320653999678,real
