nameseq,average,median,maximum,minimum,peak,none_levated_peak,sample_standard_deviation,population_standard_deviation,percentile15,percentile25,percentile50,percentile75,amplitude,variance,interquartile_range,semi_interquartile_range,coefficient_of_variation,skewness,kurtosis,label
4_52310629_52310731,145.75,106.48733575997066,1122.25,0.5371543067933987,0.2355631789594054,3.2457230536040806,168.25984369421005,169.08263512259325,27.654494232525458,46.85512288227329,106.48733575997066,170.74679145025053,1121.7128456932066,28588.9375,123.89166856797723,61.94583428398862,1.1544414661695372,0.7000362661346107,0.21439239634754242,real
