nameseq,average,median,maximum,minimum,peak,none_levated_peak,sample_standard_deviation,population_standard_deviation,percentile15,percentile25,percentile50,percentile75,amplitude,variance,interquartile_range,semi_interquartile_range,coefficient_of_variation,skewness,kurtosis,label
4_61082192_61087746,7664.75,5317.752947004153,65280.25,0.47308421047289306,0.2415821346641008,23.837155885205906,7532.675562175765,7533.353662331271,1227.2488416370911,2212.1105669574495,5317.752947004153,10727.29309691906,65279.77691578952,56751417.40175998,8515.18252996161,4257.591264980805,0.9827685915621207,0.9347264595255974,0.24965338333795592,real
