nameseq,average,median,maximum,minimum,peak,none_levated_peak,sample_standard_deviation,population_standard_deviation,percentile15,percentile25,percentile50,percentile75,amplitude,variance,interquartile_range,semi_interquartile_range,coefficient_of_variation,skewness,kurtosis,label
4_62597622_62597797,168.0,104.51638220059374,1048.5769552901368,1.3677457506625246,0.3492063492063492,5.116106655693006,172.68178826963774,173.17446199054376,36.370240423360684,50.5004942018901,104.51638220059374,228.84905336070779,1047.2092095394742,29989.394285714287,178.3485591588177,89.17427957940885,1.0278677873192723,1.102900631888495,0.2324596637817005,real
