nameseq,average,median,maximum,minimum,peak,none_levated_peak,sample_standard_deviation,population_standard_deviation,percentile15,percentile25,percentile50,percentile75,amplitude,variance,interquartile_range,semi_interquartile_range,coefficient_of_variation,skewness,kurtosis,label
4_62284198_62284763,815.4999999999998,585.9697520889895,6579.217109423792,1.5461673742331827e-28,0.2313509094624975,7.500367316817867,859.8960693014008,860.6567028595028,109.0689670793428,241.71850471638052,585.9697520889895,1108.6819524182629,6579.217109423792,740729.9601769906,866.9634477018824,433.4817238509412,1.0544403057037413,0.8007836857452526,0.25290970876269325,real
