nameseq,average,median,maximum,minimum,peak,none_levated_peak,sample_standard_deviation,population_standard_deviation,percentile15,percentile25,percentile50,percentile75,amplitude,variance,interquartile_range,semi_interquartile_range,coefficient_of_variation,skewness,kurtosis,label
4_62196866_62223703,34629.49999999986,23446.618629408258,2250000.0,3.923221502234164,0.2583346568677005,54.67462640108592,41967.59801620769,41968.379907012815,5398.4948024427285,9630.488904979818,23446.618629408258,47177.07213508539,2249996.0767784975,1761344912.0193572,37546.58323010558,18773.29161505279,1.2119030888753188,0.7993939538502652,0.2505642462235363,real
