nameseq,average,median,maximum,minimum,peak,none_levated_peak,sample_standard_deviation,population_standard_deviation,percentile15,percentile25,percentile50,percentile75,amplitude,variance,interquartile_range,semi_interquartile_range,coefficient_of_variation,skewness,kurtosis,label
4_62329259_62333505,5741.75000000002,3993.216917415635,66502.55851097894,3.575401821223747,0.24655665374958188,21.0867056460988,5944.049829451297,5944.7497470079725,977.2692803963677,1649.6065092604435,3993.216917415635,7657.0866718798225,66498.98310915772,35340049.55455135,6007.4801626193785,3003.7400813096892,1.0352331309184963,0.8824958400857454,0.24187927013259922,real
