nameseq,average,median,maximum,minimum,peak,none_levated_peak,sample_standard_deviation,population_standard_deviation,percentile15,percentile25,percentile50,percentile75,amplitude,variance,interquartile_range,semi_interquartile_range,coefficient_of_variation,skewness,kurtosis,label
4_63297061_63297228,233.99999999999991,188.27531705483287,826.0879870393135,0.5271602007581533,0.2393162393162394,4.075282439930167,198.31288409984862,198.9057490521277,46.70318420785951,66.54415587728433,188.27531705483287,351.5211051422684,825.5608268385553,39563.497005988,284.9769492649841,142.48847463249206,0.847490957691661,0.691705178199291,0.30587948496895756,real
