nameseq,average,median,maximum,minimum,peak,none_levated_peak,sample_standard_deviation,population_standard_deviation,percentile15,percentile25,percentile50,percentile75,amplitude,variance,interquartile_range,semi_interquartile_range,coefficient_of_variation,skewness,kurtosis,label
4_89638590_89638678,114.24999999999996,87.62439274383152,335.98308453114083,1.5641416806004604,0.25966447848285934,3.1027629049145746,98.24204802425486,98.7986646486866,16.90386963672664,36.553317309909026,87.62439274383152,146.92824812766665,334.41894285054036,9761.176136363634,110.37493081775762,55.18746540887881,0.8598866347856008,0.8130614474647823,0.20302148227120864,real
