nameseq,average,median,maximum,minimum,peak,none_levated_peak,sample_standard_deviation,population_standard_deviation,percentile15,percentile25,percentile50,percentile75,amplitude,variance,interquartile_range,semi_interquartile_range,coefficient_of_variation,skewness,kurtosis,label
5_124959801_124959855,89.75000000000001,68.93995401958315,328.8914851774884,2.063545600161844,0.20427112349117915,2.1692359104543417,87.04811887686027,87.85042264701552,23.35556009300244,28.93908104171374,68.93995401958315,100.07421596737423,326.82793957732656,7717.696759259256,71.13513492566048,35.56756746283024,0.9698954749510892,0.7171911208048654,0.1446247793112417,real
