nameseq,average,median,maximum,minimum,peak,none_levated_peak,sample_standard_deviation,population_standard_deviation,percentile15,percentile25,percentile50,percentile75,amplitude,variance,interquartile_range,semi_interquartile_range,coefficient_of_variation,skewness,kurtosis,label
5_124441679_124468201,34666.750000000146,23766.321680869012,638180.2378986508,0.688175001555083,0.25502823310520784,53.78312865110305,36042.22464866729,36042.90412014222,5511.672766774009,9513.220787525337,23766.321680869012,47721.012530028005,638179.5497236493,1299090937.413765,38207.79174250267,19103.895871251334,1.0396770579493935,0.9073048424773795,0.24578061848841065,real
