nameseq,average,median,maximum,minimum,peak,none_levated_peak,sample_standard_deviation,population_standard_deviation,percentile15,percentile25,percentile50,percentile75,amplitude,variance,interquartile_range,semi_interquartile_range,coefficient_of_variation,skewness,kurtosis,label
5_12061559_12061885,463.75,323.02848431512245,2373.988975828193,1.2179137585023738,0.23504043126684637,5.691012949674155,454.04336246662604,454.7392147714118,70.59740939603678,145.77468311811774,323.02848431512245,604.3249272927492,2372.7710620696907,206787.7534509202,458.5502441746314,229.2751220873157,0.9790692452110534,0.9297890508985546,0.20502823758710045,real
