nameseq,average,median,maximum,minimum,peak,none_levated_peak,sample_standard_deviation,population_standard_deviation,percentile15,percentile25,percentile50,percentile75,amplitude,variance,interquartile_range,semi_interquartile_range,coefficient_of_variation,skewness,kurtosis,label
5_128736541_128743216,9185.000000000007,6238.491453120381,315044.050784912,7.122564835910047,0.24227907820722175,26.46350265230902,11255.717169509895,11256.560262816161,1490.9593380911679,2527.5693103179933,6238.491453120381,12068.063915409915,315036.92822007614,126710148.95041184,9540.494605091922,4770.247302545961,1.2254455274371134,0.7853365101056262,0.24421890137389693,real
