nameseq,average,median,maximum,minimum,peak,none_levated_peak,sample_standard_deviation,population_standard_deviation,percentile15,percentile25,percentile50,percentile75,amplitude,variance,interquartile_range,semi_interquartile_range,coefficient_of_variation,skewness,kurtosis,label
5_13302598_13302708,139.74999999999991,99.05983202030588,581.5297545338221,8.9474226559326,0.26475849731663703,3.447030413690785,123.10919949378275,123.6675207231801,29.277983167767697,42.502517450847044,99.05983202030588,200.2265871265706,572.5823318778895,15293.655681818182,157.72406967572354,78.86203483786177,0.8809245044277841,0.9915628112361083,0.29007212175618424,real
