nameseq,average,median,maximum,minimum,peak,none_levated_peak,sample_standard_deviation,population_standard_deviation,percentile15,percentile25,percentile50,percentile75,amplitude,variance,interquartile_range,semi_interquartile_range,coefficient_of_variation,skewness,kurtosis,label
5_133515038_133515733,841.9999999999992,530.966974647986,5902.231270395543,2.7553722442431616,0.2755344418052259,9.139102731143039,931.8342127224133,932.5043560760021,135.72718892418203,226.08199463415116,530.966974647986,1089.0922929135138,5899.4758981513,869564.3741007192,863.0102982793626,431.5051491396813,1.106691464040872,1.001357390956843,0.22451739963340506,real
