nameseq,average,median,maximum,minimum,peak,none_levated_peak,sample_standard_deviation,population_standard_deviation,percentile15,percentile25,percentile50,percentile75,amplitude,variance,interquartile_range,semi_interquartile_range,coefficient_of_variation,skewness,kurtosis,label
5_133487385_133488053,1013.250000000001,689.6974146178827,9295.52830909063,1.0218987044926737,0.22008388847767063,8.035715669753717,1112.8426438630036,1113.6752984081272,125.34788137294224,257.94103196928967,689.6974146178827,1451.7063724816442,9294.506410386139,1240272.670284431,1193.7653405123544,596.8826702561772,1.098290297422159,0.8722327109760252,0.26688647661912446,real
