nameseq,average,median,maximum,minimum,peak,none_levated_peak,sample_standard_deviation,population_standard_deviation,percentile15,percentile25,percentile50,percentile75,amplitude,variance,interquartile_range,semi_interquartile_range,coefficient_of_variation,skewness,kurtosis,label
5_130932618_130935607,3559.5000000000055,2370.7881917172963,92242.99211013698,0.8389619674876331,0.28000187292222645,19.041288929205415,4507.969748123871,4508.723778362168,527.6614728361678,1032.4165456711528,2370.7881917172963,4568.928460122831,92242.1531481695,20328590.109568417,3536.5119144516784,1768.2559572258392,1.2664615109211586,0.7910735040607323,0.22975053912947965,real
