nameseq,average,median,maximum,minimum,peak,none_levated_peak,sample_standard_deviation,population_standard_deviation,percentile15,percentile25,percentile50,percentile75,amplitude,variance,interquartile_range,semi_interquartile_range,coefficient_of_variation,skewness,kurtosis,label
5_135154388_135190807,50254.99999999975,33326.87396099161,1920995.9999999993,2.445246719618721,0.241568003183764,61.57267385195941,54410.96882982322,54411.71583818875,7737.4300205873205,13962.025132980927,33326.87396099161,68309.96597929296,1920993.5547532798,2960634820.4558005,54347.940846312034,27173.970423156017,1.0826976187408912,0.9333481687462434,0.24306557499192416,real
