nameseq,average,median,maximum,minimum,peak,none_levated_peak,sample_standard_deviation,population_standard_deviation,percentile15,percentile25,percentile50,percentile75,amplitude,variance,interquartile_range,semi_interquartile_range,coefficient_of_variation,skewness,kurtosis,label
5_134041631_134041773,201.75000000000009,130.77869374730835,4692.25,1.039711281675241,0.2362660057827343,3.9963779057302853,410.34116902889474,411.78349744447706,17.88228292134806,40.4832181415687,130.77869374730835,263.87146372185776,4691.210288718325,169565.64876760563,223.38824558028907,111.69412279014453,2.033909140168003,0.5188704785872523,0.3373917422283308,real
