nameseq,average,median,maximum,minimum,peak,none_levated_peak,sample_standard_deviation,population_standard_deviation,percentile15,percentile25,percentile50,percentile75,amplitude,variance,interquartile_range,semi_interquartile_range,coefficient_of_variation,skewness,kurtosis,label
5_134041863_134043462,2372.000000000001,1619.9250494018777,21316.0,2.021080683150331,0.2248454187745924,12.40577220810398,2468.0072933441666,2468.7789073362396,391.193284096214,636.8213089966182,1619.9250494018777,3210.958852256607,21313.97891931685,6094869.293308318,2574.137543259989,1287.0687716299944,1.0404752501450951,0.9141888915316656,0.25079001718848626,real
