nameseq,average,median,maximum,minimum,peak,none_levated_peak,sample_standard_deviation,population_standard_deviation,percentile15,percentile25,percentile50,percentile75,amplitude,variance,interquartile_range,semi_interquartile_range,coefficient_of_variation,skewness,kurtosis,label
5_14035288_14035463,257.99999999999994,177.71089288817447,1068.6299441333597,12.347803032725437,0.227390180878553,4.023550390066172,227.45549015137004,228.10443723372475,49.49943817011705,112.57240414718005,177.71089288817447,322.99738845209436,1056.2821411006344,52031.63428571428,210.4249843049143,105.21249215245714,0.881610426943295,1.0589646404014292,0.18194379712736305,real
