nameseq,average,median,maximum,minimum,peak,none_levated_peak,sample_standard_deviation,population_standard_deviation,percentile15,percentile25,percentile50,percentile75,amplitude,variance,interquartile_range,semi_interquartile_range,coefficient_of_variation,skewness,kurtosis,label
5_155679858_155680125,375.0000000000003,246.5296187484119,3271.3471139946205,3.7867137393842465,0.23822222222222203,5.2939851138500655,466.7001178487102,467.5732713115067,56.040143047538216,95.38563503596833,246.5296187484119,477.16595242632616,3267.5604002552363,218624.76404494382,381.7803173903578,190.8901586951789,1.2445336475965596,0.825821826511095,0.27549019840526734,real
