nameseq,average,median,maximum,minimum,peak,none_levated_peak,sample_standard_deviation,population_standard_deviation,percentile15,percentile25,percentile50,percentile75,amplitude,variance,interquartile_range,semi_interquartile_range,coefficient_of_variation,skewness,kurtosis,label
5_15851289_15851473,202.25,150.9120776344282,1122.25,2.115478586790622,0.3049031726411207,4.822154620964405,187.69789556625295,188.20725307143627,45.79408075110721,75.19718679877921,150.9120776344282,280.5491502812525,1120.1345214132093,35421.970108695656,205.35196348247325,102.67598174123663,0.9280489273980369,0.8205407238695023,0.23158629514686374,real
