nameseq,average,median,maximum,minimum,peak,none_levated_peak,sample_standard_deviation,population_standard_deviation,percentile15,percentile25,percentile50,percentile75,amplitude,variance,interquartile_range,semi_interquartile_range,coefficient_of_variation,skewness,kurtosis,label
5_155413438_155413600,154.75000000000006,96.26714157870263,1179.8708184145773,3.7414422578569533,0.3511039310716208,4.98106333200031,182.3022901666351,182.86408592108262,23.172900553951415,46.842525993407904,96.26714157870263,210.6251436076658,1176.1293761567204,33439.27391975309,163.7826176142579,81.89130880712895,1.1780438782981262,0.9624046692091575,0.2842262002430288,real
