nameseq,average,median,maximum,minimum,peak,none_levated_peak,sample_standard_deviation,population_standard_deviation,percentile15,percentile25,percentile50,percentile75,amplitude,variance,interquartile_range,semi_interquartile_range,coefficient_of_variation,skewness,kurtosis,label
5_156711793_156712146,464.5000000000004,264.2104324423415,2779.720664460264,3.294614756124133,0.25403659849300303,6.298284119985322,495.9115344494419,496.6134619549704,61.83138186175887,106.05303221322094,264.2104324423415,659.2215284992297,2776.4260497041396,246624.93059490083,553.1684962860088,276.5842481430044,1.0676244013981517,1.2116449425602847,0.23823636142190435,real
