nameseq,average,median,maximum,minimum,peak,none_levated_peak,sample_standard_deviation,population_standard_deviation,percentile15,percentile25,percentile50,percentile75,amplitude,variance,interquartile_range,semi_interquartile_range,coefficient_of_variation,skewness,kurtosis,label
5_176118884_176118981,152.50000000000003,86.20633375048001,844.6040312141396,1.423275520517423,0.214207650273224,3.097840276578194,186.96055733763743,187.92180047238668,20.89289685643853,31.049280031338583,86.20633375048001,184.14903578397204,843.1807556936221,35314.60309278351,153.09975575263346,76.54987787631673,1.225970867787786,1.0637591242809314,0.20449604739733693,real
