nameseq,average,median,maximum,minimum,peak,none_levated_peak,sample_standard_deviation,population_standard_deviation,percentile15,percentile25,percentile50,percentile75,amplitude,variance,interquartile_range,semi_interquartile_range,coefficient_of_variation,skewness,kurtosis,label
5_178985081_178996154,15642.49999999997,10629.959021517901,455493.381094234,0.5693938526871282,0.23598103457461023,33.47623879852529,17215.45132286691,17216.228666976887,2589.7433259031677,4445.923495227421,10629.959021517901,21234.398914261874,455492.81170038134,296398529.51363677,16788.475419034454,8394.237709517227,1.1005562616504359,0.873495713439244,0.2478865146027089,real
