nameseq,average,median,maximum,minimum,peak,none_levated_peak,sample_standard_deviation,population_standard_deviation,percentile15,percentile25,percentile50,percentile75,amplitude,variance,interquartile_range,semi_interquartile_range,coefficient_of_variation,skewness,kurtosis,label
5_171609646_171609763,181.49999999999997,139.82839607321011,1465.3030640283819,0.9502874848572558,0.21671258034894403,3.2656755770463475,202.29495792035942,203.157626899709,33.90438638945674,58.64622276742183,139.82839607321011,265.59507240068893,1464.3527765435247,41273.02136752136,206.94884963326712,103.47442481663356,1.1145727709110713,0.6179828358825734,0.34217021706006084,real
