nameseq,average,median,maximum,minimum,peak,none_levated_peak,sample_standard_deviation,population_standard_deviation,percentile15,percentile25,percentile50,percentile75,amplitude,variance,interquartile_range,semi_interquartile_range,coefficient_of_variation,skewness,kurtosis,label
5_179675739_179675938,261.9999999999999,159.27684249296905,2250.0807653741554,0.15461510543796655,0.2544529262086515,4.8291350879063,338.76097768190476,339.6110693012814,23.17849109465845,71.84047551672697,159.27684249296905,308.0403990424312,2249.9261502687173,115335.67839195978,236.19992352570424,118.09996176285212,1.2929808308469652,0.9096959001295081,0.2214629739626896,real
