nameseq,average,median,maximum,minimum,peak,none_levated_peak,sample_standard_deviation,population_standard_deviation,percentile15,percentile25,percentile50,percentile75,amplitude,variance,interquartile_range,semi_interquartile_range,coefficient_of_variation,skewness,kurtosis,label
5_179490277_179490426,225.49999999999994,157.1500312163046,777.9550895016414,1.2221555238775272,0.22172949002217301,3.8350961519053324,214.08234397072536,214.7995397617955,20.408103990482616,49.47748892036491,157.1500312163046,350.0755905595893,776.7329339777639,46138.842281879166,300.59810163922435,150.29905081961218,0.9493673790276072,0.9578085821926797,0.27890554823989877,real
