nameseq,average,median,maximum,minimum,peak,none_levated_peak,sample_standard_deviation,population_standard_deviation,percentile15,percentile25,percentile50,percentile75,amplitude,variance,interquartile_range,semi_interquartile_range,coefficient_of_variation,skewness,kurtosis,label
5_183323746_183323865,184.00000000000006,133.67960072061402,798.3503870306714,0.14312574832737993,0.21739130434782603,3.3690497529795307,190.35493164086924,191.1530690266817,23.824448567095835,55.87469346326444,133.67960072061402,218.7685609660447,798.207261282344,36539.49579831933,162.89386750278027,81.44693375139013,1.0345376719612456,0.7930511520603374,0.21062504342788915,real
