nameseq,average,median,maximum,minimum,peak,none_levated_peak,sample_standard_deviation,population_standard_deviation,percentile15,percentile25,percentile50,percentile75,amplitude,variance,interquartile_range,semi_interquartile_range,coefficient_of_variation,skewness,kurtosis,label
5_181596732_181597938,1121.7500000000007,697.0241509754899,14385.453486227052,2.3561634830287734,0.3586657752024364,13.945857970317926,1460.1508055676989,1460.7560494509214,157.75930886706954,252.80009493743654,697.0241509754899,1421.1394562091148,14383.097322744023,2133808.2360074627,1168.3393612716782,584.1696806358391,1.3016722135660335,0.8726342116272976,0.23808068000994534,real
