nameseq,average,median,maximum,minimum,peak,none_levated_peak,sample_standard_deviation,population_standard_deviation,percentile15,percentile25,percentile50,percentile75,amplitude,variance,interquartile_range,semi_interquartile_range,coefficient_of_variation,skewness,kurtosis,label
5_180933252_180933451,183.99999999999991,111.16214445407647,1089.0,0.7094672707464543,0.36231884057971037,5.652664150038341,188.2153022471871,188.687612405735,27.52504202500504,48.662642650028566,111.16214445407647,286.82855681454765,1088.2905327292535,35603.015075376876,238.16591416451908,119.08295708225954,1.0229092513434086,1.1609766263892396,0.27249444444545706,real
