nameseq,average,median,maximum,minimum,peak,none_levated_peak,sample_standard_deviation,population_standard_deviation,percentile15,percentile25,percentile50,percentile75,amplitude,variance,interquartile_range,semi_interquartile_range,coefficient_of_variation,skewness,kurtosis,label
5_190434445_190452854,20890.499999999924,14022.776242909202,349716.3191578763,1.2148701081184328,0.29375393919086135,48.198082032989184,22292.091832082515,22292.697291072865,3295.9381578600814,5898.7187345626135,14022.776242909202,28174.59214437661,349715.1042877682,496964352.51140743,22275.873409813998,11137.936704906999,1.0670923066505156,0.924236784347906,0.2424828285851907,real
