nameseq,average,median,maximum,minimum,peak,none_levated_peak,sample_standard_deviation,population_standard_deviation,percentile15,percentile25,percentile50,percentile75,amplitude,variance,interquartile_range,semi_interquartile_range,coefficient_of_variation,skewness,kurtosis,label
5_19336882_19336958,107.25,83.33366974889657,351.7933571940997,5.793787944585122,0.23931623931623933,2.7200437101528254,88.02698449907278,88.60421681185441,23.952970416627515,35.31289489523765,83.33366974889657,170.6079938000555,345.9995692495146,7850.707236842103,135.29509890481785,67.64754945240892,0.8207644242337788,0.8150795027411856,0.3206217449640211,real
