nameseq,average,median,maximum,minimum,peak,none_levated_peak,sample_standard_deviation,population_standard_deviation,percentile15,percentile25,percentile50,percentile75,amplitude,variance,interquartile_range,semi_interquartile_range,coefficient_of_variation,skewness,kurtosis,label
5_201735696_201735825,156.4999999999999,128.64258610154727,573.3367172657036,3.1625002447857127,0.27689030883919086,3.845263043888272,133.0573184759109,133.57204890268773,25.882831639948897,48.066319890666065,128.64258610154727,235.52505309911263,570.1742170209178,17841.492248062,187.45873320844657,93.72936660422329,0.8502065078332971,0.6280920332126491,0.26618348340804976,real
