nameseq,average,median,maximum,minimum,peak,none_levated_peak,sample_standard_deviation,population_standard_deviation,percentile15,percentile25,percentile50,percentile75,amplitude,variance,interquartile_range,semi_interquartile_range,coefficient_of_variation,skewness,kurtosis,label
5_20417619_20417801,189.74999999999991,131.74072950580464,960.3878235680177,0.25,0.32147562582345207,4.963397788260673,181.0286579522701,181.52530815288537,32.23208297119114,51.32529413531963,131.74072950580464,255.6954319010925,960.1378235680177,32951.43749999999,204.37013776577285,102.18506888288643,0.9540377230686176,0.9613274133008813,0.26053953229532706,real
