nameseq,average,median,maximum,minimum,peak,none_levated_peak,sample_standard_deviation,population_standard_deviation,percentile15,percentile25,percentile50,percentile75,amplitude,variance,interquartile_range,semi_interquartile_range,coefficient_of_variation,skewness,kurtosis,label
5_200754387_200769712,20217.500000000007,13471.43207306966,483025.0,1.7431646136717187,0.25268537982770695,40.87205850603681,23106.895751052325,23107.649634211073,3203.7591351855,5613.279245282467,13471.43207306966,26974.11822664608,483023.25683538633,533963471.6174552,21360.83898136361,10680.419490681805,1.1429155806134446,0.8758512609756056,0.24377663732791666,real
