nameseq,average,median,maximum,minimum,peak,none_levated_peak,sample_standard_deviation,population_standard_deviation,percentile15,percentile25,percentile50,percentile75,amplitude,variance,interquartile_range,semi_interquartile_range,coefficient_of_variation,skewness,kurtosis,label
5_218442198_218442299,151.5,103.01169619327486,625.0,5.059929227603796,0.22442244224422442,3.041876496039181,134.36982548176508,135.03338421103555,39.531929565754496,47.51785349391522,103.01169619327486,199.44533340384504,619.9400707723962,18234.014851485146,151.92747990992981,75.96373995496491,0.8869295411337629,1.0825712610597686,0.22195172825322373,real
