nameseq,average,median,maximum,minimum,peak,none_levated_peak,sample_standard_deviation,population_standard_deviation,percentile15,percentile25,percentile50,percentile75,amplitude,variance,interquartile_range,semi_interquartile_range,coefficient_of_variation,skewness,kurtosis,label
5_215922658_215922811,188.50000000000003,129.36648423780082,961.6315437856522,0.8731028458991298,0.2723253757736516,4.239183887399963,185.18706758302534,185.79126843002228,23.16079276983933,58.33065432626644,129.36648423780082,274.4232381918984,960.7584409397531,34518.39542483659,216.09258386563198,108.04629193281599,0.9824247617136621,0.9579532178026592,0.27049427664162823,real
