nameseq,average,median,maximum,minimum,peak,none_levated_peak,sample_standard_deviation,population_standard_deviation,percentile15,percentile25,percentile50,percentile75,amplitude,variance,interquartile_range,semi_interquartile_range,coefficient_of_variation,skewness,kurtosis,label
5_221197452_221206773,12700.500000000004,8492.778837898039,323761.0,3.9253353069751085,0.24466228363712708,31.365819610562014,13954.664605428537,13955.41314583972,1939.1063139865846,3455.9668987746427,8492.778837898039,17449.70444013895,323757.07466469303,194753556.07107607,13993.737541364308,6996.868770682154,1.0987492307726887,0.904583796402769,0.25708653245321045,real
