nameseq,average,median,maximum,minimum,peak,none_levated_peak,sample_standard_deviation,population_standard_deviation,percentile15,percentile25,percentile50,percentile75,amplitude,variance,interquartile_range,semi_interquartile_range,coefficient_of_variation,skewness,kurtosis,label
5_222520928_222521067,171.00000000000003,123.5535339765684,1296.0,0.09301452462275811,0.27290448343079915,4.029340257337795,186.5180956368577,187.18782165391949,37.89244928303601,55.834129778214944,123.5535339765684,220.65124933446072,1295.9069854753773,35039.28057553957,164.81711955624576,82.40855977812288,1.0907490972915654,0.7631398850834464,0.20003119623466817,real
