nameseq,average,median,maximum,minimum,peak,none_levated_peak,sample_standard_deviation,population_standard_deviation,percentile15,percentile25,percentile50,percentile75,amplitude,variance,interquartile_range,semi_interquartile_range,coefficient_of_variation,skewness,kurtosis,label
5_24031613_24031932,432.0,299.1402934571095,2107.5183502483374,0.8755679383963715,0.2469135802469136,5.887298627370319,435.59155180053705,436.2737629496466,52.72893647467202,88.03823526871737,299.1402934571095,630.6004175154725,2106.642782309941,190334.79623824445,542.5621822467551,271.28109112337756,1.008313777316058,0.9150294994958624,0.2624227279888041,real
