nameseq,average,median,maximum,minimum,peak,none_levated_peak,sample_standard_deviation,population_standard_deviation,percentile15,percentile25,percentile50,percentile75,amplitude,variance,interquartile_range,semi_interquartile_range,coefficient_of_variation,skewness,kurtosis,label
5_35169093_35169588,546.0000000000002,339.2701397141607,3981.7515407077008,0.3560819114390131,0.3028083028083027,8.133507312636137,608.733110648665,609.3476823454716,71.48318457786904,134.74046565133833,339.2701397141607,762.1206494870892,3981.3954587962617,371304.59797979787,627.3801838357508,313.6900919178754,1.1148958070488366,1.0188201857405876,0.26485973157902726,real
