nameseq,average,median,maximum,minimum,peak,none_levated_peak,sample_standard_deviation,population_standard_deviation,percentile15,percentile25,percentile50,percentile75,amplitude,variance,interquartile_range,semi_interquartile_range,coefficient_of_variation,skewness,kurtosis,label
5_42044780_42045103,381.0000000000003,219.2975773486917,2270.8603411934023,0.0,0.28346456692913363,6.297154117151745,403.61987067041184,404.2441863887496,76.5221556577138,113.10620574940658,219.2975773486917,500.3732508679649,2270.8603411934023,163413.36222910215,387.2670451185583,193.63352255927916,1.0593697392924188,1.2018914409445787,0.2156757501986915,real
