nameseq,average,median,maximum,minimum,peak,none_levated_peak,sample_standard_deviation,population_standard_deviation,percentile15,percentile25,percentile50,percentile75,amplitude,variance,interquartile_range,semi_interquartile_range,coefficient_of_variation,skewness,kurtosis,label
5_44869524_44870653,1736.4999999999998,1111.0421801262926,15660.681364869433,4.834209786669027,0.21691141184374704,10.297503124265296,1834.2034374627042,1835.0155709704927,255.2074173650119,485.05292768811483,1111.0421801262926,2449.0854791176116,15655.847155082763,3367282.1457041632,1964.0325514294968,982.0162757147484,1.056264576713334,1.0229909187264157,0.2478775180329065,real
