nameseq,average,median,maximum,minimum,peak,none_levated_peak,sample_standard_deviation,population_standard_deviation,percentile15,percentile25,percentile50,percentile75,amplitude,variance,interquartile_range,semi_interquartile_range,coefficient_of_variation,skewness,kurtosis,label
5_44337279_44337856,524.4999999999998,354.5123902238905,3030.28736366093,0.11876672224585086,0.36733396885923114,9.644422931783513,543.0674451668043,543.5378371520649,75.83987019740928,127.63536750587642,354.5123902238905,678.2574014757325,3030.1685969386845,295433.3804159446,550.6220339698561,275.3110169849281,1.0354002767717914,0.9390414282183526,0.2076429586653354,real
