nameseq,average,median,maximum,minimum,peak,none_levated_peak,sample_standard_deviation,population_standard_deviation,percentile15,percentile25,percentile50,percentile75,amplitude,variance,interquartile_range,semi_interquartile_range,coefficient_of_variation,skewness,kurtosis,label
5_44382106_44383832,2183.7500000000023,1420.3695040164098,24806.25,0.6382335088415461,0.2636138141576032,14.013029678277181,2362.280862852679,2362.9650861437412,365.9962807439879,637.7413156665389,1420.3695040164098,2838.6251863670796,24805.611766491158,5583603.998334298,2200.8838707005407,1100.4419353502703,1.0817542588907505,0.9694619822577801,0.22418346791320182,real
