nameseq,average,median,maximum,minimum,peak,none_levated_peak,sample_standard_deviation,population_standard_deviation,percentile15,percentile25,percentile50,percentile75,amplitude,variance,interquartile_range,semi_interquartile_range,coefficient_of_variation,skewness,kurtosis,label
5_4425569_4426093,741.2500000000008,486.0504965411362,5168.2807591517385,0.8292961738535775,0.23608768971332184,7.2952864100313235,786.9274108836215,787.6779379124731,114.01402127573489,202.25209645189864,486.0504965411362,956.2194516703961,5167.451462977885,620436.5338740458,753.9673552184975,376.98367760924873,1.061622139472001,0.9728959746324275,0.2326287449556298,real
