nameseq,average,median,maximum,minimum,peak,none_levated_peak,sample_standard_deviation,population_standard_deviation,percentile15,percentile25,percentile50,percentile75,amplitude,variance,interquartile_range,semi_interquartile_range,coefficient_of_variation,skewness,kurtosis,label
5_44389348_44393003,4747.999999999999,3173.1071957789623,57911.24204814668,3.2658212555891666,0.25666947486661057,20.116802923578472,5120.128611665921,5120.828991754234,660.8465344682512,1327.9642577762406,3173.1071957789623,6422.388500207082,57907.97622689109,26222889.562790688,5094.424242430841,2547.2121212154207,1.0783758659785008,0.9227655730948241,0.23649972834917546,real
