nameseq,average,median,maximum,minimum,peak,none_levated_peak,sample_standard_deviation,population_standard_deviation,percentile15,percentile25,percentile50,percentile75,amplitude,variance,interquartile_range,semi_interquartile_range,coefficient_of_variation,skewness,kurtosis,label
5_45742851_45743205,404.7499999999998,291.87520301286554,2182.620323345428,7.461748793255324,0.2923615400452956,6.595572504160054,391.29416683615415,391.8464524558822,62.41301241743672,122.22379584161637,291.87520301286554,554.1547772104619,2175.1585745521725,153543.64230225992,431.93098136884555,215.96549068442278,0.9667551991010608,0.8653959595139946,0.2642221946017464,real
