nameseq,average,median,maximum,minimum,peak,none_levated_peak,sample_standard_deviation,population_standard_deviation,percentile15,percentile25,percentile50,percentile75,amplitude,variance,interquartile_range,semi_interquartile_range,coefficient_of_variation,skewness,kurtosis,label
5_46829025_46845891,22156.74999999999,15436.94361491402,725052.25,0.5140124649581734,0.25375261865270565,42.72863106298124,24031.687542180636,24032.399961584695,3546.0425560751823,6291.487655823166,15436.94361491402,30301.695580157386,725051.7359875351,577556247.9135761,24010.20792433422,12005.10396216711,1.0846215055087343,0.8388682284535329,0.2518537760944649,real
