nameseq,average,median,maximum,minimum,peak,none_levated_peak,sample_standard_deviation,population_standard_deviation,percentile15,percentile25,percentile50,percentile75,amplitude,variance,interquartile_range,semi_interquartile_range,coefficient_of_variation,skewness,kurtosis,label
5_47364959_47365043,89.25000000000004,63.56535041714575,482.59445970295934,0.7016888889278364,0.3174603174603173,3.393332839343551,92.67281154686094,93.22280338752195,10.816066886894427,29.026559073832843,63.56535041714575,113.91020039313148,481.8927708140315,8690.491071428574,84.88364131929863,42.441820659649316,1.0383508296567048,0.831462296895997,0.22748270926633124,real
