nameseq,average,median,maximum,minimum,peak,none_levated_peak,sample_standard_deviation,population_standard_deviation,percentile15,percentile25,percentile50,percentile75,amplitude,variance,interquartile_range,semi_interquartile_range,coefficient_of_variation,skewness,kurtosis,label
5_47590069_47590216,187.00000000000003,126.45999049906433,889.6158927638511,0.359716350623142,0.2638146167557932,4.02446584423499,183.08467986153292,183.7063613783811,35.72862604659237,68.78896180028022,126.45999049906433,227.91861547908675,889.256176413228,33748.02721088436,159.12965367880653,79.56482683940327,0.9790624591525823,0.9920001424486552,0.19038143884527714,real
