nameseq,average,median,maximum,minimum,peak,none_levated_peak,sample_standard_deviation,population_standard_deviation,percentile15,percentile25,percentile50,percentile75,amplitude,variance,interquartile_range,semi_interquartile_range,coefficient_of_variation,skewness,kurtosis,label
5_67918169_67938655,24647.750000000015,16576.121211381724,874362.298837814,8.401177591700186,0.2770638293556205,49.39400262712172,26922.54795473489,26923.205042976,3855.402992708059,6732.348223564276,16576.121211381724,33512.94868350987,874353.8976602224,724858969.7861283,26780.600459945596,13390.300229972798,1.0922923169350094,0.8994277364299831,0.2455287624759116,real
