nameseq,average,median,maximum,minimum,peak,none_levated_peak,sample_standard_deviation,population_standard_deviation,percentile15,percentile25,percentile50,percentile75,amplitude,variance,interquartile_range,semi_interquartile_range,coefficient_of_variation,skewness,kurtosis,label
5_67720421_67740955,25109.749999999985,17403.85943129812,331349.9131880951,1.9303667630024923,0.27260327163751147,48.7600963024231,25409.335831048396,25409.954537254733,4084.724463024003,7185.660600772257,17403.85943129812,34974.08933600281,331347.98282133206,645665789.5853523,27788.428735230555,13894.214367615277,1.011931055906507,0.9098101524502444,0.25436528783986034,real
