nameseq,average,median,maximum,minimum,peak,none_levated_peak,sample_standard_deviation,population_standard_deviation,percentile15,percentile25,percentile50,percentile75,amplitude,variance,interquartile_range,semi_interquartile_range,coefficient_of_variation,skewness,kurtosis,label
5_68329058_68339246,13749.249999999962,9212.53707832229,219514.14356782517,1.2144328136191551,0.2470195343988467,32.917004970384916,14950.98470837288,14951.718445016433,2186.6702673738278,3817.6264496336858,9212.53707832229,18760.614120728034,219512.92913501157,223553884.4590446,14942.987671094348,7471.493835547174,1.0874036553537771,0.9103172152541257,0.2475418252373677,real
