nameseq,average,median,maximum,minimum,peak,none_levated_peak,sample_standard_deviation,population_standard_deviation,percentile15,percentile25,percentile50,percentile75,amplitude,variance,interquartile_range,semi_interquartile_range,coefficient_of_variation,skewness,kurtosis,label
5_7253820_7254082,315.74999999999966,219.14442508498,1683.9948122840642,1.8470420406023114,0.2776458168382162,5.535137052285354,326.7986765579078,327.4217441904284,74.76814225910935,100.63871496496498,219.14442508498,382.29601737195037,1682.147770243462,107204.99856870233,281.6573024069854,140.8286512034927,1.0349918497479276,0.8868356744820055,0.21091697275357385,real
