nameseq,average,median,maximum,minimum,peak,none_levated_peak,sample_standard_deviation,population_standard_deviation,percentile15,percentile25,percentile50,percentile75,amplitude,variance,interquartile_range,semi_interquartile_range,coefficient_of_variation,skewness,kurtosis,label
5_75368353_75368635,280.7499999999997,179.22231622482965,1721.8260966060502,4.266789258189774,0.33600474918373435,6.4575748191043285,312.00100160095633,312.5537053142607,43.983473429112095,71.65565434564559,179.22231622482965,340.7937310578209,1717.5593073478603,97689.81870567371,269.1380767121753,134.56903835608765,1.1113125613569248,0.9762245946731491,0.21785551577193757,real
