nameseq,average,median,maximum,minimum,peak,none_levated_peak,sample_standard_deviation,population_standard_deviation,percentile15,percentile25,percentile50,percentile75,amplitude,variance,interquartile_range,semi_interquartile_range,coefficient_of_variation,skewness,kurtosis,label
5_84703032_84703144,156.25,100.27228330686414,664.1795998021076,0.9966867538736772,0.24106666666666665,3.4559163738313146,162.60688792299052,163.3311983582526,23.766286167425985,42.15475014831148,100.27228330686414,180.29304090596094,663.182913048234,26677.080357142862,138.13829075764946,69.06914537882473,1.0406840827071393,1.0327554522717362,0.1490879523021053,real
