nameseq,average,median,maximum,minimum,peak,none_levated_peak,sample_standard_deviation,population_standard_deviation,percentile15,percentile25,percentile50,percentile75,amplitude,variance,interquartile_range,semi_interquartile_range,coefficient_of_variation,skewness,kurtosis,label
5_9441040_9441172,181.24999999999997,118.61124456205323,889.3686762968638,2.018496364441077,0.24459770114942533,3.6753392351457577,165.75358216340305,166.38025200598707,35.049249376670566,60.6648333043398,118.61124456205323,233.7306005452143,887.3501799324227,27682.388257575767,173.0657672408745,86.53288362043725,0.9145025222808446,1.1337086285627829,0.21880167770800732,real
