nameseq,average,median,maximum,minimum,peak,none_levated_peak,sample_standard_deviation,population_standard_deviation,percentile15,percentile25,percentile50,percentile75,amplitude,variance,interquartile_range,semi_interquartile_range,coefficient_of_variation,skewness,kurtosis,label
5_9442349_9442427,95.74999999999999,53.57429501834734,519.9341513027798,1.5043714287150225,0.2750217580504787,3.1324033227155548,109.68534542043434,110.38621737870848,9.033475178137468,27.590007976780498,53.57429501834734,125.68409513991367,518.4297798740648,12185.116987179483,98.09408716313317,49.047043581566584,1.145538855565894,1.153546214035863,0.2140696985858345,real
