nameseq,average,median,maximum,minimum,peak,none_levated_peak,sample_standard_deviation,population_standard_deviation,percentile15,percentile25,percentile50,percentile75,amplitude,variance,interquartile_range,semi_interquartile_range,coefficient_of_variation,skewness,kurtosis,label
5_94277481_94279134,2153.499999999998,1467.6120779692098,35344.00000000001,0.95723973748014,0.2560173361194956,13.607630634141485,2378.5094597247253,2379.228803294695,286.1194416851702,526.6472467750757,1467.6120779692098,2948.8672137325407,35343.04276026253,5660729.698427106,2422.2199669574647,1211.1099834787324,1.1044854700370221,0.8651064042143886,0.24410246514544315,real
