nameseq,average,median,maximum,minimum,peak,none_levated_peak,sample_standard_deviation,population_standard_deviation,percentile15,percentile25,percentile50,percentile75,amplitude,variance,interquartile_range,semi_interquartile_range,coefficient_of_variation,skewness,kurtosis,label
5_94077643_94094097,20547.750000000106,13955.20804128809,380301.9186095652,2.3354170543170705,0.2669392025890899,43.36967181150924,21874.55634692964,21875.221055328744,3367.1575285649765,5689.208626298623,13955.20804128809,28104.78341347232,380299.5831925109,478525296.21949804,22415.574787173697,11207.787393586848,1.0645718556498656,0.9041383771384273,0.2485825365646599,real
