nameseq,average,median,maximum,minimum,peak,none_levated_peak,sample_standard_deviation,population_standard_deviation,percentile15,percentile25,percentile50,percentile75,amplitude,variance,interquartile_range,semi_interquartile_range,coefficient_of_variation,skewness,kurtosis,label
5_95464588_95464658,107.74999999999997,72.60062930279133,464.312400022556,1.0469241904001532,0.21964423820572318,2.52455113568528,99.26416775453265,99.97068320262696,36.54207587753242,42.6653527725134,72.60062930279133,138.22979841580008,463.26547583215586,9994.137499999999,95.56444564328667,47.78222282164334,0.9212451763761733,1.062297851047171,0.20804710038361135,real
