nameseq,average,median,maximum,minimum,peak,none_levated_peak,sample_standard_deviation,population_standard_deviation,percentile15,percentile25,percentile50,percentile75,amplitude,variance,interquartile_range,semi_interquartile_range,coefficient_of_variation,skewness,kurtosis,label
5_97675663_97676403,969.2499999999997,617.5549649914244,7045.940523304136,2.7045116874688495,0.2548362135671912,8.971916814564368,1007.2999801449415,1007.9803584596974,157.12729080923452,285.03234556048386,617.5549649914244,1271.2602556475995,7043.236011616667,1016024.4030405402,986.2279100871156,493.1139550435578,1.0392571371111086,1.0474388224190259,0.22164792237994455,real
