nameseq,average,median,maximum,minimum,peak,none_levated_peak,sample_standard_deviation,population_standard_deviation,percentile15,percentile25,percentile50,percentile75,amplitude,variance,interquartile_range,semi_interquartile_range,coefficient_of_variation,skewness,kurtosis,label
5_97874629_97880914,8235.500000000005,5652.307706733362,249001.00000000006,1.120046006448892,0.2544269726590167,26.112475927472712,8743.460942327132,8744.156496279335,1289.0484854418498,2383.5541264733506,5652.307706733362,11447.127805397748,248999.8799539936,76460272.83142409,9063.573678924397,4531.786839462198,1.0616794295825545,0.8863283007629389,0.2506946517134924,real
