nameseq,average,median,maximum,minimum,peak,none_levated_peak,sample_standard_deviation,population_standard_deviation,percentile15,percentile25,percentile50,percentile75,amplitude,variance,interquartile_range,semi_interquartile_range,coefficient_of_variation,skewness,kurtosis,label
5_9861800_9863616,2346.249999999999,1636.3210478632795,17131.99061383873,3.0691212469368443,0.25814242585686387,14.12390636646136,2390.5351911235275,2391.193287540984,376.0048939433219,658.6701311703628,1636.3210478632795,3190.7010006159794,17128.921492591795,5717805.338381058,2532.0308694456166,1266.0154347228083,1.018874881672255,0.8909247035218002,0.24740343674448181,real
