nameseq,average,median,maximum,minimum,peak,none_levated_peak,sample_standard_deviation,population_standard_deviation,percentile15,percentile25,percentile50,percentile75,amplitude,variance,interquartile_range,semi_interquartile_range,coefficient_of_variation,skewness,kurtosis,label
6_108800905_108817965,23149.25,15923.150746384867,504832.22972703347,3.3171643934990933,0.2456667062647818,42.3653163547757,24259.335198022225,24260.046188048844,3638.5407709575875,6445.861444401589,15923.150746384867,31415.906400597192,504828.91256264,588549841.0462632,24970.044956195605,12485.022478097802,1.0479533979728166,0.8936064234197463,0.24665819608122586,real
