nameseq,average,median,maximum,minimum,peak,none_levated_peak,sample_standard_deviation,population_standard_deviation,percentile15,percentile25,percentile50,percentile75,amplitude,variance,interquartile_range,semi_interquartile_range,coefficient_of_variation,skewness,kurtosis,label
6_101717467_101744904,38057.50000000023,25878.981809759698,940789.3561844965,3.270621283425592,0.24032056756223988,53.21155798915887,41201.4422714788,41202.1931018695,5908.613035066135,10411.65521637067,25878.981809759698,51943.97042872382,940786.0855632131,1697620716.403743,41532.31521235315,20766.157606176574,1.0826103204750326,0.8867542628723194,0.248334602820983,real
