nameseq,average,median,maximum,minimum,peak,none_levated_peak,sample_standard_deviation,population_standard_deviation,percentile15,percentile25,percentile50,percentile75,amplitude,variance,interquartile_range,semi_interquartile_range,coefficient_of_variation,skewness,kurtosis,label
6_116006755_116006835,118.24999999999991,96.38464766873098,390.79788600501223,7.550304387070734,0.22832980972515873,2.7089869530596733,96.01562372864117,96.61385770167756,39.24430283491895,43.37025535210762,96.38464766873098,171.20749530044566,383.2475816179415,9334.2375,127.83723994833804,63.91861997416902,0.8119714480223361,0.683181074563386,0.29789217388066885,real
