nameseq,average,median,maximum,minimum,peak,none_levated_peak,sample_standard_deviation,population_standard_deviation,percentile15,percentile25,percentile50,percentile75,amplitude,variance,interquartile_range,semi_interquartile_range,coefficient_of_variation,skewness,kurtosis,label
6_119099846_119101078,1782.2500000000016,1123.9899811690657,35955.47922731311,0.18291862186274463,0.23060737831392883,11.233457753625165,2442.461053937196,2443.4521114151635,267.0467799082613,465.2341294815395,1123.9899811690657,2276.5348706546993,35955.29630869125,5970458.22077922,1811.3007411731596,905.6503705865798,1.3704368376699083,0.8085205916833366,0.2366365911685099,real
