nameseq,average,median,maximum,minimum,peak,none_levated_peak,sample_standard_deviation,population_standard_deviation,percentile15,percentile25,percentile50,percentile75,amplitude,variance,interquartile_range,semi_interquartile_range,coefficient_of_variation,skewness,kurtosis,label
6_119267005_119267179,231.75000000000009,152.68601742396626,1372.8831983483806,2.853774013353819,0.2517080186983099,4.327112515625521,239.59523158861072,240.28273725309333,43.684584661584516,66.04477957577794,152.68601742396626,316.0307374946516,1370.0294243350268,57735.79382183909,249.98595791887365,124.99297895943683,1.0338521319896898,0.9899694002899201,0.2670277764598206,real
