nameseq,average,median,maximum,minimum,peak,none_levated_peak,sample_standard_deviation,population_standard_deviation,percentile15,percentile25,percentile50,percentile75,amplitude,variance,interquartile_range,semi_interquartile_range,coefficient_of_variation,skewness,kurtosis,label
6_119565013_119565549,728.2499999999999,490.0856100727983,5205.113110149654,0.8410209474540736,0.2457947133539307,7.536956364669949,780.6237890302857,781.3516435371522,120.25632628275204,211.85453169289696,490.0856100727983,946.687376905775,5204.2720892022,610510.3908582089,734.832845212878,367.416422606439,1.0719173210165271,0.9152849039729747,0.22994523571973918,real
