nameseq,average,median,maximum,minimum,peak,none_levated_peak,sample_standard_deviation,population_standard_deviation,percentile15,percentile25,percentile50,percentile75,amplitude,variance,interquartile_range,semi_interquartile_range,coefficient_of_variation,skewness,kurtosis,label
6_121441228_121441401,295.49999999999994,183.24199348209643,1816.331253437852,0.26559634875985927,0.1962774957698816,3.855688199611838,326.20737269411916,327.1488100706402,47.94959147354961,84.24504524501054,183.24199348209643,359.0366227234314,1816.0656570890922,107026.34393063582,274.79157747842083,137.39578873921042,1.1039166588633476,1.0323924219502532,0.2055409512899745,real
