nameseq,average,median,maximum,minimum,peak,none_levated_peak,sample_standard_deviation,population_standard_deviation,percentile15,percentile25,percentile50,percentile75,amplitude,variance,interquartile_range,semi_interquartile_range,coefficient_of_variation,skewness,kurtosis,label
6_121964422_121977655,18620.50000000002,12733.742931908615,186300.78578576713,0.5918298241055935,0.23690735121684856,36.508707381022205,19011.272083950615,19011.99039850262,3026.505133433946,5467.470272628274,12733.742931908615,25345.00749950381,186300.19395594302,361455778.91275585,19877.537226875535,9938.768613437767,1.0209861219597,0.9289368500061116,0.24640799193709778,real
