nameseq,average,median,maximum,minimum,peak,none_levated_peak,sample_standard_deviation,population_standard_deviation,percentile15,percentile25,percentile50,percentile75,amplitude,variance,interquartile_range,semi_interquartile_range,coefficient_of_variation,skewness,kurtosis,label
6_133825957_133844633,25075.249999999935,17272.833415035162,503407.13729541725,0.8313867620157974,0.24827934583570185,44.51503057451213,26260.17945959241,26260.882496322596,3996.7060778526657,7149.78607259531,17272.833415035162,34131.69039423263,503406.3059086552,689633949.4856626,26981.90432163732,13490.95216081866,1.0472549410112553,0.8913590933722289,0.24272342332406838,real
