nameseq,average,median,maximum,minimum,peak,none_levated_peak,sample_standard_deviation,population_standard_deviation,percentile15,percentile25,percentile50,percentile75,amplitude,variance,interquartile_range,semi_interquartile_range,coefficient_of_variation,skewness,kurtosis,label
6_141055997_141076987,24361.749999999953,16713.666778734212,618920.3004706644,1.113914754536116,0.2872125360452354,50.792576806309185,25783.306787047306,25783.92096045617,3918.772708392747,6806.933302737221,16713.666778734212,32939.85766499439,618919.1865559098,664810580.0950509,26132.924362257174,13066.462181128587,1.0583519979905942,0.8898877810088993,0.24337070842042627,real
