nameseq,average,median,maximum,minimum,peak,none_levated_peak,sample_standard_deviation,population_standard_deviation,percentile15,percentile25,percentile50,percentile75,amplitude,variance,interquartile_range,semi_interquartile_range,coefficient_of_variation,skewness,kurtosis,label
6_147776022_147776882,843.2500000000002,561.706015667557,6308.051380477092,0.06093387104005763,0.34034983694040905,11.299647915931084,920.0862731287756,920.6210515948104,121.5941375103557,219.60849764004027,561.706015667557,1151.1440665870775,6307.990446606052,847543.1206395347,931.5355689470373,465.76778447351865,1.0911192091654613,0.9179921249396953,0.25782972902806495,real
