nameseq,average,median,maximum,minimum,peak,none_levated_peak,sample_standard_deviation,population_standard_deviation,percentile15,percentile25,percentile50,percentile75,amplitude,variance,interquartile_range,semi_interquartile_range,coefficient_of_variation,skewness,kurtosis,label
6_156198269_156198796,787.9999999999995,558.4392289535248,4624.0,3.9972646234609517,0.22335025380710674,7.097474974957272,781.9283854676205,782.6699014099461,123.67638174291687,213.88933837189103,558.4392289535248,1140.1149174464292,4620.002735376539,612572.1745730548,926.2255790745382,463.1127895372691,0.9922949054157626,0.8807485774129663,0.2812427205229866,real
