nameseq,average,median,maximum,minimum,peak,none_levated_peak,sample_standard_deviation,population_standard_deviation,percentile15,percentile25,percentile50,percentile75,amplitude,variance,interquartile_range,semi_interquartile_range,coefficient_of_variation,skewness,kurtosis,label
6_163410606_163410900,315.75000000000006,209.45451494452217,1557.158758647613,0.25,0.31142781736605957,6.1746673113299915,297.73373171342206,298.2396517583676,71.45883721162542,96.7444352026089,209.45451494452217,427.91028756929995,1556.908758647613,88946.88988095238,331.16585236669107,165.58292618334553,0.9429413514280982,1.0710457741260293,0.25312198854511964,real
