nameseq,average,median,maximum,minimum,peak,none_levated_peak,sample_standard_deviation,population_standard_deviation,percentile15,percentile25,percentile50,percentile75,amplitude,variance,interquartile_range,semi_interquartile_range,coefficient_of_variation,skewness,kurtosis,label
6_164764066_164771905,10674.000000000007,7208.018556613353,113293.04184259016,3.66799513273202,0.24483167822122276,28.64745703391351,10874.249767225321,10874.943344402876,1681.8421256529355,2964.535662516266,7208.018556613353,14875.898804453936,113289.37384745742,118264392.74397242,11911.36314193767,5955.681570968835,1.018760517821371,0.9561987771790078,0.2470900518506725,real
