nameseq,average,median,maximum,minimum,peak,none_levated_peak,sample_standard_deviation,population_standard_deviation,percentile15,percentile25,percentile50,percentile75,amplitude,variance,interquartile_range,semi_interquartile_range,coefficient_of_variation,skewness,kurtosis,label
6_164919608_164919864,382.25000000000017,332.77113491664153,2278.6009624196367,0.07336805040716643,0.22411161979507294,4.886426050866726,361.70015205968605,362.4059091250445,57.424223196098566,144.76492414387107,332.77113491664153,507.50812065253757,2278.5275943692295,131338.04296875,362.74319650866653,181.37159825433326,0.9462397699403162,0.410385769551962,0.26181340182648255,real
