nameseq,average,median,maximum,minimum,peak,none_levated_peak,sample_standard_deviation,population_standard_deviation,percentile15,percentile25,percentile50,percentile75,amplitude,variance,interquartile_range,semi_interquartile_range,coefficient_of_variation,skewness,kurtosis,label
6_165825037_165825149,114.25000000000001,72.63951601213431,643.3860781618362,1.4999630732169216,0.32968636032093357,4.116562097815733,130.23824323139496,130.81837190766223,11.16164259933615,25.261191604654744,72.63951601213431,156.24089920714715,641.8861150886192,17113.446428571428,130.9797076024924,65.4898538012462,1.139940859793391,0.9584853793045137,0.22827437364350225,real
