nameseq,average,median,maximum,minimum,peak,none_levated_peak,sample_standard_deviation,population_standard_deviation,percentile15,percentile25,percentile50,percentile75,amplitude,variance,interquartile_range,semi_interquartile_range,coefficient_of_variation,skewness,kurtosis,label
6_161087061_161095920,8957.000000000005,6071.280347227472,202500.0,0.4253929706388047,0.32972349372929904,35.3765361384073,9687.554232106266,9688.10098009508,1498.932294546367,2492.8993829695382,6071.280347227472,12048.674798675818,202499.57460702935,93859300.60051925,9555.775415706281,4777.8877078531405,1.0815623793799554,0.8936372123343833,0.2494282225569279,real
