nameseq,average,median,maximum,minimum,peak,none_levated_peak,sample_standard_deviation,population_standard_deviation,percentile15,percentile25,percentile50,percentile75,amplitude,variance,interquartile_range,semi_interquartile_range,coefficient_of_variation,skewness,kurtosis,label
6_162991306_162991955,962.5000000000003,614.6631836420435,8458.401957376125,0.22602292989204098,0.225108225108225,7.908889701830785,1024.0098876475754,1024.7984976124735,178.02180490574037,275.8440004678073,614.6631836420435,1352.8314504113414,8458.175934446233,1050211.9607087828,1076.987449943534,538.493724971767,1.0639063767767014,1.0190433331372348,0.26574543284483343,real
