nameseq,average,median,maximum,minimum,peak,none_levated_peak,sample_standard_deviation,population_standard_deviation,percentile15,percentile25,percentile50,percentile75,amplitude,variance,interquartile_range,semi_interquartile_range,coefficient_of_variation,skewness,kurtosis,label
6_168454535_168454676,271.50000000000006,63.42228594918393,19600.0,1.0504386468786289,0.17434008594229586,4.762919149394706,1675.9747163964018,1681.9073888115859,19.306017216076167,28.743710407704413,63.42228594918393,111.50972026584078,19598.94956135312,2828812.4645390073,82.76600985813637,41.383004929068186,6.173019213246414,0.3724597609053696,0.1965093575086067,real
