nameseq,average,median,maximum,minimum,peak,none_levated_peak,sample_standard_deviation,population_standard_deviation,percentile15,percentile25,percentile50,percentile75,amplitude,variance,interquartile_range,semi_interquartile_range,coefficient_of_variation,skewness,kurtosis,label
6_162150861_162151056,223.00000000000009,141.24721614045018,1186.1956652066704,3.4322613169763487,0.29297458893871436,4.929037636770277,231.75633756167272,232.3498246731446,48.876912636420506,66.4881482595513,141.24721614045018,278.3334273649201,1182.763403889694,53986.441025641034,211.84527910536883,105.92263955268442,1.039266087720505,1.0582595244601842,0.21837771521828547,real
