nameseq,average,median,maximum,minimum,peak,none_levated_peak,sample_standard_deviation,population_standard_deviation,percentile15,percentile25,percentile50,percentile75,amplitude,variance,interquartile_range,semi_interquartile_range,coefficient_of_variation,skewness,kurtosis,label
6_25438220_25445171,9663.999999999984,6513.026579700757,109288.90312656017,1.4360754695179838,0.23979028697571786,26.696401103195132,10275.235763718512,10275.974856383646,1616.5148779104006,2759.4480043127733,6513.026579700757,12997.12065367112,109287.46705109064,105595659.24902888,10237.672649358346,5118.836324679173,1.0632487338284902,0.919971130421708,0.24217295738015077,real
