nameseq,average,median,maximum,minimum,peak,none_levated_peak,sample_standard_deviation,population_standard_deviation,percentile15,percentile25,percentile50,percentile75,amplitude,variance,interquartile_range,semi_interquartile_range,coefficient_of_variation,skewness,kurtosis,label
6_33281346_33288623,8427.499999999978,5666.797587597936,68715.84764872685,1.5903972203922783,0.28786710175022323,29.93923429818572,8577.879997411943,8578.469360152509,1339.5768375667408,2411.5525633207644,5666.797587597936,11671.736839270781,68714.25725150645,73590136.56307538,9260.184275950018,4630.092137975009,1.017843962908569,0.9655191305666369,0.24607068809540458,real
