nameseq,average,median,maximum,minimum,peak,none_levated_peak,sample_standard_deviation,population_standard_deviation,percentile15,percentile25,percentile50,percentile75,amplitude,variance,interquartile_range,semi_interquartile_range,coefficient_of_variation,skewness,kurtosis,label
6_39901262_39904175,4000.499999999998,2715.076154805384,41213.14396218768,0.39384929679682207,0.2428029829604634,17.39554962635778,4162.4075064798735,4163.12189891738,651.2616596681855,1107.0787638352356,2715.076154805384,5427.345282584248,41212.750112890884,17331583.945245452,4320.266518749012,2160.133259374506,1.0404718176427634,0.9264521865243973,0.2528830884660153,real
