nameseq,average,median,maximum,minimum,peak,none_levated_peak,sample_standard_deviation,population_standard_deviation,percentile15,percentile25,percentile50,percentile75,amplitude,variance,interquartile_range,semi_interquartile_range,coefficient_of_variation,skewness,kurtosis,label
6_4700637_4704423,4656.750000000002,3132.123599519321,61246.83859367242,6.647081778838997,0.27107603657772755,20.997372328096546,5026.846986431951,5027.510815683631,762.2480009209264,1311.3989024560994,3132.123599519321,6355.130293420121,61240.19151189359,25275865.00181589,5043.731390964022,2521.865695482011,1.0794753822799055,0.9098902778993428,0.24558958488127403,real
