nameseq,average,median,maximum,minimum,peak,none_levated_peak,sample_standard_deviation,population_standard_deviation,percentile15,percentile25,percentile50,percentile75,amplitude,variance,interquartile_range,semi_interquartile_range,coefficient_of_variation,skewness,kurtosis,label
6_5399281_5399356,96.99999999999996,86.68194211322952,314.3656924087366,13.119042159278088,0.2611683848797252,2.7631554486189174,76.21679604916488,76.72322551439902,26.620604454172337,39.66044437387164,86.68194211322952,114.41799659383048,301.2466502494585,5886.453333333329,74.75755221995884,37.37877610997942,0.7857401654553084,0.406133231320086,0.20360005379069057,real
