nameseq,average,median,maximum,minimum,peak,none_levated_peak,sample_standard_deviation,population_standard_deviation,percentile15,percentile25,percentile50,percentile75,amplitude,variance,interquartile_range,semi_interquartile_range,coefficient_of_variation,skewness,kurtosis,label
6_58998705_58998992,388.0,228.34860520856975,10816.0,1.001570831998878,0.24742268041237114,5.7263599560149,731.5968835362819,732.8703342537943,54.29504250223294,105.08136944429086,228.34860520856975,512.3963426040656,10814.998429168001,537098.9268292682,407.3149731597747,203.65748657988735,1.8855589781862936,0.6546695251887826,0.2591868173302443,real
