nameseq,average,median,maximum,minimum,peak,none_levated_peak,sample_standard_deviation,population_standard_deviation,percentile15,percentile25,percentile50,percentile75,amplitude,variance,interquartile_range,semi_interquartile_range,coefficient_of_variation,skewness,kurtosis,label
6_58757015_58761281,6120.750000000003,4191.425168802275,54135.09192384577,3.8243000548614354,0.2323789295974076,20.51795078629614,6180.392594730532,6181.116930226102,1015.6373268219711,1845.7800047759836,4191.425168802275,8420.510896068305,54131.26762379091,38206206.50512775,6574.730891292321,3287.3654456461604,1.0097443278569669,0.9365059589463736,0.24900984827889885,real
