nameseq,average,median,maximum,minimum,peak,none_levated_peak,sample_standard_deviation,population_standard_deviation,percentile15,percentile25,percentile50,percentile75,amplitude,variance,interquartile_range,semi_interquartile_range,coefficient_of_variation,skewness,kurtosis,label
6_58018013_58018543,738.7500000000007,486.2822746722013,6320.25,0.5276218268558658,0.2395939086294414,7.376561562825013,789.7532051217012,790.4979042075972,140.82623393294676,238.62477584998453,486.2822746722013,959.9075418109883,6319.7223781731445,624886.9365566036,721.2827659610037,360.6413829805019,1.0690398715691376,0.9590377994941877,0.2353728191633799,real
