nameseq,average,median,maximum,minimum,peak,none_levated_peak,sample_standard_deviation,population_standard_deviation,percentile15,percentile25,percentile50,percentile75,amplitude,variance,interquartile_range,semi_interquartile_range,coefficient_of_variation,skewness,kurtosis,label
6_76383949_76434138,63083.499999999534,41962.99319623767,2280233.4475216977,8.812187170065656,0.2652040549430536,75.78867205103361,68510.21704278859,68510.89956162524,9560.479931930582,17288.262705701345,41962.99319623767,86521.07803261263,2280224.6353345276,4693743358.7431,69232.81532691128,34616.40766345564,1.0860243493590098,0.924847754776673,0.24747246605052392,real
