nameseq,average,median,maximum,minimum,peak,none_levated_peak,sample_standard_deviation,population_standard_deviation,percentile15,percentile25,percentile50,percentile75,amplitude,variance,interquartile_range,semi_interquartile_range,coefficient_of_variation,skewness,kurtosis,label
6_81294515_81294783,369.2499999999997,254.98932621467412,2352.25,4.4327900945355845,0.2428345745881293,5.307331402763849,373.68803834214447,374.3845683749712,44.686144761825815,98.22337604053621,254.98932621467412,570.0014015552804,2347.8172099054646,140163.80503731346,471.7780255147442,235.8890127573721,1.012019061183872,0.9172946045496096,0.3085642734066567,real
