nameseq,average,median,maximum,minimum,peak,none_levated_peak,sample_standard_deviation,population_standard_deviation,percentile15,percentile25,percentile50,percentile75,amplitude,variance,interquartile_range,semi_interquartile_range,coefficient_of_variation,skewness,kurtosis,label
6_8539782_8539940,239.75000000000006,169.41789639772287,780.5745483067232,3.0930807080751173,0.22106360792492175,3.784194584150265,204.6286270295532,205.2751645869576,43.154661460934406,93.9597173028933,169.41789639772287,348.25993651590693,777.481467598648,42137.89319620253,254.30021921301363,127.15010960650682,0.85350835048823,1.0311182451337013,0.20962495221123037,real
