nameseq,average,median,maximum,minimum,peak,none_levated_peak,sample_standard_deviation,population_standard_deviation,percentile15,percentile25,percentile50,percentile75,amplitude,variance,interquartile_range,semi_interquartile_range,coefficient_of_variation,skewness,kurtosis,label
6_91589558_91595396,7601.750000000001,5177.618761898075,78033.02733336802,0.9740346959477554,0.25603753521667155,25.245743879546133,7747.902675885905,7748.566222555721,1226.5965717108902,2212.4603549510075,5177.618761898075,10409.408958572758,78032.05329867208,60040278.505331434,8196.94860362175,4098.474301810875,1.0192261881653442,0.9386273961519842,0.24422676482683417,real
