nameseq,average,median,maximum,minimum,peak,none_levated_peak,sample_standard_deviation,population_standard_deviation,percentile15,percentile25,percentile50,percentile75,amplitude,variance,interquartile_range,semi_interquartile_range,coefficient_of_variation,skewness,kurtosis,label
6_9102428_9102526,154.75000000000003,96.88688309307976,715.3250203029513,0.25,0.2132471728594507,2.9920697635257216,155.00040322528199,155.7892144428962,39.50717277433905,51.34255401453579,96.88688309307976,227.29994991710402,715.0750203029513,24270.279336734697,175.95739590256824,87.97869795128412,1.001618114541402,1.1199283815311185,0.30201702738035174,real
