nameseq,average,median,maximum,minimum,peak,none_levated_peak,sample_standard_deviation,population_standard_deviation,percentile15,percentile25,percentile50,percentile75,amplitude,variance,interquartile_range,semi_interquartile_range,coefficient_of_variation,skewness,kurtosis,label
6_94153073_94153250,250.5,166.6985209281239,1643.659577053065,7.207062309366951,0.2368596141051231,4.148071680420492,265.0476372277255,265.7953048264709,82.8275337523614,107.49814275036542,166.6985209281239,297.9871790101018,1636.4525147436982,70647.14406779657,190.48903625973637,95.24451812986818,1.0580744001106805,0.9485254795900137,0.18901021462770365,real
