nameseq,average,median,maximum,minimum,peak,none_levated_peak,sample_standard_deviation,population_standard_deviation,percentile15,percentile25,percentile50,percentile75,amplitude,variance,interquartile_range,semi_interquartile_range,coefficient_of_variation,skewness,kurtosis,label
7_109231250_109231363,120.50000000000009,69.84924700664355,506.33079499733776,1.5825317348242336,0.31535269709543545,3.986020834072567,128.79538035193653,129.36401614269082,17.01848094057314,34.07145131147933,69.84924700664355,165.93195661177103,504.74826326251355,16735.048672566372,131.8605053002917,65.93025265014585,1.0688413307214641,1.1797958790513785,0.24342491249630827,real
