nameseq,average,median,maximum,minimum,peak,none_levated_peak,sample_standard_deviation,population_standard_deviation,percentile15,percentile25,percentile50,percentile75,amplitude,variance,interquartile_range,semi_interquartile_range,coefficient_of_variation,skewness,kurtosis,label
7_112050010_112050365,397.0000000000002,268.3604391187673,1975.2733148176721,1.9143486357686723,0.2989084802686816,6.804391690131849,401.419979572517,401.98496223012484,55.30413447440908,102.31494043086434,268.3604391187673,578.68031534374,1973.3589661819035,161591.90985915487,476.3653749128756,238.1826874564378,1.011133449804828,0.9613838430630035,0.26979830500456076,real
