nameseq,average,median,maximum,minimum,peak,none_levated_peak,sample_standard_deviation,population_standard_deviation,percentile15,percentile25,percentile50,percentile75,amplitude,variance,interquartile_range,semi_interquartile_range,coefficient_of_variation,skewness,kurtosis,label
7_121263569_121263820,355.0,224.81109360434405,1457.5499745798002,1.0,0.23661971830985915,5.006839163429836,332.90839580881703,333.57090073436115,55.97356724555624,106.44793880019036,224.81109360434405,502.0863424232993,1456.5499745798002,111269.54581673304,395.63840362310896,197.81920181155448,0.9377701290389212,1.1731957622698794,0.22252725488002084,real
