nameseq,average,median,maximum,minimum,peak,none_levated_peak,sample_standard_deviation,population_standard_deviation,percentile15,percentile25,percentile50,percentile75,amplitude,variance,interquartile_range,semi_interquartile_range,coefficient_of_variation,skewness,kurtosis,label
7_13810005_13813442,4551.499999999991,3134.484163531817,34107.758362341156,1.4046108489404403,0.2517851257827095,19.161002227306728,4634.913726273661,4635.587944580562,769.2844967114977,1324.5721336767413,3134.484163531817,6107.523599521314,34106.35375149221,21488675.591940645,4782.951465844573,2391.4757329222866,1.0183266453419029,0.9171794256507645,0.24671700836669425,real
