nameseq,average,median,maximum,minimum,peak,none_levated_peak,sample_standard_deviation,population_standard_deviation,percentile15,percentile25,percentile50,percentile75,amplitude,variance,interquartile_range,semi_interquartile_range,coefficient_of_variation,skewness,kurtosis,label
7_146720299_146720541,382.75000000000017,264.881588651622,1681.2059286134777,4.999388103509882,0.2116263879817112,4.673311791924555,365.02756745210354,365.7809791256,53.064610187096314,109.34549449415067,264.881588651622,538.7273509948492,1676.206540509968,133795.72469008263,429.3818565006985,214.69092825034926,0.9536971063412237,0.9687082992479252,0.23679921215682198,real
