nameseq,average,median,maximum,minimum,peak,none_levated_peak,sample_standard_deviation,population_standard_deviation,percentile15,percentile25,percentile50,percentile75,amplitude,variance,interquartile_range,semi_interquartile_range,coefficient_of_variation,skewness,kurtosis,label
7_141233348_141233427,124.00000000000003,79.2671103852102,729.0,6.257802871602053,0.21505376344086016,2.7806528510109003,145.74292435655323,146.66244719668876,16.438629411673993,22.850922810706532,79.2671103852102,193.03311012706936,722.742197128398,21509.873417721516,170.18218731636284,85.09109365818142,1.1753461641657517,0.9207902849270317,0.33439741180681026,real
