nameseq,average,median,maximum,minimum,peak,none_levated_peak,sample_standard_deviation,population_standard_deviation,percentile15,percentile25,percentile50,percentile75,amplitude,variance,interquartile_range,semi_interquartile_range,coefficient_of_variation,skewness,kurtosis,label
7_14390681_14390823,147.7500000000001,103.69568881705989,745.9155111389265,0.25,0.3226170332769315,4.363621276818642,139.4305382618887,139.92062953840133,27.433498483344994,51.2939688980206,103.69568881705989,199.1605211283548,745.6655111389265,19577.782570422543,147.86655223033418,73.93327611516709,0.9436923063410395,0.9478765211433273,0.23249760046161563,real
