nameseq,average,median,maximum,minimum,peak,none_levated_peak,sample_standard_deviation,population_standard_deviation,percentile15,percentile25,percentile50,percentile75,amplitude,variance,interquartile_range,semi_interquartile_range,coefficient_of_variation,skewness,kurtosis,label
7_146976508_146977032,707.2500000000006,460.68361553461193,3301.6412357812187,1.266475714035771,0.24743725698126526,7.408358963653312,683.7739026900633,684.4260477144893,142.52046218290107,225.40501225777044,460.68361553461193,957.3101791185643,3300.374760067183,468439.0147900764,731.9051668607939,365.95258343039694,0.9668065078685936,1.0817890979548719,0.21906873697661156,real
