nameseq,average,median,maximum,minimum,peak,none_levated_peak,sample_standard_deviation,population_standard_deviation,percentile15,percentile25,percentile50,percentile75,amplitude,variance,interquartile_range,semi_interquartile_range,coefficient_of_variation,skewness,kurtosis,label
7_146734720_146734941,259.50000000000006,170.73364710677998,1080.2678644124715,2.014401739482953,0.2851637764932562,5.191932662997499,246.66019135644893,247.2176162286087,43.82642650495698,63.303687019456696,170.73364710677998,398.28810496800565,1078.2534626729885,61116.54977375566,334.984417948549,167.4922089742745,0.9505209686183002,1.079619119790721,0.2804827357654593,real
