nameseq,average,median,maximum,minimum,peak,none_levated_peak,sample_standard_deviation,population_standard_deviation,percentile15,percentile25,percentile50,percentile75,amplitude,variance,interquartile_range,semi_interquartile_range,coefficient_of_variation,skewness,kurtosis,label
7_158278698_158278839,211.49999999999994,143.51369233885043,1936.0,0.4511434531797366,0.22379826635145791,3.7035946872648404,234.32722846481155,235.156707973565,40.53143399915828,60.311196742184244,143.51369233885043,255.27584500647305,1935.5488565468202,55298.677304964534,194.9646482642888,97.4823241321444,1.1079301582260597,0.8704021479692302,0.20129343594096918,real
