nameseq,average,median,maximum,minimum,peak,none_levated_peak,sample_standard_deviation,population_standard_deviation,percentile15,percentile25,percentile50,percentile75,amplitude,variance,interquartile_range,semi_interquartile_range,coefficient_of_variation,skewness,kurtosis,label
7_15398857_15399124,254.99999999999977,153.62634747896274,2341.8486906890826,6.191845839370693,0.3503267973856212,6.467803635338084,329.1018079561399,329.717527499032,42.38326705999519,67.49220074476874,153.62634747896274,295.46962256258263,2335.656844849712,108713.6479400749,227.97742181781388,113.98871090890694,1.2905953253181968,0.9240938524520107,0.1802785524307331,real
