nameseq,average,median,maximum,minimum,peak,none_levated_peak,sample_standard_deviation,population_standard_deviation,percentile15,percentile25,percentile50,percentile75,amplitude,variance,interquartile_range,semi_interquartile_range,coefficient_of_variation,skewness,kurtosis,label
7_176611596_176611760,273.2500000000001,211.5533389877903,1790.8665420193163,0.9250212994313481,0.20128087831655983,3.8009791304658527,302.9773093814123,303.8996168706804,44.52039513772888,59.41862457162888,211.5533389877903,326.93171685615835,1789.941520719885,92354.97713414633,267.5130922845295,133.75654614226474,1.1087916171323409,0.6109037782879747,0.22444113895936338,real
