nameseq,average,median,maximum,minimum,peak,none_levated_peak,sample_standard_deviation,population_standard_deviation,percentile15,percentile25,percentile50,percentile75,amplitude,variance,interquartile_range,semi_interquartile_range,coefficient_of_variation,skewness,kurtosis,label
7_17862601_17862952,464.0000000000002,326.14567050766334,3844.0,3.422561005496095,0.25287356321839066,6.1683034478007395,472.6478604627339,473.3206691456182,64.35342065642926,118.20387527937297,326.14567050766334,617.0309024237108,3840.577438994504,224032.45584045578,498.8270271443379,249.41351357216894,1.0186376303076157,0.8749917709817248,0.23118280101309321,real
