nameseq,average,median,maximum,minimum,peak,none_levated_peak,sample_standard_deviation,population_standard_deviation,percentile15,percentile25,percentile50,percentile75,amplitude,variance,interquartile_range,semi_interquartile_range,coefficient_of_variation,skewness,kurtosis,label
7_31796289_31796478,253.50000000000014,184.6822713447259,1239.3397932659407,0.26621738054654875,0.24983563445101895,4.402580462475495,234.88135302743808,235.50191250529326,58.394964481758045,93.64444898737787,184.6822713447259,322.3241619963938,1239.0735758853941,55461.150793650806,228.67971300901593,114.33985650450796,0.9265536608577434,0.8789679695931653,0.21161261211478125,real
