nameseq,average,median,maximum,minimum,peak,none_levated_peak,sample_standard_deviation,population_standard_deviation,percentile15,percentile25,percentile50,percentile75,amplitude,variance,interquartile_range,semi_interquartile_range,coefficient_of_variation,skewness,kurtosis,label
7_33477121_33477430,407.5000000000001,213.96821725835804,2613.293595792042,0.5565500503491781,0.2535787321063394,5.98993740155295,509.4852794733131,510.3090233895054,69.52615752378067,110.56507855398701,213.96821725835804,472.31154503522447,2612.7370457416932,260415.29935275076,361.74646648123746,180.87323324061873,1.2502706244743875,1.1395723716004595,0.1990541829310996,real
