nameseq,average,median,maximum,minimum,peak,none_levated_peak,sample_standard_deviation,population_standard_deviation,percentile15,percentile25,percentile50,percentile75,amplitude,variance,interquartile_range,semi_interquartile_range,coefficient_of_variation,skewness,kurtosis,label
7_36806283_36806453,204.7500000000001,132.9920943363473,1181.002258321695,3.3889552265778202,0.27838827838827823,4.536803636379591,217.11431320850312,217.75194839406544,25.098901173560755,61.0094910908001,132.9920943363473,299.53701430159384,1177.6133030951173,47415.91102941174,238.52752321079373,119.26376160539687,1.0603873660976948,0.991522455657831,0.2969971157483465,real
