nameseq,average,median,maximum,minimum,peak,none_levated_peak,sample_standard_deviation,population_standard_deviation,percentile15,percentile25,percentile50,percentile75,amplitude,variance,interquartile_range,semi_interquartile_range,coefficient_of_variation,skewness,kurtosis,label
7_37272073_37297915,34896.7500000001,23317.505472679186,1101450.25,6.702763570630608,0.24685202299163414,52.457610848630395,37909.862860804446,37910.59634691467,5389.586805904158,9416.291205128875,23317.505472679186,47715.44256951311,1101443.5472364293,1437213315.3787003,38299.15136438423,19149.575682192117,1.0863436526554575,0.916324432760705,0.24657299113573602,real
