nameseq,average,median,maximum,minimum,peak,none_levated_peak,sample_standard_deviation,population_standard_deviation,percentile15,percentile25,percentile50,percentile75,amplitude,variance,interquartile_range,semi_interquartile_range,coefficient_of_variation,skewness,kurtosis,label
7_45550932_45551323,546.0000000000002,387.8461602871452,2955.1056681655627,0.21619020235057151,0.2393162393162392,6.315529793709487,561.4926535583526,562.2102163477012,102.91958343295256,156.73454657786795,387.8461602871452,732.7707424017511,2954.8894779632124,316080.3273657291,576.0361958238832,288.0180979119416,1.0283748233669456,0.8450004040689681,0.25480461398816556,real
