nameseq,average,median,maximum,minimum,peak,none_levated_peak,sample_standard_deviation,population_standard_deviation,percentile15,percentile25,percentile50,percentile75,amplitude,variance,interquartile_range,semi_interquartile_range,coefficient_of_variation,skewness,kurtosis,label
7_47367921_47369723,1892.7499999999998,1288.0380243169536,14407.606990953562,2.1067144348393416,0.317527407211729,15.582133190490737,1934.4013608866176,1934.9380237796966,339.9547139199124,559.2959534235423,1288.0380243169536,2535.2673273723294,14405.500276518722,3743985.155868477,1975.971373948787,987.9856869743935,1.0220057381516934,0.9378280866270915,0.2470479944375698,real
