nameseq,average,median,maximum,minimum,peak,none_levated_peak,sample_standard_deviation,population_standard_deviation,percentile15,percentile25,percentile50,percentile75,amplitude,variance,interquartile_range,semi_interquartile_range,coefficient_of_variation,skewness,kurtosis,label
7_50119772_50119860,98.24999999999999,79.03343191500068,538.7508465356104,1.8100925795297949,0.3019508057675997,3.375767645395531,100.5658987927816,101.13568181588349,11.338304701378018,38.635975844390565,79.03343191500068,114.69897478734622,536.9407539560806,10228.426136363627,76.06299894295566,38.03149947147783,1.0235714889850545,0.5732530106829403,0.16047637352221894,real
