nameseq,average,median,maximum,minimum,peak,none_levated_peak,sample_standard_deviation,population_standard_deviation,percentile15,percentile25,percentile50,percentile75,amplitude,variance,interquartile_range,semi_interquartile_range,coefficient_of_variation,skewness,kurtosis,label
7_5393127_5393282,209.00000000000003,120.45732185191225,1849.0,3.6766485200081473,0.24880382775119614,4.312669939447339,285.27180021866866,286.19055235640553,13.536726054424776,30.067718137749324,120.45732185191225,263.0325197164655,1845.3233514799917,81905.0322580645,232.9648015787162,116.4824007893581,1.3649368431515245,0.9311401766338354,0.2641164676624019,real
