nameseq,average,median,maximum,minimum,peak,none_levated_peak,sample_standard_deviation,population_standard_deviation,percentile15,percentile25,percentile50,percentile75,amplitude,variance,interquartile_range,semi_interquartile_range,coefficient_of_variation,skewness,kurtosis,label
7_54922865_54937738,18870.500000000076,12455.461121837765,363461.17580144084,3.172393229520969,0.26273813624440157,41.028527392099676,20472.525204527163,20473.213437603667,2944.518290252092,5156.750905596729,12455.461121837765,25791.07459445104,363458.00340821134,419152468.4616754,20634.32368885431,10317.161844427155,1.084895747570392,0.9400460589117356,0.2442280799427859,real
