nameseq,average,median,maximum,minimum,peak,none_levated_peak,sample_standard_deviation,population_standard_deviation,percentile15,percentile25,percentile50,percentile75,amplitude,variance,interquartile_range,semi_interquartile_range,coefficient_of_variation,skewness,kurtosis,label
7_57559190_57571747,17073.500000000007,11352.227131818654,303657.9165380151,0.6704407082125966,0.24517527161976152,36.24566815545618,17946.164026053033,17946.878599866293,2880.984479291862,4921.653138746975,11352.227131818654,23278.962866375394,303657.2460973069,322090451.4783388,18357.309727628417,9178.654863814209,1.0511121929336706,0.9564059806667755,0.24382009968587792,real
