nameseq,average,median,maximum,minimum,peak,none_levated_peak,sample_standard_deviation,population_standard_deviation,percentile15,percentile25,percentile50,percentile75,amplitude,variance,interquartile_range,semi_interquartile_range,coefficient_of_variation,skewness,kurtosis,label
7_65209468_65223434,18861.750000000022,12749.530779157663,825372.25,4.742493864886762,0.24683110881369236,38.52485395103025,21294.757427005352,21295.519791900504,2877.559707283961,5107.566842791789,12749.530779157663,25572.324806440254,825367.5075061352,453499163.2072261,20464.757963648466,10232.378981824233,1.1289916061343899,0.8610878863204656,0.24872193428027373,real
