nameseq,average,median,maximum,minimum,peak,none_levated_peak,sample_standard_deviation,population_standard_deviation,percentile15,percentile25,percentile50,percentile75,amplitude,variance,interquartile_range,semi_interquartile_range,coefficient_of_variation,skewness,kurtosis,label
7_83693361_83693867,644.7500000000006,430.4609401133322,4551.994665613253,2.3966832433971894,0.2621170996510273,7.5621195860965305,685.4375427418606,686.1145182577261,99.00326951323294,191.57400877603857,430.4609401133322,836.0198636511361,4549.597982369856,470753.1321640316,644.4458548750976,322.2229274375488,1.0631059212746956,0.937893155207742,0.22994768658133524,real
