nameseq,average,median,maximum,minimum,peak,none_levated_peak,sample_standard_deviation,population_standard_deviation,percentile15,percentile25,percentile50,percentile75,amplitude,variance,interquartile_range,semi_interquartile_range,coefficient_of_variation,skewness,kurtosis,label
7_91326436_91326517,86.49999999999999,55.888894480234676,598.6416689872191,1.0294888770984256,0.31599229287090563,3.415201640179822,110.78921427648089,111.4710004916852,9.74450721133152,24.07757099196141,55.888894480234676,91.3336705612528,597.6121801101207,12425.783950617284,67.2560995692914,33.6280497846457,1.2808001650460221,0.8289012351881165,0.19901611229825927,real
