nameseq,average,median,maximum,minimum,peak,none_levated_peak,sample_standard_deviation,population_standard_deviation,percentile15,percentile25,percentile50,percentile75,amplitude,variance,interquartile_range,semi_interquartile_range,coefficient_of_variation,skewness,kurtosis,label
7_95993120_95993395,354.9999999999999,261.58040468237704,2905.8249128429957,1.5741710336914374,0.2591549295774649,5.533524926440222,365.0219171501898,365.684991115677,52.76768543878903,73.70516769070359,261.58040468237704,541.137586451943,2904.250741809304,133725.51272727276,467.4324187612394,233.7162093806197,1.0282307525357461,0.7677861870347772,0.32064251398470367,real
