nameseq,average,median,maximum,minimum,peak,none_levated_peak,sample_standard_deviation,population_standard_deviation,percentile15,percentile25,percentile50,percentile75,amplitude,variance,interquartile_range,semi_interquartile_range,coefficient_of_variation,skewness,kurtosis,label
7_95394075_95403976,12347.500000000024,2666.146730248616,1187715.9376112765,2.215910282765822e-27,0.2673145711007621,43.70964873297295,41224.234077178415,41226.315846354206,467.41660487829836,871.8253112335611,2666.146730248616,7954.866767900358,1187715.9376112765,1699609118.2633557,7083.041456666797,3541.5207283333984,3.3386705063517583,0.7045384943933478,0.14606504868866066,real
