nameseq,average,median,maximum,minimum,peak,none_levated_peak,sample_standard_deviation,population_standard_deviation,percentile15,percentile25,percentile50,percentile75,amplitude,variance,interquartile_range,semi_interquartile_range,coefficient_of_variation,skewness,kurtosis,label
7_99008211_99008674,654.0,400.93516190135864,12568.690723865762,2.010561129054844,0.236493374108053,7.0513424587550135,1010.3563727715087,1011.4468818560937,110.83010999612155,165.74809007788744,400.93516190135864,822.0262607332982,12566.680162736708,1023024.7948164147,656.2781706554107,328.13908532770535,1.5448874201399216,0.7514126052507369,0.22531088328771665,real
