nameseq,average,median,maximum,minimum,peak,none_levated_peak,sample_standard_deviation,population_standard_deviation,percentile15,percentile25,percentile50,percentile75,amplitude,variance,interquartile_range,semi_interquartile_range,coefficient_of_variation,skewness,kurtosis,label
8_120156943_120157234,425.0000000000001,298.4579290848112,2881.5120595010985,1.5550635952217975,0.22901960784313719,5.293297048208845,423.70272597659795,424.43011316611285,82.1077681831527,143.18006541117092,298.4579290848112,595.6679774556034,2879.9569959058767,180140.92096219937,452.48791204443245,226.24395602221622,0.9969475905331714,0.8959730241776502,0.2434379319640795,real
