nameseq,average,median,maximum,minimum,peak,none_levated_peak,sample_standard_deviation,population_standard_deviation,percentile15,percentile25,percentile50,percentile75,amplitude,variance,interquartile_range,semi_interquartile_range,coefficient_of_variation,skewness,kurtosis,label
8_142809294_142835317,36245.999999999745,23565.72732955741,1477803.6561375337,0.00932285585462831,0.23932755798341132,52.03748906271086,43038.451098988204,43039.278022049366,5645.886330613176,9904.477248732115,23565.72732955741,47566.61268121392,1477803.6468146779,1852379452.6592617,37662.1354324818,18831.0677162409,1.1873986398220082,0.8838798107263045,0.23650019372899259,real
