nameseq,average,median,maximum,minimum,peak,none_levated_peak,sample_standard_deviation,population_standard_deviation,percentile15,percentile25,percentile50,percentile75,amplitude,variance,interquartile_range,semi_interquartile_range,coefficient_of_variation,skewness,kurtosis,label
8_147182691_147187452,6392.500000000011,4113.208384544849,215177.197043818,0.22536819391824056,0.24831182375179203,22.80857209927838,8274.864485295215,8275.733465553352,933.6658993294964,1577.573971420515,4113.208384544849,8485.812197371091,215176.9716756241,68487764.3928797,6908.238225950577,3454.1191129752883,1.294464526444302,0.8263428190898691,0.2419859384745108,real
