nameseq,average,median,maximum,minimum,peak,none_levated_peak,sample_standard_deviation,population_standard_deviation,percentile15,percentile25,percentile50,percentile75,amplitude,variance,interquartile_range,semi_interquartile_range,coefficient_of_variation,skewness,kurtosis,label
8_142469150_142469598,572.2500000000002,373.63434460981154,4533.95250431143,3.4632695601023142,0.26154070190767426,7.189188630025825,641.5715080955513,642.2871485947699,68.26679696085162,135.7978377152578,373.63434460981154,763.9768110246772,4530.489234751328,412532.78124999994,628.1789733094195,314.08948665470973,1.1211385025697702,0.928730404408521,0.24584723787197085,real
