nameseq,average,median,maximum,minimum,peak,none_levated_peak,sample_standard_deviation,population_standard_deviation,percentile15,percentile25,percentile50,percentile75,amplitude,variance,interquartile_range,semi_interquartile_range,coefficient_of_variation,skewness,kurtosis,label
8_146489118_146489269,270.00000000000017,203.58402385503086,1599.651754283633,2.493167782083953,0.1876543209876542,3.462057038441797,275.7752708275344,276.6869271019848,49.85603674352531,92.7810553518425,203.58402385503086,371.9819897304861,1597.158586501549,76555.65562913904,279.2009343786436,139.6004671893218,1.0213898919538307,0.7225010706616783,0.2814625640626983,real
