nameseq,average,median,maximum,minimum,peak,none_levated_peak,sample_standard_deviation,population_standard_deviation,percentile15,percentile25,percentile50,percentile75,amplitude,variance,interquartile_range,semi_interquartile_range,coefficient_of_variation,skewness,kurtosis,label
8_145342085_145342287,284.75000000000006,186.44946812956783,1650.723361198177,3.35930110488825,0.23763535264852206,4.598802091410645,307.0987219120261,307.8579288108122,35.815743100598425,65.3542754053893,186.44946812956783,359.67801059421953,1647.3640600932886,94776.50433168311,294.32373518883026,147.16186759441513,1.0784854149676069,0.9602827187791959,0.2289656716910901,real
