nameseq,average,median,maximum,minimum,peak,none_levated_peak,sample_standard_deviation,population_standard_deviation,percentile15,percentile25,percentile50,percentile75,amplitude,variance,interquartile_range,semi_interquartile_range,coefficient_of_variation,skewness,kurtosis,label
8_146689190_146689431,366.49999999999955,258.562684950376,2008.716710203566,0.8433090980489392,0.2201000454752163,4.754772294682959,368.2991311420651,369.06244622234095,60.66984986470476,118.98968312685258,258.562684950376,459.4927996767217,2007.8734011055171,136207.0892116183,340.5031165498691,170.25155827493455,1.004908952638651,0.879209093284463,0.21475123674616353,real
