nameseq,average,median,maximum,minimum,peak,none_levated_peak,sample_standard_deviation,population_standard_deviation,percentile15,percentile25,percentile50,percentile75,amplitude,variance,interquartile_range,semi_interquartile_range,coefficient_of_variation,skewness,kurtosis,label
8_168895480_168895786,430.75000000000017,331.9225286812231,2153.2276733951758,4.993564117970362,0.2375701296188817,5.596939363428876,432.5426279570605,433.24882047292004,65.95199222115708,110.35490834574705,331.9225286812231,558.3619467519264,2148.2341092772053,187704.5404411765,448.0070384061794,224.0035192030897,1.0041616435451197,0.6854409133190997,0.21876765579732182,real
