nameseq,average,median,maximum,minimum,peak,none_levated_peak,sample_standard_deviation,population_standard_deviation,percentile15,percentile25,percentile50,percentile75,amplitude,variance,interquartile_range,semi_interquartile_range,coefficient_of_variation,skewness,kurtosis,label
8_164820493_164820700,249.99999999999997,183.70275203673214,1127.979797464467,0.5216336037631925,0.2773333333333333,4.866339908814376,227.23556059736777,227.78377746310716,53.988853436231366,72.26557633467549,183.70275203673214,332.7993108322669,1127.458163860704,51885.44927536232,260.5337344975914,130.2668672487957,0.9089422423894712,0.8752668084473545,0.24251164432889247,real
