nameseq,average,median,maximum,minimum,peak,none_levated_peak,sample_standard_deviation,population_standard_deviation,percentile15,percentile25,percentile50,percentile75,amplitude,variance,interquartile_range,semi_interquartile_range,coefficient_of_variation,skewness,kurtosis,label
8_166792586_166795620,4164.749999999997,2835.248114916309,50368.63194390901,4.553813703697393,0.2429117394001242,17.75472943000479,4438.372069238899,4439.103448014439,676.7045410129863,1197.774824176661,2835.248114916309,5701.934859938403,50364.07813020531,19705639.422173683,4504.160035761742,2252.080017880871,1.0656995183957985,0.8986415724121619,0.24698074224151145,real
