nameseq,average,median,maximum,minimum,peak,none_levated_peak,sample_standard_deviation,population_standard_deviation,percentile15,percentile25,percentile50,percentile75,amplitude,variance,interquartile_range,semi_interquartile_range,coefficient_of_variation,skewness,kurtosis,label
8_163756955_163757021,108.74999999999997,101.5141690366507,476.6311252819938,2.25,0.20536398467432954,2.374022106711706,96.18276872704381,96.90868671386511,23.8600671351707,34.27928076898064,101.5141690366507,151.83064044938462,474.3811252819938,9391.293560606055,117.55135968040398,58.77567984020199,0.884439252662472,0.2256900396748955,0.2544787603866621,real
