nameseq,average,median,maximum,minimum,peak,none_levated_peak,sample_standard_deviation,population_standard_deviation,percentile15,percentile25,percentile50,percentile75,amplitude,variance,interquartile_range,semi_interquartile_range,coefficient_of_variation,skewness,kurtosis,label
8_168302406_168302637,341.9999999999998,262.93478883751504,1874.0732842185994,0.6955756036502654,0.2261208576998052,4.635588572205057,319.3321155161191,320.022564139533,80.79567848121242,124.95813642450292,262.93478883751504,434.891354723206,1873.3777086149491,102414.44155844154,309.9332182987031,154.96660914935154,0.9337196360120447,0.7427866536508169,0.24815591291678266,real
