nameseq,average,median,maximum,minimum,peak,none_levated_peak,sample_standard_deviation,population_standard_deviation,percentile15,percentile25,percentile50,percentile75,amplitude,variance,interquartile_range,semi_interquartile_range,coefficient_of_variation,skewness,kurtosis,label
8_168786570_168787601,1359.9999999999982,842.3829546489196,9511.457100091182,0.2750813321066297,0.25294117647058856,10.568990748200664,1427.3212672695656,1428.013301864054,236.74638729520117,391.86176359196054,842.3829546489196,1784.280535079334,9511.182018759075,2039221.9903006782,1392.4187714873733,696.2093857436867,1.0495009318158586,1.0879478724672869,0.2211222313829109,real
