nameseq,average,median,maximum,minimum,peak,none_levated_peak,sample_standard_deviation,population_standard_deviation,percentile15,percentile25,percentile50,percentile75,amplitude,variance,interquartile_range,semi_interquartile_range,coefficient_of_variation,skewness,kurtosis,label
8_161902952_161909023,8381.999999999995,5522.38538044901,146753.63804039662,5.884719185288647,0.24146981627296604,25.124070178941807,9207.469793596934,9208.228078119002,1346.1886237039555,2357.506088778387,5522.38538044901,11370.276867702145,146747.75332121132,84791464.33865918,9012.770778923757,4506.385389461879,1.0984812447622214,0.9317265275872922,0.24668215949156375,real
