nameseq,average,median,maximum,minimum,peak,none_levated_peak,sample_standard_deviation,population_standard_deviation,percentile15,percentile25,percentile50,percentile75,amplitude,variance,interquartile_range,semi_interquartile_range,coefficient_of_variation,skewness,kurtosis,label
8_166650040_166650183,205.99999999999994,120.58703829771956,1611.3478410676423,1.1357973911488006,0.23300970873786414,3.8869319519839136,260.2921435618063,261.200670385415,26.44414568025087,46.11774900609144,120.58703829771956,259.2813944620092,1610.2120436764935,68225.79020979021,213.16364545591776,106.58182272795888,1.263554094960225,0.9844280415094331,0.2418134967703386,real
