nameseq,average,median,maximum,minimum,peak,none_levated_peak,sample_standard_deviation,population_standard_deviation,percentile15,percentile25,percentile50,percentile75,amplitude,variance,interquartile_range,semi_interquartile_range,coefficient_of_variation,skewness,kurtosis,label
8_165202144_165202448,440.2499999999999,298.2218511995955,2266.447489921975,0.25,0.23092939617641497,5.468851237448907,442.91872843671905,443.6466150878956,69.42532753646887,157.71604624933005,298.2218511995955,559.3261485205816,2266.197489921975,196822.31907894742,401.61010227125155,200.80505113562577,1.0060618476700038,0.9619923905793677,0.2076637210385017,real
