nameseq,average,median,maximum,minimum,peak,none_levated_peak,sample_standard_deviation,population_standard_deviation,percentile15,percentile25,percentile50,percentile75,amplitude,variance,interquartile_range,semi_interquartile_range,coefficient_of_variation,skewness,kurtosis,label
8_166752131_166752186,66.0,45.518075781353375,328.9930256695738,8.301515190165,0.2828282828282829,2.555694842923747,70.95068710026705,71.59278785413565,16.686684930256014,22.388413059661985,45.518075781353375,67.698484809835,320.6915104794088,5125.527272727273,45.31007175017301,22.655035875086504,1.0750104106101068,0.8660349204103565,0.19025548739094636,real
