nameseq,average,median,maximum,minimum,peak,none_levated_peak,sample_standard_deviation,population_standard_deviation,percentile15,percentile25,percentile50,percentile75,amplitude,variance,interquartile_range,semi_interquartile_range,coefficient_of_variation,skewness,kurtosis,label
8_160939828_160940010,227.74999999999983,167.60263620289848,1190.25,0.9430458684412242,0.26783754116355674,4.635255147886985,234.53651101694166,235.1799594442006,16.05434538892993,55.48859444799017,167.60263620289848,280.77470212581864,1189.3069541315588,55309.61332417583,225.28610767782845,112.64305383891423,1.0297980725222473,0.7693560828073795,0.19430672808600005,real
