nameseq,average,median,maximum,minimum,peak,none_levated_peak,sample_standard_deviation,population_standard_deviation,percentile15,percentile25,percentile50,percentile75,amplitude,variance,interquartile_range,semi_interquartile_range,coefficient_of_variation,skewness,kurtosis,label
8_168955042_168964803,13252.499999999989,8717.046979006256,405769.0,0.033042839870546466,0.24553857762686307,32.31304033471995,15320.78216834898,15321.566943975995,1964.631379183583,3502.456686626515,8717.046979006256,18059.06285452884,405768.96695716016,234750413.61873794,14556.606167902322,7278.303083951161,1.1560673207582715,0.8880981997831947,0.2468655767677127,real
