nameseq,average,median,maximum,minimum,peak,none_levated_peak,sample_standard_deviation,population_standard_deviation,percentile15,percentile25,percentile50,percentile75,amplitude,variance,interquartile_range,semi_interquartile_range,coefficient_of_variation,skewness,kurtosis,label
8_16436082_16436238,257.2499999999999,149.15818126433916,1835.6978938965271,0.38771991645008747,0.20343375445416273,3.6881898373774096,277.8502294402508,278.7393524469843,49.396503134775415,83.11749091245535,149.15818126433916,395.6109977623659,1835.310173980077,77695.62660256412,312.49350684991055,156.24675342495527,1.080078637279887,1.1670872356674253,0.2879393903507058,real
