nameseq,average,median,maximum,minimum,peak,none_levated_peak,sample_standard_deviation,population_standard_deviation,percentile15,percentile25,percentile50,percentile75,amplitude,variance,interquartile_range,semi_interquartile_range,coefficient_of_variation,skewness,kurtosis,label
8_165347334_165347932,911.7500000000006,629.8350077655392,6598.242732175501,3.737770505454674,0.2189927794534319,7.465335343505158,947.3945191946175,948.1863241963454,144.14743162365596,244.4850924974045,629.8350077655392,1272.239859015931,6594.504961670046,899057.305392977,1027.7547665185264,513.8773832592632,1.0390946193524726,0.8927062164370066,0.26562297047508626,real
