nameseq,average,median,maximum,minimum,peak,none_levated_peak,sample_standard_deviation,population_standard_deviation,percentile15,percentile25,percentile50,percentile75,amplitude,variance,interquartile_range,semi_interquartile_range,coefficient_of_variation,skewness,kurtosis,label
8_163272923_163305232,43753.4999999999,28986.556704654526,2109997.9424654287,0.9620901510759644,0.24615173643251453,58.5949512514715,49830.35232917785,49831.123476021734,6783.871089625618,11929.073498867368,28986.556704654526,59923.15856586289,2109996.980375278,2483140866.8825245,47994.085066995525,23997.042533497763,1.1388883707401227,0.8890330454295433,0.2467039266910404,real
