nameseq,average,median,maximum,minimum,peak,none_levated_peak,sample_standard_deviation,population_standard_deviation,percentile15,percentile25,percentile50,percentile75,amplitude,variance,interquartile_range,semi_interquartile_range,coefficient_of_variation,skewness,kurtosis,label
8_163130935_163134089,4346.7499999999945,3107.0942951888633,38220.25000000002,4.658954033808451,0.24194321427886767,17.942741674544614,4289.721217631748,4290.401208318056,714.5978342116681,1266.9571364747487,3107.0942951888633,5977.904919046602,38215.59104596621,18407542.528337035,4710.947782571853,2355.4738912859266,0.9868801328881931,0.866948439247655,0.2542839110051325,real
