nameseq,average,median,maximum,minimum,peak,none_levated_peak,sample_standard_deviation,population_standard_deviation,percentile15,percentile25,percentile50,percentile75,amplitude,variance,interquartile_range,semi_interquartile_range,coefficient_of_variation,skewness,kurtosis,label
8_166635483_166635634,241.99999999999991,141.65087728026415,1721.0509679814932,0.3780069039660457,0.20936639118457306,3.7545911455629835,275.79340093628053,276.7051171451381,34.5245246028644,63.08596695886831,141.65087728026415,339.94905683344547,1720.6729610775271,76565.7218543046,276.86308987457716,138.43154493728858,1.1396421526292588,1.091568424542404,0.2735048854181789,real
