nameseq,average,median,maximum,minimum,peak,none_levated_peak,sample_standard_deviation,population_standard_deviation,percentile15,percentile25,percentile50,percentile75,amplitude,variance,interquartile_range,semi_interquartile_range,coefficient_of_variation,skewness,kurtosis,label
8_176426493_176426642,201.49999999999991,153.62894668465995,814.6486137721806,1.0,0.24813895781637726,3.9174312420240915,180.4972298956413,181.10191242657748,42.63501501774617,57.64242584501723,153.62894668465995,277.6964092426453,813.6486137721806,32797.90268456374,220.0539833976281,110.02699169881404,0.8957678903009498,0.795652986082131,0.27203751148143046,real
