nameseq,average,median,maximum,minimum,peak,none_levated_peak,sample_standard_deviation,population_standard_deviation,percentile15,percentile25,percentile50,percentile75,amplitude,variance,interquartile_range,semi_interquartile_range,coefficient_of_variation,skewness,kurtosis,label
8_177025362_177025851,694.5,508.6128498891734,4216.075401570436,0.0,0.2351811855051596,7.008089134411075,685.3088719694208,686.0092389094484,107.84712564872504,175.25300176796796,508.6128498891734,937.0891961405034,4216.075401570436,470608.67586912063,761.8361943725355,380.91809718626774,0.9867658343692164,0.8137373863698693,0.2468944078662034,real
