nameseq,average,median,maximum,minimum,peak,none_levated_peak,sample_standard_deviation,population_standard_deviation,percentile15,percentile25,percentile50,percentile75,amplitude,variance,interquartile_range,semi_interquartile_range,coefficient_of_variation,skewness,kurtosis,label
8_173992587_173992633,55.74999999999999,33.17021426730367,198.6894665755887,5.851390304049993,0.28101644245142005,2.312768123488464,50.762929387496925,51.31173376274797,12.974337268669197,17.438069108880896,33.17021426730367,79.23547935815643,192.8380762715387,2632.8940217391296,61.79741024927553,30.898705124637765,0.9105458186098104,1.3344256924379425,0.24360323267580566,real
