nameseq,average,median,maximum,minimum,peak,none_levated_peak,sample_standard_deviation,population_standard_deviation,percentile15,percentile25,percentile50,percentile75,amplitude,variance,interquartile_range,semi_interquartile_range,coefficient_of_variation,skewness,kurtosis,label
8_18123187_18123319,123.25000000000003,87.59255776534692,539.4497569937225,0.25,0.35970250169033124,4.551178557875512,120.52489369420746,120.98056599505912,17.26263825600841,24.945999376057554,87.59255776534692,188.14803903398663,539.1997569937225,14636.297348484857,163.20203965792908,81.60101982896454,0.9778896040097966,0.8875537942839148,0.2951052803655384,real
