nameseq,average,median,maximum,minimum,peak,none_levated_peak,sample_standard_deviation,population_standard_deviation,percentile15,percentile25,percentile50,percentile75,amplitude,variance,interquartile_range,semi_interquartile_range,coefficient_of_variation,skewness,kurtosis,label
8_1907011_1907436,660.4999999999995,431.11794079749234,6043.019306008541,1.0449979949587316,0.21498864496593503,6.236530724633092,743.4179510880807,744.2920465705886,137.2593946800401,200.59506403248304,431.11794079749234,865.2153034575024,6041.974308013582,553970.6505882351,664.6202394250193,332.3101197125097,1.1255381545618186,0.9256518175278626,0.2408208048422236,real
