nameseq,average,median,maximum,minimum,peak,none_levated_peak,sample_standard_deviation,population_standard_deviation,percentile15,percentile25,percentile50,percentile75,amplitude,variance,interquartile_range,semi_interquartile_range,coefficient_of_variation,skewness,kurtosis,label
8_26732203_26732259,62.25,42.85832712003254,300.2675874010719,1.106837829570594,0.30522088353413657,2.701062812381168,63.29691935631623,63.859569704603736,11.5345856061344,26.705777018280283,42.85832712003254,72.99999999999999,299.16074957150136,4078.044642857143,46.2942229817197,23.14711149085985,1.01681798162757,0.919081358642729,0.18370603979936298,real
