nameseq,average,median,maximum,minimum,peak,none_levated_peak,sample_standard_deviation,population_standard_deviation,percentile15,percentile25,percentile50,percentile75,amplitude,variance,interquartile_range,semi_interquartile_range,coefficient_of_variation,skewness,kurtosis,label
8_52873948_52887403,17384.00000000004,11690.430404847088,494803.6383451597,4.79846435781803,0.25801503298051787,38.58572190339796,19289.717105235115,19290.433915294823,2783.410678678662,4842.532045715585,11690.430404847088,23654.496246281244,494798.8398808019,372120840.6403568,18811.964200565657,9405.982100282828,1.1096247759569184,0.8854825963633886,0.24675572650717503,real
