nameseq,average,median,maximum,minimum,peak,none_levated_peak,sample_standard_deviation,population_standard_deviation,percentile15,percentile25,percentile50,percentile75,amplitude,variance,interquartile_range,semi_interquartile_range,coefficient_of_variation,skewness,kurtosis,label
8_72538451_72563442,33286.000000000495,22838.755347559072,688495.2605899901,0.08450585741481244,0.2502753910552948,51.82455688147384,35849.865578548546,35850.58282689711,5156.601513284894,9240.885552779953,22838.755347559072,45032.667990878996,688495.1760841326,1285264289.0282102,35791.78243809904,17895.89121904952,1.077025343343989,0.8742496924752263,0.24806489094186876,real
