nameseq,average,median,maximum,minimum,peak,none_levated_peak,sample_standard_deviation,population_standard_deviation,percentile15,percentile25,percentile50,percentile75,amplitude,variance,interquartile_range,semi_interquartile_range,coefficient_of_variation,skewness,kurtosis,label
8_76275444_76275515,63.999999999999986,55.85870441060795,234.2627121101268,0.9216171603852048,0.3750000000000001,3.3056319763299733,50.764160585988215,51.120404680009,11.880997039961153,30.493249975678033,55.85870441060795,99.3821234265654,233.3410949497416,2613.2957746478864,68.88887345088736,34.44443672544368,0.7931900091560661,0.4811246061442317,0.29555238649791077,real
