nameseq,average,median,maximum,minimum,peak,none_levated_peak,sample_standard_deviation,population_standard_deviation,percentile15,percentile25,percentile50,percentile75,amplitude,variance,interquartile_range,semi_interquartile_range,coefficient_of_variation,skewness,kurtosis,label
8_76349007_76349084,93.49999999999999,59.85122953176241,402.7009935454693,1.5798067081212424,0.2780748663101605,3.008503009630093,86.42482282307553,86.98421262938031,16.109041064138964,30.73796733603205,59.85122953176241,146.56376464073549,401.1211868373481,7566.253246753244,115.82579730470343,57.912898652351714,0.9243296558617705,1.1680245108672638,0.2927140631604707,real
