nameseq,average,median,maximum,minimum,peak,none_levated_peak,sample_standard_deviation,population_standard_deviation,percentile15,percentile25,percentile50,percentile75,amplitude,variance,interquartile_range,semi_interquartile_range,coefficient_of_variation,skewness,kurtosis,label
8_78736763_78737550,1194.9999999999986,831.5647877601351,14400.0,6.9563864333708505,0.21980474198047448,8.584829390462566,1275.3677900903724,1276.177804646526,198.59534454585418,341.4207934025903,831.5647877601351,1655.207785754984,14393.04361356663,1628629.789072427,1313.7869923523936,656.8934961761968,1.0672533808287648,0.8548950704191232,0.26637198914249166,real
