nameseq,average,median,maximum,minimum,peak,none_levated_peak,sample_standard_deviation,population_standard_deviation,percentile15,percentile25,percentile50,percentile75,amplitude,variance,interquartile_range,semi_interquartile_range,coefficient_of_variation,skewness,kurtosis,label
8_89493872_89495163,1987.0000000000005,1358.44819196792,34768.90373991743,0.8117776250491543,0.21674215735614827,10.99901413545452,2333.1187282262335,2334.0221624239753,272.8094835293064,530.5228971046824,1358.44819196792,2683.384619421449,34768.091962292376,5447659.454686289,2152.8617223167666,1076.4308611583833,1.1741916095753564,0.8082123731139141,0.2483966255838964,real
