nameseq,average,median,maximum,minimum,peak,none_levated_peak,sample_standard_deviation,population_standard_deviation,percentile15,percentile25,percentile50,percentile75,amplitude,variance,interquartile_range,semi_interquartile_range,coefficient_of_variation,skewness,kurtosis,label
9_102313913_102313982,63.50000000000003,29.954921913223068,324.0,2.4474347740185727,0.36745406824146964,3.4545834131860604,76.63713199226598,77.19047587116815,8.999999999999998,9.699448025409602,29.954921913223068,81.35149430610022,321.5525652259814,5958.369565217391,71.65204628069063,35.82602314034531,1.2068839683821408,1.3131393574395078,0.2191131550255976,real
