nameseq,average,median,maximum,minimum,peak,none_levated_peak,sample_standard_deviation,population_standard_deviation,percentile15,percentile25,percentile50,percentile75,amplitude,variance,interquartile_range,semi_interquartile_range,coefficient_of_variation,skewness,kurtosis,label
9_115705487_115705603,161.24999999999997,99.13029703409522,694.1375377223793,0.31719426285900765,0.24186046511627912,3.473665967424542,157.01990319701514,157.69526073608142,21.569966319402045,45.55379107446742,99.13029703409522,213.70419369643963,693.8203434595202,24867.7952586207,168.1504026219722,84.0752013109861,0.973766841531877,1.186850234290915,0.22135050457610772,real
