nameseq,average,median,maximum,minimum,peak,none_levated_peak,sample_standard_deviation,population_standard_deviation,percentile15,percentile25,percentile50,percentile75,amplitude,variance,interquartile_range,semi_interquartile_range,coefficient_of_variation,skewness,kurtosis,label
9_131431952_131432111,242.00000000000009,131.55823271704082,1203.8945328264917,1.8248949226378084,0.2203856749311294,3.9479626898138,248.39082108644837,249.17069999470053,28.52732731030702,53.857474388968754,131.55823271704082,387.3767865897156,1202.0696379038538,62086.03773584905,333.51931220074687,166.75965610037343,1.0264083515968938,1.3338870591098269,0.29401805456860525,real
