nameseq,average,median,maximum,minimum,peak,none_levated_peak,sample_standard_deviation,population_standard_deviation,percentile15,percentile25,percentile50,percentile75,amplitude,variance,interquartile_range,semi_interquartile_range,coefficient_of_variation,skewness,kurtosis,label
9_140870314_140870551,299.5000000000001,183.23241357241642,1779.77739276131,0.12078847660435346,0.26488592097941,5.3906748945833725,338.97381904802035,339.68820091322345,26.75882070580377,57.80422972999576,183.23241357241642,401.89251267366086,1779.6566042847057,115388.07383966247,344.0882829436651,172.04414147183255,1.1317990619299507,1.0289961633684115,0.21552468393001964,real
