nameseq,average,median,maximum,minimum,peak,none_levated_peak,sample_standard_deviation,population_standard_deviation,percentile15,percentile25,percentile50,percentile75,amplitude,variance,interquartile_range,semi_interquartile_range,coefficient_of_variation,skewness,kurtosis,label
9_153382463_153382664,250.49999999999997,180.419462936231,1209.4166452774166,5.481054009484476,0.26879574184963406,4.730828754755268,243.32745426687882,243.9319954576689,49.54602198876963,81.76508383787439,180.419462936231,332.31272403219185,1203.935591267932,59502.8184079602,250.54764019431747,125.27382009715873,0.9713670829017119,0.8640274967111448,0.24261328044674,real
