nameseq,average,median,maximum,minimum,peak,none_levated_peak,sample_standard_deviation,population_standard_deviation,percentile15,percentile25,percentile50,percentile75,amplitude,variance,interquartile_range,semi_interquartile_range,coefficient_of_variation,skewness,kurtosis,label
9_154006400_154006461,95.5,64.13477026724189,479.5382271656724,2.8386128101856047,0.21640488656195464,2.424346309750281,106.42015786494586,107.28890826206394,16.655045506502653,27.637592481010813,64.13477026724189,115.03793132896847,476.6996143554868,11510.909836065572,87.40033884795766,43.70016942397883,1.1143472027743022,0.8841904681036831,0.17804237722619684,real
