nameseq,average,median,maximum,minimum,peak,none_levated_peak,sample_standard_deviation,population_standard_deviation,percentile15,percentile25,percentile50,percentile75,amplitude,variance,interquartile_range,semi_interquartile_range,coefficient_of_variation,skewness,kurtosis,label
9_152875505_152877368,2797.9999999999995,1917.18182027706,23610.057264279625,3.01250722915585,0.22206337860376466,13.268284581561705,2785.5157511670977,2786.263239641888,447.9295053477348,836.9438949655503,1917.18182027706,3893.7008650759126,23607.04475705047,7763262.84057971,3056.756970110362,1528.378485055181,0.995538152668727,0.9486410328362572,0.24749314612397474,real
