nameseq,average,median,maximum,minimum,peak,none_levated_peak,sample_standard_deviation,population_standard_deviation,percentile15,percentile25,percentile50,percentile75,amplitude,variance,interquartile_range,semi_interquartile_range,coefficient_of_variation,skewness,kurtosis,label
9_159494433_159494983,531.7499999999997,336.734183854825,4101.815998913804,0.31130750243881417,0.345400407459646,9.07047066546542,568.7911523573482,569.3080003988895,81.95345735169151,141.39457433432545,336.734183854825,719.7542401015841,4101.5046914113655,324111.5993181819,578.3596657672585,289.1798328836293,1.0696589607096354,1.0285804306392632,0.2525920969313928,real
