nameseq,average,median,maximum,minimum,peak,none_levated_peak,sample_standard_deviation,population_standard_deviation,percentile15,percentile25,percentile50,percentile75,amplitude,variance,interquartile_range,semi_interquartile_range,coefficient_of_variation,skewness,kurtosis,label
9_22432175_22432312,132.50000000000009,86.13903213976415,602.3713956020715,0.8334602686645327,0.3471698113207545,4.544766887865495,136.93155224417785,137.43039379513596,20.93397868099259,41.452549266579055,86.13903213976415,142.96914318300077,601.537935333407,18887.11313868614,101.51659391642171,50.758296958210856,1.033445677314549,1.0157111440078737,0.14457762095329005,real
