nameseq,average,median,maximum,minimum,peak,none_levated_peak,sample_standard_deviation,population_standard_deviation,percentile15,percentile25,percentile50,percentile75,amplitude,variance,interquartile_range,semi_interquartile_range,coefficient_of_variation,skewness,kurtosis,label
9_23773418_23790609,20721.99999999999,14280.883090969597,656577.7182192956,3.709290359469536,0.27654988257246743,45.0347549682202,21964.724742186052,21965.36357661481,3245.728935776754,5910.280093739525,14280.883090969597,28573.333460914342,656574.0089289361,482477197.05287665,22663.053367174816,11331.526683587408,1.0599712741137952,0.8797447249579331,0.2518996646496117,real
