nameseq,average,median,maximum,minimum,peak,none_levated_peak,sample_standard_deviation,population_standard_deviation,percentile15,percentile25,percentile50,percentile75,amplitude,variance,interquartile_range,semi_interquartile_range,coefficient_of_variation,skewness,kurtosis,label
9_23172568_23174150,2123.749999999998,1509.3696408753738,23870.25,11.436827225468727,0.2484598783598197,12.858272736683729,2127.9722448847874,2128.6446962350797,354.3690468480681,652.4424781998068,1509.3696408753738,2833.824479386819,23858.81317277453,4531128.242809735,2181.382001187012,1090.691000593506,1.0019881082447506,0.866149021353267,0.24121714320376844,real
