nameseq,average,median,maximum,minimum,peak,none_levated_peak,sample_standard_deviation,population_standard_deviation,percentile15,percentile25,percentile50,percentile75,amplitude,variance,interquartile_range,semi_interquartile_range,coefficient_of_variation,skewness,kurtosis,label
9_23311336_23311473,176.5,129.03506459400805,758.9452379656366,0.10389143519899027,0.26062322946175637,3.962672253857884,180.17283369032086,180.82920319994508,30.241730556674558,50.35231545172505,129.03506459400805,213.1016546944788,758.8413465304376,32699.20072992703,162.74933924275376,81.37466962137688,1.0208092560358122,0.7903233983804824,0.1876357299150442,real
