nameseq,average,median,maximum,minimum,peak,none_levated_peak,sample_standard_deviation,population_standard_deviation,percentile15,percentile25,percentile50,percentile75,amplitude,variance,interquartile_range,semi_interquartile_range,coefficient_of_variation,skewness,kurtosis,label
9_2390468_2399434,11451.75,7794.270178725748,127682.38269342639,2.7562865027323937,0.2610081428602615,31.626946611055256,11724.502436137747,11725.156249183628,1788.9226921152233,3192.8174472923374,7794.270178725748,15518.013025709266,127679.62640692366,137479289.06776989,12325.19557841693,6162.597789208465,1.023817533227476,0.9358554466245874,0.23843318061054064,real
