nameseq,average,median,maximum,minimum,peak,none_levated_peak,sample_standard_deviation,population_standard_deviation,percentile15,percentile25,percentile50,percentile75,amplitude,variance,interquartile_range,semi_interquartile_range,coefficient_of_variation,skewness,kurtosis,label
9_24082249_24082498,336.5000000000001,232.70370626164436,1755.8928911610788,0.6660689891217937,0.24764735017335304,5.101752648962929,305.1200583376977,305.7321352985598,51.20511967334376,94.6370814829129,232.70370626164436,465.1370345281242,1755.2268221719569,93472.13855421689,370.4999530452113,185.24997652260566,0.9067460871848368,1.0205454302530037,0.24896672892135432,real
