nameseq,average,median,maximum,minimum,peak,none_levated_peak,sample_standard_deviation,population_standard_deviation,percentile15,percentile25,percentile50,percentile75,amplitude,variance,interquartile_range,semi_interquartile_range,coefficient_of_variation,skewness,kurtosis,label
9_39260994_39261249,312.00000000000006,230.67981899203178,1616.7479340108878,3.9038185987043272,0.2735042735042734,5.459367729670914,307.30603638718196,307.9080076524003,47.90495769210914,96.20807084154704,230.67981899203178,430.92773277755276,1612.8441154121836,94807.34117647058,334.7196619360057,167.35983096800285,0.9849552448307113,0.7938683726880434,0.24867685141232018,real
