nameseq,average,median,maximum,minimum,peak,none_levated_peak,sample_standard_deviation,population_standard_deviation,percentile15,percentile25,percentile50,percentile75,amplitude,variance,interquartile_range,semi_interquartile_range,coefficient_of_variation,skewness,kurtosis,label
9_4685109_4685405,410.24999999999983,227.22230057906845,2803.9053935874344,1.8719684933312917,0.2413162705667277,5.782714173255725,468.28890655235466,469.07926813844296,27.2482711872997,74.49848895219293,227.22230057906845,600.1116679543617,2802.033425094103,220035.35979729728,525.6131790021687,262.8065895010844,1.1414720452220715,1.1725306548584804,0.2409283197969261,real
