nameseq,average,median,maximum,minimum,peak,none_levated_peak,sample_standard_deviation,population_standard_deviation,percentile15,percentile25,percentile50,percentile75,amplitude,variance,interquartile_range,semi_interquartile_range,coefficient_of_variation,skewness,kurtosis,label
9_48794086_48794188,151.75000000000003,114.69893763283687,574.8277938270853,0.4874048083260811,0.22624931356397582,3.2839941328973543,150.74274443567757,151.47987716615864,5.638222609484595,18.52433560201891,114.69893763283687,250.4393386363044,574.3403890187592,22946.153186274507,231.9150030342855,115.95750151714275,0.9933624015530645,0.7373700639298026,0.2854664596331974,real
