nameseq,average,median,maximum,minimum,peak,none_levated_peak,sample_standard_deviation,population_standard_deviation,percentile15,percentile25,percentile50,percentile75,amplitude,variance,interquartile_range,semi_interquartile_range,coefficient_of_variation,skewness,kurtosis,label
9_480815_481034,312.99999999999994,184.7176865670933,1778.7914267610638,5.106546375918758,0.23429179978700748,4.745916111477699,357.29679539564864,358.11161240685743,57.83600855287729,101.42599969629975,184.7176865670933,335.53032260122643,1773.684880385145,128243.92694063929,234.10432290492668,117.05216145246334,1.1415233079733185,1.0771071704479296,0.1575709341869723,real
