nameseq,average,median,maximum,minimum,peak,none_levated_peak,sample_standard_deviation,population_standard_deviation,percentile15,percentile25,percentile50,percentile75,amplitude,variance,interquartile_range,semi_interquartile_range,coefficient_of_variation,skewness,kurtosis,label
9_49709703_49710388,963.500000000001,612.8201239285413,8374.35763950799,1.114369759147621,0.23732918180245607,8.403819992534718,1073.9186421698805,1074.7022385106743,140.29764978588426,276.6952838208977,612.8201239285413,1278.80058171124,8373.243269748844,1154984.901459854,1002.1052978903424,501.0526489451712,1.1146016005914678,0.9796269353223126,0.2353228312280996,real
