nameseq,average,median,maximum,minimum,peak,none_levated_peak,sample_standard_deviation,population_standard_deviation,percentile15,percentile25,percentile50,percentile75,amplitude,variance,interquartile_range,semi_interquartile_range,coefficient_of_variation,skewness,kurtosis,label
9_49175673_49189366,17229.500000000025,11648.356952124414,508360.0468085834,1.0109358299373603,0.26493320564535594,39.407870884530176,19049.179595195168,19049.875163435052,2740.0091011055333,4973.764473697149,11648.356952124414,23536.63644397963,508359.0358727535,362897743.74245965,18562.871970282482,9281.435985141241,1.1056141846945726,0.8789580181106634,0.24505588168414194,real
