nameseq,average,median,maximum,minimum,peak,none_levated_peak,sample_standard_deviation,population_standard_deviation,percentile15,percentile25,percentile50,percentile75,amplitude,variance,interquartile_range,semi_interquartile_range,coefficient_of_variation,skewness,kurtosis,label
9_49219785_49222160,2562.000000000003,1719.2921433223137,25746.07554259036,5.428546922253508,0.30913348946135794,17.666912847940075,2653.2144655115994,2653.7729781934017,403.7478396995924,743.1479224257318,1719.2921433223137,3535.9524540003254,25740.646995668107,7042511.019789476,2792.8045315745935,1396.4022657872968,1.0356028358749398,0.9528530779910358,0.2514466915392298,real
