nameseq,average,median,maximum,minimum,peak,none_levated_peak,sample_standard_deviation,population_standard_deviation,percentile15,percentile25,percentile50,percentile75,amplitude,variance,interquartile_range,semi_interquartile_range,coefficient_of_variation,skewness,kurtosis,label
9_50263025_50263140,179.00000000000006,136.39754422021142,619.1884603063015,8.736751801572755,0.2160148975791433,3.1718395876312186,143.78456106272327,144.40835818277097,28.722862074532856,71.83389417940323,136.39754422021142,277.73817222299965,610.4517085047288,20853.773913043475,205.90427804359643,102.95213902179822,0.8032657042610236,0.8888810202898794,0.32044884114365274,real
