nameseq,average,median,maximum,minimum,peak,none_levated_peak,sample_standard_deviation,population_standard_deviation,percentile15,percentile25,percentile50,percentile75,amplitude,variance,interquartile_range,semi_interquartile_range,coefficient_of_variation,skewness,kurtosis,label
9_51378164_51378479,445.0,304.40399241323365,4096.0,0.12124566230996993,0.23670411985018724,5.655456542229968,484.8370860402492,485.60605890417435,84.14336318674903,146.63090672974087,304.40399241323365,584.3443957449356,4095.87875433769,235813.24444444446,437.7134890151947,218.85674450759734,1.0895215416634814,0.8699582496980933,0.25062965282258415,real
