nameseq,average,median,maximum,minimum,peak,none_levated_peak,sample_standard_deviation,population_standard_deviation,percentile15,percentile25,percentile50,percentile75,amplitude,variance,interquartile_range,semi_interquartile_range,coefficient_of_variation,skewness,kurtosis,label
9_53058738_53058866,138.24999999999994,92.568250634148,702.25,6.911005826656577,0.31103074141048836,4.184326473940666,149.99333318517859,150.5781047330587,17.007037859033332,36.14801669543293,92.568250634148,187.9356410510053,695.3389941733434,22673.765624999993,151.78762435557235,75.89381217778617,1.084942735516663,0.9136755960237424,0.2255363672583623,real
