nameseq,average,median,maximum,minimum,peak,none_levated_peak,sample_standard_deviation,population_standard_deviation,percentile15,percentile25,percentile50,percentile75,amplitude,variance,interquartile_range,semi_interquartile_range,coefficient_of_variation,skewness,kurtosis,label
9_58112843_58113133,384.7499999999997,281.3686571760671,1955.3552055673515,4.660759480005821,0.2521117608836909,5.536536158114428,357.0155808924871,357.63059526893636,69.21306297623097,115.49171311777727,281.3686571760671,576.4074899306066,1950.6944460873458,127899.64267241377,460.91577681282934,230.45788840641467,0.9279157398115331,0.8687128659664738,0.277998519320064,real
