nameseq,average,median,maximum,minimum,peak,none_levated_peak,sample_standard_deviation,population_standard_deviation,percentile15,percentile25,percentile50,percentile75,amplitude,variance,interquartile_range,semi_interquartile_range,coefficient_of_variation,skewness,kurtosis,label
9_7573100_7574651,1612.0000000000027,1082.2536027141202,11974.774325262466,3.1008327125131787,0.32092638544251395,14.553681400803853,1610.1636562784543,1610.6826453833994,272.2930004283721,444.05190818305454,1082.2536027141202,2310.68492140225,11971.673492549953,2594298.5841392656,1866.6330132191954,933.3165066095977,0.9988608289568558,0.987004759212384,0.26395973737444844,real
