nameseq,average,median,maximum,minimum,peak,none_levated_peak,sample_standard_deviation,population_standard_deviation,percentile15,percentile25,percentile50,percentile75,amplitude,variance,interquartile_range,semi_interquartile_range,coefficient_of_variation,skewness,kurtosis,label
9_7843896_7844389,653.4999999999999,446.7926082221991,5776.0,1.869918022666402,0.2519765365978067,7.361033326385242,703.8645111099153,704.5780080098987,95.24117832667474,168.00473844050757,446.7926082221991,871.8145006512534,5774.130081977333,496430.16937119677,703.8097622107458,351.9048811053729,1.0770688769853334,0.8810249210541095,0.2383069431928469,real
