nameseq,average,median,maximum,minimum,peak,none_levated_peak,sample_standard_deviation,population_standard_deviation,percentile15,percentile25,percentile50,percentile75,amplitude,variance,interquartile_range,semi_interquartile_range,coefficient_of_variation,skewness,kurtosis,label
9_78677193_78689717,17209.250000000044,11982.812001531847,191602.58608319628,0.9142699228463131,0.24260208899283753,35.94678763973845,17281.203799214913,17281.893708942287,2822.794688786815,5013.1853619185495,11982.812001531847,23622.777237739658,191601.67181327342,298663850.167179,18609.59187582111,9304.795937910554,1.0041811118564068,0.9073045013285997,0.24723792909932474,real
