nameseq,average,median,maximum,minimum,peak,none_levated_peak,sample_standard_deviation,population_standard_deviation,percentile15,percentile25,percentile50,percentile75,amplitude,variance,interquartile_range,semi_interquartile_range,coefficient_of_variation,skewness,kurtosis,label
9_78985851_78993584,10481.499999999976,7077.83448805975,390624.9999999999,3.041100616807418,0.2459571626198546,28.59964807661429,11765.879705742362,11766.640438921688,1653.005766315668,2921.718570567522,7077.83448805975,14481.75973054651,390621.9588993831,138453827.21886718,11560.041159978988,5780.020579989494,1.122537776629527,0.8678481160093097,0.24850274433673605,real
