nameseq,average,median,maximum,minimum,peak,none_levated_peak,sample_standard_deviation,population_standard_deviation,percentile15,percentile25,percentile50,percentile75,amplitude,variance,interquartile_range,semi_interquartile_range,coefficient_of_variation,skewness,kurtosis,label
9_79842352_79842899,524.9999999999997,394.6672937029206,2955.573475093329,1.0257089814070255,0.34793650793650815,8.878323419207304,498.6952977520442,499.1509353964288,106.1620552083341,175.52111620451336,394.6672937029206,724.4628942038729,2954.5477661119216,249151.65630712983,548.9417779993596,274.4708889996798,0.9498958052419896,0.7840421208175198,0.25289934874161957,real
