nameseq,average,median,maximum,minimum,peak,none_levated_peak,sample_standard_deviation,population_standard_deviation,percentile15,percentile25,percentile50,percentile75,amplitude,variance,interquartile_range,semi_interquartile_range,coefficient_of_variation,skewness,kurtosis,label
9_79128767_79129755,1173.2500000000011,863.7954402673954,14042.25,3.4019828842604265,0.2809858654733998,10.94889844025738,1309.463535192943,1310.126051569857,169.83285381745327,327.82323920965894,863.7954402673954,1571.19643206893,14038.848017115739,1716430.271002024,1243.373192859271,621.6865964296355,1.1160993268211734,0.7089648961175748,0.2616565745094467,real
