nameseq,average,median,maximum,minimum,peak,none_levated_peak,sample_standard_deviation,population_standard_deviation,percentile15,percentile25,percentile50,percentile75,amplitude,variance,interquartile_range,semi_interquartile_range,coefficient_of_variation,skewness,kurtosis,label
9_79461295_79463618,2998.9999999999973,2022.4013910606448,36903.81522585198,0.13158248125997124,0.2583083249972215,16.083171607305452,3201.5849200044654,3202.2739515243347,469.24306154212746,800.7968429033236,2022.4013910606448,4158.476481125911,36903.683643370714,10254558.460611278,3357.6796382225875,1678.8398191112938,1.0675508236093592,0.9151079543484266,0.254021568016781,real
