nameseq,average,median,maximum,minimum,peak,none_levated_peak,sample_standard_deviation,population_standard_deviation,percentile15,percentile25,percentile50,percentile75,amplitude,variance,interquartile_range,semi_interquartile_range,coefficient_of_variation,skewness,kurtosis,label
9_81448748_81450556,2746.249999999996,1850.9049998131363,41311.233817280954,0.8114771674132314,0.21957214383249918,13.090695019577401,3055.5974865809794,3056.442391197315,421.0932767626076,725.4665732022648,1850.9049998131363,3701.8365788191973,41310.42234011354,9341840.090707961,2976.3700056169323,1488.1850028084662,1.112643600029489,0.8790539370308497,0.24352671579570773,real
