nameseq,average,median,maximum,minimum,peak,none_levated_peak,sample_standard_deviation,population_standard_deviation,percentile15,percentile25,percentile50,percentile75,amplitude,variance,interquartile_range,semi_interquartile_range,coefficient_of_variation,skewness,kurtosis,label
9_9190220_9197671,10016.999999999973,6550.552892591236,2244004.0,2.955289751375806,0.24797843665768263,28.48781454824466,28089.73693362044,28091.621834607868,1591.358458018936,2802.104007909805,6550.552892591236,13102.064044170693,2244001.0447102487,789139217.2986176,10299.960036260887,5149.980018130444,2.804206542240243,0.3702185373540932,0.2390803755278845,real
