nameseq,average,median,maximum,minimum,peak,none_levated_peak,sample_standard_deviation,population_standard_deviation,percentile15,percentile25,percentile50,percentile75,amplitude,variance,interquartile_range,semi_interquartile_range,coefficient_of_variation,skewness,kurtosis,label
9_93356484_93356561,117.49999999999997,56.81562527462596,836.7812412486048,0.349804201817692,0.2212765957446809,2.9542069137035742,159.8413275720644,160.87591007219953,4.834555123439475,15.275624400476072,56.81562527462596,183.26494711753188,836.4314370467871,25881.05844155843,167.9893227170558,83.9946613585279,1.3603517240175695,1.1389615373035704,0.273061303391752,real
