nameseq,average,median,maximum,minimum,peak,none_levated_peak,sample_standard_deviation,population_standard_deviation,percentile15,percentile25,percentile50,percentile75,amplitude,variance,interquartile_range,semi_interquartile_range,coefficient_of_variation,skewness,kurtosis,label
9_9506406_9506753,456.9999999999998,294.8517555323075,3086.6027914258293,2.6180662427247037,0.2538293216630198,6.240651780322545,499.44569274346526,500.16483738195154,62.29200299714567,104.91298613744276,294.8517555323075,602.2511417922531,3083.9847251831047,250164.86455331405,497.3381556548103,248.66907782740515,1.0928789775568173,0.973969223222301,0.25013762061445305,real
