nameseq,average,median,maximum,minimum,peak,none_levated_peak,sample_standard_deviation,population_standard_deviation,percentile15,percentile25,percentile50,percentile75,amplitude,variance,interquartile_range,semi_interquartile_range,coefficient_of_variation,skewness,kurtosis,label
9_97100399_97100550,200.00000000000006,129.87902332775363,1764.0,1.6478545127725597,0.25333333333333324,4.025598041922517,229.36433898930318,230.12257027721847,47.63678044326424,62.52737202683836,129.87902332775363,241.99999999999997,1762.3521454872275,52956.39735099336,179.47262797316162,89.73631398658081,1.1468216949465155,0.9171562194180062,0.25893647300058903,real
