nameseq,k1,k2,k3,k4,label
1_100835339_100836052,0.5814402720651812,0.6547887930124607,0.6648521924974713,0.6663018332918044,tsallis
