nameseq,k1,k2,k3,k4,label
1_101621256_101630434,0.5801213444782307,0.6550355284417473,0.6650358268012473,0.6664298643028147,tsallis
