nameseq,k1,k2,k3,k4,label
1_10037628_10046149,0.5801676365012042,0.654875748668121,0.6649643070007482,0.6664116599280148,tsallis
