nameseq,k1,k2,k3,k4,label
1_107548979_107549293,0.5742677164578573,0.6523938541967202,0.6635024163754958,0.6657686953557674,tsallis
