nameseq,k1,k2,k3,k4,label
1_107709047_107713301,0.5801942840752427,0.6552189908022521,0.6651091304765018,0.6664347569274219,tsallis
