nameseq,k1,k2,k3,k4,label
1_100346632_100346702,0.5769353640523829,0.6505637692171538,0.6619380332662381,0.6648101215490405,tsallis
