nameseq,k1,k2,k3,k4,label
1_105243943_105247806,0.5826630911167227,0.6556697033014042,0.6651678065365653,0.6664426064747889,tsallis
