nameseq,k1,k2,k3,k4,label
1_104197686_104197805,0.5796442084715996,0.6536269429979196,0.6636941791049629,0.6655601313187551,tsallis
