nameseq,k1,k2,k3,k4,label
1_104351125_104370232,0.5822327193253256,0.6555575158298043,0.6651874581470667,0.6664638433794398,tsallis
