nameseq,k1,k2,k3,k4,label
1_109893775_109894209,0.5770829353066171,0.6540843404812535,0.6645746388097242,0.6661827458757348,tsallis
