nameseq,k1,k2,k3,k4,label
1_10505600_10505939,0.5807067275999629,0.6541869176442376,0.6643366520673301,0.6660708965105494,tsallis
