nameseq,k1,k2,k3,k4,label
1_118408598_118408826,0.5813427881185864,0.65318266280002,0.6641375803940233,0.6659642885813037,tsallis
