nameseq,k1,k2,k3,k4,label
1_118857829_118860986,0.582859924496329,0.654603055220687,0.6648142851209504,0.6663538525467682,tsallis
