nameseq,k1,k2,k3,k4,label
1_12774561_12779075,0.5806487469930486,0.6543499777059323,0.6648320741427896,0.6663774183533335,tsallis
