nameseq,k1,k2,k3,k4,label
1_127539822_127540454,0.5697313587764448,0.6522323255375729,0.6643440452334605,0.6662200219961859,tsallis
