nameseq,k1,k2,k3,k4,label
1_126878115_126905167,0.5827129952552371,0.6557728612861694,0.6652276014382739,0.6664674054909384,tsallis
