nameseq,k1,k2,k3,k4,label
1_129099366_129113242,0.5828784621266025,0.6558645504391464,0.6652257903970273,0.6664672818883051,tsallis
