nameseq,k1,k2,k3,k4,label
1_142777859_142778552,0.5732095518257285,0.6530104077300151,0.6645617548103174,0.666259389644543,tsallis
