nameseq,k1,k2,k3,k4,label
1_15768667_15784924,0.5803746313869025,0.6550001734743628,0.6650443242215307,0.6664331162173267,tsallis
