nameseq,k1,k2,k3,k4,label
1_155890675_155904213,0.5821058729445753,0.6558340155071878,0.6652532674148974,0.6664757148110864,tsallis
