nameseq,k1,k2,k3,k4,label
1_155948699_155948791,0.5722715244881782,0.6494948615621019,0.6623246934189099,0.665082333584376,tsallis
