nameseq,k1,k2,k3,k4,label
1_159435253_159448686,0.5766427644139207,0.65420283088375,0.6649145788712008,0.6664121714691202,tsallis
