nameseq,k1,k2,k3,k4,label
1_156243150_156243339,0.5599041315702706,0.6464834485911617,0.6625009390116142,0.665391811723786,tsallis
