nameseq,k1,k2,k3,k4,label
1_178751416_178751532,0.46743792603559575,0.617355561542852,0.6528088849136873,0.663025314361328,tsallis
