nameseq,k1,k2,k3,k4,label
1_184162222_184162305,0.5322598528179395,0.6345588771178399,0.6577249580648477,0.6639687661417817,tsallis
