nameseq,k1,k2,k3,k4,label
1_184111442_184111577,0.5789437439820933,0.654038059815541,0.6638714857161186,0.665746343541987,tsallis
