nameseq,k1,k2,k3,k4,label
1_18445009_18445348,0.5562217718652569,0.6485716493045894,0.6635281257521228,0.6659914767264135,tsallis
