nameseq,k1,k2,k3,k4,label
1_18828233_18829694,0.5740963793364987,0.6535808466851991,0.6647393169570431,0.6663412043403996,tsallis
