nameseq,k1,k2,k3,k4,label
1_19156253_19166526,0.580653272893008,0.6551107541978618,0.6650638360855545,0.6664350412663672,tsallis
