nameseq,k1,k2,k3,k4,label
1_19142142_19154756,0.5831528918512838,0.6560907425097389,0.6652936466026035,0.6664800409567491,tsallis
