nameseq,k1,k2,k3,k4,label
1_19295493_19295732,0.5705474612515549,0.651577407902483,0.6636688301220599,0.6659469677765694,tsallis
