nameseq,k1,k2,k3,k4,label
1_22879696_22879797,0.5719833327207406,0.6500745691976205,0.6629243923123519,0.6651459926603416,tsallis
