nameseq,k1,k2,k3,k4,label
1_28687188_28687369,0.5768038402750348,0.6529262342821506,0.6640866309416107,0.665888106275166,tsallis
