nameseq,k1,k2,k3,k4,label
1_32160275_32160315,0.5471409942407226,0.6438582615876272,0.6603657733598363,0.6627251641847406,tsallis
