nameseq,k1,k2,k3,k4,label
1_33800246_33800361,0.5765330705784547,0.6515884712458528,0.6630643657428603,0.6653617048026323,tsallis
