nameseq,k1,k2,k3,k4,label
1_35747894_35748010,0.5786526768643843,0.6511584386106104,0.6633839760797364,0.6654613973940995,tsallis
