nameseq,k1,k2,k3,k4,label
1_36643254_36651181,0.5804713381865696,0.6550369072645357,0.665028071954868,0.6664252678599022,tsallis
