nameseq,k1,k2,k3,k4,label
1_38771793_38781191,0.5823150557226038,0.6557411062373804,0.6652244635228142,0.666465894432587,tsallis
