nameseq,k1,k2,k3,k4,label
1_38137639_38156680,0.5814258818216473,0.6552216935396911,0.6650339193436897,0.6664252404086741,tsallis
