nameseq,k1,k2,k3,k4,label
1_40349197_40350935,0.5806048646581158,0.6548779756832567,0.6649256667952727,0.6663576405784036,tsallis
