nameseq,k1,k2,k3,k4,label
1_40168731_40169097,0.5811062765431227,0.65505044721426,0.6646216806422041,0.666137792479488,tsallis
