nameseq,k1,k2,k3,k4,label
1_40156993_40157111,0.5012499089527414,0.6159552815398494,0.641595167607678,0.6582631008108175,tsallis
