nameseq,k1,k2,k3,k4,label
1_41306071_41306501,0.5827448766242742,0.6547617430533028,0.6646996844769484,0.666219702406121,tsallis
