nameseq,k1,k2,k3,k4,label
1_41641609_41650654,0.5819627099799591,0.6554509745420526,0.6651570556257216,0.6664557928200379,tsallis
