nameseq,k1,k2,k3,k4,label
1_41142099_41146106,0.5819105616544444,0.6556737667993242,0.665188526367902,0.666447024113709,tsallis
