nameseq,k1,k2,k3,k4,label
1_42987303_43002712,0.5830008913907316,0.6559537240187177,0.6652764129143753,0.666473586044552,tsallis
