nameseq,k1,k2,k3,k4,label
1_4287034_4287205,0.5729914186132101,0.6520551193865347,0.6641078257812748,0.665850543325329,tsallis
