nameseq,k1,k2,k3,k4,label
1_43580071_43580186,0.5759539399097006,0.6527187227552462,0.663447841894167,0.6654453856597268,tsallis
