nameseq,k1,k2,k3,k4,label
1_43918446_43926140,0.579297556784113,0.6549328717320188,0.6650425430295409,0.6664258799700269,tsallis
