nameseq,k1,k2,k3,k4,label
1_44577026_44578554,0.5776287579454913,0.6540129729316865,0.6647320628929183,0.666325473022261,tsallis
