nameseq,k1,k2,k3,k4,label
1_50232977_50233080,0.581964813052816,0.6535039461974437,0.6632188926198453,0.6647632692188062,tsallis
