nameseq,k1,k2,k3,k4,label
1_58543834_58544457,0.575712314965666,0.6531229008480219,0.6644627807443335,0.666228985445072,tsallis
