nameseq,k1,k2,k3,k4,label
1_58649519_58656967,0.5816334238936833,0.6548450137771381,0.6649517488757635,0.66639772678984,tsallis
