nameseq,k1,k2,k3,k4,label
1_62488375_62488641,0.5722336312773448,0.6529699569269247,0.6642586895734459,0.66604597183944,tsallis
