nameseq,k1,k2,k3,k4,label
1_70455823_70468287,0.5820664835925986,0.6555780136627156,0.665186868970725,0.6664581430138583,tsallis
