nameseq,k1,k2,k3,k4,label
1_72030390_72030728,0.5802658180199931,0.6549118137925364,0.6647006638202332,0.6661585705529822,tsallis
