nameseq,k1,k2,k3,k4,label
1_76894406_76922795,0.5816410409336096,0.6555836452724475,0.6652037082157374,0.6664666528193508,tsallis
