nameseq,k1,k2,k3,k4,label
1_78755014_78756540,0.5810377707643624,0.6542988504247884,0.6647644907190451,0.6663456057046933,tsallis
