nameseq,k1,k2,k3,k4,label
1_90858982_90859096,0.5628852738780235,0.6490836028227878,0.662956394783696,0.665555408921062,tsallis
