nameseq,k1,k2,k3,k4,label
1_98599715_98599804,0.5816998461177829,0.6528345650775645,0.6635038998187185,0.6654499977311493,tsallis
