nameseq,k1,k2,k3,k4,label
2_107653447_107653558,0.5712126719001541,0.6508166686746315,0.6631163822231178,0.6652843466467944,tsallis
