nameseq,k1,k2,k3,k4,label
2_109331920_109342095,0.5783465930430365,0.6547124106961819,0.6650075334470642,0.6664229747097339,tsallis
