nameseq,k1,k2,k3,k4,label
2_106936764_106941132,0.5795227864745304,0.6545302180366576,0.6649349978957788,0.6664065143129938,tsallis
