nameseq,k1,k2,k3,k4,label
2_108140870_108141764,0.5693457921197478,0.6518052474091774,0.6641925337238761,0.66617828608748,tsallis
