nameseq,k1,k2,k3,k4,label
2_13750616_13764255,0.5816620705298742,0.655510581203085,0.6651542225554086,0.666454237898545,tsallis
