nameseq,k1,k2,k3,k4,label
2_136247470_136247929,0.5709600638902944,0.6520867605406723,0.6641903240196424,0.6661319515290574,tsallis
