nameseq,k1,k2,k3,k4,label
2_134260386_134276882,0.582722523730745,0.6558876653300098,0.6652510554261205,0.666471300139476,tsallis
