nameseq,k1,k2,k3,k4,label
2_134394181_134397608,0.5713470903883531,0.65182646487014,0.6641507428532125,0.6662281254216827,tsallis
