nameseq,k1,k2,k3,k4,label
2_133584778_133584914,0.553535276297398,0.6460537262492543,0.6608255446906178,0.6648266958674744,tsallis
