nameseq,k1,k2,k3,k4,label
2_140025166_140025737,0.5790194855926583,0.6539978546242496,0.6646584315755337,0.6662609582677663,tsallis
