nameseq,k1,k2,k3,k4,label
2_141557090_141557186,0.5725810601349794,0.649857630937466,0.6626000435076178,0.6652270014280262,tsallis
