nameseq,k1,k2,k3,k4,label
2_158541240_158541576,0.560338648646598,0.6470743076748259,0.6623543996309225,0.6651540062786655,tsallis
