nameseq,k1,k2,k3,k4,label
2_151853451_151853702,0.5764740381187665,0.6542459270487795,0.6645974233056444,0.6661245602831025,tsallis
