nameseq,k1,k2,k3,k4,label
2_160458612_160458770,0.5707614100873812,0.6516140781831159,0.6632838585571985,0.6656268269869984,tsallis
