nameseq,k1,k2,k3,k4,label
2_160873955_160874281,0.581001203126132,0.6550520691174639,0.6648892720607124,0.6662186132778343,tsallis
