nameseq,k1,k2,k3,k4,label
2_161924264_161941693,0.583322478180176,0.6557330733160783,0.6651979601729097,0.6664599432496415,tsallis
