nameseq,k1,k2,k3,k4,label
2_34896020_34896151,0.5797496422765063,0.6539293984615515,0.6641563066732121,0.665827666079474,tsallis
