nameseq,k1,k2,k3,k4,label
2_35610174_35650518,0.5811667263592178,0.6554521680454655,0.6651745934461474,0.6664622086310066,tsallis
