nameseq,k1,k2,k3,k4,label
2_35518030_35518234,0.5678357061978193,0.6505451725663902,0.6631247840860389,0.6655842674290142,tsallis
