nameseq,k1,k2,k3,k4,label
2_54480923_54481712,0.5773383438848142,0.6543438277796066,0.6646714535879155,0.6662799562388145,tsallis
