nameseq,k1,k2,k3,k4,label
2_60405769_60405904,0.5722838402319375,0.6520825652090825,0.6636128371880159,0.6656599650669867,tsallis
