nameseq,k1,k2,k3,k4,label
2_6875614_6876076,0.5661435821023677,0.6494185114097858,0.6634346125435571,0.6659284518075799,tsallis
