nameseq,k1,k2,k3,k4,label
2_69780649_69780818,0.5533922117386975,0.6450911561974656,0.6615423657982332,0.6652687643503682,tsallis
