nameseq,k1,k2,k3,k4,label
2_69415725_69437978,0.5809181602152248,0.654923220686193,0.6650071078836206,0.6664194024191024,tsallis
