nameseq,k1,k2,k3,k4,label
2_8627229_8633327,0.580836773260012,0.6552402100337635,0.6650962635195117,0.6664397441666667,tsallis
