nameseq,k1,k2,k3,k4,label
2_86910794_86910877,0.546061938468199,0.6428811100064891,0.6594152183574401,0.6629089569294111,tsallis
