nameseq,k1,k2,k3,k4,label
2_87625805_87626939,0.5788353342699716,0.6547040877527635,0.6648951306555031,0.6663603421299064,tsallis
