nameseq,k1,k2,k3,k4,label
2_91245853_91246413,0.5815349729913343,0.6546125751855433,0.6647124190620075,0.6662636341357112,tsallis
