nameseq,k1,k2,k3,k4,label
2_958557_958748,0.5675879585157481,0.648642377009579,0.6627194722606787,0.6653764434522167,tsallis
