nameseq,k1,k2,k3,k4,label
3_117989431_118014635,0.581587684826562,0.6554903614333525,0.66516818037513,0.6664600301265523,tsallis
