nameseq,k1,k2,k3,k4,label
3_115235706_115236086,0.5616867666078981,0.6504658765246766,0.6636803084953362,0.6659726749581885,tsallis
