nameseq,k1,k2,k3,k4,label
3_115882134_115883317,0.5794065929126118,0.6547294398588723,0.6649561542630789,0.6663674066959534,tsallis
