nameseq,k1,k2,k3,k4,label
3_11896855_11896980,0.5647233394620701,0.6504051271722775,0.6632484246893802,0.6655517747945704,tsallis
