nameseq,k1,k2,k3,k4,label
3_129184161_129184398,0.582653718826386,0.6557474213317287,0.6647932704844499,0.6661426441418563,tsallis
