nameseq,k1,k2,k3,k4,label
3_142192951_142193060,0.557963383151381,0.6478521525134304,0.6613934347021467,0.6642380073496993,tsallis
