nameseq,k1,k2,k3,k4,label
3_14208005_14210159,0.5823129801704197,0.6557681112663662,0.6651928267384514,0.6664364775767668,tsallis
