nameseq,k1,k2,k3,k4,label
3_142208306_142208686,0.5522086811232672,0.6458427464425467,0.6614911661862736,0.6648283272991049,tsallis
