nameseq,k1,k2,k3,k4,label
3_150921050_150921151,0.5770083015025884,0.6508373851463587,0.663069930564081,0.6651763525067527,tsallis
