nameseq,k1,k2,k3,k4,label
3_2567915_2568101,0.5777439707871156,0.6538254622111039,0.6634548092853831,0.6653968344247277,tsallis
