nameseq,k1,k2,k3,k4,label
3_25885504_25885580,0.5790148766102196,0.6512976172451502,0.662220659525611,0.6648201957924647,tsallis
