nameseq,k1,k2,k3,k4,label
3_2692145_2692430,0.5781136722414789,0.6544860160890186,0.6645617306182824,0.6661493646194665,tsallis
