nameseq,k1,k2,k3,k4,label
3_2753199_2753681,0.5731874596140192,0.6527039540832728,0.6642509184891255,0.6660838904335074,tsallis
