nameseq,k1,k2,k3,k4,label
3_28023804_28023846,0.5714181238828615,0.6479012938747117,0.6613091203137961,0.6637905188561167,tsallis
