nameseq,k1,k2,k3,k4,label
3_34776994_34777080,0.5769732672776231,0.6508573911258975,0.6629904616036151,0.6652185741875993,tsallis
