nameseq,k1,k2,k3,k4,label
3_4702544_4702614,0.5600948251756555,0.6482729138143288,0.6615146286035953,0.6646466011313187,tsallis
