nameseq,k1,k2,k3,k4,label
3_52707358_52717294,0.5820291103832753,0.6557040021812071,0.6652149475916276,0.6664598438670586,tsallis
