nameseq,k1,k2,k3,k4,label
3_53388515_53389455,0.578971867260749,0.6547401015876837,0.6648542780083841,0.6663394515047575,tsallis
