nameseq,k1,k2,k3,k4,label
3_54109962_54127979,0.5827072113399767,0.6556352682046432,0.6652028331933492,0.6664643069369414,tsallis
