nameseq,k1,k2,k3,k4,label
3_55025168_55025929,0.5799398777055905,0.6548384382575035,0.6648295233540479,0.6663089798940071,tsallis
