nameseq,k1,k2,k3,k4,label
3_55345861_55345871,0.560054722905378,0.6301661642659954,0.6419753086419753,0.6372038841172272,tsallis
