nameseq,k1,k2,k3,k4,label
3_55075247_55075287,0.5733081248104672,0.6493906646060419,0.6618761689432204,0.663272920503504,tsallis
