nameseq,k1,k2,k3,k4,label
3_56143634_56153359,0.5781967908214223,0.6546310245243335,0.6650044372026079,0.6664271071833492,tsallis
