nameseq,k1,k2,k3,k4,label
3_56885143_56885347,0.5771440509302057,0.6538876884653735,0.6644657832962257,0.6660292924901068,tsallis
