nameseq,k1,k2,k3,k4,label
3_5689310_5689532,0.5700003028810271,0.6520219185411258,0.6642141084118585,0.6660319593652745,tsallis
