nameseq,k1,k2,k3,k4,label
3_64263081_64263255,0.5816008688418074,0.6550552685035103,0.6642801759511238,0.6657924252338143,tsallis
