nameseq,k1,k2,k3,k4,label
3_7122080_7122145,0.5533094228222937,0.6460071934471969,0.660538012415837,0.6644479695791734,tsallis
