nameseq,k1,k2,k3,k4,label
3_7758923_7759216,0.5673814447239516,0.6512849954251261,0.663655620351729,0.6659561935291506,tsallis
