nameseq,k1,k2,k3,k4,label
3_93363129_93364648,0.5764832565503404,0.6534859982398729,0.6645546389291882,0.6662563644696107,tsallis
