nameseq,k1,k2,k3,k4,label
4_114014661_114015003,0.5812254931644577,0.6553029103176848,0.6646472959154696,0.6661634612405635,tsallis
