nameseq,k1,k2,k3,k4,label
4_128057960_128058322,0.5821354399511072,0.6532369066473124,0.6640101701567099,0.665875878580187,tsallis
