nameseq,k1,k2,k3,k4,label
4_127632790_127633484,0.5817982139852799,0.6546094594819081,0.6647884413935187,0.6662774531950189,tsallis
