nameseq,k1,k2,k3,k4,label
4_12722821_12722867,0.548777563709049,0.6457034034744544,0.6599334521286206,0.6632434577459438,tsallis
