nameseq,k1,k2,k3,k4,label
4_128605668_128605755,0.5632321810431035,0.6485230250361431,0.6619399730867488,0.6647834232231461,tsallis
