nameseq,k1,k2,k3,k4,label
4_127156809_127162063,0.5798312513604802,0.6549622464723481,0.6650349573524923,0.6664227997654975,tsallis
