nameseq,k1,k2,k3,k4,label
4_128839266_128839390,0.5715502108630429,0.6508285368213307,0.6622605072087019,0.6650687221240846,tsallis
