nameseq,k1,k2,k3,k4,label
4_129550989_129551636,0.581799747155385,0.654612394839807,0.6646303475061357,0.6662573781559995,tsallis
