nameseq,k1,k2,k3,k4,label
4_127427341_127427850,0.5771077316803989,0.6542752253728008,0.6646723487030533,0.6662319611559226,tsallis
