nameseq,k1,k2,k3,k4,label
4_128845877_128846423,0.5744908096219852,0.6526422730627885,0.6643236000795805,0.6662004328980591,tsallis
