nameseq,k1,k2,k3,k4,label
4_128454094_128454405,0.578909656403614,0.6532666907193707,0.6642003275498827,0.6660541477125024,tsallis
