nameseq,k1,k2,k3,k4,label
4_131544297_131544417,0.5716791744319537,0.6486004934095075,0.66242727914207,0.6649532657646879,tsallis
