nameseq,k1,k2,k3,k4,label
4_131465292_131465546,0.5799840834166832,0.6551382202134648,0.6647165964702317,0.6660507423205363,tsallis
