nameseq,k1,k2,k3,k4,label
4_131273912_131276689,0.571916964872801,0.6528683332690353,0.6645954676508121,0.666322490445775,tsallis
