nameseq,k1,k2,k3,k4,label
4_140517738_140517868,0.5616306454090723,0.6478205749467711,0.6628514300489465,0.6652658120687183,tsallis
