nameseq,k1,k2,k3,k4,label
4_145924159_145929260,0.5797191069672885,0.6549719602447518,0.6650715458764039,0.6664280116399208,tsallis
