nameseq,k1,k2,k3,k4,label
4_146031890_146038660,0.5799878688902601,0.6549166383613285,0.6649914979671181,0.6664119066684235,tsallis
