nameseq,k1,k2,k3,k4,label
4_146351013_146378228,0.5812934520230677,0.6553651109645221,0.6651582849050449,0.6664603478879808,tsallis
