nameseq,k1,k2,k3,k4,label
4_163126644_163126797,0.5643772992468117,0.6495758101584195,0.6630011745475581,0.6656098386860072,tsallis
