nameseq,k1,k2,k3,k4,label
4_165119234_165119374,0.5758839566615361,0.6527047935408185,0.6631928271023395,0.665432199216601,tsallis
