nameseq,k1,k2,k3,k4,label
4_16422885_16422924,0.5762328754336808,0.6503553520680881,0.6606868457171684,0.6634117625197768,tsallis
