nameseq,k1,k2,k3,k4,label
4_16349941_16350555,0.5817972186372888,0.6549327450378417,0.6646946879785726,0.6662363537399942,tsallis
