nameseq,k1,k2,k3,k4,label
4_163444728_163446033,0.5816853542501961,0.6549811871877793,0.6649754344542891,0.666383347662822,tsallis
