nameseq,k1,k2,k3,k4,label
4_161309614_161309915,0.578719341912712,0.6535334585941743,0.6644337764732621,0.6661122461249557,tsallis
