nameseq,k1,k2,k3,k4,label
4_166223158_166223481,0.5476851141345518,0.6456872551940466,0.6626472121665068,0.6656633709468698,tsallis
