nameseq,k1,k2,k3,k4,label
4_164733227_164741252,0.579045061330001,0.6549819012172969,0.6650563506681431,0.6664201604615999,tsallis
