nameseq,k1,k2,k3,k4,label
4_163253034_163253105,0.5687552983079001,0.6490281863702778,0.6622771271777099,0.6650103630875304,tsallis
