nameseq,k1,k2,k3,k4,label
4_16378180_16378273,0.5735746764785183,0.6482637615783138,0.6613029364428025,0.6644890861592263,tsallis
