nameseq,k1,k2,k3,k4,label
4_181469206_181469512,0.5692422316483947,0.6512893996853207,0.6637066014952518,0.6659252766759649,tsallis
