nameseq,k1,k2,k3,k4,label
4_19867606_19867760,0.5821881176667648,0.6518553183284727,0.6636714831330686,0.66559580111982,tsallis
