nameseq,k1,k2,k3,k4,label
4_199999392_199999605,0.5812879589072228,0.6547450395467421,0.6642568346903195,0.6659189017357166,tsallis
