nameseq,k1,k2,k3,k4,label
4_199609561_199610112,0.5649687520429534,0.6505105546868546,0.6638864294760394,0.666036852108298,tsallis
