nameseq,k1,k2,k3,k4,label
4_205177291_205177448,0.5641996285846722,0.650699240872131,0.6636037708647151,0.6657862041500793,tsallis
