nameseq,k1,k2,k3,k4,label
4_200846674_200846790,0.5744198992266412,0.6498361688185155,0.6625811960464033,0.6653729417003768,tsallis
