nameseq,k1,k2,k3,k4,label
4_207663418_207663506,0.5536460050998814,0.6464480243903775,0.661889194921319,0.6648518022161216,tsallis
