nameseq,k1,k2,k3,k4,label
4_206000945_206001327,0.5717450525400567,0.651594262835848,0.6638337549528113,0.6660267182102327,tsallis
