nameseq,k1,k2,k3,k4,label
4_201131059_201131878,0.5829668252725614,0.6557458452862759,0.6651012717789531,0.6663734021302953,tsallis
