nameseq,k1,k2,k3,k4,label
4_203382583_203386697,0.5808738341335611,0.6544154823148218,0.6648151794686586,0.6663424636556334,tsallis
