nameseq,k1,k2,k3,k4,label
4_204998838_204999372,0.5631171978201923,0.6485007373906331,0.6633057386465222,0.6659091211025674,tsallis
