nameseq,k1,k2,k3,k4,label
4_202131054_202131141,0.5796570354211136,0.6524617485690659,0.6625465540367962,0.6649417974328854,tsallis
