nameseq,k1,k2,k3,k4,label
4_204558884_204559027,0.5688841946778334,0.6502587154537223,0.6631964889261308,0.6655055966661447,tsallis
