nameseq,k1,k2,k3,k4,label
4_207944118_207944284,0.5705035638798736,0.6520276052631029,0.6638115744399451,0.6657950691790451,tsallis
