nameseq,k1,k2,k3,k4,label
4_205131077_205132226,0.5740036318354561,0.6536375007872668,0.6647164261066162,0.6663262108675281,tsallis
