nameseq,k1,k2,k3,k4,label
4_206145415_206155331,0.5807905332112091,0.655460534913435,0.6651796009225264,0.666459073489235,tsallis
