nameseq,k1,k2,k3,k4,label
4_207197335_207199148,0.5801084602717208,0.6549250753654909,0.6647987688818152,0.6663310066421466,tsallis
