nameseq,k1,k2,k3,k4,label
4_201400134_201400695,0.5815008762184313,0.6547645156946907,0.6648006346781439,0.6663100139249976,tsallis
