nameseq,k1,k2,k3,k4,label
4_202352574_202356922,0.581500401537109,0.655458859637507,0.6651210411679522,0.6664291472972237,tsallis
