nameseq,k1,k2,k3,k4,label
4_205252174_205252395,0.5787956324288663,0.6525765457606423,0.6640845623473717,0.6659593450429084,tsallis
