nameseq,k1,k2,k3,k4,label
4_214944510_214953840,0.5815257140777248,0.6554833964771194,0.6651822031175147,0.6664594569281747,tsallis
