nameseq,k1,k2,k3,k4,label
4_22044700_22045423,0.5705764672270816,0.6525311156692599,0.6644401481495428,0.6662405125407633,tsallis
