nameseq,k1,k2,k3,k4,label
4_23377419_23381884,0.5825205764497317,0.6558791695671311,0.6652368212329183,0.6664571960513417,tsallis
