nameseq,k1,k2,k3,k4,label
4_235647560_235647914,0.5688933617289584,0.6519129194171169,0.6637153361585744,0.6655943900485507,tsallis
