nameseq,k1,k2,k3,k4,label
4_234843536_234843618,0.5496082783113156,0.6425153260669823,0.6607153537283256,0.6644677051423659,tsallis
