nameseq,k1,k2,k3,k4,label
4_238531068_238531786,0.5797447168178668,0.6543254891518338,0.6648499850886467,0.666348711189374,tsallis
