nameseq,k1,k2,k3,k4,label
4_233423311_233432413,0.5822315174451363,0.6556896924796549,0.6651909431967046,0.6664546928649462,tsallis
