nameseq,k1,k2,k3,k4,label
4_233221306_233221426,0.5737241405734523,0.6503616242198633,0.6627344464059437,0.6653160739654446,tsallis
