nameseq,k1,k2,k3,k4,label
4_236551199_236551283,0.5734772686171512,0.6530052341837271,0.6632403724296085,0.6652883829979185,tsallis
