nameseq,k1,k2,k3,k4,label
4_238499637_238499851,0.564462436283231,0.6503144880430602,0.6634977836448116,0.6657145780538785,tsallis
