nameseq,k1,k2,k3,k4,label
4_232468646_232468743,0.5419372325698133,0.643700137835788,0.6617646974197221,0.6652170337940893,tsallis
