nameseq,k1,k2,k3,k4,label
4_233307792_233307861,0.5626993563901593,0.6443188953795369,0.6597086856604426,0.6631820358600499,tsallis
