nameseq,k1,k2,k3,k4,label
4_235609698_235609906,0.5691896228345571,0.6517532955297666,0.6640536623457988,0.6659599316793485,tsallis
