nameseq,k1,k2,k3,k4,label
4_232310623_232310937,0.5817403279264162,0.6551288364989666,0.664677821313699,0.666185574435078,tsallis
