nameseq,k1,k2,k3,k4,label
4_234311485_234311725,0.570906114883962,0.6519010894954979,0.6641043030903191,0.6660550451936329,tsallis
