nameseq,k1,k2,k3,k4,label
4_230968311_230968667,0.5712148149030055,0.6526313439515017,0.6641073319871106,0.6660111214149622,tsallis
