nameseq,k1,k2,k3,k4,label
4_240491103_240491197,0.574441501099562,0.6486082642732236,0.6626750564199135,0.6653573643981856,tsallis
