nameseq,k1,k2,k3,k4,label
4_2429384_2430746,0.5790781366810863,0.6548732187651458,0.6649709113389852,0.6663730548533402,tsallis
