nameseq,k1,k2,k3,k4,label
4_241085569_241085965,0.5733283912540214,0.6529674114271009,0.6644519148177148,0.6661619560856026,tsallis
