nameseq,k1,k2,k3,k4,label
4_26654167_26654328,0.565498813677599,0.6477700195871969,0.6627482737325774,0.6654940294549919,tsallis
