nameseq,k1,k2,k3,k4,label
4_27843479_27846761,0.5764477365837304,0.6542028741991999,0.6649336301827932,0.6663982649044362,tsallis
