nameseq,k1,k2,k3,k4,label
4_27747906_27747988,0.5820012704280269,0.6522475155992988,0.662656309629643,0.6649544418008568,tsallis
