nameseq,k1,k2,k3,k4,label
4_27224822_27224901,0.5709979726503286,0.6504188506228658,0.6630143365687231,0.6651699455833338,tsallis
