nameseq,k1,k2,k3,k4,label
4_28225214_28225291,0.5578764463339319,0.6387729197970229,0.6587716442671366,0.6631492642187745,tsallis
