nameseq,k1,k2,k3,k4,label
4_28061542_28081092,0.5808598113323826,0.6551446082242054,0.665092007143889,0.6664460099038589,tsallis
