nameseq,k1,k2,k3,k4,label
4_29305108_29305497,0.5719831743299211,0.6525578705765336,0.664247793949939,0.666137780034999,tsallis
