nameseq,k1,k2,k3,k4,label
4_40615906_40634319,0.581517961140225,0.6553082648882433,0.6650745038713831,0.6664353268098839,tsallis
