nameseq,k1,k2,k3,k4,label
4_4465016_4465073,0.5786941336291148,0.6502352690404238,0.6622029743044201,0.6645975627564208,tsallis
