nameseq,k1,k2,k3,k4,label
4_62281347_62289847,0.5824246038071257,0.655755731457493,0.6651910121220002,0.6664503482264525,tsallis
