nameseq,k1,k2,k3,k4,label
4_62285879_62288448,0.5809208764240293,0.6551757880735475,0.6650525864093169,0.6664102156517161,tsallis
