nameseq,k1,k2,k3,k4,label
4_63517850_63517912,0.5537372103714449,0.6451591530876053,0.6612254807458643,0.6644453986343051,tsallis
