nameseq,k1,k2,k3,k4,label
4_71546204_71546318,0.575024213675656,0.6527323423710004,0.6637645526611615,0.6656105014349842,tsallis
