nameseq,k1,k2,k3,k4,label
4_98815456_98815497,0.5767669936351423,0.6466607694245087,0.6603937701648946,0.6627892484156466,tsallis
