nameseq,k1,k2,k3,k4,label
5_108272307_108272699,0.5705258358499198,0.6483858733948586,0.6622438286401942,0.6655566336126555,tsallis
