nameseq,k1,k2,k3,k4,label
5_108270345_108271645,0.5785222064868678,0.6543020410551447,0.6647784620512572,0.6663497897522461,tsallis
