nameseq,k1,k2,k3,k4,label
5_118856372_118856431,0.5434059637118074,0.6389336308302173,0.6591625079039977,0.6633186740170852,tsallis
