nameseq,k1,k2,k3,k4,label
5_125792562_125792740,0.560135711566646,0.6476378192497121,0.6627310766226193,0.6655557166382922,tsallis
