nameseq,k1,k2,k3,k4,label
5_131600733_131603986,0.578772239829801,0.6545243418620694,0.6647862193861231,0.6663370235335471,tsallis
