nameseq,k1,k2,k3,k4,label
5_134484782_134484980,0.5738362003858204,0.6528182783625143,0.6640487258278274,0.6659674417909329,tsallis
