nameseq,k1,k2,k3,k4,label
5_135312541_135340072,0.5805021432253655,0.6550824960832926,0.6650658722785646,0.66644022033962,tsallis
