nameseq,k1,k2,k3,k4,label
5_133993720_133994362,0.5787860760404,0.6541785610214811,0.6646706225843155,0.6662462523629046,tsallis
