nameseq,k1,k2,k3,k4,label
5_130209329_130209501,0.5761445263560854,0.6527761534782637,0.6638795136798334,0.6658536108143116,tsallis
