nameseq,k1,k2,k3,k4,label
5_136816093_136820075,0.5821991027516566,0.6551707961107863,0.6649872950905598,0.6663875486231693,tsallis
