nameseq,k1,k2,k3,k4,label
5_133223135_133223256,0.5751941747993023,0.6526445306895876,0.6639919975575681,0.6657691884290649,tsallis
