nameseq,k1,k2,k3,k4,label
5_13286436_13286835,0.5802870044438934,0.6542747726879492,0.6647396935446748,0.6662449706125553,tsallis
