nameseq,k1,k2,k3,k4,label
5_130995688_130996766,0.574968314346302,0.6537106636584177,0.6646408228219899,0.6663048365196964,tsallis
