nameseq,k1,k2,k3,k4,label
5_14458858_14461197,0.5752126560964632,0.653723409232312,0.6647376798811057,0.6663420888110472,tsallis
