nameseq,k1,k2,k3,k4,label
5_157769864_157778167,0.5740889662229012,0.6536924073711015,0.6647981339490947,0.6663783944524866,tsallis
