nameseq,k1,k2,k3,k4,label
5_157543452_157554351,0.5827846295403627,0.6559751787673045,0.6652651534212747,0.6664735547277707,tsallis
