nameseq,k1,k2,k3,k4,label
5_155706908_155707114,0.58227264832498,0.6548063681281489,0.6646083735418622,0.66604525062815,tsallis
