nameseq,k1,k2,k3,k4,label
5_15717982_15727440,0.5803817361382563,0.6547880284762876,0.6649874301697768,0.6664136240558574,tsallis
