nameseq,k1,k2,k3,k4,label
5_15551046_15562398,0.583107797597442,0.6561007688272158,0.665293176743611,0.6664794712084413,tsallis
