nameseq,k1,k2,k3,k4,label
5_152960396_152960440,0.5767596493789287,0.6411440049319758,0.6564040550194636,0.6617772862003433,tsallis
