nameseq,k1,k2,k3,k4,label
5_178388187_178388269,0.5757734746057709,0.6524461920570932,0.6623051039612078,0.6648315803757316,tsallis
