nameseq,k1,k2,k3,k4,label
5_177069135_177069393,0.5829904601699369,0.6555015144580754,0.6648205646332155,0.6661656796513626,tsallis
