nameseq,k1,k2,k3,k4,label
5_183566117_183566265,0.5726054713457759,0.6510002930288032,0.6628607577862172,0.6653778602747309,tsallis
