nameseq,k1,k2,k3,k4,label
5_183422371_183431746,0.5728721722392677,0.6533742307359978,0.6647132077546734,0.6663605069270695,tsallis
