nameseq,k1,k2,k3,k4,label
5_183088248_183088378,0.5738882148435913,0.6521818836459161,0.663913530813482,0.6657490197897445,tsallis
