nameseq,k1,k2,k3,k4,label
5_182683570_182683835,0.5778662404766461,0.6537808561454083,0.6644226446013562,0.6661153641393556,tsallis
