nameseq,k1,k2,k3,k4,label
5_180946318_180952618,0.580833737885905,0.6552111927696534,0.6650709068547693,0.666429359957686,tsallis
