nameseq,k1,k2,k3,k4,label
5_181275721_181275826,0.540931258401382,0.6397905011791192,0.6603752182260171,0.6646049793236846,tsallis
