nameseq,k1,k2,k3,k4,label
5_183692450_183706834,0.5770680215028008,0.6544202828381678,0.6649536562789331,0.6664099269829433,tsallis
