nameseq,k1,k2,k3,k4,label
5_191899273_191899349,0.5718037690345701,0.6499494365023186,0.662737491468184,0.6647166894199948,tsallis
