nameseq,k1,k2,k3,k4,label
5_197823030_197823160,0.5489077615193918,0.6424467818755706,0.65896012251026,0.6632726220151419,tsallis
