nameseq,k1,k2,k3,k4,label
5_205198817_205199017,0.5725153442435891,0.650769993182997,0.6635259777932909,0.6658432862827373,tsallis
