nameseq,k1,k2,k3,k4,label
5_202304581_202304729,0.5825782756236203,0.6531525109219688,0.6635713017026845,0.6656476042499394,tsallis
