nameseq,k1,k2,k3,k4,label
5_202425444_202439277,0.5821363275812346,0.6554155144685296,0.6650951927488483,0.6664381755053651,tsallis
