nameseq,k1,k2,k3,k4,label
5_21123632_21123807,0.58040853926364,0.654248555510714,0.6642511556597321,0.6658599612137432,tsallis
