nameseq,k1,k2,k3,k4,label
5_213931875_213940784,0.5819792735915087,0.6555526029892623,0.6651507951124931,0.6664454050010793,tsallis
