nameseq,k1,k2,k3,k4,label
5_23538987_23539141,0.5799739807855275,0.6538177997343052,0.6641716645056237,0.665903057146005,tsallis
