nameseq,k1,k2,k3,k4,label
5_28597442_28616734,0.5803706008288569,0.6552538044185192,0.6651271371086791,0.6664480137351183,tsallis
