nameseq,k1,k2,k3,k4,label
5_34880671_34881516,0.572979158778403,0.6527169612011595,0.6643445711045391,0.6662042935459723,tsallis
