nameseq,k1,k2,k3,k4,label
5_40001592_40001855,0.5693975433351878,0.6517923756562695,0.6635684547518271,0.665825176933,tsallis
