nameseq,k1,k2,k3,k4,label
5_42962080_42976855,0.5811767878789019,0.6552364948191193,0.6651009390527831,0.6664406583084167,tsallis
