nameseq,k1,k2,k3,k4,label
5_43809289_43819120,0.5829978361131194,0.6559238553084298,0.6652563619812648,0.6664706165373717,tsallis
