nameseq,k1,k2,k3,k4,label
5_44019575_44019632,0.5744826301164445,0.6498726189695379,0.6615573983194357,0.6644888927561098,tsallis
