nameseq,k1,k2,k3,k4,label
5_4542208_4570568,0.5821821860363967,0.6557096452691291,0.6652260338867984,0.6664694445963186,tsallis
