nameseq,k1,k2,k3,k4,label
5_46979927_46981329,0.575876159541296,0.6542223775139678,0.6648841364952819,0.6663516991330443,tsallis
