nameseq,k1,k2,k3,k4,label
5_53336370_53336647,0.5770528846484355,0.6509349916445875,0.6629578649321091,0.6655274882988204,tsallis
