nameseq,k1,k2,k3,k4,label
5_67363744_67363825,0.5752972826122755,0.6531015616099274,0.6634888472499259,0.6651703935546565,tsallis
