nameseq,k1,k2,k3,k4,label
5_6866358_6866963,0.5831140429971247,0.6553724820731512,0.6649528881798585,0.6663221885872478,tsallis
