nameseq,k1,k2,k3,k4,label
5_74863125_74863276,0.5572510541997558,0.6489260723219236,0.662789610950792,0.6655120572925405,tsallis
