nameseq,k1,k2,k3,k4,label
5_7554469_7554793,0.5676621375371852,0.6514990756696432,0.6640584846125802,0.6660469518400147,tsallis
