nameseq,k1,k2,k3,k4,label
5_95940072_95941651,0.5799863028624538,0.6551708798083624,0.6648313547324096,0.6662919239168863,tsallis
