nameseq,k1,k2,k3,k4,label
5_95680379_95680435,0.5785369045325741,0.6509446855243334,0.6615923408775388,0.6636344793108689,tsallis
