nameseq,k1,k2,k3,k4,label
5_95646211_95646271,0.5596476496205903,0.647057752472436,0.6614093939811675,0.6639733977590474,tsallis
