nameseq,k1,k2,k3,k4,label
5_96899543_96902579,0.5808808141794841,0.6551393790224658,0.6650783339571535,0.6664236554887313,tsallis
