nameseq,k1,k2,k3,k4,label
6_109114783_109115006,0.5555302809082521,0.6475453396281776,0.6628792658547387,0.6655913404089762,tsallis
