nameseq,k1,k2,k3,k4,label
6_118923310_118947007,0.5804504045025868,0.6551869398718839,0.6651274003839979,0.6664530380231506,tsallis
