nameseq,k1,k2,k3,k4,label
6_119796519_119803935,0.5802295731941761,0.6549659282719397,0.6650298801239878,0.6664229812576943,tsallis
