nameseq,k1,k2,k3,k4,label
6_113695837_113711833,0.5809915790883934,0.6551281770079429,0.6650998761980654,0.6664456432757272,tsallis
