nameseq,k1,k2,k3,k4,label
6_115327157_115327414,0.5606839889779542,0.6482485039969952,0.6630132535218938,0.6657382101705662,tsallis
