nameseq,k1,k2,k3,k4,label
6_120706485_120706713,0.573630135406059,0.6518875480090826,0.6640008197776657,0.666028902194768,tsallis
