nameseq,k1,k2,k3,k4,label
6_120394242_120396629,0.5777313914398943,0.6538305762700884,0.6646408469614867,0.666314532342333,tsallis
