nameseq,k1,k2,k3,k4,label
6_120160339_120160979,0.5795203534182007,0.6545039659828573,0.664792189562299,0.6662796700757182,tsallis
