nameseq,k1,k2,k3,k4,label
6_135467161_135467385,0.5726602926515878,0.6525151954730961,0.6641107562224853,0.6659226846792116,tsallis
