nameseq,k1,k2,k3,k4,label
6_162152663_162160411,0.5805688227202925,0.6553853398358933,0.6651567817721554,0.6664531051971279,tsallis
