nameseq,k1,k2,k3,k4,label
6_164286656_164286772,0.576344259476521,0.6530099219617116,0.6636652096662348,0.6655901325843415,tsallis
