nameseq,k1,k2,k3,k4,label
6_162479143_162488101,0.5797274650717205,0.6550408013698561,0.665050452775522,0.6664291090858322,tsallis
