nameseq,k1,k2,k3,k4,label
6_166209783_166209896,0.5723756392391214,0.6511373587027915,0.6633004259664994,0.6655230108467745,tsallis
