nameseq,k1,k2,k3,k4,label
6_21692961_21698507,0.5778007513619319,0.6545700745389464,0.6649241393034688,0.6663974799642577,tsallis
