nameseq,k1,k2,k3,k4,label
6_23691258_23691378,0.5698872679345557,0.6520300147187601,0.6634201648774083,0.6653446350495464,tsallis
