nameseq,k1,k2,k3,k4,label
6_57946696_57958411,0.5822665933262448,0.6556674089039569,0.6651926619946775,0.6664574449860067,tsallis
