nameseq,k1,k2,k3,k4,label
6_58747922_58748295,0.5824288637355488,0.6554363805297208,0.664792846584757,0.6661581755795196,tsallis
