nameseq,k1,k2,k3,k4,label
6_58368812_58368846,0.579909760357318,0.6478283874935387,0.6600323381855376,0.6617212278139892,tsallis
