nameseq,k1,k2,k3,k4,label
6_60133573_60133846,0.558856503919099,0.6486257077674467,0.6633112512659867,0.6658269719173315,tsallis
