nameseq,k1,k2,k3,k4,label
6_61618753_61618954,0.5785273873233973,0.6520699371524386,0.6639962201175039,0.6659058429085588,tsallis
