nameseq,k1,k2,k3,k4,label
6_7233558_7234715,0.5817881329203609,0.6552392980152821,0.664739495161516,0.6662391433501516,tsallis
