nameseq,k1,k2,k3,k4,label
6_77792231_77798566,0.5792373318910229,0.6542525972219183,0.6648103957736903,0.6663691087390311,tsallis
