nameseq,k1,k2,k3,k4,label
6_86282249_86284165,0.5822663764731186,0.6556190938827466,0.6650689921192758,0.6663922487877851,tsallis
