nameseq,k1,k2,k3,k4,label
6_86695606_86700698,0.5799459342634199,0.6551286524256359,0.6650576654499418,0.6664303817004668,tsallis
