nameseq,k1,k2,k3,k4,label
6_87821467_87840156,0.580557135113261,0.6551512159850056,0.6651083263977992,0.6664499743278826,tsallis
