nameseq,k1,k2,k3,k4,label
6_87901066_87901223,0.5772078010559744,0.6534732565302953,0.6642834927768443,0.665848611756626,tsallis
