nameseq,k1,k2,k3,k4,label
6_88356944_88356986,0.5647871260931678,0.6443174401809804,0.660354577936265,0.6635496024290404,tsallis
