nameseq,k1,k2,k3,k4,label
7_104767709_104788120,0.5745904207467364,0.6538077136704414,0.6648590613998386,0.6664042145972624,tsallis
