nameseq,k1,k2,k3,k4,label
7_112907209_112907393,0.5684305641172049,0.6519790970922038,0.6638027042310986,0.6657512713509177,tsallis
