nameseq,k1,k2,k3,k4,label
7_111753515_111753589,0.5760217521183423,0.6514826755134049,0.6626194165274023,0.6646087516745719,tsallis
