nameseq,k1,k2,k3,k4,label
7_112221381_112235563,0.5828258081364411,0.6557480545819574,0.6652286579871929,0.666469545180398,tsallis
