nameseq,k1,k2,k3,k4,label
7_128304135_128304360,0.5831240231133388,0.6550649789473291,0.6646329624225245,0.6660611088909824,tsallis
