nameseq,k1,k2,k3,k4,label
7_122825743_122827361,0.580258253105968,0.6544527501381613,0.6648168934992805,0.6663483330490849,tsallis
