nameseq,k1,k2,k3,k4,label
7_135000903_135001085,0.5674075686556662,0.6506696601629982,0.6636725085970032,0.6658382193429238,tsallis
