nameseq,k1,k2,k3,k4,label
7_140304580_140304758,0.5726302553315384,0.6518428625422953,0.6636297098766686,0.6657724328786072,tsallis
