nameseq,k1,k2,k3,k4,label
7_149138794_149138960,0.5777955326253268,0.6523178431869601,0.6638151540731898,0.6658461324432158,tsallis
