nameseq,k1,k2,k3,k4,label
7_155519968_155520405,0.5811251700715057,0.654361471976936,0.664605821811712,0.6661967977050098,tsallis
