nameseq,k1,k2,k3,k4,label
7_156209527_156209714,0.5729608992946421,0.6523792291293067,0.6639992907646108,0.6658487260637732,tsallis
