nameseq,k1,k2,k3,k4,label
7_167328244_167328367,0.5778115463353817,0.6530060040645012,0.6638999631641509,0.6656664941103677,tsallis
