nameseq,k1,k2,k3,k4,label
7_163306979_163308020,0.5815479866491393,0.6534305897129231,0.6643128053703434,0.6661720444677127,tsallis
