nameseq,k1,k2,k3,k4,label
7_178321587_178322210,0.574496580289953,0.6536196729372507,0.6644638241124712,0.6661955670419911,tsallis
