nameseq,k1,k2,k3,k4,label
7_176864723_176864941,0.5706805192323139,0.6510382592730821,0.6638309985059813,0.6658336533605957,tsallis
