nameseq,k1,k2,k3,k4,label
7_178391019_178391072,0.5731467888921449,0.6507256587339072,0.6617650592186428,0.6638594353200142,tsallis
