nameseq,k1,k2,k3,k4,label
7_178811501_178838281,0.583254899447541,0.6560310853503225,0.6652856749823015,0.6664826915348595,tsallis
