nameseq,k1,k2,k3,k4,label
7_180531774_180532613,0.5701709311811909,0.6522018672825967,0.6643666688991154,0.6662359654525126,tsallis
