nameseq,k1,k2,k3,k4,label
7_20120701_20120870,0.568494843160137,0.65059132811957,0.663382468298678,0.6656446200836791,tsallis
