nameseq,k1,k2,k3,k4,label
7_20109995_20110280,0.5675454715123492,0.6514100486549251,0.6638587038656839,0.6659840804111596,tsallis
