nameseq,k1,k2,k3,k4,label
7_21151675_21151836,0.5754122880150504,0.6522443588290632,0.6632772660541215,0.6656409441754138,tsallis
