nameseq,k1,k2,k3,k4,label
7_5489902_5495078,0.5802101823541588,0.6551966921074641,0.665101033104033,0.6664335731991222,tsallis
