nameseq,k1,k2,k3,k4,label
7_63989051_63989244,0.5676298541169864,0.6512061655910779,0.6637383104758217,0.6659066992167464,tsallis
