nameseq,k1,k2,k3,k4,label
7_65972541_65973394,0.5762761304811509,0.6541523501145899,0.6647895018100923,0.6663142236636476,tsallis
