nameseq,k1,k2,k3,k4,label
7_6541013_6550236,0.5829051254178814,0.6558054079415461,0.6651932569366422,0.6664536570470148,tsallis
