nameseq,k1,k2,k3,k4,label
7_65062549_65067119,0.5816230877285578,0.6555581729552383,0.6651438800780541,0.6664370871210596,tsallis
