nameseq,k1,k2,k3,k4,label
7_84653701_84687010,0.5822000497826423,0.6556885186239587,0.6652156762825698,0.6664668687538303,tsallis
