nameseq,k1,k2,k3,k4,label
7_85616820_85617168,0.581590347653491,0.6552832578466476,0.664770884786702,0.6662127247253666,tsallis
