nameseq,k1,k2,k3,k4,label
7_95459318_95482782,0.5817145793380822,0.6553146240106582,0.6651064364997812,0.6664440217496248,tsallis
