nameseq,k1,k2,k3,k4,label
8_11908583_11908750,0.5611348396149826,0.6455612956142395,0.6618678920873569,0.6651072508078784,tsallis
