nameseq,k1,k2,k3,k4,label
8_126489774_126489945,0.5721641416166758,0.6489439854753412,0.6619758787706047,0.6652225502810534,tsallis
