nameseq,k1,k2,k3,k4,label
8_124805977_124810095,0.5828293964027019,0.6555872255840701,0.6650873032659012,0.6664187327360309,tsallis
