nameseq,k1,k2,k3,k4,label
8_146572301_146572481,0.5793687081147637,0.6533744358610309,0.6641639711742608,0.6658768149021965,tsallis
