nameseq,k1,k2,k3,k4,label
8_148836706_148836874,0.5775178409297138,0.653459337074713,0.6639413744553948,0.6657922194495722,tsallis
