nameseq,k1,k2,k3,k4,label
8_148484230_148484580,0.5689080337828274,0.650769747137987,0.663796851389095,0.6660254913213995,tsallis
