nameseq,k1,k2,k3,k4,label
8_145326956_145327722,0.5606928119369088,0.6498048218317806,0.6638619636722086,0.6660269355670327,tsallis
