nameseq,k1,k2,k3,k4,label
8_144955981_144965341,0.5805130572266877,0.6550366226654639,0.6650321366184403,0.6664284133075509,tsallis
