nameseq,k1,k2,k3,k4,label
8_144719479_144720130,0.5693806106760433,0.6515381588431498,0.6641116856219909,0.6661510295073144,tsallis
