nameseq,k1,k2,k3,k4,label
8_14778833_14784183,0.5807533878796104,0.6552673725834737,0.6651215644532584,0.6664445316512575,tsallis
