nameseq,k1,k2,k3,k4,label
8_147709371_147713031,0.5824572044572817,0.6552109368135407,0.6649877970146413,0.6663869203037899,tsallis
