nameseq,k1,k2,k3,k4,label
8_145031223_145046591,0.5797517061980146,0.6549363244720144,0.6650438466316135,0.6664285596296741,tsallis
