nameseq,k1,k2,k3,k4,label
8_15784665_15801879,0.5813460292217781,0.6553082581821259,0.6651247847091415,0.6664462659283044,tsallis
