nameseq,k1,k2,k3,k4,label
8_150042918_150042952,0.5675365625193118,0.6456457929815431,0.6577390038416489,0.6602724349267879,tsallis
