nameseq,k1,k2,k3,k4,label
8_164392438_164392557,0.5721644998225919,0.6519370590510487,0.66350627327785,0.665633274211155,tsallis
