nameseq,k1,k2,k3,k4,label
8_168894835_168894941,0.5751383739597693,0.6506192935340818,0.6624792847482135,0.6648590298647028,tsallis
