nameseq,k1,k2,k3,k4,label
8_168981485_168981628,0.5620016635523659,0.6462592394182374,0.6623289513016242,0.6653507172646983,tsallis
