nameseq,k1,k2,k3,k4,label
8_164156123_164156197,0.560316627386381,0.6459908755115477,0.6595090233241032,0.6635447215941643,tsallis
