nameseq,k1,k2,k3,k4,label
8_167561291_167561542,0.5783425553288226,0.6538045490374085,0.664515320057067,0.6660064420942179,tsallis
