nameseq,k1,k2,k3,k4,label
8_163930227_163932628,0.5824695374462687,0.6556846667668996,0.6651757450801392,0.6664470016280744,tsallis
