nameseq,k1,k2,k3,k4,label
8_164434444_164435886,0.5798338267878678,0.654523538265732,0.6647774213288073,0.6663170363809752,tsallis
