nameseq,k1,k2,k3,k4,label
8_16361003_16361222,0.5746409090129776,0.650641919649943,0.6633723285544545,0.6656605924287805,tsallis
