nameseq,k1,k2,k3,k4,label
8_164436556_164454900,0.5831126655352563,0.6557997489699894,0.6652133755631338,0.6664651749281457,tsallis
