nameseq,k1,k2,k3,k4,label
8_166636095_166636468,0.579633425435998,0.6547267861390595,0.6647127575933249,0.6662809998313141,tsallis
