nameseq,k1,k2,k3,k4,label
8_16010511_16010791,0.5810631047240398,0.6542696636661589,0.6643616416344579,0.6660710663941729,tsallis
