nameseq,k1,k2,k3,k4,label
8_168928053_168928153,0.5693222011915562,0.6505665888763201,0.6619517252043646,0.6645544592770234,tsallis
