nameseq,k1,k2,k3,k4,label
8_168999967_169002163,0.5815827459818637,0.6542907392033954,0.6647783408284551,0.6663474322873226,tsallis
