nameseq,k1,k2,k3,k4,label
8_178874986_178878206,0.5784591475397853,0.6544936302066441,0.6648336467759541,0.6663573757747494,tsallis
