nameseq,k1,k2,k3,k4,label
8_172135196_172135455,0.5792091920090915,0.6543614260005539,0.6646141047534986,0.6661228249600826,tsallis
