nameseq,k1,k2,k3,k4,label
8_17745321_17745602,0.5572861556039782,0.6478165866252807,0.6631848731501515,0.665835805134243,tsallis
