nameseq,k1,k2,k3,k4,label
8_17799320_17806425,0.5828171242941622,0.6558607754267168,0.6652556970391081,0.6664728814077961,tsallis
