nameseq,k1,k2,k3,k4,label
8_22359381_22372949,0.5824498561829237,0.6558108887769122,0.665242808024054,0.6664725522472971,tsallis
