nameseq,k1,k2,k3,k4,label
8_29993386_29993540,0.5131244056612367,0.6264650059523098,0.656062853536044,0.6633353749209254,tsallis
