nameseq,k1,k2,k3,k4,label
8_36843450_36844988,0.5813624521446507,0.6543738990288018,0.6646791282695002,0.6662978793904599,tsallis
