nameseq,k1,k2,k3,k4,label
8_40614256_40617780,0.566964840212407,0.6516741900054688,0.6643496255954402,0.6662954533059467,tsallis
