nameseq,k1,k2,k3,k4,label
8_40618612_40618857,0.5704003779233666,0.651132930764623,0.6634631043986191,0.6658374475681219,tsallis
