nameseq,k1,k2,k3,k4,label
8_55531475_55544535,0.5803817315939417,0.6551876951863755,0.6651045696829231,0.6664438816414854,tsallis
