nameseq,k1,k2,k3,k4,label
8_63216906_63222915,0.5809604254235077,0.6554454730459444,0.6651629180747642,0.6664524385314035,tsallis
