nameseq,k1,k2,k3,k4,label
8_69094681_69094860,0.5783759648732911,0.6542464440738804,0.6643101872959897,0.6659664721441132,tsallis
