nameseq,k1,k2,k3,k4,label
8_76638142_76658079,0.5800051597930822,0.6548839297452088,0.6650585550000707,0.6664406464782292,tsallis
