nameseq,k1,k2,k3,k4,label
8_76241241_76255194,0.5811089728616023,0.6550142553013161,0.6650467600230876,0.6664297698643161,tsallis
