nameseq,k1,k2,k3,k4,label
8_95602616_95602853,0.556049773426543,0.648277194372531,0.6634582385115024,0.6659255227876448,tsallis
