nameseq,k1,k2,k3,k4,label
9_100928331_100928626,0.575793066989917,0.6530036306509277,0.664177179660039,0.6659432916145447,tsallis
