nameseq,k1,k2,k3,k4,label
9_10835457_10836375,0.5599709328763984,0.6494299803142213,0.6632563786582787,0.6658673190009339,tsallis
