nameseq,k1,k2,k3,k4,label
9_100957802_100958586,0.5811543907827489,0.654972695565651,0.6647945536846877,0.666277365482352,tsallis
