nameseq,k1,k2,k3,k4,label
9_10866796_10866906,0.5706395859084435,0.6497879641695141,0.6628252561772843,0.6652708364830826,tsallis
