nameseq,k1,k2,k3,k4,label
9_127008367_127008543,0.5740699083909797,0.6530248586555616,0.6643073597173296,0.6658806495869609,tsallis
