nameseq,k1,k2,k3,k4,label
9_124522211_124522770,0.5789502836518818,0.6543484794556021,0.6647658808888217,0.6662923242543031,tsallis
