nameseq,k1,k2,k3,k4,label
9_124982899_124983290,0.574022921040285,0.6528377528550555,0.664367375788822,0.6661733740405833,tsallis
