nameseq,k1,k2,k3,k4,label
9_143530755_143531290,0.5703116994147034,0.651617782537351,0.6641102229685949,0.6660471612500672,tsallis
