nameseq,k1,k2,k3,k4,label
9_146431029_146437675,0.5806173539897894,0.6550677592834544,0.665080582644207,0.6664381776813545,tsallis
