nameseq,k1,k2,k3,k4,label
9_145650167_145650492,0.5787110183725189,0.6533791097736756,0.6637748836338278,0.665954287288194,tsallis
