nameseq,k1,k2,k3,k4,label
9_150158472_150158760,0.5674154945430891,0.6503845331094549,0.6632353881547605,0.6657866731214909,tsallis
