nameseq,k1,k2,k3,k4,label
9_23424743_23425139,0.5806190007803891,0.6538545723453508,0.6644973764293168,0.6661902483420964,tsallis
