nameseq,k1,k2,k3,k4,label
9_2410974_2411362,0.5564105305507896,0.6462718007699707,0.6624832508200008,0.6655675186415155,tsallis
