nameseq,k1,k2,k3,k4,label
9_28604551_28604663,0.5692793788576976,0.6514496341348972,0.6635087710627511,0.6653783332936453,tsallis
