nameseq,k1,k2,k3,k4,label
9_33442563_33442631,0.5459866642471556,0.6432475443812871,0.6604777749022333,0.6643978996804294,tsallis
