nameseq,k1,k2,k3,k4,label
9_47942812_47943028,0.5755650712503431,0.6527559368808371,0.6640026793718765,0.6658931206025249,tsallis
