nameseq,k1,k2,k3,k4,label
9_48522001_48523497,0.5766182733873745,0.6529546819992926,0.6643056127098373,0.6661795956610068,tsallis
