nameseq,k1,k2,k3,k4,label
9_50730023_50730253,0.5632592808617479,0.6496714271812518,0.6633965353318176,0.665858569756007,tsallis
