nameseq,k1,k2,k3,k4,label
9_51079493_51089524,0.5808480772884927,0.655248519420736,0.6651071299491165,0.6664452890527285,tsallis
