nameseq,k1,k2,k3,k4,label
9_51679740_51680039,0.5782449990148735,0.6542599141870933,0.6643031346505455,0.6660077360069283,tsallis
