nameseq,k1,k2,k3,k4,label
9_67787762_67790041,0.5809430949833887,0.654576080392248,0.6648247716341367,0.6663568978122647,tsallis
