nameseq,k1,k2,k3,k4,label
9_7465891_7465947,0.5505163320818117,0.6419479970716961,0.6601637618671706,0.6639626925661084,tsallis
