nameseq,k1,k2,k3,k4,label
9_74899697_74900768,0.5680619564756964,0.6517577557752201,0.6642617218303535,0.666200734369775,tsallis
