nameseq,k1,k2,k3,k4,label
9_7532177_7539972,0.5799936039829611,0.6550139341517399,0.6650377034422003,0.6664250006137666,tsallis
