nameseq,k1,k2,k3,k4,label
9_77973141_77987383,0.5819140179010651,0.6555894531076913,0.6651933650976126,0.6664634228873898,tsallis
