nameseq,k1,k2,k3,k4,label
9_78689717_78689844,0.575643363346247,0.6500844088854665,0.6628250119160661,0.6653296373269507,tsallis
