nameseq,k1,k2,k3,k4,label
9_7842893_7843085,0.5804833613830881,0.6544805947196586,0.6644827481523151,0.6660149408110414,tsallis
