nameseq,k1,k2,k3,k4,label
9_78854822_78869757,0.582603045741226,0.6559044911258954,0.665245397955206,0.6664699844018208,tsallis
