nameseq,k1,k2,k3,k4,label
9_78306059_78306382,0.5793139560413171,0.6533036373447958,0.6642758141361693,0.6661010344542398,tsallis
