nameseq,k1,k2,k3,k4,label
9_79651085_79656838,0.5754727122188393,0.6538231477154299,0.6647953971942382,0.6663737936877476,tsallis
