nameseq,k1,k2,k3,k4,label
9_79064594_79067143,0.5796797840225538,0.654259416942014,0.6647889880524183,0.6663642101510154,tsallis
