nameseq,k1,k2,k3,k4,label
9_91367766_91367932,0.5704825464272347,0.6493583029045975,0.6630005035834562,0.6654419798413036,tsallis
