nameseq,fickett_score-ORF,fickett_score-full-sequence,label
1_129123470_129130977,0.44589999999999996,0.30049000000000003,fickett_score
