nameseq,fickett_score-ORF,fickett_score-full-sequence,label
1_140268562_140269221,0.9707000000000001,0.43000999999999995,fickett_score
