nameseq,fickett_score-ORF,fickett_score-full-sequence,label
2_107507498_107507594,0.9823000000000002,0.34959999999999997,fickett_score
