nameseq,fickett_score-ORF,fickett_score-full-sequence,label
2_11679980_11680260,0.42819999999999997,0.35424999999999995,fickett_score
