nameseq,fickett_score-ORF,fickett_score-full-sequence,label
2_138542879_138544274,0.6504000000000001,0.35961000000000004,fickett_score
