nameseq,fickett_score-ORF,fickett_score-full-sequence,label
2_157220298_157220722,0.41889999999999994,0.34815999999999997,fickett_score
