nameseq,fickett_score-ORF,fickett_score-full-sequence,label
2_87878052_87893697,0.47719999999999996,0.33974000000000004,fickett_score
