nameseq,fickett_score-ORF,fickett_score-full-sequence,label
3_85672009_85687521,0.37039999999999995,0.29367000000000004,fickett_score
