nameseq,fickett_score-ORF,fickett_score-full-sequence,label
4_146268467_146268828,0.7108000000000001,0.40660999999999997,fickett_score
