nameseq,fickett_score-ORF,fickett_score-full-sequence,label
4_146140586_146152619,0.37729999999999997,0.31820000000000004,fickett_score
