nameseq,fickett_score-ORF,fickett_score-full-sequence,label
4_163729887_163730131,0.5156999999999999,0.37344999999999995,fickett_score
