nameseq,fickett_score-ORF,fickett_score-full-sequence,label
4_164068166_164068850,0.9879000000000001,0.43130999999999997,fickett_score
