nameseq,fickett_score-ORF,fickett_score-full-sequence,label
4_178599755_178599812,0.6725000000000001,0.29391999999999996,fickett_score
