nameseq,fickett_score-ORF,fickett_score-full-sequence,label
4_203135698_203136541,0.47990000000000005,0.41881999999999997,fickett_score
