nameseq,fickett_score-ORF,fickett_score-full-sequence,label
4_208085936_208091332,0.7264999999999999,0.40508999999999995,fickett_score
