nameseq,fickett_score-ORF,fickett_score-full-sequence,label
4_208162980_208163432,0.48640000000000005,0.31599000000000005,fickett_score
