nameseq,fickett_score-ORF,fickett_score-full-sequence,label
4_205326952_205335997,0.6304000000000001,0.39587999999999995,fickett_score
