nameseq,fickett_score-ORF,fickett_score-full-sequence,label
4_239398275_239399489,0.8256000000000001,0.41818999999999995,fickett_score
