nameseq,fickett_score-ORF,fickett_score-full-sequence,label
4_24902884_24920451,0.42010000000000003,0.35051999999999994,fickett_score
