nameseq,fickett_score-ORF,fickett_score-full-sequence,label
4_27729823_27735096,0.48429999999999995,0.37911999999999996,fickett_score
