nameseq,fickett_score-ORF,fickett_score-full-sequence,label
4_43247959_43249445,0.49749999999999994,0.33832999999999996,fickett_score
