nameseq,fickett_score-ORF,fickett_score-full-sequence,label
5_100230382_100230439,0.8915000000000001,0.42050000000000004,fickett_score
