nameseq,fickett_score-ORF,fickett_score-full-sequence,label
5_131493816_131493886,1.0896000000000001,0.43510999999999994,fickett_score
