nameseq,fickett_score-ORF,fickett_score-full-sequence,label
5_160618701_160619014,0.9504000000000001,0.39394999999999997,fickett_score
