nameseq,fickett_score-ORF,fickett_score-full-sequence,label
5_179761012_179764270,0.9003000000000001,0.47935999999999995,fickett_score
