nameseq,fickett_score-ORF,fickett_score-full-sequence,label
5_41982458_41982523,0.49129999999999996,0.37958000000000003,fickett_score
