nameseq,fickett_score-ORF,fickett_score-full-sequence,label
5_63883336_63896449,0.36519999999999997,0.35819999999999996,fickett_score
