nameseq,fickett_score-ORF,fickett_score-full-sequence,label
6_108961395_108975410,0.5477000000000001,0.33150999999999997,fickett_score
