nameseq,fickett_score-ORF,fickett_score-full-sequence,label
6_163899301_163899540,0.6621000000000001,0.37566999999999995,fickett_score
