nameseq,fickett_score-ORF,fickett_score-full-sequence,label
6_164650452_164652011,0.7765000000000001,0.43068999999999996,fickett_score
