nameseq,fickett_score-ORF,fickett_score-full-sequence,label
7_112479670_112482817,0.41519999999999996,0.33338999999999996,fickett_score
