nameseq,fickett_score-ORF,fickett_score-full-sequence,label
7_136865657_136865882,0.6759999999999999,0.34801000000000004,fickett_score
