nameseq,fickett_score-ORF,fickett_score-full-sequence,label
7_178332857_178333041,0.6797999999999998,0.43030999999999997,fickett_score
