nameseq,fickett_score-ORF,fickett_score-full-sequence,label
8_112849759_112849896,0.8220999999999999,0.43668999999999997,fickett_score
