nameseq,fickett_score-ORF,fickett_score-full-sequence,label
8_168953710_168953778,0.8945000000000001,0.35203999999999996,fickett_score
