nameseq,fickett_score-ORF,fickett_score-full-sequence,label
8_165265860_165266007,0.8320000000000001,0.35340999999999995,fickett_score
