nameseq,fickett_score-ORF,fickett_score-full-sequence,label
9_51175385_51177589,0.44470000000000004,0.37270000000000003,fickett_score
