nameseq,k1,k2,k3,k4,label
10_106081_108136,1.9404097261780358,3.8498703367277676,5.734373035263795,7.5615786950203185,shannon
