nameseq,k1,k2,k3,k4,label
10_34225_36084,1.9892317077584294,3.960244419787335,5.901787315499983,7.783291528146669,shannon
