nameseq,k1,k2,k3,k4,label
1_102201235_102215457,1.9872742867629771,3.9678283790989575,5.9415095074044775,7.892655911678629,shannon
