nameseq,k1,k2,k3,k4,label
1_101131659_101132038,1.8836131516393582,3.6995553031245985,5.463866803051696,6.978356330744405,shannon
