nameseq,k1,k2,k3,k4,label
1_105967191_105967324,1.9815794870700818,3.907850965838751,5.556122677191089,6.531328058706784,shannon
