nameseq,k1,k2,k3,k4,label
1_108816472_108816607,1.8742930165660465,3.6697032084482464,5.232650643041716,6.204466529515693,shannon
