nameseq,k1,k2,k3,k4,label
1_105206302_105207174,1.9898978618398966,3.9585354849181345,5.828881144721473,7.559496933174757,shannon
