nameseq,k1,k2,k3,k4,label
1_103977580_103988592,1.9679243669371096,3.929593036361368,5.880564398784464,7.814235316829228,shannon
