nameseq,k1,k2,k3,k4,label
1_107832591_107832750,1.9487148986604592,3.817517448673626,5.501486425607373,6.609596067225164,shannon
