nameseq,k1,k2,k3,k4,label
1_107597881_107604104,1.9749611233077973,3.9390013541532136,5.892277923949136,7.813566674261906,shannon
