nameseq,k1,k2,k3,k4,label
1_10493200_10493531,1.9675904933287875,3.910425984298864,5.687668173582461,7.145862461455979,shannon
