nameseq,k1,k2,k3,k4,label
1_105913837_105925001,1.9943866152040213,3.9853167514052346,5.969725383403183,7.9362593416738205,shannon
