nameseq,k1,k2,k3,k4,label
1_110119348_110145426,1.9841954916112599,3.942270104279843,5.890404753494992,7.819357812568668,shannon
