nameseq,k1,k2,k3,k4,label
1_127909238_127911468,1.997936561196355,3.983754813303987,5.954344148921903,7.84245616905086,shannon
