nameseq,k1,k2,k3,k4,label
1_1561488_1569109,1.988432426687679,3.942871902835228,5.884944144969335,7.799884669621659,shannon
