nameseq,k1,k2,k3,k4,label
1_156242425_156243111,1.942794361963454,3.8505850102707235,5.68797588617655,7.3193192972050545,shannon
