nameseq,k1,k2,k3,k4,label
1_16000782_16002594,1.9772122530105092,3.929360371970102,5.840756772898973,7.688459954152713,shannon
