nameseq,k1,k2,k3,k4,label
1_169293028_169293145,1.9247813084710417,3.7388627365256792,5.252859633612664,6.162626355179334,shannon
