nameseq,k1,k2,k3,k4,label
1_181975963_181976488,1.9679581534090103,3.8847584798483394,5.76356110665468,7.386779371412297,shannon
