nameseq,k1,k2,k3,k4,label
1_182691846_182691941,1.8814897837070739,3.6783152911502115,5.16865341577513,6.040165564263232,shannon
