nameseq,k1,k2,k3,k4,label
1_184687723_184687779,1.848669399861708,3.4072901364521044,4.510917841144163,5.310443057719023,shannon
