nameseq,k1,k2,k3,k4,label
1_183613844_183613896,1.9342867252913059,3.725996747697686,4.961353528118744,5.523856189774728,shannon
