nameseq,k1,k2,k3,k4,label
1_180909904_180914273,1.9898640302019,3.960241033188786,5.915258228018885,7.83742648091236,shannon
