nameseq,k1,k2,k3,k4,label
1_18629131_18635633,1.983479792384797,3.9626248857405293,5.929635465174931,7.869031635100676,shannon
