nameseq,k1,k2,k3,k4,label
1_182099411_182100105,1.9449972793023347,3.8688567522645307,5.72646203452165,7.380851890973183,shannon
