nameseq,k1,k2,k3,k4,label
1_181304983_181305044,1.5646753190311204,2.8753213485722267,3.8304751666692622,4.493151196535375,shannon
