nameseq,k1,k2,k3,k4,label
1_18283933_18285925,1.9730422738736926,3.929118943116353,5.866393160182653,7.743371244323979,shannon
