nameseq,k1,k2,k3,k4,label
1_182502088_182510304,1.994200657500989,3.981327804297315,5.955066367461826,7.909147983769627,shannon
