nameseq,k1,k2,k3,k4,label
1_181587185_181587250,1.8242169087291606,3.558198730729614,4.8256481953738835,5.520853137751292,shannon
