nameseq,k1,k2,k3,k4,label
1_185802073_185802262,1.7673244597758881,3.469940147037742,5.004447216821534,6.109994377735733,shannon
