nameseq,k1,k2,k3,k4,label
1_180408410_180408596,1.941758033498821,3.83408700898892,5.494590248918693,6.695281369133611,shannon
