nameseq,k1,k2,k3,k4,label
1_19171235_19171565,1.9771806528677744,3.9096188293518748,5.715772035808423,7.144624948322926,shannon
