nameseq,k1,k2,k3,k4,label
1_2883955_2884185,1.6998361259981971,3.33801653066095,4.8293101573833255,6.057729898647731,shannon
