nameseq,k1,k2,k3,k4,label
1_35785946_35786370,1.935341631443927,3.8485328271254646,5.64773373112952,7.176568713073834,shannon
