nameseq,k1,k2,k3,k4,label
1_37996271_37996660,1.988797675483964,3.940080505554117,5.7070746610356915,7.145873593813008,shannon
