nameseq,k1,k2,k3,k4,label
1_3854494_3854731,1.975756702664651,3.8865437992717204,5.640532655610126,6.914057093353402,shannon
