nameseq,k1,k2,k3,k4,label
1_39876670_39880676,1.9976390806790825,3.980263019850036,5.948453566433453,7.880783350930259,shannon
