nameseq,k1,k2,k3,k4,label
1_40947160_40949653,1.9920205968444717,3.9297533863768783,5.837905687391342,7.6947642611449,shannon
