nameseq,k1,k2,k3,k4,label
1_41368906_41370767,1.9905455643670782,3.965364685548978,5.920054666586233,7.805236299249738,shannon
