nameseq,k1,k2,k3,k4,label
1_41141297_41141532,1.7505308914456037,3.3650322074846115,4.604417485996801,5.5893475444813046,shannon
