nameseq,k1,k2,k3,k4,label
1_41997920_42024475,1.9976994622371167,3.9852738702102446,5.963273014314388,7.92785641784967,shannon
