nameseq,k1,k2,k3,k4,label
1_44170194_44170444,1.9476820722889265,3.845164256886298,5.66431295152832,6.948263325004838,shannon
