nameseq,k1,k2,k3,k4,label
1_45297525_45344967,1.9887325654713084,3.9649974362380984,5.928182179547324,7.882044016210449,shannon
