nameseq,k1,k2,k3,k4,label
1_54234506_54234617,1.9416025242971948,3.722462342335478,5.283467386520038,6.256492237521716,shannon
