nameseq,k1,k2,k3,k4,label
1_59103753_59104755,1.9914642330210768,3.931403823750444,5.821092412205113,7.574279061269741,shannon
