nameseq,k1,k2,k3,k4,label
1_59140275_59148991,1.9895428770163885,3.9598720788324964,5.921989770543177,7.865275996900532,shannon
