nameseq,k1,k2,k3,k4,label
1_62727226_62727472,1.9967770648577887,3.9668242259687996,5.819519793717543,7.15023435391035,shannon
