nameseq,k1,k2,k3,k4,label
1_66611276_66625991,1.9938801790523641,3.973228375868677,5.944144399200983,7.8947006094537935,shannon
