nameseq,k1,k2,k3,k4,label
1_6774940_6775061,1.9419220373145047,3.787802078730031,5.400489295854287,6.327508729658137,shannon
