nameseq,k1,k2,k3,k4,label
1_81920930_81922256,1.974523889911175,3.9126552214817285,5.803708526561412,7.60467447130053,shannon
