nameseq,k1,k2,k3,k4,label
1_82679419_82679956,1.9902206893097902,3.8616938733914257,5.679955690538024,7.279521567407502,shannon
