nameseq,k1,k2,k3,k4,label
1_82518284_82518436,1.9636511668802388,3.878235121656817,5.519389866180334,6.5568587736994,shannon
