nameseq,k1,k2,k3,k4,label
1_98964629_98965998,1.99736764553261,3.9340231005454247,5.816331605718247,7.574503317615717,shannon
