nameseq,k1,k2,k3,k4,label
1_99113130_99113262,1.9728098041406374,3.9076192094072146,5.574394879803799,6.589562716824685,shannon
