nameseq,k1,k2,k3,k4,label
2_108072877_108075217,1.9952485139569103,3.9804357201734666,5.943740478793123,7.846699029519074,shannon
