nameseq,k1,k2,k3,k4,label
2_107653447_107653558,1.9349626100279074,3.8039769866622843,5.3978400057101,6.256492237521716,shannon
