nameseq,k1,k2,k3,k4,label
2_108865922_108877651,1.9897170961164643,3.95344504879699,5.905568958557278,7.8376814391630765,shannon
