nameseq,k1,k2,k3,k4,label
2_105267231_105267332,1.9946184912757088,3.8865717922341454,5.438402815334885,6.230267983672275,shannon
