nameseq,k1,k2,k3,k4,label
2_107127656_107148472,1.9828146112044645,3.960583311746152,5.931182413966882,7.887299922616529,shannon
