nameseq,k1,k2,k3,k4,label
2_101263696_101264051,1.9238220030975364,3.8032386264251805,5.603252626764654,7.0652030225053535,shannon
