nameseq,k1,k2,k3,k4,label
2_107015286_107017751,1.9722143897261981,3.9313009608968237,5.875075843560472,7.7637668273125175,shannon
