nameseq,k1,k2,k3,k4,label
2_110211346_110212842,1.94694975958348,3.886712934096293,5.805888635276938,7.6369543054950535,shannon
