nameseq,k1,k2,k3,k4,label
2_135042362_135042649,1.918574279285378,3.7958714225538346,5.531007359568959,6.924040546522653,shannon
