nameseq,k1,k2,k3,k4,label
2_137885607_137894753,1.9966166364281994,3.9783172181469566,5.94227600017294,7.879439376932558,shannon
