nameseq,k1,k2,k3,k4,label
2_139529106_139532554,1.9946063550340314,3.982674422503671,5.954287189158547,7.884802090853204,shannon
