nameseq,k1,k2,k3,k4,label
2_134682296_134684787,1.9933351367004186,3.961592161744959,5.886702857239863,7.725233417002923,shannon
