nameseq,k1,k2,k3,k4,label
2_139015649_139021168,1.958765152358674,3.901766750319014,5.824283912918509,7.718661965956513,shannon
