nameseq,k1,k2,k3,k4,label
2_135895210_135899209,1.9840437554672161,3.946228635543855,5.859276879902144,7.7188118489311766,shannon
