nameseq,k1,k2,k3,k4,label
2_14129441_14129611,1.9185676350087515,3.7172310084527327,5.280820411704651,6.361379235199138,shannon
