nameseq,k1,k2,k3,k4,label
2_14080923_14081324,1.9946659922760253,3.8833219977487654,5.663593754234728,7.183364541913096,shannon
