nameseq,k1,k2,k3,k4,label
2_141671208_141673869,1.993668840135522,3.9753808524785788,5.9228131224198775,7.779219816835409,shannon
