nameseq,k1,k2,k3,k4,label
2_140630602_140638512,1.9941327337082206,3.976200410944518,5.9454160170915555,7.888488481313869,shannon
