nameseq,k1,k2,k3,k4,label
2_150945986_150966334,1.9977656046155277,3.9861021801456302,5.9646274715611085,7.926121180239498,shannon
