nameseq,k1,k2,k3,k4,label
2_160903011_160903602,1.9469673734862247,3.858519324938529,5.663121026156555,7.249896143432617,shannon
