nameseq,k1,k2,k3,k4,label
2_162591202_162591407,1.9768673136480601,3.8713051109530525,5.492354631522983,6.700544599227378,shannon
