nameseq,k1,k2,k3,k4,label
2_16096756_16097190,1.9831020310911325,3.947429697566378,5.86240482394434,7.455242118141644,shannon
