nameseq,k1,k2,k3,k4,label
2_162855719_162855806,1.9526617639348431,3.8079340948652427,5.4201098126906935,6.0857465243220945,shannon
