nameseq,k1,k2,k3,k4,label
2_24242483_24243014,1.940847867453925,3.8549623645674225,5.701722040629846,7.313333634495368,shannon
