nameseq,k1,k2,k3,k4,label
2_25222704_25222833,1.995040342758243,3.8760942574226793,5.4473255904566775,6.3860915764337225,shannon
