nameseq,k1,k2,k3,k4,label
2_29995134_29995327,1.897440741629816,3.7644774758629556,5.516897616509885,6.69512775005134,shannon
