nameseq,k1,k2,k3,k4,label
2_34705231_34705464,1.977826572379438,3.893465108905584,5.612497160174533,6.853729156215496,shannon
