nameseq,k1,k2,k3,k4,label
2_35272613_35275180,1.9859408725902752,3.9636845653610013,5.923332617782309,7.827078007282939,shannon
