nameseq,k1,k2,k3,k4,label
2_35811734_35817767,1.988935539886012,3.9461479169314817,5.883200958151185,7.782982763694614,shannon
