nameseq,k1,k2,k3,k4,label
2_53961995_53962149,1.9726863656042712,3.9070958146595616,5.650996425299166,6.678655638358177,shannon
