nameseq,k1,k2,k3,k4,label
2_54613112_54615022,1.9954158674593723,3.963416148754425,5.89836477477863,7.767444870936858,shannon
