nameseq,k1,k2,k3,k4,label
2_58973040_58981688,1.9784867904071308,3.9421885769718856,5.897486237766156,7.829997803580053,shannon
