nameseq,k1,k2,k3,k4,label
2_60094468_60094658,1.9899994458385604,3.931788731476878,5.701993253868236,6.857676351631609,shannon
