nameseq,k1,k2,k3,k4,label
2_60033323_60033626,1.9810034789106734,3.934842936367726,5.814300101044693,7.208431326265888,shannon
