nameseq,k1,k2,k3,k4,label
2_60375459_60377900,1.9476381642683234,3.8687687869691754,5.772461282696692,7.61710758162543,shannon
