nameseq,k1,k2,k3,k4,label
2_60632225_60634256,1.9588034223837392,3.888378769204192,5.800596069858099,7.651965920470488,shannon
