nameseq,k1,k2,k3,k4,label
2_70453156_70453576,1.9093545001375616,3.771167705686428,5.531502060634015,6.929943186691022,shannon
