nameseq,k1,k2,k3,k4,label
2_7234849_7235089,1.9756619696892939,3.886333879703937,5.315269257828744,6.173166063840525,shannon
