nameseq,k1,k2,k3,k4,label
2_84345144_84345216,1.9497150623771482,3.5925678330759045,4.838569881056783,5.63978783828082,shannon
