nameseq,k1,k2,k3,k4,label
2_88035495_88035795,1.9326128023100735,3.828315339839481,5.5527986484731615,6.930313133138859,shannon
