nameseq,k1,k2,k3,k4,label
2_90785493_90792239,1.9855512945143166,3.9483336718874362,5.8914882230020575,7.8057904892903895,shannon
