nameseq,k1,k2,k3,k4,label
2_9682764_9682840,1.8649337114236813,3.6352781729832206,4.883911737954306,5.636959744323544,shannon
