nameseq,k1,k2,k3,k4,label
3_115627282_115627336,1.7166789590399145,3.179558754370174,4.354448991931667,5.017559429596345,shannon
