nameseq,k1,k2,k3,k4,label
3_114561479_114566780,1.992987975325369,3.9771661998498393,5.947308409534457,7.885718135861738,shannon
