nameseq,k1,k2,k3,k4,label
3_115648703_115650258,1.9872300713595241,3.9485425261226443,5.882927804154124,7.7269179607983975,shannon
