nameseq,k1,k2,k3,k4,label
3_110654657_110654763,1.980821475853777,3.851367751556944,5.361339684825059,6.170445338537601,shannon
