nameseq,k1,k2,k3,k4,label
3_12085466_12085621,1.8587437605206254,3.655874105332145,5.22620738235698,6.291455123874588,shannon
