nameseq,k1,k2,k3,k4,label
3_1210619_1213411,1.9344820708839352,3.8482499552453917,5.7344942127811755,7.565642482425057,shannon
