nameseq,k1,k2,k3,k4,label
3_141720228_141720442,1.9375905421936972,3.8361757617510963,5.576295870823888,6.7432868488011914,shannon
