nameseq,k1,k2,k3,k4,label
3_141245360_141245653,1.9556552123120046,3.8410509371605355,5.642096778088089,7.062512713878749,shannon
