nameseq,k1,k2,k3,k4,label
3_38304815_38304969,1.9514184465613964,3.7889369780842,5.236826062199491,6.237907490597057,shannon
