nameseq,k1,k2,k3,k4,label
3_52496926_52496992,1.9419122357690182,3.7112095605396567,4.933229543498128,5.632659765557392,shannon
