nameseq,k1,k2,k3,k4,label
3_5297781_5298017,1.9629073733895563,3.8932595445705473,5.690890457366027,7.0571007771740115,shannon
