nameseq,k1,k2,k3,k4,label
3_53256060_53259499,1.9800293678840688,3.9406527944488627,5.87923350897125,7.771946472876383,shannon
