nameseq,k1,k2,k3,k4,label
3_53359263_53359426,1.924211808325222,3.7887224265811597,5.477600744962955,6.639710589200678,shannon
