nameseq,k1,k2,k3,k4,label
3_54053435_54053552,1.9964736764972677,3.8722281433144894,5.5450175250948295,6.449752876993707,shannon
