nameseq,k1,k2,k3,k4,label
3_54055481_54056001,1.9632187101758802,3.88899299087529,5.759828612162677,7.350514295339823,shannon
