nameseq,k1,k2,k3,k4,label
3_55544690_55548544,1.9985760695881134,3.983146418142405,5.9497455845535985,7.880157166734799,shannon
