nameseq,k1,k2,k3,k4,label
3_55090406_55090470,1.8530431194010824,3.5920928315132192,4.818239447172077,5.502583407161069,shannon
