nameseq,k1,k2,k3,k4,label
3_59461215_59481289,1.969005431238526,3.9244152592938764,5.8705257572906815,7.8024537886789895,shannon
