nameseq,k1,k2,k3,k4,label
3_72947736_72975122,1.9942698555350211,3.981869203749222,5.960367264203411,7.9235272926255185,shannon
