nameseq,k1,k2,k3,k4,label
3_79230313_79231866,1.935055675915401,3.8302639266149563,5.687964878885119,7.476325953401192,shannon
