nameseq,k1,k2,k3,k4,label
4_106026598_106055974,1.9899579106391898,3.963690934790718,5.934274163355818,7.892934475678667,shannon
