nameseq,k1,k2,k3,k4,label
4_108432986_108451606,1.9936259482481518,3.975132928885067,5.948669027042804,7.900150183534245,shannon
