nameseq,k1,k2,k3,k4,label
4_114978892_114980398,1.9504955744035042,3.8797707800492183,5.784403163497205,7.580104840157966,shannon
