nameseq,k1,k2,k3,k4,label
4_127439274_127439386,1.9448419585211678,3.8001056401077333,5.313302100639229,6.276725395303509,shannon
