nameseq,k1,k2,k3,k4,label
4_129659631_129659699,1.9860294776190124,3.9405887689064873,5.442590123132138,5.92318199814634,shannon
