nameseq,k1,k2,k3,k4,label
4_126915630_126930282,1.9772296395632958,3.9458866513923865,5.909188171065409,7.860092941062968,shannon
