nameseq,k1,k2,k3,k4,label
4_128804038_128812649,1.9888955295716895,3.948790260834797,5.891200799027976,7.806829395161629,shannon
