nameseq,k1,k2,k3,k4,label
4_129173229_129177359,1.9870015814007644,3.9513092758012838,5.889631796078138,7.790057147053796,shannon
