nameseq,k1,k2,k3,k4,label
4_128303071_128303133,1.9815628954986149,3.857322224692615,5.242212747398951,5.873557262275184,shannon
