nameseq,k1,k2,k3,k4,label
4_12958197_12958649,1.9881092690351836,3.9280762154580695,5.786281296409256,7.354859950598681,shannon
