nameseq,k1,k2,k3,k4,label
4_131924185_131924304,1.9818486211790447,3.937970084581859,5.621677053434116,6.539126364864044,shannon
