nameseq,k1,k2,k3,k4,label
4_130550176_130550262,1.940401576061665,3.819369188128539,5.292992665672044,6.073806857276814,shannon
