nameseq,k1,k2,k3,k4,label
4_139246497_139249221,1.9862643281954677,3.9579543306385565,5.902783509567383,7.792460683244721,shannon
