nameseq,k1,k2,k3,k4,label
4_131283019_131284551,1.971870515538522,3.916535136727277,5.830273088824185,7.675787470306634,shannon
