nameseq,k1,k2,k3,k4,label
4_14557799_14560616,1.9899347936593417,3.9716586413320822,5.935734250803861,7.839192352689086,shannon
