nameseq,k1,k2,k3,k4,label
4_146282440_146283591,1.9952833812161948,3.9600409121310136,5.906953672877,7.757316976205316,shannon
