nameseq,k1,k2,k3,k4,label
4_164963370_164967113,1.9928665403016395,3.9722702630368714,5.918628611290594,7.814542282349076,shannon
