nameseq,k1,k2,k3,k4,label
4_163230579_163230862,1.9642284770988139,3.897471794111578,5.7429022744754326,7.182016800447792,shannon
