nameseq,k1,k2,k3,k4,label
4_164204322_164204474,1.9505675871596115,3.820301559854795,5.509881647086428,6.5835254403660635,shannon
