nameseq,k1,k2,k3,k4,label
4_164218292_164218413,1.9437172487498737,3.781230638629646,5.380784896049283,6.371585305270209,shannon
