nameseq,k1,k2,k3,k4,label
4_164115669_164125372,1.9987302643440699,3.9779636648176884,5.9443508606522695,7.876952144867419,shannon
