nameseq,k1,k2,k3,k4,label
4_172376593_172393235,1.9865372118180638,3.9684154732012367,5.943074058169306,7.897233735691098,shannon
