nameseq,k1,k2,k3,k4,label
4_182493648_182500709,1.958541076409296,3.9001266438625533,5.835848955804208,7.7461675986258705,shannon
