nameseq,k1,k2,k3,k4,label
4_199482647_199482713,1.9052862412093714,3.724900690843166,4.941373005236296,5.476409765557392,shannon
