nameseq,k1,k2,k3,k4,label
4_19975673_19977093,1.9536757873210824,3.879044414926993,5.772768048301751,7.590207365030408,shannon
