nameseq,k1,k2,k3,k4,label
4_206742573_206743340,1.9069389727815476,3.78350932843796,5.602206487286031,7.274858234168717,shannon
