nameseq,k1,k2,k3,k4,label
4_208893109_208894131,1.9743812869514148,3.9096041367677827,5.824229863095557,7.613678528709875,shannon
