nameseq,k1,k2,k3,k4,label
4_20801853_20801933,1.8886967080153405,3.6166756522683436,4.920233596960043,5.621627378979979,shannon
