nameseq,k1,k2,k3,k4,label
4_201422443_201422626,1.8855237763260475,3.6692874402433238,5.293651342265886,6.4300175922004,shannon
