nameseq,k1,k2,k3,k4,label
4_202397166_202397875,1.9836760349191906,3.9284696900126175,5.829981920197257,7.5197838928308744,shannon
