nameseq,k1,k2,k3,k4,label
4_201266028_201275289,1.951615953043864,3.888191576205308,5.808102315435178,7.705029244544863,shannon
