nameseq,k1,k2,k3,k4,label
4_208296532_208298366,1.9093657036751552,3.7803648835579433,5.613781315975589,7.341713866991839,shannon
