nameseq,k1,k2,k3,k4,label
4_200419130_200419532,1.9725116094553807,3.9057473961141302,5.762521623040589,7.310343784981097,shannon
