nameseq,k1,k2,k3,k4,label
4_202016025_202016165,1.8987172425735255,3.663753089027406,5.2536774077269195,6.2588260439797505,shannon
