nameseq,k1,k2,k3,k4,label
4_206755577_206756354,1.977445386453517,3.906903278099274,5.778120803213653,7.495496652621672,shannon
