nameseq,k1,k2,k3,k4,label
4_201434229_201434812,1.969262114445805,3.921881668958489,5.826791702906689,7.54765403273947,shannon
