nameseq,k1,k2,k3,k4,label
4_204334141_204343101,1.9742957865741004,3.935562953180112,5.881784261028216,7.811478340152556,shannon
