nameseq,k1,k2,k3,k4,label
4_202468313_202470660,1.9797802741326307,3.9531302133285395,5.905691633499776,7.7824154647545765,shannon
