nameseq,k1,k2,k3,k4,label
4_203365678_203366419,1.9617319760468328,3.892064876379588,5.790031025207869,7.5439937682564935,shannon
