nameseq,k1,k2,k3,k4,label
4_208698733_208710374,1.9878694276399385,3.9545351365181243,5.904507772806723,7.840659930426405,shannon
