nameseq,k1,k2,k3,k4,label
4_203685643_203688721,1.995075984708358,3.977092562948598,5.942840634159309,7.857474167318422,shannon
