nameseq,k1,k2,k3,k4,label
4_216370379_216370689,1.9458528603622902,3.865604746048006,5.659585713763338,7.101784837915147,shannon
