nameseq,k1,k2,k3,k4,label
4_215038338_215042231,1.9867741999612352,3.938844599943398,5.883082223718869,7.786598148581777,shannon
