nameseq,k1,k2,k3,k4,label
4_214879744_214880127,1.9263988192950492,3.8117495655012914,5.57536783631313,6.946712068834889,shannon
