nameseq,k1,k2,k3,k4,label
4_215491443_215494098,1.9890357631998326,3.9400616089880116,5.857952784418794,7.715873804210823,shannon
