nameseq,k1,k2,k3,k4,label
4_237522674_237533185,1.995758072540149,3.9870294841952654,5.9676379305594525,7.929117180553199,shannon
