nameseq,k1,k2,k3,k4,label
4_234776526_234776612,1.9639081031534116,3.866485101277655,5.420695641816436,6.225650756112094,shannon
