nameseq,k1,k2,k3,k4,label
4_238161691_238171480,1.9963651563946905,3.9763258984262286,5.945418116300092,7.890252260134056,shannon
