nameseq,k1,k2,k3,k4,label
4_236038451_236047154,1.9816571206869413,3.941913279873167,5.874024607126948,7.779551707741846,shannon
