nameseq,k1,k2,k3,k4,label
4_238655058_238656173,1.9570921302408801,3.888006294621711,5.781445825217874,7.565852790426357,shannon
