nameseq,k1,k2,k3,k4,label
4_236557640_236558648,1.9962355570698107,3.9736352402552004,5.919268827672691,7.746073745892828,shannon
