nameseq,k1,k2,k3,k4,label
4_235798298_235798428,1.9066114517081876,3.7320702801651433,5.308296857042686,6.18817653907629,shannon
