nameseq,k1,k2,k3,k4,label
4_239899463_239901598,1.9934298284380376,3.9696662860364738,5.911683196792024,7.798830668655327,shannon
