nameseq,k1,k2,k3,k4,label
4_237680201_237695520,1.9713889992298197,3.926378055655157,5.875938638113471,7.809086827704418,shannon
