nameseq,k1,k2,k3,k4,label
4_232906211_232906589,1.9621691558349945,3.8978863429674204,5.742892325801047,7.214880367962878,shannon
