nameseq,k1,k2,k3,k4,label
4_232926229_232926353,1.9015357741977483,3.728299376160902,5.333882473629407,6.2276681776381615,shannon
