nameseq,k1,k2,k3,k4,label
4_238109477_238117553,1.9958865422807572,3.9786196874276887,5.947021742886369,7.888244854925988,shannon
