nameseq,k1,k2,k3,k4,label
4_237651528_237651943,1.988993547622682,3.952429475790566,5.840559962846766,7.418825032321596,shannon
