nameseq,k1,k2,k3,k4,label
4_238963855_238964052,1.9850958953962508,3.8842479099628084,5.597358845115288,6.786749449809397,shannon
