nameseq,k1,k2,k3,k4,label
4_234696699_234696936,1.9254478588560615,3.7738435542715627,5.53099575786381,6.886382653080979,shannon
