nameseq,k1,k2,k3,k4,label
4_235980622_235983776,1.9963170350775286,3.964090380340813,5.911762232364083,7.790530158904978,shannon
