nameseq,k1,k2,k3,k4,label
4_235220833_235220923,1.8847934590704258,3.671811780661167,5.190299408562939,6.101365993588133,shannon
