nameseq,k1,k2,k3,k4,label
4_235967375_235967452,1.9938182629077397,3.9189401978181246,5.388924717191691,6.042152023829222,shannon
