nameseq,k1,k2,k3,k4,label
4_234206359_234207506,1.9837752821472452,3.9276568209458365,5.824152091969196,7.6041147807500105,shannon
