nameseq,k1,k2,k3,k4,label
4_238281579_238281831,1.927942705509727,3.8073859189794024,5.538143217614162,6.8468401131371515,shannon
