nameseq,k1,k2,k3,k4,label
4_244594619_244594824,1.9969367153159343,3.966812179491205,5.722835123121901,6.884210670730551,shannon
