nameseq,k1,k2,k3,k4,label
4_26253760_26258561,1.9863869570601929,3.9333981334514436,5.85721118725129,7.7360012063007675,shannon
