nameseq,k1,k2,k3,k4,label
4_26994422_26995363,1.9795126765119577,3.9359424111766805,5.84993012926539,7.619912871385136,shannon
