nameseq,k1,k2,k3,k4,label
4_28202036_28202187,1.966540449142911,3.8488242093776854,5.424601091606038,6.58803362101715,shannon
