nameseq,k1,k2,k3,k4,label
4_28432682_28433029,1.9739307452208248,3.925666234650578,5.752208619528048,7.218668096726393,shannon
