nameseq,k1,k2,k3,k4,label
4_28431514_28432497,1.9849402861737238,3.9556372911316124,5.8592271084116225,7.564411501494904,shannon
