nameseq,k1,k2,k3,k4,label
4_29545233_29545574,1.8907654530629872,3.7407919317669753,5.457438069313721,6.883471056711992,shannon
