nameseq,k1,k2,k3,k4,label
4_55193405_55194269,1.9788535177521385,3.926746967203749,5.821881985907357,7.575156173994655,shannon
