nameseq,k1,k2,k3,k4,label
4_61154893_61167209,1.9969995319862393,3.9841654025703788,5.960851586364373,7.918708295157036,shannon
