nameseq,k1,k2,k3,k4,label
4_61777440_61777585,1.9222790877123206,3.8257303799106186,5.524785791007421,6.572185322671349,shannon
