nameseq,k1,k2,k3,k4,label
4_6295671_6301532,1.9739719363021704,3.921418093959136,5.839034498821186,7.710649257181147,shannon
