nameseq,k1,k2,k3,k4,label
4_62392778_62394924,1.998471838739657,3.9763914777786384,5.906387121328927,7.741921965036891,shannon
