nameseq,k1,k2,k3,k4,label
4_63378546_63396827,1.9913897416020658,3.9750745858327416,5.952940274608366,7.912465056526381,shannon
