nameseq,k1,k2,k3,k4,label
4_63069427_63069866,1.901829473527,3.7707914322913623,5.570593927299814,7.128413569721615,shannon
