nameseq,k1,k2,k3,k4,label
4_68057429_68057628,1.9921699027405468,3.9441323018391325,5.551772297924677,6.70048392594552,shannon
