nameseq,k1,k2,k3,k4,label
4_9294962_9302838,1.9722607972400508,3.9300655904317794,5.875411394041919,7.794846198605928,shannon
