nameseq,k1,k2,k3,k4,label
5_100049112_100051418,1.9914475975164447,3.9777437385148104,5.942233576336049,7.844383128736662,shannon
