nameseq,k1,k2,k3,k4,label
5_130261580_130261792,1.7866033119032916,3.5262900361883274,5.124132234877012,6.350066961304777,shannon
