nameseq,k1,k2,k3,k4,label
5_135279207_135281407,1.9946875689654626,3.9770685651082585,5.94171296085557,7.841994371932313,shannon
