nameseq,k1,k2,k3,k4,label
5_132047463_132047919,1.978064082106544,3.9137670010320096,5.775499230494962,7.349644173902671,shannon
