nameseq,k1,k2,k3,k4,label
5_135412437_135412619,1.877834727211092,3.7086138392464716,5.333514664920278,6.566472957272508,shannon
