nameseq,k1,k2,k3,k4,label
5_131705163_131705239,1.9643483215406858,3.74292040281722,5.08382798408352,5.827498466892598,shannon
