nameseq,k1,k2,k3,k4,label
5_133638256_133638972,1.9809054185191943,3.9353419102977374,5.816918629975612,7.51520814707224,shannon
