nameseq,k1,k2,k3,k4,label
5_137792285_137792338,1.982128840572068,3.7138625605216133,4.781700535240758,5.3683121065925405,shannon
