nameseq,k1,k2,k3,k4,label
5_143108280_143108615,1.988212574942089,3.9538106972286378,5.785216687517526,7.210432161804277,shannon
