nameseq,k1,k2,k3,k4,label
5_141204306_141204527,1.946866476238457,3.836961819043013,5.651354462251832,7.021668552720405,shannon
