nameseq,k1,k2,k3,k4,label
5_155695353_155695465,1.81634394306781,3.5497323636296545,5.084340495198143,6.1914155954375625,shannon
