nameseq,k1,k2,k3,k4,label
5_157892928_157893095,1.8656924706475206,3.674141849973967,5.209272018888003,6.294517757733802,shannon
