nameseq,k1,k2,k3,k4,label
5_158673802_158688868,1.989181986830921,3.966061793041953,5.9398124224139055,7.900464791077769,shannon
