nameseq,k1,k2,k3,k4,label
5_158216314_158225519,1.9832012662883383,3.9515947187339964,5.913696995836136,7.851018414849211,shannon
