nameseq,k1,k2,k3,k4,label
5_162361745_162362026,1.9865294306174237,3.9624482993097585,5.7966273609372045,7.142072555439039,shannon
