nameseq,k1,k2,k3,k4,label
5_1654311_1654538,1.9489940138989392,3.8705940758117263,5.592231324456767,6.8036727761184235,shannon
