nameseq,k1,k2,k3,k4,label
5_179610820_179611199,1.9800380513959828,3.896540197539868,5.718502557152483,7.217594297037313,shannon
