nameseq,k1,k2,k3,k4,label
5_175234712_175234773,1.8518177841906396,3.6708304146499575,4.848824871352451,5.5647636001726255,shannon
