nameseq,k1,k2,k3,k4,label
5_179724480_179724603,1.9736407168415442,3.905510320678028,5.683376144901206,6.625394022362811,shannon
