nameseq,k1,k2,k3,k4,label
5_179858714_179880141,1.9953193156117055,3.9855907570732185,5.969850019332227,7.9292014660485695,shannon
