nameseq,k1,k2,k3,k4,label
5_178250526_178251301,1.9985899367516486,3.9690819472534207,5.8718559097126235,7.632213466654661,shannon
