nameseq,k1,k2,k3,k4,label
5_182276854_182277151,1.9919673989131783,3.925110409073776,5.701120322614301,7.058027300214001,shannon
