nameseq,k1,k2,k3,k4,label
5_182115013_182115408,1.95093094386367,3.8689889283017864,5.6936604199442264,7.193824112512882,shannon
