nameseq,k1,k2,k3,k4,label
5_180439085_180449664,1.9926309325860858,3.969501155866834,5.927775791203568,7.863134371348918,shannon
