nameseq,k1,k2,k3,k4,label
5_182419102_182433404,1.9844388822387629,3.9529537582908674,5.914024588709904,7.861688454987836,shannon
