nameseq,k1,k2,k3,k4,label
5_180736700_180739927,1.9870544806382842,3.9456351535292997,5.878868887252734,7.769365651511679,shannon
