nameseq,k1,k2,k3,k4,label
5_181211861_181214220,1.981032418449841,3.937617370017757,5.878733495683588,7.7554111173697935,shannon
