nameseq,k1,k2,k3,k4,label
5_198564616_198566987,1.9995222315412073,3.9906453978721044,5.957258366788492,7.850407459890773,shannon
