nameseq,k1,k2,k3,k4,label
5_191257793_191257911,1.8737150868417487,3.669128559766523,5.184432178719742,6.224276038193709,shannon
