nameseq,k1,k2,k3,k4,label
5_205068994_205069256,1.90446765855727,3.772638967485997,5.548026904994401,6.935542357861792,shannon
