nameseq,k1,k2,k3,k4,label
5_202452427_202459150,1.992056627364824,3.9701222385654544,5.932733682993048,7.852728457167703,shannon
