nameseq,k1,k2,k3,k4,label
5_201951891_201952082,1.9409132890323677,3.853638155592332,5.606117178075522,6.770978535217713,shannon
