nameseq,k1,k2,k3,k4,label
5_205985027_206004029,1.9962039521654966,3.983517065624033,5.959952362029925,7.914609491064453,shannon
