nameseq,k1,k2,k3,k4,label
5_211937473_211938369,1.979300669891984,3.923310701320734,5.833359547394006,7.629467390540418,shannon
