nameseq,k1,k2,k3,k4,label
5_220726602_220726767,1.8167034523156254,3.4900793046018665,4.873489837091268,5.801585462097526,shannon
