nameseq,k1,k2,k3,k4,label
5_26084426_26084502,1.9623731409614227,3.763678502980771,5.133632483996981,5.7566185682731845,shannon
