nameseq,k1,k2,k3,k4,label
5_29773267_29773502,1.9398410091892146,3.8419266009921444,5.541270596875329,6.831634910914837,shannon
