nameseq,k1,k2,k3,k4,label
5_42252525_42253019,1.9805152472139185,3.938301706697689,5.800784762539306,7.315760379911951,shannon
