nameseq,k1,k2,k3,k4,label
5_4336204_4336640,1.8246016171092267,3.6109116911170274,5.284480684870206,6.704776769082992,shannon
