nameseq,k1,k2,k3,k4,label
5_44708494_44709335,1.9418826181076525,3.8573583884565417,5.71834053526897,7.39231641278562,shannon
