nameseq,k1,k2,k3,k4,label
5_44367719_44368880,1.963061018894931,3.8859823072702975,5.78757096789931,7.578117564102337,shannon
