nameseq,k1,k2,k3,k4,label
5_45516065_45516175,1.9077916055489323,3.7836419057713035,5.400910760767763,6.326510997473734,shannon
