nameseq,k1,k2,k3,k4,label
5_45348708_45357719,1.9910797171162837,3.9607702858589873,5.925526663102062,7.869021653419481,shannon
