nameseq,k1,k2,k3,k4,label
5_4675015_4675569,1.9933894359873547,3.9461315902283265,5.813953269675692,7.470885559642387,shannon
