nameseq,k1,k2,k3,k4,label
5_47474392_47483335,1.9901775005949627,3.965363386923128,5.929780973566738,7.868256207049187,shannon
