nameseq,k1,k2,k3,k4,label
5_47846595_47849905,1.9806093222305725,3.924414895799727,5.843103786112718,7.7108654047302725,shannon
