nameseq,k1,k2,k3,k4,label
5_67870804_67870886,1.9634902098346019,3.6935073059971253,5.069038929186504,5.793619813556228,shannon
