nameseq,k1,k2,k3,k4,label
5_67685683_67686017,1.9184941241596438,3.732601147882882,5.406579555223626,6.719231770530081,shannon
