nameseq,k1,k2,k3,k4,label
5_73026004_73027680,1.9794352932356163,3.9401603987033775,5.873725299359199,7.729112964242285,shannon
