nameseq,k1,k2,k3,k4,label
5_7530384_7530674,1.9666078454712874,3.8580577639040645,5.68046698799444,7.045616062388463,shannon
