nameseq,k1,k2,k3,k4,label
5_77860352_77881755,1.9906568100681308,3.9689379424949642,5.941166717146805,7.8999756778564505,shannon
