nameseq,k1,k2,k3,k4,label
5_94252603_94260965,1.993795504831167,3.9726356113055314,5.933335780400574,7.870448636490472,shannon
