nameseq,k1,k2,k3,k4,label
5_94238960_94239474,1.968147756993178,3.8863529243064163,5.696710195841867,7.283509237287575,shannon
