nameseq,k1,k2,k3,k4,label
5_95470541_95471866,1.9788249809502105,3.934027308861739,5.851860583766402,7.671260921677558,shannon
