nameseq,k1,k2,k3,k4,label
6_103139593_103141279,1.9809444848112434,3.9187764916044565,5.821074660766335,7.631946647104424,shannon
