nameseq,k1,k2,k3,k4,label
6_126037971_126042443,1.9923932030396623,3.9738202153601043,5.943257506211253,7.861535964536863,shannon
