nameseq,k1,k2,k3,k4,label
6_121211959_121212070,1.9370449280867994,3.696193325467052,5.128573691953529,6.022457604454496,shannon
