nameseq,k1,k2,k3,k4,label
6_1387419_1387511,1.9741788778835272,3.798354654360626,5.3371427169791295,6.005470457320585,shannon
