nameseq,k1,k2,k3,k4,label
6_141537178_141548980,1.99082612590961,3.9655715030785563,5.922276449145191,7.856407784581234,shannon
