nameseq,k1,k2,k3,k4,label
6_147120780_147121369,1.8861911722719809,3.7305386627932515,5.531457511858345,7.128966110884863,shannon
