nameseq,k1,k2,k3,k4,label
6_144602866_144606483,1.9790881934030042,3.932093728238739,5.870794032278207,7.765799600788557,shannon
