nameseq,k1,k2,k3,k4,label
6_144696217_144696380,1.9859965137630016,3.9471850621971356,5.692792790422771,6.741514064514725,shannon
