nameseq,k1,k2,k3,k4,label
6_147234858_147235100,1.97832293437921,3.9342962989730257,5.767977825037087,7.1009606872645366,shannon
