nameseq,k1,k2,k3,k4,label
6_140388037_140388129,1.9503088709140346,3.8148563640934494,5.390315689960118,6.177801290701994,shannon
