nameseq,k1,k2,k3,k4,label
6_141281628_141284432,1.9941529476791335,3.939706221744141,5.857191470489295,7.728764191654428,shannon
