nameseq,k1,k2,k3,k4,label
6_158611129_158611351,1.9735295340564938,3.9269663321518613,5.699971244160697,7.001709515921603,shannon
