nameseq,k1,k2,k3,k4,label
6_166935555_166942686,1.9940557456831896,3.9730360629055976,5.94032770840875,7.878326742319907,shannon
