nameseq,k1,k2,k3,k4,label
6_163414777_163414970,1.9598796603818118,3.8379503108396738,5.553829934459446,6.659980925327797,shannon
