nameseq,k1,k2,k3,k4,label
6_164893285_164893738,1.9857755427276131,3.920454788228509,5.787422321591158,7.335683895400476,shannon
