nameseq,k1,k2,k3,k4,label
6_161448301_161448800,1.9544196633228752,3.8513416642557856,5.659887978974905,7.181204697494271,shannon
