nameseq,k1,k2,k3,k4,label
6_35677314_35677921,1.9977749745835678,3.9782960120011146,5.8906065395508875,7.5948648057864,shannon
