nameseq,k1,k2,k3,k4,label
6_38713899_38714030,1.9461799636829544,3.8736156339335976,5.516185363719488,6.46653994917138,shannon
