nameseq,k1,k2,k3,k4,label
6_3929767_3929860,1.9780451653016224,3.894456319868399,5.26542493473251,6.029665244546759,shannon
