nameseq,k1,k2,k3,k4,label
6_39871930_39872977,1.9962857530907563,3.9606526081353577,5.796912188516938,7.319911936321826,shannon
