nameseq,k1,k2,k3,k4,label
6_4714949_4721284,1.975088012005438,3.9210964454636414,5.856582158686822,7.76150212886067,shannon
