nameseq,k1,k2,k3,k4,label
6_55328148_55328346,1.9696326784667915,3.8578565254548463,5.591597600684034,6.820583617116507,shannon
