nameseq,k1,k2,k3,k4,label
6_58067581_58078832,1.9994164609932223,3.9803221671801836,5.948604199686451,7.897705275830837,shannon
