nameseq,k1,k2,k3,k4,label
6_5971281_5971475,1.8897045756466906,3.670142384053866,5.263901752778164,6.4701064148583916,shannon
