nameseq,k1,k2,k3,k4,label
6_70008658_70008759,1.9620697127930828,3.8883630500465087,5.48372350509128,6.278297150360792,shannon
