nameseq,k1,k2,k3,k4,label
6_7125028_7125272,1.9724282996556028,3.866482308949239,5.632805892912658,6.941241594872564,shannon
