nameseq,k1,k2,k3,k4,label
6_86649875_86650088,1.9887309957565205,3.9469813812110717,5.754424012132393,6.999280408973559,shannon
