nameseq,k1,k2,k3,k4,label
6_97149448_97149737,1.993515362738484,3.9608851710439037,5.807161066561901,7.200421714174578,shannon
