nameseq,k1,k2,k3,k4,label
6_97623221_97623562,1.9928750322372335,3.964226246980891,5.815403389484741,7.242116779082612,shannon
