nameseq,k1,k2,k3,k4,label
7_119515969_119516343,1.9767521360523164,3.867189638689645,5.647343179941299,7.164900336779906,shannon
