nameseq,k1,k2,k3,k4,label
7_11290949_11291138,1.955234452919382,3.8308064299615787,5.483538734116236,6.6790980375623095,shannon
