nameseq,k1,k2,k3,k4,label
7_129924353_129924487,1.9722321701703192,3.913665145788599,5.684771676291905,6.65988739585721,shannon
