nameseq,k1,k2,k3,k4,label
7_136282090_136282388,1.9519795353929759,3.868008922493092,5.661052701542005,7.117569529435082,shannon
