nameseq,k1,k2,k3,k4,label
7_134897427_134897521,1.8432992916580497,3.579869226032694,5.008214763312922,5.852100678765526,shannon
