nameseq,k1,k2,k3,k4,label
7_136329287_136329600,1.9850860332238174,3.93399212781531,5.771297731666563,7.192696606422276,shannon
