nameseq,k1,k2,k3,k4,label
7_138694706_138695100,1.9637987698376151,3.896193572054751,5.726560173526106,7.216556792124117,shannon
