nameseq,k1,k2,k3,k4,label
7_137933383_137933737,1.923527832436399,3.825888202556444,5.657335900037294,7.144271384667758,shannon
