nameseq,k1,k2,k3,k4,label
7_137480426_137480482,1.9822429040023533,3.5916727785823275,4.72909965932598,5.157393752043276,shannon
