nameseq,k1,k2,k3,k4,label
7_146802198_146802655,1.964475253923501,3.896593900375608,5.746325648029183,7.280389192704116,shannon
