nameseq,k1,k2,k3,k4,label
7_152279724_152279912,1.9930517868918582,3.877443474456616,5.492038162241953,6.698417970006186,shannon
