nameseq,k1,k2,k3,k4,label
7_159583728_159583797,1.8903098162765646,3.7058040802685728,5.067108753231898,5.767581727771201,shannon
