nameseq,k1,k2,k3,k4,label
7_150627206_150627266,1.9229081925591758,3.764898830691495,5.166292837387425,5.651084443403433,shannon
