nameseq,k1,k2,k3,k4,label
7_169201587_169201669,1.9006922927300185,3.7127103433518664,5.225790361433667,5.953055907333272,shannon
