nameseq,k1,k2,k3,k4,label
7_167329809_167330108,1.9519708586120745,3.8549757766875055,5.5236356112152825,6.817850032569275,shannon
