nameseq,k1,k2,k3,k4,label
7_166311657_166311829,1.966400599621598,3.8454009831451046,5.526943051280634,6.62477871269502,shannon
