nameseq,k1,k2,k3,k4,label
7_170019252_170019541,1.9917455046382144,3.9515883148135256,5.827046900872979,7.283561207249775,shannon
