nameseq,k1,k2,k3,k4,label
7_171687211_171687286,1.9449274667113368,3.8619391129309335,5.297159108813725,5.960305552001072,shannon
