nameseq,k1,k2,k3,k4,label
7_181107384_181107455,1.9107502848956526,3.60780821929264,5.01301208141043,5.619039855172118,shannon
