nameseq,k1,k2,k3,k4,label
7_2759854_2759987,1.8325418026113462,3.588549157595866,5.062630454898714,6.027905639606983,shannon
