nameseq,k1,k2,k3,k4,label
7_33494221_33495271,1.9748243549284572,3.9290487433020767,5.856970626110787,7.663625448948577,shannon
