nameseq,k1,k2,k3,k4,label
7_36698951_36710023,1.9987007192556043,3.979668852755939,5.938345430685472,7.8751680753502855,shannon
