nameseq,k1,k2,k3,k4,label
7_36640379_36640463,1.979301593078374,3.9147820792158887,5.3345029497011405,5.958102157030727,shannon
