nameseq,k1,k2,k3,k4,label
7_36688388_36688485,1.9414955161244307,3.788358058518753,5.352631641098262,6.238173766180137,shannon
