nameseq,k1,k2,k3,k4,label
7_41118903_41119049,1.970099520517068,3.879216475254356,5.457302973730778,6.389344251484628,shannon
