nameseq,k1,k2,k3,k4,label
7_6602280_6602484,1.9834243577595867,3.927290287445288,5.632893526026095,6.950000344009391,shannon
