nameseq,k1,k2,k3,k4,label
7_6720191_6725828,1.9922345545725286,3.9725317162642964,5.924384071904491,7.815846706529093,shannon
