nameseq,k1,k2,k3,k4,label
7_92836138_92836179,1.9669675084869038,3.799642175814981,4.953055907333277,5.234120167580196,shannon
