nameseq,k1,k2,k3,k4,label
7_9599875_9600068,1.8748694505342356,3.7060067845812896,5.279118679992201,6.415849037981774,shannon
