nameseq,k1,k2,k3,k4,label
7_95804130_95808032,1.9890262287792124,3.961647207816463,5.896131996377112,7.787355285865845,shannon
