nameseq,k1,k2,k3,k4,label
7_95319348_95327468,1.9979978897435804,3.981734801733909,5.950324106271186,7.889929265466565,shannon
