nameseq,k1,k2,k3,k4,label
7_96274436_96288560,1.9901364701707969,3.9642208913144046,5.931714414574038,7.881132300593791,shannon
