nameseq,k1,k2,k3,k4,label
7_96486387_96490138,1.9882337596089343,3.929058342505799,5.844922913782202,7.705212055003376,shannon
