nameseq,k1,k2,k3,k4,label
7_96822905_96823397,1.9043630135961693,3.7256333385682927,5.39190024086572,6.7618308508766924,shannon
