nameseq,k1,k2,k3,k4,label
8_10754404_10754542,1.924843118652508,3.7761238070091054,5.329228189916587,6.391659970051138,shannon
