nameseq,k1,k2,k3,k4,label
8_116813541_116813648,1.8888991038499618,3.708134822988643,5.235193927774817,6.135627541455036,shannon
