nameseq,k1,k2,k3,k4,label
8_120753192_120753384,1.9977436010818679,3.9260630945347788,5.744442410346413,6.905098963468859,shannon
