nameseq,k1,k2,k3,k4,label
8_124285821_124285902,1.9892452969285002,3.8905775965477125,5.39519102629464,6.075932646911282,shannon
