nameseq,k1,k2,k3,k4,label
8_124278678_124281785,1.989619695709075,3.9584897750362438,5.900143042807284,7.785709025288481,shannon
