nameseq,k1,k2,k3,k4,label
8_132315634_132315855,1.9529737952867783,3.839493509880087,5.598952046806425,6.866417411167891,shannon
