nameseq,k1,k2,k3,k4,label
8_133025912_133026100,1.9686987365578277,3.897032840187689,5.69631391550958,6.912657063726424,shannon
