nameseq,k1,k2,k3,k4,label
8_147396941_147397150,1.9540187282869885,3.877761322664806,5.653770789240766,6.919679877766342,shannon
