nameseq,k1,k2,k3,k4,label
8_146955207_146955368,1.8904662871206417,3.6380059193744847,5.215551498659983,6.284436140990805,shannon
