nameseq,k1,k2,k3,k4,label
8_14292281_14294603,1.9891460492688822,3.941791256850871,5.847239878445407,7.678652338375933,shannon
