nameseq,k1,k2,k3,k4,label
8_145123472_145123735,1.9511522822855207,3.8037968990126823,5.576486875343464,6.920577116134007,shannon
