nameseq,k1,k2,k3,k4,label
8_144290483_144290664,1.8556028873239072,3.613677374586968,5.243498847925279,6.427766512029619,shannon
