nameseq,k1,k2,k3,k4,label
8_154550490_154550649,1.970423969190866,3.8788715299649352,5.630729192619996,6.689400685142238,shannon
