nameseq,k1,k2,k3,k4,label
8_167505272_167514803,1.9930692617614274,3.9770194557493643,5.950021607116862,7.899837006963518,shannon
