nameseq,k1,k2,k3,k4,label
8_161261343_161261656,1.9619146469920246,3.8750130565017873,5.665092324085338,7.034338797382709,shannon
