nameseq,k1,k2,k3,k4,label
8_167605065_167605183,1.9675116106710395,3.838406788642047,5.2833496310898,6.142517904957812,shannon
