nameseq,k1,k2,k3,k4,label
8_164454961_164463433,1.975757045005257,3.93210263029273,5.86443091314677,7.77732296696661,shannon
