nameseq,k1,k2,k3,k4,label
8_174604513_174604923,1.9561701517257386,3.8286856747598343,5.624895340015511,7.158688349673299,shannon
