nameseq,k1,k2,k3,k4,label
8_27665342_27665451,1.9460851883490011,3.8276207878692916,5.350732497610276,6.1944639488966455,shannon
