nameseq,k1,k2,k3,k4,label
8_55909986_55910082,1.8555715719519401,3.6649876467966465,5.083197193412859,5.881352548325032,shannon
