nameseq,k1,k2,k3,k4,label
8_55924553_55924896,1.925370073082563,3.8058870324284713,5.566941633242061,6.940991706811585,shannon
