nameseq,k1,k2,k3,k4,label
8_57973506_57973701,1.9828608110057448,3.919761587498637,5.645268177940915,6.871945897237177,shannon
