nameseq,k1,k2,k3,k4,label
8_71124617_71134559,1.997099201607533,3.979691408127321,5.95452414091077,7.910819168009519,shannon
