nameseq,k1,k2,k3,k4,label
8_71855806_71865488,1.9869455087921875,3.9568534523488803,5.913267007107182,7.852521045362421,shannon
