nameseq,k1,k2,k3,k4,label
8_7204578_7204701,1.9631743228640313,3.861149892773843,5.525841055156338,6.443575840544625,shannon
