nameseq,k1,k2,k3,k4,label
8_75712078_75712240,1.9590571021086556,3.7985806192077898,5.445798107929296,6.546059560591003,shannon
