nameseq,k1,k2,k3,k4,label
8_87469428_87471216,1.9757021995356427,3.9109038589239575,5.802420503134963,7.601837845859424,shannon
