nameseq,k1,k2,k3,k4,label
8_88266625_88275402,1.985474710529544,3.951979566736294,5.90492588025655,7.828404619822521,shannon
