nameseq,k1,k2,k3,k4,label
8_89730919_89731222,1.9629130155549865,3.869504881274079,5.573972453574578,6.83957503616058,shannon
