nameseq,k1,k2,k3,k4,label
8_9046883_9066809,1.9983562977068616,3.993261792786195,5.978812195710892,7.943592612274029,shannon
