nameseq,k1,k2,k3,k4,label
8_93813833_93813901,1.9601904917270752,3.693957887536384,5.065797399283834,5.771666846631188,shannon
