nameseq,k1,k2,k3,k4,label
9_101163178_101163459,1.9849703342605185,3.956212595593368,5.811383522554854,7.220117134330858,shannon
