nameseq,k1,k2,k3,k4,label
9_116809304_116809415,1.979678233154229,3.4799336906228606,4.379828556524668,4.84558319808576,shannon
