nameseq,k1,k2,k3,k4,label
9_120968447_120968612,1.9737225647618404,3.864747416609848,5.574522148140933,6.771801160259877,shannon
