nameseq,k1,k2,k3,k4,label
9_130971006_130971271,1.9704413590394982,3.9229626656363394,5.711088036412705,7.042840983792139,shannon
