nameseq,k1,k2,k3,k4,label
9_13091712_13091863,1.9838136272107936,3.8735548789246264,5.528726043801459,6.646791255259858,shannon
