nameseq,k1,k2,k3,k4,label
9_131426398_131426660,1.9353545026530945,3.6942164079107025,5.19274360289773,6.374642218701977,shannon
