nameseq,k1,k2,k3,k4,label
9_13841865_13842118,1.9315871189147082,3.795631577366624,5.484471984624957,6.715648572375524,shannon
