nameseq,k1,k2,k3,k4,label
9_143010488_143028179,1.9993722695750444,3.988017576467908,5.9650107027813615,7.924086585897023,shannon
