nameseq,k1,k2,k3,k4,label
9_142121284_142121636,1.9362399175112954,3.819308669121099,5.566342970389401,7.054423577819553,shannon
