nameseq,k1,k2,k3,k4,label
9_142595718_142595897,1.9816868934422502,3.9464228113615487,5.711229782736052,6.862975324045409,shannon
