nameseq,k1,k2,k3,k4,label
9_15134856_15138228,1.9513223368661405,3.888192470540901,5.7981075280777095,7.66749883796571,shannon
