nameseq,k1,k2,k3,k4,label
9_16821861_16822771,1.9611796021741472,3.9093176639890124,5.828431493737493,7.6172420153439875,shannon
