nameseq,k1,k2,k3,k4,label
9_23060401_23073205,1.9862687853065828,3.9581816399603618,5.917435165756733,7.856265290189789,shannon
