nameseq,k1,k2,k3,k4,label
9_24650019_24650118,1.934985026041686,3.7723350875993336,5.354007037772,6.135793769932972,shannon
