nameseq,k1,k2,k3,k4,label
9_24431580_24431716,1.9506521877002836,3.8247043041990176,5.417168423083036,6.4780743582229166,shannon
