nameseq,k1,k2,k3,k4,label
9_24682267_24684225,1.9985361887888486,3.934829791513773,5.831381207770568,7.650191280483974,shannon
