nameseq,k1,k2,k3,k4,label
9_24959547_24966384,1.998641507435512,3.989082366053643,5.967648875812373,7.9144531000340015,shannon
