nameseq,k1,k2,k3,k4,label
9_25070632_25070767,1.9468447878863633,3.8384547589374725,5.536186302935117,6.515625010607829,shannon
