nameseq,k1,k2,k3,k4,label
9_32220533_32220613,1.850506917659374,3.5571733599773703,4.9905072549890725,5.8814307444478064,shannon
