nameseq,k1,k2,k3,k4,label
9_38761819_38761915,1.9863700804390536,3.8996681156818633,5.437762187050582,6.24065507503585,shannon
