nameseq,k1,k2,k3,k4,label
9_49932329_49950981,1.9902585559648736,3.9658617126651095,5.929326310634841,7.880748804814063,shannon
