nameseq,k1,k2,k3,k4,label
9_508503_512999,1.9839670740337318,3.950620084395122,5.896592642572437,7.7976936127737835,shannon
