nameseq,k1,k2,k3,k4,label
9_50459844_50464019,1.9172542956079646,3.8124143691814525,5.693079375117746,7.538770294714744,shannon
