nameseq,k1,k2,k3,k4,label
9_51751499_51773695,1.983744571323815,3.952565301031486,5.909477626587834,7.852826819934212,shannon
