nameseq,k1,k2,k3,k4,label
9_76785939_76807231,1.9991801028782445,3.9889865550647623,5.972838177796195,7.941105640065688,shannon
