nameseq,k1,k2,k3,k4,label
9_77000982_77004027,1.9780030142313625,3.930188569808947,5.863064922192656,7.760656728001121,shannon
