nameseq,k1,k2,k3,k4,label
9_78168291_78168319,1.8481805635708728,3.3787834934861762,4.180451390892102,4.440636352673265,shannon
