nameseq,k1,k2,k3,k4,label
9_78666125_78666615,1.924941009905619,3.8215766829275983,5.633302821144445,7.22526734257692,shannon
