nameseq,k1,k2,k3,k4,label
9_78307995_78308321,1.9348759328571208,3.758729698361637,5.449804957867609,6.762420661555712,shannon
