nameseq,k1,k2,k3,k4,label
9_79788634_79797716,1.9734986159427828,3.9336700384918344,5.886381727028227,7.818730088156199,shannon
