nameseq,k1,k2,k3,k4,label
9_89086623_89092910,1.982511370734584,3.9478418023240787,5.895578182314134,7.821901265304835,shannon
