nameseq,k1,k2,k3,k4,label
9_95641079_95641386,1.998100675213479,3.976131335556944,5.847018597535013,7.225408076992877,shannon
